source_record_id,address_id,customer_id,address_type,address_line_1,address_line_2,city,state_region,postal_code,country_code,is_primary,created_at,updated_at
SRC_ADDRESS_B002_000000001,A00006136,C0004763,HOME,458 Victoria Road,,Sheffield,Merseyside,LS37 2AB,GB,Y,2024-05-03 08:41:15,2026-09-01 00:00:00
SRC_ADDRESS_B002_000000002,A00021028,C0016432,HOME,37 The Crescent,,Manchester,Greater Manchester,LS14 3AB,GB,Y,2025-09-08 21:25:55,2026-09-01 00:00:00
SRC_ADDRESS_B002_000000003,A00045290,C0035389,HOME,157 Park Avenue,,Manchester,South Yorkshire,LS59 3AB,GB,Y,2025-12-09 19:03:42,2026-09-01 00:00:00
SRC_ADDRESS_B002_000000004,A00002356,C0001835,HOME,447 King Street,,Leeds,Nottinghamshire,LS86 5AB,GB,Y,2025-02-05 19:07:51,2026-09-01 00:00:00
SRC_ADDRESS_B002_000000005,A00031653,C0024734,HOME,189 Park Avenue,,Bristol,Greater Manchester,LS07 8AB,GB,Y,2025-04-17 03:52:06,2026-09-01 00:00:00
SRC_ADDRESS_B002_000000006,A00040596,C0031705,HOME,155 Victoria Road,,Sheffield,Greater Manchester,LS50 2AB,GB,Y,2025-03-07 06:08:50,2026-09-01 00:00:00
SRC_ADDRESS_B002_000000007,A00030902,C0024145,HOME,438 High Street,,Leeds,Scotland,LS92 4AB,GB,Y,2026-02-06 18:06:16,2026-09-01 00:00:00
SRC_ADDRESS_B002_000000008,A00031990,C0025013,HOME,63 Green Lane,,Bristol,Nottinghamshire,LS48 4AB,GB,Y,2023-08-07 09:50:54,2026-09-01 00:00:00
SRC_ADDRESS_B002_000000009,A00014664,C0011434,SHIPPING,52 Park Avenue,,Bristol,Bristol,LS91 3AB,GB,N,2023-07-14 18:34:23,2026-09-01 00:00:00
SRC_ADDRESS_B002_000000010,A00059363,C0046385,HOME,12 High Street,,Leeds,Bristol,LS14 4AB,GB,Y,2023-07-12 08:40:42,2026-09-01 00:00:00
SRC_ADDRESS_B002_000000011,A00042815,C0033452,HOME,88 Market Street,,Bristol,Greater Manchester,LS31 8AB,GB,Y,2023-06-18 16:48:00,2026-09-01 00:00:00
SRC_ADDRESS_B002_000000012,A00005103,C0003964,HOME,30 The Crescent,,Bristol,Bristol,LS81 2AB,GB,Y,2024-05-08 09:52:53,2026-09-01 00:00:00
SRC_ADDRESS_B002_000000013,A00031830,C0024881,HOME,449 Church Lane,,Sheffield,West Midlands,LS47 8AB,GB,Y,2024-07-21 14:21:50,2026-09-01 00:00:00
SRC_ADDRESS_B002_000000014,A00054519,C0042598,HOME,49 Green Lane,Flat 36,Manchester,Scotland,LS12 7AB,GB,Y,2025-07-03 20:55:42,2026-09-01 00:00:00
SRC_ADDRESS_B002_000000015,A00029034,C0022683,HOME,87 High Street,,Sheffield,Wales,LS09 4AB,GB,Y,2025-06-22 15:52:24,2026-09-01 00:00:00
SRC_ADDRESS_B002_000000016,A00041157,C0032151,HOME,13 Church Lane,,Bristol,Merseyside,LS48 8AB,GB,Y,2026-01-04 05:30:30,2026-09-01 00:00:00
SRC_ADDRESS_B002_000000017,A00038637,C0030186,HOME,309 Market Street,,Leeds,Merseyside,LS97 2AB,GB,Y,2023-08-28 05:08:50,2026-09-01 00:00:00
SRC_ADDRESS_B002_000000018,A00053682,C0041947,HOME,51 Green Lane,,Bristol,North Yorkshire,LS19 3AB,GB,Y,2023-02-19 18:05:26,2026-09-01 00:00:00
SRC_ADDRESS_B002_000000019,A00046120,C0036035,HOME,247 Market Street,,Bristol,Nottinghamshire,LS55 3AB,GB,Y,2023-07-23 22:07:39,2026-09-01 00:00:00
SRC_ADDRESS_B002_000000020,A00026865,C0020999,HOME,408 Victoria Road,,Bristol,Nottinghamshire,LS78 6AB,GB,Y,2026-02-26 19:30:13,2026-09-01 00:00:00
SRC_ADDRESS_B002_000000021,A00004897,C0003801,HOME,223 Mill Lane,,Leeds,North Yorkshire,LS57 1AB,GB,Y,2024-05-11 22:27:23,2026-09-01 00:00:00
SRC_ADDRESS_B002_000000022,A00040256,C0031455,HOME,105 Church Lane,,York,Bristol,LS06 7AB,GB,Y,2024-11-09 17:05:38,2026-09-01 00:00:00
SRC_ADDRESS_B002_000000023,A00012906,C0010059,HOME,61 Victoria Road,,York,South Yorkshire,LS27 1AB,GB,Y,2026-06-20 06:40:22,2026-09-01 00:00:00
SRC_ADDRESS_B002_000000024,A00006899,C0005362,SHIPPING,375 Park Avenue,,Sheffield,West Midlands,LS73 7AB,GB,N,2025-11-07 16:55:09,2026-09-01 00:00:00
SRC_ADDRESS_B002_000000025,A00046446,C0036285,HOME,358 Station Road,,Manchester,Greater London,LS41 5AB,GB,Y,2026-04-13 20:50:05,2026-09-01 00:00:00
SRC_ADDRESS_B002_000000026,A00054012,C0042203,HOME,461 The Crescent,,Sheffield,West Midlands,LS94 4AB,GB,Y,2023-06-17 12:10:42,2026-09-01 00:00:00
SRC_ADDRESS_B002_000000027,A00058235,C0045484,HOME,84 Green Lane,,Bristol,Wales,LS54 5AB,GB,Y,2024-11-16 03:20:15,2026-09-01 00:00:00
SRC_ADDRESS_B002_000000028,A00005464,C0004253,HOME,462 The Crescent,,Leeds,West Midlands,LS08 3AB,GB,Y,2024-02-06 12:42:20,2026-09-01 00:00:00
SRC_ADDRESS_B002_000000029,A00016584,C0012930,SHIPPING,264 Green Lane,,Leeds,Wales,LS79 7AB,GB,N,2024-01-14 14:18:17,2026-09-01 00:00:00
SRC_ADDRESS_B002_000000030,A00055604,C0043437,HOME,428 Market Street,,Sheffield,Scotland,LS58 8AB,GB,Y,2025-01-02 10:04:58,2026-09-01 00:00:00
SRC_ADDRESS_B002_000000031,A00003877,C0003015,HOME,129 High Street,,Sheffield,West Midlands,LS67 1AB,GB,Y,2025-11-10 17:04:10,2026-09-01 00:00:00
SRC_ADDRESS_B002_000000032,A00043518,C0033999,SHIPPING,341 Mill Lane,,Bristol,Greater Manchester,LS30 4AB,GB,N,2023-08-16 00:50:28,2026-09-01 00:00:00
SRC_ADDRESS_B002_000000033,A00043476,C0033966,HOME,487 Victoria Road,,Sheffield,South Yorkshire,LS90 2AB,GB,Y,2024-08-17 20:02:26,2026-09-01 00:00:00
SRC_ADDRESS_B002_000000034,A00036151,C0028258,SHIPPING,226 Bridge Street,Flat 21,Sheffield,South Yorkshire,LS81 4AB,GB,N,2025-04-26 10:25:23,2026-09-01 00:00:00
SRC_ADDRESS_B002_000000035,A00025808,C0020168,HOME,186 Church Lane,Flat 39,York,Nottinghamshire,LS39 6AB,GB,Y,2026-06-07 15:47:20,2026-09-01 00:00:00
SRC_ADDRESS_B002_000000036,A00024563,C0019197,HOME,35 Church Lane,,Sheffield,North Yorkshire,LS10 7AB,GB,Y,2024-04-09 19:00:39,2026-09-01 00:00:00
SRC_ADDRESS_B002_000000037,A00034966,C0027345,SHIPPING,315 Park Avenue,,York,West Midlands,LS62 6AB,GB,N,2025-10-25 14:04:43,2026-09-01 00:00:00
SRC_ADDRESS_B002_000000038,A00027254,C0021302,HOME,331 The Crescent,,Leeds,Greater Manchester,LS41 5AB,GB,Y,2023-05-29 21:54:20,2026-09-01 00:00:00
SRC_ADDRESS_B002_000000039,A00038481,C0030066,SHIPPING,464 Bridge Street,,Leeds,Scotland,LS39 1AB,GB,N,2025-08-17 19:28:39,2026-09-01 00:00:00
SRC_ADDRESS_B002_000000040,A00011791,C0009168,HOME,297 Station Road,,Leeds,Bristol,LS58 4AB,GB,Y,2026-03-07 03:45:07,2026-09-01 00:00:00
SRC_ADDRESS_B002_000000041,A00039313,C0030716,HOME,68 Green Lane,,Bristol,Greater London,LS53 7AB,GB,Y,2023-10-24 23:28:51,2026-09-01 00:00:00
SRC_ADDRESS_B002_000000042,A00040995,C0032022,HOME,392 King Street,,Manchester,South Yorkshire,LS94 3AB,GB,Y,2025-07-25 21:49:49,2026-09-01 00:00:00
SRC_ADDRESS_B002_000000043,A00006850,C0005327,SHIPPING,218 Queens Road,,Sheffield,South Yorkshire,LS91 4AB,GB,N,2026-03-05 11:55:47,2026-09-01 00:00:00
SRC_ADDRESS_B002_000000044,A00060859,C0047533,HOME,34 The Crescent,,Manchester,West Midlands,LS21 1AB,GB,Y,2024-07-23 02:51:53,2026-09-01 00:00:00
SRC_ADDRESS_B002_000000045,A00014995,C0011693,SHIPPING,155 Church Lane,,York,Greater Manchester,LS52 5AB,GB,N,2023-12-28 09:48:55,2026-09-01 00:00:00
SRC_ADDRESS_B002_000000046,A00059613,C0046576,HOME,101 Park Avenue,,Manchester,North Yorkshire,LS03 1AB,GB,Y,2025-04-14 15:27:37,2026-09-01 00:00:00
SRC_ADDRESS_B002_000000047,A00007212,C0005608,HOME,239 Mill Lane,,Bristol,North Yorkshire,LS84 7AB,GB,Y,2026-02-13 12:04:36,2026-09-01 00:00:00
SRC_ADDRESS_B002_000000048,A00028911,C0022592,HOME,212 Victoria Road,,Bristol,South Yorkshire,LS42 5AB,GB,Y,2023-11-09 16:15:01,2026-09-01 00:00:00
SRC_ADDRESS_B002_000000049,A00034982,C0027359,HOME,470 Bridge Street,,York,Greater Manchester,LS66 1AB,GB,Y,2026-05-15 16:07:45,2026-09-01 00:00:00
SRC_ADDRESS_B002_000000050,A00043987,C0034371,HOME,111 High Street,,Bristol,Scotland,LS07 5AB,GB,Y,2025-04-01 03:43:14,2026-09-01 00:00:00
SRC_ADDRESS_B002_000000051,A00004333,C0003363,HOME,279 Market Street,,Leeds,West Yorkshire,LS56 4AB,GB,Y,2024-08-13 01:46:41,2026-09-01 00:00:00
SRC_ADDRESS_B002_000000052,A00002304,C0001799,HOME,62 Bridge Street,Flat 39,Leeds,Scotland,LS96 3AB,GB,Y,2023-09-07 20:23:49,2026-09-01 00:00:00
SRC_ADDRESS_B002_000000053,A00014847,C0011576,SHIPPING,69 King Street,Flat 5,York,North Yorkshire,LS85 4AB,GB,N,2025-06-02 18:34:34,2026-09-01 00:00:00
SRC_ADDRESS_B002_000000054,A00017854,C0013937,SHIPPING,418 Market Street,,York,Scotland,LS98 4AB,GB,N,2025-07-24 12:46:31,2026-09-01 00:00:00
SRC_ADDRESS_B002_000000055,A00018533,C0014467,HOME,235 Market Street,,Bristol,West Yorkshire,LS30 3AB,GB,Y,2024-10-27 15:09:18,2026-09-01 00:00:00
SRC_ADDRESS_B002_000000056,A00038618,C0030171,SHIPPING,449 Church Lane,,Manchester,Scotland,LS24 5AB,GB,N,2023-08-07 05:56:10,2026-09-01 00:00:00
SRC_ADDRESS_B002_000000057,A00037316,C0029162,HOME,430 Station Road,,Bristol,Merseyside,LS52 8AB,GB,Y,2026-06-17 03:23:42,2026-09-01 00:00:00
SRC_ADDRESS_B002_000000058,A00019437,C0015176,HOME,82 Station Road,,Manchester,North Yorkshire,LS86 4AB,GB,Y,2025-11-18 18:48:14,2026-09-01 00:00:00
SRC_ADDRESS_B002_000000059,A00043140,C0033711,HOME,76 Station Road,,Bristol,North Yorkshire,LS20 1AB,GB,Y,2025-02-18 17:53:40,2026-09-01 00:00:00
SRC_ADDRESS_B002_000000060,A00038298,C0029928,HOME,442 The Crescent,,Leeds,South Yorkshire,LS82 1AB,GB,Y,2024-06-13 13:27:41,2026-09-01 00:00:00
SRC_ADDRESS_B002_000000061,A00030548,C0023866,SHIPPING,67 Station Road,,Manchester,Nottinghamshire,LS08 5AB,GB,N,2026-03-30 13:29:15,2026-09-01 00:00:00
SRC_ADDRESS_B002_000000062,A00039912,C0031187,HOME,448 Station Road,,York,West Midlands,LS10 7AB,GB,Y,2025-07-19 01:56:34,2026-09-01 00:00:00
SRC_ADDRESS_B002_000000063,A00026168,C0020445,SHIPPING,232 Park Avenue,,York,North Yorkshire,LS76 2AB,GB,N,2024-03-22 08:41:36,2026-09-01 00:00:00
SRC_ADDRESS_B002_000000064,A00040150,C0031376,HOME,370 Queens Road,,Manchester,North Yorkshire,LS66 6AB,GB,Y,2025-06-13 10:45:47,2026-09-01 00:00:00
SRC_ADDRESS_B002_000000065,A00045279,C0035379,SHIPPING,166 Park Avenue,,Leeds,Greater London,LS36 5AB,GB,N,2024-02-28 22:41:56,2026-09-01 00:00:00
SRC_ADDRESS_B002_000000066,A00034634,C0027081,HOME,5 Victoria Road,,York,Greater Manchester,LS79 4AB,GB,Y,2026-08-18 07:55:10,2026-09-01 00:00:00
SRC_ADDRESS_B002_000000067,A00042773,C0033419,HOME,37 High Street,,Bristol,Greater London,LS04 1AB,GB,Y,2025-04-20 16:42:43,2026-09-01 00:00:00
SRC_ADDRESS_B002_000000068,A00055547,C0043387,SHIPPING,192 Green Lane,,York,Bristol,LS48 1AB,GB,N,2023-12-16 20:01:05,2026-09-01 00:00:00
SRC_ADDRESS_B002_000000069,A00014702,C0011464,HOME,254 Station Road,,Leeds,Greater London,LS73 1AB,GB,Y,2023-03-22 21:25:59,2026-09-01 00:00:00
SRC_ADDRESS_B002_000000070,A00052403,C0040942,HOME,174 Queens Road,,Leeds,Scotland,LS89 8AB,GB,Y,2023-05-29 08:47:01,2026-09-01 00:00:00
SRC_ADDRESS_B002_000000071,A00036408,C0028459,HOME,238 Station Road,,Manchester,Scotland,LS81 4AB,GB,Y,2026-03-16 16:15:02,2026-09-01 00:00:00
SRC_ADDRESS_B002_000000072,A00016504,C0012867,HOME,432 Station Road,,Bristol,North Yorkshire,LS78 2AB,GB,Y,2023-08-04 04:43:58,2026-09-01 00:00:00
SRC_ADDRESS_B002_000000073,A00011323,C0008796,HOME,64 Victoria Road,,Leeds,West Midlands,LS71 8AB,GB,Y,2024-03-10 22:28:49,2026-09-01 00:00:00
SRC_ADDRESS_B002_000000074,A00045046,C0035196,HOME,42 High Street,,Leeds,Merseyside,LS09 1AB,GB,Y,2025-09-13 19:17:49,2026-09-01 00:00:00
SRC_ADDRESS_B002_000000075,A00019443,C0015181,HOME,52 Green Lane,,Manchester,Greater London,LS47 1AB,GB,Y,2023-10-19 09:59:57,2026-09-01 00:00:00
SRC_ADDRESS_B002_000000076,A00033857,C0026485,SHIPPING,30 The Crescent,,Sheffield,West Yorkshire,LS28 5AB,GB,N,2023-06-05 20:50:26,2026-09-01 00:00:00
SRC_ADDRESS_B002_000000077,A00024670,C0019280,SHIPPING,373 Station Road,,Bristol,Bristol,LS04 8AB,GB,N,2023-03-30 21:27:54,2026-09-01 00:00:00
SRC_ADDRESS_B002_000000078,A00027097,C0021176,HOME,498 High Street,Flat 20,Bristol,West Midlands,LS91 2AB,GB,Y,2025-06-15 10:10:04,2026-09-01 00:00:00
SRC_ADDRESS_B002_000000079,A00063333,C0049475,HOME,36 Mill Lane,,Manchester,West Yorkshire,LS67 5AB,GB,Y,2024-07-05 08:22:26,2026-09-01 00:00:00
SRC_ADDRESS_B002_000000080,A00001327,C0001038,HOME,39 Park Avenue,,Sheffield,North Yorkshire,LS31 5AB,GB,Y,2024-09-30 00:24:33,2026-09-01 00:00:00
SRC_ADDRESS_B002_000000081,A00027581,C0021561,HOME,479 Church Lane,,Manchester,Scotland,LS92 4AB,GB,Y,2023-06-22 10:04:44,2026-09-01 00:00:00
SRC_ADDRESS_B002_000000082,A00028220,C0022060,HOME,43 High Street,Flat 14,Bristol,Bristol,LS09 1AB,GB,Y,2025-12-17 19:12:56,2026-09-01 00:00:00
SRC_ADDRESS_B002_000000083,A00052261,C0040827,HOME,405 Green Lane,,Leeds,Merseyside,LS92 6AB,GB,Y,2025-11-12 04:39:41,2026-09-01 00:00:00
SRC_ADDRESS_B002_000000084,A00022698,C0017741,HOME,439 Station Road,,York,Wales,LS95 2AB,GB,Y,2026-05-03 13:19:47,2026-09-01 00:00:00
SRC_ADDRESS_B002_000000085,A00049560,C0038727,HOME,19 Mill Lane,,Manchester,Greater Manchester,LS38 3AB,GB,Y,2024-04-16 07:26:20,2026-09-01 00:00:00
SRC_ADDRESS_B002_000000086,A00034867,C0027267,HOME,330 Market Street,,Bristol,South Yorkshire,LS52 2AB,GB,Y,2024-06-12 15:22:58,2026-09-01 00:00:00
SRC_ADDRESS_B002_000000087,A00049493,C0038670,HOME,241 King Street,,Leeds,Greater Manchester,LS51 6AB,GB,Y,2024-11-05 21:52:16,2026-09-01 00:00:00
SRC_ADDRESS_B002_000000088,A00006624,C0005144,HOME,256 Church Lane,,Manchester,Greater London,LS73 8AB,GB,Y,2025-07-30 13:06:00,2026-09-01 00:00:00
SRC_ADDRESS_B002_000000089,A00017458,C0013622,HOME,492 Park Avenue,,Leeds,South Yorkshire,LS63 8AB,GB,Y,2026-04-11 08:26:52,2026-09-01 00:00:00
SRC_ADDRESS_B002_000000090,A00054532,C0042609,HOME,415 Market Street,Flat 39,Manchester,Wales,LS81 4AB,GB,Y,2026-05-26 21:44:25,2026-09-01 00:00:00
SRC_ADDRESS_B002_000000091,A00008498,C0006579,SHIPPING,259 Park Avenue,,Bristol,West Midlands,LS21 7AB,GB,N,2025-12-26 15:55:30,2026-09-01 00:00:00
SRC_ADDRESS_B002_000000092,A00041777,C0032639,HOME,207 Church Lane,,Manchester,West Midlands,LS93 8AB,GB,Y,2025-09-16 11:18:00,2026-09-01 00:00:00
SRC_ADDRESS_B002_000000093,A00037119,C0029003,SHIPPING,267 Green Lane,,Bristol,West Yorkshire,LS43 3AB,GB,N,2023-05-29 23:12:34,2026-09-01 00:00:00
SRC_ADDRESS_B002_000000094,A00051867,C0040511,HOME,251 King Street,,York,Wales,LS89 1AB,GB,Y,2025-09-29 18:58:10,2026-09-01 00:00:00
SRC_ADDRESS_B002_000000095,A00024090,C0018831,SHIPPING,186 Bridge Street,,York,Bristol,LS68 2AB,GB,N,2026-02-25 10:32:50,2026-09-01 00:00:00
SRC_ADDRESS_B002_000000096,A00007847,C0006081,SHIPPING,11 Bridge Street,,Leeds,Scotland,LS03 2AB,GB,N,2026-01-18 14:17:06,2026-09-01 00:00:00
SRC_ADDRESS_B002_000000097,A00025928,C0020259,HOME,268 Mill Lane,,Sheffield,Greater Manchester,LS72 3AB,GB,Y,2023-08-08 21:48:12,2026-09-01 00:00:00
SRC_ADDRESS_B002_000000098,A00009682,C0007495,HOME,438 The Crescent,,Leeds,Merseyside,LS59 7AB,GB,Y,2023-10-10 10:51:15,2026-09-01 00:00:00
SRC_ADDRESS_B002_000000099,A00009189,C0007113,HOME,59 Mill Lane,Flat 26,Leeds,Merseyside,LS87 3AB,GB,Y,2026-04-19 14:59:51,2026-09-01 00:00:00
SRC_ADDRESS_B002_000000100,A00060402,C0047179,HOME,240 The Crescent,,Leeds,Wales,LS37 1AB,GB,Y,2025-07-27 21:35:26,2026-09-01 00:00:00
SRC_ADDRESS_B002_000000101,A00053594,C0041877,HOME,276 Station Road,,Leeds,Merseyside,LS01 6AB,GB,Y,2023-05-05 09:01:08,2026-09-01 00:00:00
SRC_ADDRESS_B002_000000102,A00020019,C0015634,HOME,105 Park Avenue,,Sheffield,Greater Manchester,LS81 1AB,GB,Y,2024-11-26 00:37:29,2026-09-01 00:00:00
SRC_ADDRESS_B002_000000103,A00006228,C0004835,HOME,285 King Street,,Bristol,Scotland,LS46 4AB,GB,Y,2023-04-21 15:36:49,2026-09-01 00:00:00
SRC_ADDRESS_B002_000000104,A00052729,C0041197,HOME,44 High Street,,Sheffield,Nottinghamshire,LS95 2AB,GB,Y,2025-03-10 05:33:46,2026-09-01 00:00:00
SRC_ADDRESS_B002_000000105,A00052230,C0040803,HOME,220 Bridge Street,,Sheffield,Merseyside,LS67 8AB,GB,Y,2026-01-04 13:12:40,2026-09-01 00:00:00
SRC_ADDRESS_B002_000000106,A00028583,C0022335,HOME,444 Station Road,,Sheffield,Greater Manchester,LS59 4AB,GB,Y,2025-01-17 08:09:22,2026-09-01 00:00:00
SRC_ADDRESS_B002_000000107,A00032706,C0025574,SHIPPING,75 Station Road,,Leeds,Greater Manchester,LS33 7AB,GB,N,2024-01-03 12:56:07,2026-09-01 00:00:00
SRC_ADDRESS_B002_000000108,A00049839,C0038939,HOME,220 Market Street,,Leeds,West Midlands,LS70 6AB,GB,Y,2024-03-09 07:32:19,2026-09-01 00:00:00
SRC_ADDRESS_B002_000000109,A00034695,C0027132,HOME,463 Queens Road,,York,Scotland,LS98 1AB,GB,Y,2024-03-01 08:02:39,2026-09-01 00:00:00
SRC_ADDRESS_B002_000000110,A00028606,C0022352,HOME,93 Queens Road,,Leeds,Nottinghamshire,LS36 6AB,GB,Y,2023-10-01 10:51:22,2026-09-01 00:00:00
SRC_ADDRESS_B002_000000111,A00051975,C0040594,HOME,402 Station Road,,Manchester,Scotland,LS21 7AB,GB,Y,2024-01-28 09:50:38,2026-09-01 00:00:00
SRC_ADDRESS_B002_000000112,A00002163,C0001688,HOME,378 Church Lane,,York,Merseyside,LS42 7AB,GB,Y,2023-03-06 22:44:07,2026-09-01 00:00:00
SRC_ADDRESS_B002_000000113,A00047477,C0037095,HOME,150 The Crescent,,Sheffield,North Yorkshire,LS65 5AB,GB,Y,2024-03-10 19:27:54,2026-09-01 00:00:00
SRC_ADDRESS_B002_000000114,A00042164,C0032930,HOME,395 High Street,,Leeds,Wales,LS02 5AB,GB,Y,2024-03-27 07:51:06,2026-09-01 00:00:00
SRC_ADDRESS_B002_000000115,A00020922,C0016355,HOME,29 Green Lane,,Manchester,South Yorkshire,LS98 5AB,GB,Y,2023-03-21 22:43:44,2026-09-01 00:00:00
SRC_ADDRESS_B002_000000116,A00044914,C0035094,HOME,58 Queens Road,,Manchester,North Yorkshire,LS25 8AB,GB,Y,2026-05-20 00:41:14,2026-09-01 00:00:00
SRC_ADDRESS_B002_000000117,A00046807,C0036577,HOME,17 Green Lane,,Sheffield,North Yorkshire,LS64 3AB,GB,Y,2025-03-02 22:08:28,2026-09-01 00:00:00
SRC_ADDRESS_B002_000000118,A00039606,C0030949,HOME,109 Church Lane,,York,Greater Manchester,LS98 8AB,GB,Y,2026-04-18 18:21:58,2026-09-01 00:00:00
SRC_ADDRESS_B002_000000119,A00047190,C0036876,HOME,259 The Crescent,Flat 35,Sheffield,Scotland,LS01 2AB,GB,Y,2025-12-11 04:24:20,2026-09-01 00:00:00
SRC_ADDRESS_B002_000000120,A00024396,C0019063,SHIPPING,411 High Street,,York,Greater Manchester,LS72 2AB,GB,N,2023-01-16 14:17:35,2026-09-01 00:00:00
SRC_ADDRESS_B002_000000121,A00059337,C0046367,HOME,129 Church Lane,,Sheffield,North Yorkshire,LS32 5AB,GB,Y,2026-01-29 10:08:45,2026-09-01 00:00:00
SRC_ADDRESS_B002_000000122,A00055862,C0043642,HOME,173 The Crescent,Flat 35,Manchester,Scotland,LS81 6AB,GB,Y,2026-01-27 05:25:55,2026-09-01 00:00:00
SRC_ADDRESS_B002_000000123,A00011880,C0009241,HOME,171 Church Lane,,York,Wales,LS82 8AB,GB,Y,2023-12-14 15:26:42,2026-09-01 00:00:00
SRC_ADDRESS_B002_000000124,A00002670,C0002074,HOME,29 Mill Lane,,Sheffield,Scotland,LS02 2AB,GB,Y,2024-10-23 10:09:31,2026-09-01 00:00:00
SRC_ADDRESS_B002_000000125,A00061910,C0048355,HOME,290 High Street,,Leeds,South Yorkshire,LS51 7AB,GB,Y,2026-08-23 00:33:07,2026-09-01 00:00:00
SRC_ADDRESS_B002_000000126,A00058956,C0046061,HOME,73 Mill Lane,,Leeds,North Yorkshire,LS86 8AB,GB,Y,2023-04-18 05:30:51,2026-09-01 00:00:00
SRC_ADDRESS_B002_000000127,A00058155,C0045418,HOME,117 Green Lane,,Sheffield,West Yorkshire,LS98 3AB,GB,Y,2023-12-27 03:42:52,2026-09-01 00:00:00
SRC_ADDRESS_B002_000000128,A00001929,C0001508,HOME,258 Church Lane,,Sheffield,West Yorkshire,LS25 3AB,GB,Y,2026-05-08 07:18:18,2026-09-01 00:00:00
SRC_ADDRESS_B002_000000129,A00057312,C0044769,HOME,200 Mill Lane,Flat 38,Bristol,Greater London,LS49 6AB,GB,Y,2026-03-09 06:26:05,2026-09-01 00:00:00
SRC_ADDRESS_B002_000000130,A00004847,C0003760,SHIPPING,179 Market Street,,Bristol,Greater London,LS39 7AB,GB,N,2025-08-26 14:59:13,2026-09-01 00:00:00
SRC_ADDRESS_B002_000000131,A00053157,C0041535,SHIPPING,117 Park Avenue,,Bristol,Scotland,LS81 4AB,GB,N,2025-12-03 14:44:51,2026-09-01 00:00:00
SRC_ADDRESS_B002_000000132,A00039930,C0031198,SHIPPING,480 Green Lane,,Leeds,North Yorkshire,LS69 7AB,GB,N,2023-05-02 23:18:39,2026-09-01 00:00:00
SRC_ADDRESS_B002_000000133,A00029574,C0023108,HOME,438 Station Road,,Manchester,West Midlands,LS72 3AB,GB,Y,2026-05-25 02:49:40,2026-09-01 00:00:00
SRC_ADDRESS_B002_000000134,A00033846,C0026477,HOME,260 Market Street,,Manchester,South Yorkshire,LS18 2AB,GB,Y,2026-05-03 20:06:24,2026-09-01 00:00:00
SRC_ADDRESS_B002_000000135,A00055051,C0043011,HOME,237 Park Avenue,,Sheffield,West Yorkshire,LS64 8AB,GB,Y,2024-02-26 21:10:15,2026-09-01 00:00:00
SRC_ADDRESS_B002_000000136,A00005822,C0004517,HOME,44 The Crescent,Flat 9,Leeds,West Yorkshire,LS47 7AB,GB,Y,2024-04-22 09:18:08,2026-09-01 00:00:00
SRC_ADDRESS_B002_000000137,A00018434,C0014388,HOME,310 Green Lane,,Leeds,Wales,LS64 5AB,GB,Y,2023-08-08 07:52:04,2026-09-01 00:00:00
SRC_ADDRESS_B002_000000138,A00017046,C0013301,HOME,258 Queens Road,,Sheffield,West Midlands,LS81 7AB,GB,Y,2023-10-28 06:50:51,2026-09-01 00:00:00
SRC_ADDRESS_B002_000000139,A00018579,C0014498,SHIPPING,388 Station Road,,Bristol,West Yorkshire,LS30 7AB,GB,N,2025-08-01 20:49:54,2026-09-01 00:00:00
SRC_ADDRESS_B002_000000140,A00002213,C0001728,HOME,57 Bridge Street,Flat 27,Sheffield,Merseyside,LS70 3AB,GB,Y,2025-06-23 05:41:57,2026-09-01 00:00:00
SRC_ADDRESS_B002_000000141,A00024138,C0018865,HOME,290 High Street,,Leeds,Merseyside,LS70 7AB,GB,Y,2023-08-07 12:39:05,2026-09-01 00:00:00
SRC_ADDRESS_B002_000000142,A00049506,C0038681,SHIPPING,158 Queens Road,,Sheffield,Greater Manchester,LS47 2AB,GB,N,2024-03-31 06:16:29,2026-09-01 00:00:00
SRC_ADDRESS_B002_000000143,A00042317,C0033052,SHIPPING,332 Mill Lane,,Sheffield,Merseyside,LS27 3AB,GB,N,2023-08-05 13:19:19,2026-09-01 00:00:00
SRC_ADDRESS_B002_000000144,A00003076,C0002396,SHIPPING,239 King Street,,Manchester,Merseyside,LS66 4AB,GB,N,2023-10-23 13:33:56,2026-09-01 00:00:00
SRC_ADDRESS_B002_000000145,A00043581,C0034049,SHIPPING,330 Bridge Street,Flat 8,Leeds,Bristol,LS69 1AB,GB,N,2023-02-14 18:09:24,2026-09-01 00:00:00
SRC_ADDRESS_B002_000000146,A00016159,C0012599,SHIPPING,39 Victoria Road,,Manchester,Scotland,LS21 3AB,GB,N,2026-07-25 06:59:34,2026-09-01 00:00:00
SRC_ADDRESS_B002_000000147,A00016789,C0013096,HOME,423 Bridge Street,,Sheffield,South Yorkshire,LS20 2AB,GB,Y,2026-03-01 21:16:26,2026-09-01 00:00:00
SRC_ADDRESS_B002_000000148,A00036347,C0028412,SHIPPING,308 King Street,,Sheffield,South Yorkshire,LS33 7AB,GB,N,2024-05-05 09:01:43,2026-09-01 00:00:00
SRC_ADDRESS_B002_000000149,A00056629,C0044238,SHIPPING,389 Station Road,Flat 27,Leeds,South Yorkshire,LS76 2AB,GB,N,2025-05-31 19:55:34,2026-09-01 00:00:00
SRC_ADDRESS_B002_000000150,A00016241,C0012663,SHIPPING,163 King Street,,Bristol,Scotland,LS59 3AB,GB,N,2026-07-13 08:50:33,2026-09-01 00:00:00
SRC_ADDRESS_B002_000000151,A00034140,C0026704,HOME,460 Victoria Road,,Manchester,West Yorkshire,LS65 8AB,GB,Y,2026-01-19 03:21:15,2026-09-01 00:00:00
SRC_ADDRESS_B002_000000152,A00038482,C0030067,HOME,18 Market Street,,Manchester,Merseyside,LS34 7AB,GB,Y,2026-06-29 03:28:12,2026-09-01 00:00:00
SRC_ADDRESS_B002_000000153,A00041639,C0032531,HOME,93 Station Road,,Leeds,Wales,LS43 7AB,GB,Y,2024-03-25 23:37:00,2026-09-01 00:00:00
SRC_ADDRESS_B002_000000154,A00019958,C0015586,HOME,456 Market Street,,York,West Midlands,LS33 7AB,GB,Y,2023-04-06 04:42:50,2026-09-01 00:00:00
SRC_ADDRESS_B002_000000155,A00060198,C0047024,HOME,251 High Street,,Sheffield,Nottinghamshire,LS77 2AB,GB,Y,2024-07-21 15:18:01,2026-09-01 00:00:00
SRC_ADDRESS_B002_000000156,A00023490,C0018366,HOME,94 Market Street,,Manchester,West Midlands,LS16 8AB,GB,Y,2025-07-19 01:38:50,2026-09-01 00:00:00
SRC_ADDRESS_B002_000000157,A00045136,C0035266,HOME,49 King Street,,York,Scotland,LS95 4AB,GB,Y,2023-06-08 09:38:34,2026-09-01 00:00:00
SRC_ADDRESS_B002_000000158,A00045139,C0035268,HOME,143 King Street,,Bristol,North Yorkshire,LS15 3AB,GB,Y,2023-06-27 08:47:10,2026-09-01 00:00:00
SRC_ADDRESS_B002_000000159,A00037050,C0028951,HOME,246 Victoria Road,,Manchester,West Yorkshire,LS96 6AB,GB,Y,2025-01-28 10:06:21,2026-09-01 00:00:00
SRC_ADDRESS_B002_000000160,A00044379,C0034671,HOME,137 High Street,,Manchester,Scotland,LS02 4AB,GB,Y,2026-05-20 23:09:20,2026-09-01 00:00:00
SRC_ADDRESS_B002_000000161,A00057200,C0044678,HOME,144 Green Lane,,Leeds,North Yorkshire,LS45 3AB,GB,Y,2023-12-07 05:02:13,2026-09-01 00:00:00
SRC_ADDRESS_B002_000000162,A00054934,C0042924,HOME,426 Victoria Road,,Leeds,West Midlands,LS60 1AB,GB,Y,2023-08-04 21:22:47,2026-09-01 00:00:00
SRC_ADDRESS_B002_000000163,A00057382,C0044826,HOME,358 The Crescent,,Sheffield,North Yorkshire,LS80 3AB,GB,Y,2024-07-20 09:47:16,2026-09-01 00:00:00
SRC_ADDRESS_B002_000000164,A00031946,C0024976,HOME,330 Green Lane,,Sheffield,West Midlands,LS07 2AB,GB,Y,2025-12-07 13:40:07,2026-09-01 00:00:00
SRC_ADDRESS_B002_000000165,A00000451,C0000351,HOME,23 Mill Lane,,Leeds,Bristol,LS26 6AB,GB,Y,2023-02-20 12:24:20,2026-09-01 00:00:00
SRC_ADDRESS_B002_000000166,A00055826,C0043610,SHIPPING,27 Park Avenue,,York,Greater Manchester,LS86 3AB,GB,N,2024-11-23 21:10:24,2026-09-01 00:00:00
SRC_ADDRESS_B002_000000167,A00006380,C0004954,SHIPPING,397 Station Road,,York,Greater Manchester,LS72 6AB,GB,N,2025-12-07 10:45:27,2026-09-01 00:00:00
SRC_ADDRESS_B002_000000168,A00002479,C0001926,HOME,56 Market Street,,Sheffield,North Yorkshire,LS86 4AB,GB,Y,2026-01-08 12:21:26,2026-09-01 00:00:00
SRC_ADDRESS_B002_000000169,A00056821,C0044385,HOME,92 Queens Road,Flat 29,Bristol,Greater London,LS50 7AB,GB,Y,2026-05-07 18:19:17,2026-09-01 00:00:00
SRC_ADDRESS_B002_000000170,A00006496,C0005040,HOME,317 Victoria Road,,Leeds,West Yorkshire,LS72 2AB,GB,Y,2024-03-25 16:29:55,2026-09-01 00:00:00
SRC_ADDRESS_B002_000000171,A00010240,C0007936,HOME,302 Green Lane,,Sheffield,Bristol,LS38 4AB,GB,Y,2025-12-08 02:25:24,2026-09-01 00:00:00
SRC_ADDRESS_B002_000000172,A00014750,C0011504,HOME,74 Queens Road,,Sheffield,Scotland,LS72 6AB,GB,Y,2025-05-18 02:14:54,2026-09-01 00:00:00
SRC_ADDRESS_B002_000000173,A00029594,C0023122,HOME,219 Station Road,,Leeds,West Midlands,LS43 2AB,GB,Y,2025-07-02 05:17:02,2026-09-01 00:00:00
SRC_ADDRESS_B002_000000174,A00043082,C0033666,HOME,374 Queens Road,,York,West Yorkshire,LS93 4AB,GB,Y,2025-05-26 09:17:07,2026-09-01 00:00:00
SRC_ADDRESS_B002_000000175,A00041524,C0032435,HOME,101 Victoria Road,,Sheffield,Scotland,LS69 2AB,GB,Y,2024-08-03 01:22:04,2026-09-01 00:00:00
SRC_ADDRESS_B002_000000176,A00055652,C0043474,HOME,99 King Street,,Manchester,Nottinghamshire,LS04 3AB,GB,Y,2023-11-07 06:11:00,2026-09-01 00:00:00
SRC_ADDRESS_B002_000000177,A00032579,C0025477,HOME,343 Bridge Street,,Sheffield,Scotland,LS95 5AB,GB,Y,2025-11-24 03:09:54,2026-09-01 00:00:00
SRC_ADDRESS_B002_000000178,A00026369,C0020604,HOME,201 King Street,,Manchester,North Yorkshire,LS14 5AB,GB,Y,2026-03-24 19:23:51,2026-09-01 00:00:00
SRC_ADDRESS_B002_000000179,A00020948,C0016376,HOME,422 Green Lane,Flat 10,Sheffield,Greater Manchester,LS39 8AB,GB,Y,2026-06-12 21:16:21,2026-09-01 00:00:00
SRC_ADDRESS_B002_000000180,A00034146,C0026708,HOME,88 Victoria Road,,Leeds,Bristol,LS84 8AB,GB,Y,2023-09-07 03:00:19,2026-09-01 00:00:00
SRC_ADDRESS_B002_000000181,A00013258,C0010330,SHIPPING,219 Green Lane,,York,Scotland,LS78 6AB,GB,N,2025-12-21 12:06:49,2026-09-01 00:00:00
SRC_ADDRESS_B002_000000182,A00033631,C0026304,HOME,467 Park Avenue,,York,West Yorkshire,LS53 6AB,GB,Y,2023-08-18 00:45:55,2026-09-01 00:00:00
SRC_ADDRESS_B002_000000183,A00035106,C0027452,HOME,309 Victoria Road,Flat 12,York,Wales,LS76 5AB,GB,Y,2025-10-24 01:35:13,2026-09-01 00:00:00
SRC_ADDRESS_B002_000000184,A00037864,C0029584,SHIPPING,242 Queens Road,,Manchester,Bristol,LS56 6AB,GB,N,2023-04-07 19:54:40,2026-09-01 00:00:00
SRC_ADDRESS_B002_000000185,A00014566,C0011356,HOME,149 The Crescent,,Bristol,Scotland,LS50 5AB,GB,Y,2023-03-14 23:36:50,2026-09-01 00:00:00
SRC_ADDRESS_B002_000000186,A00063679,C0049748,HOME,280 Queens Road,,Manchester,Merseyside,LS98 8AB,GB,Y,2025-09-07 02:02:32,2026-09-01 00:00:00
SRC_ADDRESS_B002_000000187,A00050439,C0039421,HOME,412 Church Lane,,Leeds,Nottinghamshire,LS79 2AB,GB,Y,2023-07-02 19:57:18,2026-09-01 00:00:00
SRC_ADDRESS_B002_000000188,A00029566,C0023101,HOME,443 Station Road,,Manchester,Scotland,LS87 8AB,GB,Y,2025-11-14 01:56:36,2026-09-01 00:00:00
SRC_ADDRESS_B002_000000189,A00036336,C0028403,HOME,174 The Crescent,,Leeds,Scotland,LS32 5AB,GB,Y,2026-02-26 23:07:50,2026-09-01 00:00:00
SRC_ADDRESS_B002_000000190,A00045309,C0035403,SHIPPING,314 Market Street,,Bristol,Bristol,LS77 4AB,GB,N,2026-05-26 04:05:28,2026-09-01 00:00:00
SRC_ADDRESS_B002_000000191,A00038035,C0029718,SHIPPING,404 Station Road,,Manchester,Merseyside,LS83 1AB,GB,N,2023-04-23 01:27:45,2026-09-01 00:00:00
SRC_ADDRESS_B002_000000192,A00003135,C0002446,HOME,5 The Crescent,,Manchester,Scotland,LS11 3AB,GB,Y,2025-12-13 12:38:58,2026-09-01 00:00:00
SRC_ADDRESS_B002_000000193,A00061611,C0048117,HOME,361 Mill Lane,,Leeds,Scotland,LS98 1AB,GB,Y,2025-11-26 07:19:14,2026-09-01 00:00:00
SRC_ADDRESS_B002_000000194,A00019105,C0014909,SHIPPING,9 Station Road,,Sheffield,West Yorkshire,LS57 5AB,GB,N,2024-07-18 05:15:47,2026-09-01 00:00:00
SRC_ADDRESS_B002_000000195,A00024175,C0018895,SHIPPING,156 King Street,,Sheffield,Scotland,LS65 3AB,GB,N,2025-01-30 02:43:13,2026-09-01 00:00:00
SRC_ADDRESS_B002_000000196,A00034221,C0026771,HOME,156 Mill Lane,,Manchester,Greater Manchester,LS24 1AB,GB,Y,2025-03-05 22:00:25,2026-09-01 00:00:00
SRC_ADDRESS_B002_000000197,A00015673,C0012225,HOME,277 High Street,Flat 26,Bristol,Merseyside,LS09 7AB,GB,Y,2023-02-16 06:55:49,2026-09-01 00:00:00
SRC_ADDRESS_B002_000000198,A00051303,C0040091,HOME,372 Bridge Street,,Leeds,Scotland,LS35 7AB,GB,Y,2023-04-21 06:11:16,2026-09-01 00:00:00
SRC_ADDRESS_B002_000000199,A00063562,C0049655,HOME,397 Green Lane,,Bristol,Bristol,LS39 3AB,GB,Y,2026-02-26 15:56:35,2026-09-01 00:00:00
SRC_ADDRESS_B002_000000200,A00045881,C0035849,HOME,144 Victoria Road,Flat 17,York,Bristol,LS37 6AB,GB,Y,2025-01-10 19:13:49,2026-09-01 00:00:00
SRC_ADDRESS_B002_000000201,A00014821,C0011557,HOME,413 Market Street,,Manchester,Nottinghamshire,LS28 7AB,GB,Y,2023-09-02 00:14:37,2026-09-01 00:00:00
SRC_ADDRESS_B002_000000202,A00045152,C0035279,HOME,348 Queens Road,Flat 17,Sheffield,Greater Manchester,LS69 7AB,GB,Y,2024-07-24 19:35:16,2026-09-01 00:00:00
SRC_ADDRESS_B002_000000203,A00053489,C0041801,HOME,6 Market Street,,Leeds,Bristol,LS75 4AB,GB,Y,2023-02-04 06:37:33,2026-09-01 00:00:00
SRC_ADDRESS_B002_000000204,A00033617,C0026292,SHIPPING,37 High Street,,Leeds,Merseyside,LS41 6AB,GB,N,2024-11-21 20:22:32,2026-09-01 00:00:00
SRC_ADDRESS_B002_000000205,A00053367,C0041703,HOME,306 The Crescent,,Manchester,Scotland,LS59 5AB,GB,Y,2024-04-18 16:42:36,2026-09-01 00:00:00
SRC_ADDRESS_B002_000000206,A00055207,C0043135,HOME,267 Bridge Street,,Leeds,Scotland,LS48 6AB,GB,Y,2023-12-02 08:33:09,2026-09-01 00:00:00
SRC_ADDRESS_B002_000000207,A00018998,C0014827,SHIPPING,495 Mill Lane,Flat 9,York,West Midlands,LS73 8AB,GB,N,2025-11-25 00:00:29,2026-09-01 00:00:00
SRC_ADDRESS_B002_000000208,A00048364,C0037789,HOME,362 Green Lane,,Bristol,West Yorkshire,LS94 2AB,GB,Y,2026-07-22 08:03:59,2026-09-01 00:00:00
SRC_ADDRESS_B002_000000209,A00048426,C0037838,HOME,409 Market Street,,Leeds,Wales,LS70 1AB,GB,Y,2025-10-09 15:56:14,2026-09-01 00:00:00
SRC_ADDRESS_B002_000000210,A00016712,C0013029,HOME,115 The Crescent,,Sheffield,Greater London,LS22 8AB,GB,Y,2024-06-27 01:34:12,2026-09-01 00:00:00
SRC_ADDRESS_B002_000000211,A00059395,C0046410,HOME,208 Victoria Road,,Sheffield,West Yorkshire,LS94 3AB,GB,Y,2025-03-11 14:08:11,2026-09-01 00:00:00
SRC_ADDRESS_B002_000000212,A00061187,C0047779,SHIPPING,104 The Crescent,,York,North Yorkshire,LS90 1AB,GB,N,2025-01-29 06:48:58,2026-09-01 00:00:00
SRC_ADDRESS_B002_000000213,A00001353,C0001060,HOME,484 Mill Lane,,York,Nottinghamshire,LS02 7AB,GB,Y,2025-01-27 21:15:37,2026-09-01 00:00:00
SRC_ADDRESS_B002_000000214,A00040627,C0031730,HOME,490 Mill Lane,,Manchester,West Midlands,LS71 5AB,GB,Y,2023-02-11 02:58:51,2026-09-01 00:00:00
SRC_ADDRESS_B002_000000215,A00026904,C0021030,SHIPPING,293 The Crescent,,York,Greater London,LS69 1AB,GB,N,2024-11-26 00:01:12,2026-09-01 00:00:00
SRC_ADDRESS_B002_000000216,A00014099,C0010985,HOME,194 Church Lane,,Manchester,South Yorkshire,LS71 1AB,GB,Y,2026-05-20 00:25:43,2026-09-01 00:00:00
SRC_ADDRESS_B002_000000217,A00049724,C0038847,HOME,85 King Street,,Manchester,Wales,LS27 5AB,GB,Y,2023-05-09 17:41:18,2026-09-01 00:00:00
SRC_ADDRESS_B002_000000218,A00056680,C0044277,HOME,432 King Street,,Manchester,North Yorkshire,LS57 8AB,GB,Y,2025-07-23 01:03:01,2026-09-01 00:00:00
SRC_ADDRESS_B002_000000219,A00001486,C0001163,HOME,159 The Crescent,Flat 22,Leeds,North Yorkshire,LS14 4AB,GB,Y,2024-06-28 12:03:13,2026-09-01 00:00:00
SRC_ADDRESS_B002_000000220,A00019823,C0015476,HOME,264 High Street,,York,South Yorkshire,LS60 2AB,GB,Y,2026-04-28 11:03:14,2026-09-01 00:00:00
SRC_ADDRESS_B002_000000221,A00025096,C0019610,HOME,497 Mill Lane,,Sheffield,West Yorkshire,LS26 4AB,GB,Y,2023-02-17 14:36:39,2026-09-01 00:00:00
SRC_ADDRESS_B002_000000222,A00032113,C0025113,HOME,442 King Street,,Bristol,Wales,LS33 7AB,GB,Y,2025-05-24 04:54:48,2026-09-01 00:00:00
SRC_ADDRESS_B002_000000223,A00022458,C0017550,HOME,91 Mill Lane,,York,North Yorkshire,LS63 6AB,GB,Y,2024-04-14 00:27:57,2026-09-01 00:00:00
SRC_ADDRESS_B002_000000224,A00010252,C0007946,HOME,182 Queens Road,,Manchester,Nottinghamshire,LS29 8AB,GB,Y,2023-10-02 19:53:34,2026-09-01 00:00:00
SRC_ADDRESS_B002_000000225,A00045236,C0035345,HOME,426 Church Lane,,Sheffield,Greater Manchester,LS30 6AB,GB,Y,2025-06-21 11:06:50,2026-09-01 00:00:00
SRC_ADDRESS_B002_000000226,A00056309,C0043984,HOME,326 Park Avenue,,Sheffield,Bristol,LS66 4AB,GB,Y,2026-03-08 20:06:09,2026-09-01 00:00:00
SRC_ADDRESS_B002_000000227,A00032924,C0025747,HOME,276 Park Avenue,Flat 34,Leeds,West Yorkshire,LS49 5AB,GB,Y,2025-08-15 10:06:34,2026-09-01 00:00:00
SRC_ADDRESS_B002_000000228,A00033309,C0026038,SHIPPING,296 Market Street,Flat 36,Leeds,West Midlands,LS08 5AB,GB,N,2024-05-18 15:59:02,2026-09-01 00:00:00
SRC_ADDRESS_B002_000000229,A00037492,C0029300,HOME,103 Market Street,Flat 5,York,Nottinghamshire,LS59 4AB,GB,Y,2024-03-18 03:59:54,2026-09-01 00:00:00
SRC_ADDRESS_B002_000000230,A00024619,C0019240,SHIPPING,306 Church Lane,,Leeds,Greater Manchester,LS07 7AB,GB,N,2025-04-05 03:12:03,2026-09-01 00:00:00
SRC_ADDRESS_B002_000000231,A00002024,C0001580,SHIPPING,360 Station Road,Flat 11,Sheffield,North Yorkshire,LS45 8AB,GB,N,2024-03-14 16:16:20,2026-09-01 00:00:00
SRC_ADDRESS_B002_000000232,A00039020,C0030477,HOME,38 Bridge Street,Flat 16,Bristol,North Yorkshire,LS69 1AB,GB,Y,2026-05-28 01:36:34,2026-09-01 00:00:00
SRC_ADDRESS_B002_000000233,A00060166,C0047000,SHIPPING,320 Queens Road,,York,Greater Manchester,LS46 4AB,GB,N,2023-05-19 00:09:23,2026-09-01 00:00:00
SRC_ADDRESS_B002_000000234,A00013489,C0010511,HOME,325 Victoria Road,,Leeds,West Midlands,LS04 2AB,GB,Y,2025-08-26 17:37:34,2026-09-01 00:00:00
SRC_ADDRESS_B002_000000235,A00044989,C0035150,HOME,339 Park Avenue,,York,North Yorkshire,LS22 3AB,GB,Y,2026-05-26 01:09:04,2026-09-01 00:00:00
SRC_ADDRESS_B002_000000236,A00000291,C0000231,HOME,49 Victoria Road,Flat 10,Bristol,Scotland,LS53 7AB,GB,Y,2026-04-10 22:08:36,2026-09-01 00:00:00
SRC_ADDRESS_B002_000000237,A00020446,C0015971,HOME,250 Victoria Road,Flat 38,Leeds,South Yorkshire,LS96 6AB,GB,Y,2025-11-24 15:32:08,2026-09-01 00:00:00
SRC_ADDRESS_B002_000000238,A00059906,C0046802,HOME,35 Victoria Road,,York,Scotland,LS06 6AB,GB,Y,2026-05-10 17:11:58,2026-09-01 00:00:00
SRC_ADDRESS_B002_000000239,A00051442,C0040197,HOME,370 Church Lane,,Sheffield,Scotland,LS29 1AB,GB,Y,2024-12-02 08:57:48,2026-09-01 00:00:00
SRC_ADDRESS_B002_000000240,A00054732,C0042765,HOME,143 High Street,,Bristol,West Yorkshire,LS90 7AB,GB,Y,2024-09-28 23:51:15,2026-09-01 00:00:00
SRC_ADDRESS_B002_000000241,A00032000,C0025021,SHIPPING,49 The Crescent,,Bristol,North Yorkshire,LS38 6AB,GB,N,2025-07-04 02:20:50,2026-09-01 00:00:00
SRC_ADDRESS_B002_000000242,A00010886,C0008448,HOME,462 Station Road,,Bristol,Greater Manchester,LS09 8AB,GB,Y,2026-06-09 07:02:46,2026-09-01 00:00:00
SRC_ADDRESS_B002_000000243,A00048526,C0037920,SHIPPING,475 Queens Road,,Leeds,North Yorkshire,LS49 2AB,GB,N,2026-03-05 09:46:27,2026-09-01 00:00:00
SRC_ADDRESS_B002_000000244,A00019412,C0015154,HOME,260 The Crescent,,Sheffield,Bristol,LS36 3AB,GB,Y,2024-01-31 02:52:04,2026-09-01 00:00:00
SRC_ADDRESS_B002_000000245,A00022740,C0017775,HOME,311 Green Lane,,Sheffield,Bristol,LS93 7AB,GB,Y,2025-12-25 19:27:37,2026-09-01 00:00:00
SRC_ADDRESS_B002_000000246,A00007249,C0005637,SHIPPING,81 Station Road,,Bristol,Merseyside,LS75 3AB,GB,N,2023-04-05 06:09:05,2026-09-01 00:00:00
SRC_ADDRESS_B002_000000247,A00060475,C0047236,HOME,384 King Street,,Manchester,Greater Manchester,LS97 7AB,GB,Y,2026-05-14 00:43:46,2026-09-01 00:00:00
SRC_ADDRESS_B002_000000248,A00046044,C0035979,HOME,55 Mill Lane,,York,Greater London,LS19 7AB,GB,Y,2025-12-20 17:30:59,2026-09-01 00:00:00
SRC_ADDRESS_B002_000000249,A00020399,C0015932,HOME,410 Queens Road,,Leeds,Merseyside,LS59 6AB,GB,Y,2025-10-20 04:23:28,2026-09-01 00:00:00
SRC_ADDRESS_B002_000000250,A00062054,C0048456,HOME,466 Queens Road,,Leeds,Bristol,LS41 1AB,GB,Y,2025-08-12 23:34:35,2026-09-01 00:00:00
SRC_ADDRESS_B002_000000251,A00050883,C0039760,SHIPPING,23 Bridge Street,,Bristol,Greater London,LS56 7AB,GB,N,2024-08-08 09:44:36,2026-09-01 00:00:00
SRC_ADDRESS_B002_000000252,A00028080,C0021951,HOME,361 Mill Lane,,Bristol,Wales,LS73 8AB,GB,Y,2024-08-12 02:03:58,2026-09-01 00:00:00
SRC_ADDRESS_B002_000000253,A00043389,C0033902,HOME,123 Mill Lane,,Leeds,West Yorkshire,LS23 2AB,GB,Y,2025-05-16 19:37:04,2026-09-01 00:00:00
SRC_ADDRESS_B002_000000254,A00018060,C0014092,SHIPPING,264 King Street,,Manchester,Greater Manchester,LS72 1AB,GB,N,2026-01-05 08:51:51,2026-09-01 00:00:00
SRC_ADDRESS_B002_000000255,A00051127,C0039949,HOME,114 Station Road,,Leeds,Scotland,LS50 7AB,GB,Y,2024-10-25 15:44:38,2026-09-01 00:00:00
SRC_ADDRESS_B002_000000256,A00050675,C0039600,HOME,61 Station Road,,Sheffield,North Yorkshire,LS01 3AB,GB,Y,2026-02-06 05:36:31,2026-09-01 00:00:00
SRC_ADDRESS_B002_000000257,A00055046,C0043008,HOME,91 King Street,,Bristol,Wales,LS28 3AB,GB,Y,2024-12-29 01:42:30,2026-09-01 00:00:00
SRC_ADDRESS_B002_000000258,A00008369,C0006480,SHIPPING,124 High Street,,Bristol,Greater London,LS36 8AB,GB,N,2023-07-19 05:32:31,2026-09-01 00:00:00
SRC_ADDRESS_B002_000000259,A00063774,C0049823,HOME,135 Green Lane,,Leeds,South Yorkshire,LS96 5AB,GB,Y,2025-03-06 11:04:57,2026-09-01 00:00:00
SRC_ADDRESS_B002_000000260,A00038124,C0029789,SHIPPING,275 Market Street,,Manchester,Nottinghamshire,LS05 3AB,GB,N,2023-10-03 02:45:00,2026-09-01 00:00:00
SRC_ADDRESS_B002_000000261,A00038268,C0029904,HOME,301 Market Street,Flat 6,Leeds,Greater Manchester,LS58 2AB,GB,Y,2023-04-22 22:34:17,2026-09-01 00:00:00
SRC_ADDRESS_B002_000000262,A00054414,C0042518,HOME,390 Victoria Road,,Leeds,South Yorkshire,LS59 8AB,GB,Y,2024-12-12 03:28:12,2026-09-01 00:00:00
SRC_ADDRESS_B002_000000263,A00012707,C0009906,HOME,399 Park Avenue,,Sheffield,Greater London,LS44 4AB,GB,Y,2025-07-13 20:56:06,2026-09-01 00:00:00
SRC_ADDRESS_B002_000000264,A00002570,C0001996,HOME,377 Park Avenue,,Leeds,Scotland,LS25 5AB,GB,Y,2024-03-15 11:17:40,2026-09-01 00:00:00
SRC_ADDRESS_B002_000000265,A00041545,C0032453,HOME,62 Mill Lane,,Bristol,Scotland,LS91 3AB,GB,Y,2023-07-31 00:42:10,2026-09-01 00:00:00
SRC_ADDRESS_B002_000000266,A00045052,C0035201,HOME,58 Mill Lane,Flat 26,Sheffield,Nottinghamshire,LS08 8AB,GB,Y,2023-01-27 11:54:43,2026-09-01 00:00:00
SRC_ADDRESS_B002_000000267,A00011303,C0008779,HOME,278 Victoria Road,,Bristol,West Yorkshire,LS14 5AB,GB,Y,2025-07-19 09:10:43,2026-09-01 00:00:00
SRC_ADDRESS_B002_000000268,A00060619,C0047346,HOME,383 Victoria Road,,Sheffield,Merseyside,LS31 5AB,GB,Y,2023-07-28 09:45:07,2026-09-01 00:00:00
SRC_ADDRESS_B002_000000269,A00051685,C0040376,HOME,291 Park Avenue,Flat 9,Bristol,Nottinghamshire,LS57 7AB,GB,Y,2026-07-15 18:04:07,2026-09-01 00:00:00
SRC_ADDRESS_B002_000000270,A00014703,C0011465,HOME,405 Victoria Road,,York,Nottinghamshire,LS62 3AB,GB,Y,2025-04-30 23:58:31,2026-09-01 00:00:00
SRC_ADDRESS_B002_000000271,A00053830,C0042063,HOME,383 Park Avenue,,York,North Yorkshire,LS20 6AB,GB,Y,2024-03-03 13:23:16,2026-09-01 00:00:00
SRC_ADDRESS_B002_000000272,A00037385,C0029214,HOME,122 Bridge Street,,York,Greater Manchester,LS12 5AB,GB,Y,2024-08-08 09:48:24,2026-09-01 00:00:00
SRC_ADDRESS_B002_000000273,A00013608,C0010600,HOME,142 Queens Road,,York,Merseyside,LS16 3AB,GB,Y,2023-11-21 22:30:18,2026-09-01 00:00:00
SRC_ADDRESS_B002_000000274,A00045926,C0035882,HOME,262 Mill Lane,,Bristol,Nottinghamshire,LS62 8AB,GB,Y,2024-06-15 12:27:06,2026-09-01 00:00:00
SRC_ADDRESS_B002_000000275,A00047441,C0037068,HOME,199 Station Road,,Leeds,Nottinghamshire,LS32 3AB,GB,Y,2025-05-28 10:43:38,2026-09-01 00:00:00
SRC_ADDRESS_B002_000000276,A00026678,C0020846,HOME,247 Bridge Street,,York,Scotland,LS87 4AB,GB,Y,2026-04-19 09:34:14,2026-09-01 00:00:00
SRC_ADDRESS_B002_000000277,A00060479,C0047239,HOME,129 Victoria Road,Flat 16,Sheffield,Scotland,LS45 7AB,GB,Y,2025-07-05 12:56:36,2026-09-01 00:00:00
SRC_ADDRESS_B002_000000278,A00006643,C0005158,SHIPPING,224 The Crescent,,Manchester,Greater Manchester,LS15 3AB,GB,N,2024-06-14 07:57:56,2026-09-01 00:00:00
SRC_ADDRESS_B002_000000279,A00039638,C0030971,HOME,317 Bridge Street,,Bristol,Scotland,LS23 4AB,GB,Y,2023-02-26 06:25:45,2026-09-01 00:00:00
SRC_ADDRESS_B002_000000280,A00032172,C0025157,SHIPPING,317 The Crescent,,York,South Yorkshire,LS03 8AB,GB,N,2023-02-02 14:06:33,2026-09-01 00:00:00
SRC_ADDRESS_B002_000000281,A00036761,C0028730,HOME,184 Mill Lane,,Bristol,Scotland,LS83 8AB,GB,Y,2025-10-24 21:32:09,2026-09-01 00:00:00
SRC_ADDRESS_B002_000000282,A00010685,C0008288,HOME,453 Mill Lane,Flat 13,York,Scotland,LS59 8AB,GB,Y,2024-04-29 21:03:01,2026-09-01 00:00:00
SRC_ADDRESS_B002_000000283,A00046303,C0036174,HOME,203 Park Avenue,,Manchester,Scotland,LS01 7AB,GB,Y,2025-03-15 08:21:45,2026-09-01 00:00:00
SRC_ADDRESS_B002_000000284,A00016513,C0012874,HOME,250 King Street,,Leeds,West Yorkshire,LS80 2AB,GB,Y,2023-04-29 22:43:06,2026-09-01 00:00:00
SRC_ADDRESS_B002_000000285,A00010634,C0008251,HOME,173 Mill Lane,,York,North Yorkshire,LS06 8AB,GB,Y,2023-09-13 07:09:34,2026-09-01 00:00:00
SRC_ADDRESS_B002_000000286,A00044132,C0034481,SHIPPING,295 King Street,,Manchester,Greater Manchester,LS41 4AB,GB,N,2026-02-28 04:21:13,2026-09-01 00:00:00
SRC_ADDRESS_B002_000000287,A00036785,C0028748,HOME,196 Bridge Street,,Leeds,Merseyside,LS71 2AB,GB,Y,2026-07-07 17:40:15,2026-09-01 00:00:00
SRC_ADDRESS_B002_000000288,A00038308,C0029935,HOME,20 Market Street,,Sheffield,West Midlands,LS71 6AB,GB,Y,2024-01-05 01:28:51,2026-09-01 00:00:00
SRC_ADDRESS_B002_000000289,A00020717,C0016189,HOME,13 Park Avenue,,Manchester,Merseyside,LS36 2AB,GB,Y,2026-02-09 17:32:20,2026-09-01 00:00:00
SRC_ADDRESS_B002_000000290,A00061173,C0047768,HOME,223 Queens Road,,Manchester,Greater Manchester,LS32 4AB,GB,Y,2023-08-11 12:49:31,2026-09-01 00:00:00
SRC_ADDRESS_B002_000000291,A00062311,C0048661,HOME,306 Mill Lane,,Sheffield,Greater Manchester,LS34 3AB,GB,Y,2023-10-17 08:46:51,2026-09-01 00:00:00
SRC_ADDRESS_B002_000000292,A00048435,C0037845,HOME,44 Queens Road,Flat 3,Leeds,Greater Manchester,LS69 6AB,GB,Y,2025-12-31 15:21:39,2026-09-01 00:00:00
SRC_ADDRESS_B002_000000293,A00045983,C0035928,HOME,483 Green Lane,,York,Wales,LS41 3AB,GB,Y,2024-12-17 15:59:32,2026-09-01 00:00:00
SRC_ADDRESS_B002_000000294,A00022941,C0017934,HOME,259 High Street,,Leeds,Greater London,LS49 8AB,GB,Y,2023-09-22 18:28:42,2026-09-01 00:00:00
SRC_ADDRESS_B002_000000295,A00007995,C0006194,HOME,464 Market Street,Flat 16,Manchester,Greater London,LS53 5AB,GB,Y,2025-05-04 08:53:10,2026-09-01 00:00:00
SRC_ADDRESS_B002_000000296,A00000152,C0000118,HOME,232 Queens Road,,Sheffield,Scotland,LS16 7AB,GB,Y,2026-05-07 18:06:54,2026-09-01 00:00:00
SRC_ADDRESS_B002_000000297,A00023788,C0018602,HOME,38 Park Avenue,,Bristol,Bristol,LS53 5AB,GB,Y,2024-08-03 18:29:33,2026-09-01 00:00:00
SRC_ADDRESS_B002_000000298,A00041688,C0032570,HOME,257 King Street,,Bristol,Scotland,LS93 1AB,GB,Y,2023-11-11 06:02:54,2026-09-01 00:00:00
SRC_ADDRESS_B002_000000299,A00048698,C0038059,HOME,373 The Crescent,,Bristol,South Yorkshire,LS79 7AB,GB,Y,2026-07-07 19:20:21,2026-09-01 00:00:00
SRC_ADDRESS_B002_000000300,A00058188,C0045445,HOME,23 Church Lane,,Manchester,North Yorkshire,LS51 4AB,GB,Y,2024-03-15 14:37:55,2026-09-01 00:00:00
SRC_ADDRESS_B002_000000301,A00064138,C0050101,HOME,332 Church Lane,Flat 34,London,Greater London,NG35 5AB,GB,Y,2026-09-13 18:10:36,2026-11-28 18:10:36
SRC_ADDRESS_B002_000000302,A00064139,C0050102,HOME,180 Victoria Road,,London,Greater London,L94 1BD,GB,Y,2026-09-15 18:23:43,2026-11-11 18:23:43
SRC_ADDRESS_B002_000000303,A00064140,C0050102,SHIPPING,415 King Street,,Leeds,West Yorkshire,M66 4AD,GB,N,2026-09-19 18:23:43,2026-10-14 18:23:43
SRC_ADDRESS_B002_000000304,A00064141,C0050103,HOME,29 The Crescent,,Edinburgh,Scotland,NG5 7AA,GB,Y,2026-09-12 05:59:59,2026-10-20 05:59:59
SRC_ADDRESS_B002_000000305,A00064142,C0050104,HOME,465 Station Road,,Nottingham,Nottinghamshire,BS6 3AB,GB,Y,2026-09-30 21:29:56,2026-12-01 21:29:56
SRC_ADDRESS_B002_000000306,A00064143,C0050105,HOME,342 Victoria Road,Flat 34,London,Greater London,G85 7AD,GB,Y,2026-09-03 04:31:18,2026-10-09 13:11:54
SRC_ADDRESS_B002_000000307,A00064144,C0050106,HOME,62 Mill Lane,,Manchester,Greater Manchester,M9 6PR,GB,Y,2026-09-23 14:49:33,2026-11-04 14:49:33
SRC_ADDRESS_B002_000000308,A00064145,C0050107,HOME,432 Station Road,,Liverpool,Merseyside,YO31 4PR,GB,Y,2026-10-01 04:17:49,2026-12-08 04:17:49
SRC_ADDRESS_B002_000000309,A00064146,C0050108,HOME,226 Church Lane,Flat 19,Manchester,Greater Manchester,M73 3AA,GB,Y,2026-09-02 02:10:52,2026-11-26 02:10:52
SRC_ADDRESS_B002_000000310,A00064147,C0050109,HOME,152 Park Avenue,,Bristol,Bristol,CF23 7EF,GB,Y,2026-09-14 05:56:08,2026-12-10 05:56:08
SRC_ADDRESS_B002_000000311,A00064148,C0050109,SHIPPING,322 Bridge Street,Flat 12,Manchester,Greater Manchester,YO41 5BA,GB,N,2026-09-02 05:56:08,2026-10-19 05:56:08
SRC_ADDRESS_B002_000000312,A00064149,C0050110,HOME,203 Station Road,,Cardiff,Wales,B84 2PR,GB,Y,2026-09-15 08:30:53,2026-09-26 08:30:53
SRC_ADDRESS_B002_000000313,A00064150,C0050111,HOME,194 Mill Lane,,Liverpool,Merseyside,BS61 3GH,GB,Y,2026-09-21 10:13:52,2026-11-11 10:13:52
SRC_ADDRESS_B002_000000314,A00064151,C0050112,HOME,169 Station Road,,Liverpool,Merseyside,EH78 3JK,GB,Y,2026-09-13 13:15:48,2026-09-27 13:15:48
SRC_ADDRESS_B002_000000315,A00064152,C0050112,SHIPPING,240 Church Lane,,Liverpool,Merseyside,LS69 8BA,GB,N,2026-09-09 13:15:48,2026-11-07 13:15:48
SRC_ADDRESS_B002_000000316,A00064153,C0050113,HOME,104 Park Avenue,,Leeds,West Yorkshire,S41 3PR,GB,Y,2026-09-16 01:20:20,2026-10-01 01:20:20
SRC_ADDRESS_B002_000000317,A00064154,C0050113,SHIPPING,260 Church Lane,,Nottingham,Nottinghamshire,BS4 4AB,GB,N,2026-09-13 01:20:20,2026-09-16 01:20:20
SRC_ADDRESS_B002_000000318,A00064155,C0050114,HOME,20 High Street,,Liverpool,Merseyside,B11 6AD,GB,Y,2026-09-08 05:47:12,2026-10-20 05:47:12
SRC_ADDRESS_B002_000000319,A00064156,C0050114,SHIPPING,65 King Street,,Edinburgh,Scotland,G58 7GH,GB,N,2026-09-26 05:47:12,2026-12-01 05:47:12
SRC_ADDRESS_B002_000000320,A00064157,C0050115,HOME,170 Church Lane,,Leeds,West Yorkshire,S25 4AA,GB,Y,2026-09-03 08:33:21,2026-10-17 08:33:21
SRC_ADDRESS_B002_000000321,A00064158,C0050116,HOME,395 Market Street,,London,Greater London,M47 3JK,GB,Y,2026-09-14 10:08:35,2026-10-23 10:08:35
SRC_ADDRESS_B002_000000322,A00064159,C0050117,HOME,343 Bridge Street,,Edinburgh,Scotland,LS95 7JK,GB,Y,2026-09-22 03:08:43,2026-11-10 03:08:43
SRC_ADDRESS_B002_000000323,A00064160,C0050118,HOME,19 Bridge Street,,Sheffield,South Yorkshire,S56 7AB,GB,Y,2026-09-27 16:50:02,2026-10-16 16:50:02
SRC_ADDRESS_B002_000000324,A00064161,C0050118,SHIPPING,64 Market Street,,Manchester,Greater Manchester,BS39 2BA,GB,N,2026-09-17 16:50:02,2026-10-11 16:50:02
SRC_ADDRESS_B002_000000325,A00064162,C0050119,HOME,247 Bridge Street,,London,Greater London,G41 3BD,GB,Y,2026-09-16 23:35:28,2026-12-10 23:35:28
SRC_ADDRESS_B002_000000326,A00064163,C0050120,HOME,301 Mill Lane,,Bristol,Bristol,EH35 4AB,GB,Y,2026-10-01 23:44:29,2026-12-25 23:44:29
SRC_ADDRESS_B002_000000327,A00064164,C0050121,HOME,482 Green Lane,,Birmingham,West Midlands,CF3 2AA,GB,Y,2026-09-02 08:12:18,2026-11-11 07:24:29
SRC_ADDRESS_B002_000000328,A00064165,C0050121,SHIPPING,368 Park Avenue,,Bristol,Bristol,YO27 5AA,GB,N,2026-09-03 07:24:29,2026-09-23 07:24:29
SRC_ADDRESS_B002_000000329,A00064166,C0050122,HOME,461 Queens Road,,Cardiff,Wales,CF70 1AA,GB,Y,2026-09-07 10:20:22,2026-11-21 10:20:22
SRC_ADDRESS_B002_000000330,A00064167,C0050123,HOME,252 Church Lane,,London,Greater London,EH73 6BA,GB,Y,2026-09-22 12:30:13,2026-10-18 12:30:13
SRC_ADDRESS_B002_000000331,A00064168,C0050124,HOME,476 Park Avenue,,Glasgow,Scotland,B60 7BA,GB,Y,2026-09-10 12:36:29,2026-09-15 12:36:29
SRC_ADDRESS_B002_000000332,A00064169,C0050124,SHIPPING,325 Queens Road,,Birmingham,West Midlands,L58 2DE,GB,N,2026-09-10 12:36:29,2026-11-05 12:36:29
SRC_ADDRESS_B002_000000333,A00064170,C0050125,HOME,342 King Street,,Birmingham,West Midlands,L53 1GH,GB,Y,2026-09-12 17:43:03,2026-11-26 17:43:03
SRC_ADDRESS_B002_000000334,A00064171,C0050126,HOME,365 High Street,Flat 38,Nottingham,Nottinghamshire,LS65 4DE,GB,Y,2026-09-25 01:12:11,2026-12-08 01:12:11
SRC_ADDRESS_B002_000000335,A00064172,C0050127,HOME,181 Queens Road,,Sheffield,South Yorkshire,L90 1EF,GB,Y,2026-09-17 19:37:55,2026-12-03 19:37:55
SRC_ADDRESS_B002_000000336,A00064173,C0050128,HOME,247 Market Street,,London,Greater London,LS26 6BA,GB,Y,2026-09-12 00:14:20,2026-12-01 00:14:20
SRC_ADDRESS_B002_000000337,A00064174,C0050129,HOME,210 The Crescent,,Liverpool,Merseyside,EH41 7AB,GB,Y,2026-09-07 17:52:44,2026-11-19 17:52:44
SRC_ADDRESS_B002_000000338,A00064175,C0050130,HOME,52 Station Road,Flat 10,Glasgow,Scotland,M40 5GH,GB,Y,2026-09-19 16:30:06,2026-12-17 16:30:06
SRC_ADDRESS_B002_000000339,A00064176,C0050131,HOME,197 King Street,,London,Greater London,G50 8BA,GB,Y,2026-09-07 11:04:30,2026-10-11 11:04:30
SRC_ADDRESS_B002_000000340,A00064177,C0050132,HOME,149 Mill Lane,,Glasgow,Scotland,LS37 7BA,GB,Y,2025-05-07 21:08:30,2026-11-09 14:51:46
SRC_ADDRESS_B002_000000341,A00064178,C0050133,HOME,179 Park Avenue,,Glasgow,Scotland,LS12 4AB,GB,Y,2025-10-24 19:30:32,2026-09-30 12:30:51
SRC_ADDRESS_B002_000000342,A00064179,C0050134,HOME,490 Station Road,,York,North Yorkshire,NG50 5GH,GB,Y,2026-09-18 10:42:42,2026-09-25 10:42:42
SRC_ADDRESS_B002_000000343,A00064180,C0050135,HOME,404 High Street,,Bristol,Bristol,YO59 1AD,GB,Y,2026-09-18 14:53:18,2026-09-25 14:53:18
SRC_ADDRESS_B002_000000344,A00064181,C0050136,HOME,359 Station Road,,Bristol,Bristol,M35 6GH,GB,Y,2026-09-17 14:12:59,2026-11-08 14:12:59
SRC_ADDRESS_B002_000000345,A00064182,C0050137,HOME,398 Bridge Street,,Birmingham,West Midlands,G58 3AD,GB,Y,2026-09-17 16:27:18,2026-11-24 16:27:18
SRC_ADDRESS_B002_000000346,A00064183,C0050138,HOME,9 Victoria Road,,York,North Yorkshire,M82 6DE,GB,Y,2026-09-17 12:13:20,2026-09-26 12:13:20
SRC_ADDRESS_B002_000000347,A00064184,C0050139,HOME,64 Park Avenue,,Manchester,Greater Manchester,CF32 5PR,GB,Y,2026-09-26 09:27:59,2026-10-25 09:27:59
SRC_ADDRESS_B002_000000348,A00064185,C0050139,SHIPPING,237 Station Road,Flat 5,Edinburgh,Scotland,EH2 7GH,GB,N,2026-09-05 09:27:59,2026-09-20 09:27:59
SRC_ADDRESS_B002_000000349,A00064186,C0050140,HOME,433 Station Road,,Manchester,Greater Manchester,G20 7AD,GB,Y,2026-09-16 13:58:08,2026-10-05 13:58:08
SRC_ADDRESS_B002_000000350,A00064187,C0050140,SHIPPING,406 Green Lane,,Sheffield,South Yorkshire,NG92 8EF,GB,N,2026-09-12 13:58:08,2026-11-23 13:58:08
SRC_ADDRESS_B002_000000351,A00064188,C0050141,HOME,46 The Crescent,,Glasgow,Scotland,S55 4BA,GB,Y,2026-09-29 10:51:53,2026-12-24 10:51:53
SRC_ADDRESS_B002_000000352,A00064189,C0050141,SHIPPING,128 Mill Lane,,Birmingham,West Midlands,S51 4JK,GB,N,2026-09-08 10:51:53,2026-11-08 10:51:53
SRC_ADDRESS_B002_000000353,A00064190,C0050142,HOME,257 Queens Road,,Bristol,Bristol,S79 1AA,GB,Y,2026-07-08 17:58:30,2026-09-29 06:29:57
SRC_ADDRESS_B002_000000354,A00064191,C0050143,HOME,444 Market Street,,Sheffield,South Yorkshire,LS40 5BA,GB,Y,2026-09-22 23:08:52,2026-11-05 23:08:52
SRC_ADDRESS_B002_000000355,A00064192,C0050144,HOME,199 High Street,,London,Greater London,G32 2BD,GB,Y,2026-09-21 03:54:50,2026-11-05 03:54:50
SRC_ADDRESS_B002_000000356,A00064193,C0050145,HOME,101 Mill Lane,Flat 14,Manchester,Greater Manchester,YO85 1AB,GB,Y,2026-09-18 13:09:16,2026-11-06 13:09:16
SRC_ADDRESS_B002_000000357,A00064194,C0050146,HOME,329 Park Avenue,,Liverpool,Merseyside,EH93 1DE,GB,Y,2026-09-18 20:48:13,2026-12-03 20:48:13
SRC_ADDRESS_B002_000000358,A00064195,C0050147,HOME,297 King Street,,Birmingham,West Midlands,YO20 7GH,GB,Y,2026-09-20 03:20:58,2026-11-07 03:20:58
SRC_ADDRESS_B002_000000359,A00064196,C0050148,HOME,343 Park Avenue,,Cardiff,Wales,B8 3AB,GB,Y,2026-09-20 23:25:57,2026-12-05 23:25:57
SRC_ADDRESS_B002_000000360,A00064197,C0050149,HOME,487 Station Road,,Glasgow,Scotland,M62 4GH,GB,Y,2025-12-23 02:12:26,2026-12-02 12:08:48
SRC_ADDRESS_B002_000000361,A00064198,C0050150,HOME,106 Park Avenue,,Cardiff,Wales,G5 1AD,GB,Y,2026-09-19 03:59:23,2026-11-03 03:59:23
SRC_ADDRESS_B002_000000362,A00064199,C0050151,HOME,105 Queens Road,,Leeds,West Yorkshire,LS93 1EF,GB,Y,2026-09-24 01:18:55,2026-10-20 01:18:55
SRC_ADDRESS_B002_000000363,A00064200,C0050151,SHIPPING,249 The Crescent,,York,North Yorkshire,L63 2AA,GB,N,2026-09-19 01:18:55,2026-11-01 01:18:55
SRC_ADDRESS_B002_000000364,A00064201,C0050152,HOME,54 Queens Road,,Leeds,West Yorkshire,G14 4BA,GB,Y,2026-09-19 11:14:36,2026-12-16 11:14:36
SRC_ADDRESS_B002_000000365,A00064202,C0050152,SHIPPING,168 Bridge Street,,Edinburgh,Scotland,BS6 5AB,GB,N,2026-09-14 11:14:36,2026-11-15 11:14:36
SRC_ADDRESS_B002_000000366,A00064203,C0050153,HOME,66 High Street,,London,Greater London,G50 6EF,GB,Y,2026-09-02 17:49:00,2026-09-20 17:49:00
SRC_ADDRESS_B002_000000367,A00064204,C0050154,HOME,186 Mill Lane,,Liverpool,Merseyside,M86 2AA,GB,Y,2026-09-29 04:30:19,2026-11-20 04:30:19
SRC_ADDRESS_B002_000000368,A00064205,C0050155,HOME,49 The Crescent,,London,Greater London,LS64 1BA,GB,Y,2026-09-15 05:14:09,2026-11-02 05:14:09
SRC_ADDRESS_B002_000000369,A00064206,C0050155,SHIPPING,212 High Street,,Glasgow,Scotland,NG81 3GH,GB,N,2026-09-16 05:14:09,2026-10-29 05:14:09
SRC_ADDRESS_B002_000000370,A00064207,C0050156,HOME,489 Park Avenue,,Bristol,Bristol,M43 6EF,GB,Y,2026-09-29 09:54:08,2026-10-17 09:54:08
SRC_ADDRESS_B002_000000371,A00064208,C0050157,HOME,200 Park Avenue,,Bristol,Bristol,S95 1BD,GB,Y,2026-09-19 18:23:43,2026-11-20 18:23:43
SRC_ADDRESS_B002_000000372,A00064209,C0050157,SHIPPING,342 Bridge Street,,Leeds,West Yorkshire,NG67 6AB,GB,N,2026-09-16 18:23:43,2026-12-04 18:23:43
SRC_ADDRESS_B002_000000373,A00064210,C0050158,HOME,223 King Street,,Manchester,Greater Manchester,LS14 7EF,GB,Y,2026-09-24 04:11:04,2026-12-13 04:11:04
SRC_ADDRESS_B002_000000374,A00064211,C0050159,HOME,351 The Crescent,,Bristol,Bristol,G74 6PR,GB,Y,2026-09-30 13:46:12,2026-10-30 13:46:12
SRC_ADDRESS_B002_000000375,A00064212,C0050160,HOME,345 Market Street,,Liverpool,Merseyside,B87 4AA,GB,Y,2026-09-15 05:50:52,2026-10-01 05:50:52
SRC_ADDRESS_B002_000000376,A00064213,C0050160,SHIPPING,66 High Street,Flat 31,Glasgow,Scotland,EH77 4AD,GB,N,2026-09-22 05:50:52,2026-10-25 05:50:52
SRC_ADDRESS_B002_000000377,A00064214,C0050161,HOME,22 Queens Road,,Liverpool,Merseyside,S22 2BD,GB,Y,2026-09-10 06:30:02,2026-10-04 06:30:02
SRC_ADDRESS_B002_000000378,A00064215,C0050161,SHIPPING,131 Mill Lane,,London,Greater London,EH51 4AA,GB,N,2026-09-11 06:30:02,2026-11-18 06:30:02
SRC_ADDRESS_B002_000000379,A00064216,C0050162,HOME,279 Park Avenue,Flat 28,Liverpool,Merseyside,NG14 5JK,GB,Y,2026-09-21 23:59:51,2026-10-29 23:59:51
SRC_ADDRESS_B002_000000380,A00064217,C0050163,HOME,83 Park Avenue,Flat 5,London,Greater London,BS84 1BD,GB,Y,2026-09-26 05:37:26,2026-11-17 05:37:26
SRC_ADDRESS_B002_000000381,A00064218,C0050164,HOME,351 High Street,,Bristol,Bristol,M88 2AD,GB,Y,2026-09-19 08:21:31,2026-11-14 08:21:31
SRC_ADDRESS_B002_000000382,A00064219,C0050165,HOME,436 Station Road,,Liverpool,Merseyside,B12 5JK,GB,Y,2026-09-20 16:17:14,2026-09-23 16:17:14
SRC_ADDRESS_B002_000000383,A00064220,C0050166,HOME,38 Station Road,,Bristol,Bristol,EH60 5BD,GB,Y,2026-10-01 23:10:36,2026-11-22 23:10:36
SRC_ADDRESS_B002_000000384,A00064221,C0050167,HOME,253 Church Lane,,Birmingham,West Midlands,LS57 2EF,GB,Y,2026-09-13 12:35:01,2026-09-26 12:35:01
SRC_ADDRESS_B002_000000385,A00064222,C0050167,SHIPPING,379 Mill Lane,,Leeds,West Yorkshire,BS97 8DE,GB,N,2026-09-03 12:35:01,2026-10-29 12:35:01
SRC_ADDRESS_B002_000000386,A00064223,C0050168,HOME,113 Mill Lane,,Manchester,Greater Manchester,L77 4BA,GB,Y,2026-09-02 08:01:51,2026-10-17 08:01:51
SRC_ADDRESS_B002_000000387,A00064224,C0050169,HOME,277 Bridge Street,Flat 28,Birmingham,West Midlands,L56 8AB,GB,Y,2026-09-08 06:12:51,2026-10-08 06:12:51
SRC_ADDRESS_B002_000000388,A00064225,C0050170,HOME,210 King Street,Flat 39,Manchester,Greater Manchester,L23 5GH,GB,Y,2026-09-03 02:24:24,2026-09-10 00:25:06
SRC_ADDRESS_B002_000000389,A00064226,C0050171,HOME,55 The Crescent,,Bristol,Bristol,EH32 7BA,GB,Y,2026-09-11 13:12:37,2026-09-24 13:12:37
SRC_ADDRESS_B002_000000390,A00064227,C0050172,HOME,374 Market Street,,Birmingham,West Midlands,CF29 6EF,GB,Y,2026-09-23 10:42:17,2026-11-22 10:42:17
SRC_ADDRESS_B002_000000391,A00064228,C0050173,HOME,38 High Street,,Leeds,West Yorkshire,B34 7EF,GB,Y,2026-09-13 04:38:51,2026-10-14 04:38:51
SRC_ADDRESS_B002_000000392,A00064229,C0050174,HOME,423 Queens Road,Flat 20,Bristol,Bristol,L19 5BD,GB,Y,2026-09-05 11:58:15,2026-12-03 11:58:15
SRC_ADDRESS_B002_000000393,A00064230,C0050174,SHIPPING,485 Bridge Street,,Glasgow,Scotland,YO35 1DE,GB,N,2026-09-17 11:58:15,2026-11-29 11:58:15
SRC_ADDRESS_B002_000000394,A00064231,C0050175,HOME,63 High Street,,York,North Yorkshire,NG90 3GH,GB,Y,2026-09-23 08:24:31,2026-11-09 08:24:31
SRC_ADDRESS_B002_000000395,A00064232,C0050175,SHIPPING,24 High Street,,London,Greater London,CF76 7AD,GB,N,2026-09-21 08:24:31,2026-10-11 08:24:31
SRC_ADDRESS_B002_000000396,A00064233,C0050176,HOME,60 Victoria Road,,Birmingham,West Midlands,L48 1BA,GB,Y,2026-09-26 11:43:57,2026-12-12 11:43:57
SRC_ADDRESS_B002_000000397,A00064234,C0050176,SHIPPING,361 Queens Road,,London,Greater London,S4 6PR,GB,N,2026-09-14 11:43:57,2026-10-26 11:43:57
SRC_ADDRESS_B002_000000398,A00064235,C0050177,HOME,346 Park Avenue,,Bristol,Bristol,S21 1PR,GB,Y,2026-09-22 01:58:53,2026-11-09 01:58:53
SRC_ADDRESS_B002_000000399,A00064236,C0050178,HOME,153 Queens Road,,Leeds,West Yorkshire,BS74 2GH,GB,Y,2026-09-02 21:41:33,2026-09-29 21:14:05
SRC_ADDRESS_B002_000000400,A00064237,C0050179,HOME,62 The Crescent,,Edinburgh,Scotland,L91 8GH,GB,Y,2026-09-08 07:54:53,2026-11-19 07:54:53
SRC_ADDRESS_B002_000000401,A00064238,C0050180,HOME,248 Green Lane,,Leeds,West Yorkshire,EH57 8AB,GB,Y,2026-09-06 06:58:38,2026-09-28 06:58:38
SRC_ADDRESS_B002_000000402,A00064239,C0050181,HOME,420 Queens Road,,London,Greater London,M57 2GH,GB,Y,2026-09-03 00:04:35,2026-10-31 00:04:35
SRC_ADDRESS_B002_000000403,A00064240,C0050181,SHIPPING,83 Station Road,,Glasgow,Scotland,CF13 2JK,GB,N,2026-09-07 00:04:35,2026-09-16 00:04:35
SRC_ADDRESS_B002_000000404,A00064241,C0050182,HOME,224 Green Lane,,Liverpool,Merseyside,LS25 2GH,GB,Y,2026-09-26 09:01:33,2026-11-18 09:01:33
SRC_ADDRESS_B002_000000405,A00064242,C0050182,SHIPPING,161 Church Lane,Flat 11,Birmingham,West Midlands,G39 8EF,GB,N,2026-09-08 09:01:33,2026-10-28 09:01:33
SRC_ADDRESS_B002_000000406,A00064243,C0050183,HOME,78 Victoria Road,Flat 2,Sheffield,South Yorkshire,S18 2AA,GB,Y,2026-09-13 00:38:47,2026-11-29 00:38:47
SRC_ADDRESS_B002_000000407,A00064244,C0050184,HOME,243 Church Lane,,Sheffield,South Yorkshire,NG85 6AB,GB,Y,2026-09-07 00:59:58,2026-11-14 00:59:58
SRC_ADDRESS_B002_000000408,A00064245,C0050184,SHIPPING,161 Mill Lane,Flat 31,Bristol,Bristol,BS94 2AB,GB,N,2026-09-04 00:59:58,2026-10-29 00:59:58
SRC_ADDRESS_B002_000000409,A00064246,C0050185,HOME,251 Mill Lane,Flat 21,Manchester,Greater Manchester,NG16 7GH,GB,Y,2026-09-11 18:27:41,2026-10-24 18:27:41
SRC_ADDRESS_B002_000000410,A00064247,C0050186,HOME,160 Station Road,,York,North Yorkshire,YO15 6EF,GB,Y,2026-09-14 06:36:04,2026-11-22 06:36:04
SRC_ADDRESS_B002_000000411,A00064248,C0050187,HOME,323 Bridge Street,Flat 19,York,North Yorkshire,NG52 5BD,GB,Y,2026-09-23 16:16:30,2026-12-09 16:16:30
SRC_ADDRESS_B002_000000412,A00064249,C0050188,HOME,492 High Street,,Edinburgh,Scotland,NG81 8AD,GB,Y,2026-09-08 13:27:24,2026-09-20 13:27:24
SRC_ADDRESS_B002_000000413,A00064250,C0050189,HOME,354 High Street,,York,North Yorkshire,G38 3DE,GB,Y,2026-09-02 19:49:05,2026-11-06 19:49:05
SRC_ADDRESS_B002_000000414,A00064251,C0050190,HOME,24 Queens Road,,London,Greater London,EH62 1AD,GB,Y,2026-09-11 06:24:02,2026-11-20 06:24:02
SRC_ADDRESS_B002_000000415,A00064252,C0050191,HOME,34 High Street,,Leeds,West Yorkshire,CF14 8EF,GB,Y,2026-09-07 01:59:01,2026-09-21 01:59:01
SRC_ADDRESS_B002_000000416,A00064253,C0050192,HOME,311 Station Road,,Nottingham,Nottinghamshire,EH56 1BA,GB,Y,2026-09-02 00:23:23,2026-10-18 23:16:29
SRC_ADDRESS_B002_000000417,A00064254,C0050193,HOME,151 King Street,,Edinburgh,Scotland,YO37 4AB,GB,Y,2026-09-18 22:48:00,2026-11-07 22:48:00
SRC_ADDRESS_B002_000000418,A00064255,C0050194,HOME,10 High Street,,Leeds,West Yorkshire,YO95 6JK,GB,Y,2026-09-22 20:25:03,2026-10-10 20:25:03
SRC_ADDRESS_B002_000000419,A00064256,C0050195,HOME,79 Market Street,Flat 8,Bristol,Bristol,EH46 5JK,GB,Y,2026-09-04 21:41:27,2026-11-12 21:41:27
SRC_ADDRESS_B002_000000420,A00064257,C0050196,HOME,218 Victoria Road,,Glasgow,Scotland,NG90 7AB,GB,Y,2026-09-17 13:25:29,2026-10-09 13:25:29
SRC_ADDRESS_B002_000000421,A00064258,C0050197,HOME,165 Park Avenue,,London,Greater London,S18 8AD,GB,Y,2026-09-12 00:09:52,2026-09-20 00:09:52
SRC_ADDRESS_B002_000000422,A00064259,C0050198,HOME,231 High Street,,Manchester,Greater Manchester,G52 5DE,GB,Y,2026-09-19 05:40:09,2026-12-01 05:40:09
SRC_ADDRESS_B002_000000423,A00064260,C0050198,SHIPPING,424 Green Lane,,Sheffield,South Yorkshire,G47 7GH,GB,N,2026-09-23 05:40:09,2026-12-16 05:40:09
SRC_ADDRESS_B002_000000424,A00064261,C0050199,HOME,208 King Street,,Sheffield,South Yorkshire,L69 3PR,GB,Y,2026-09-22 17:08:42,2026-11-03 17:08:42
SRC_ADDRESS_B002_000000425,A00064262,C0050199,SHIPPING,237 Mill Lane,,Sheffield,South Yorkshire,S78 8JK,GB,N,2026-09-06 17:08:42,2026-11-05 17:08:42
SRC_ADDRESS_B002_000000426,A00064263,C0050200,HOME,44 Park Avenue,Flat 37,Liverpool,Merseyside,NG15 2GH,GB,Y,2026-09-09 00:50:45,2026-09-18 00:50:45
SRC_ADDRESS_B002_000000427,A00064264,C0050201,HOME,199 King Street,Flat 16,Birmingham,West Midlands,YO47 7AA,GB,Y,2026-09-16 14:35:36,2026-09-18 14:35:36
SRC_ADDRESS_B002_000000428,A00064265,C0050202,HOME,170 Bridge Street,,Sheffield,South Yorkshire,M97 7AB,GB,Y,2026-09-13 17:48:29,2026-10-20 17:48:29
SRC_ADDRESS_B002_000000429,A00064266,C0050203,HOME,304 Station Road,,Birmingham,West Midlands,S35 5BA,GB,Y,2026-09-01 23:12:59,2026-12-07 14:47:53
SRC_ADDRESS_B002_000000430,A00064267,C0050203,SHIPPING,368 Queens Road,,Nottingham,Nottinghamshire,NG70 3AA,GB,N,2026-09-17 14:47:53,2026-10-29 14:47:53
SRC_ADDRESS_B002_000000431,A00064268,C0050204,HOME,447 Park Avenue,,Bristol,Bristol,S96 8BD,GB,Y,2026-09-14 11:04:19,2026-11-21 11:04:19
SRC_ADDRESS_B002_000000432,A00064269,C0050205,HOME,61 King Street,,Glasgow,Scotland,G20 7JK,GB,Y,2026-09-15 02:18:24,2026-09-15 02:18:24
SRC_ADDRESS_B002_000000433,A00064270,C0050206,HOME,50 Church Lane,Flat 14,Bristol,Bristol,B88 1AB,GB,Y,2026-09-11 10:39:53,2026-10-28 10:39:53
SRC_ADDRESS_B002_000000434,A00064271,C0050207,HOME,396 Victoria Road,,Leeds,West Yorkshire,EH8 4EF,GB,Y,2026-09-24 21:44:08,2026-10-26 21:44:08
SRC_ADDRESS_B002_000000435,A00064272,C0050208,HOME,271 Queens Road,,Manchester,Greater Manchester,EH52 7AD,GB,Y,2026-09-08 05:17:22,2026-10-27 05:17:22
SRC_ADDRESS_B002_000000436,A00064273,C0050209,HOME,222 Church Lane,,Sheffield,South Yorkshire,BS60 8AB,GB,Y,2026-09-17 20:31:19,2026-11-09 20:31:19
SRC_ADDRESS_B002_000000437,A00064274,C0050210,HOME,34 The Crescent,,Leeds,West Yorkshire,LS76 3AB,GB,Y,2026-09-27 19:43:53,2026-10-15 19:43:53
SRC_ADDRESS_B002_000000438,A00064275,C0050211,HOME,226 Green Lane,,Nottingham,Nottinghamshire,M71 5AD,GB,Y,2026-09-28 17:58:45,2026-11-01 17:58:45
SRC_ADDRESS_B002_000000439,A00064276,C0050212,HOME,489 Bridge Street,,Leeds,West Yorkshire,NG18 8BA,GB,Y,2026-09-11 10:29:09,2026-11-16 10:29:09
SRC_ADDRESS_B002_000000440,A00064277,C0050213,HOME,398 Victoria Road,,Edinburgh,Scotland,EH26 1AA,GB,Y,2026-09-18 17:19:19,2026-12-07 17:19:19
SRC_ADDRESS_B002_000000441,A00064278,C0050214,HOME,67 Mill Lane,,Birmingham,West Midlands,NG31 5EF,GB,Y,2026-09-29 10:20:51,2026-11-22 10:20:51
SRC_ADDRESS_B002_000000442,A00064279,C0050215,HOME,56 Station Road,Flat 4,Leeds,West Yorkshire,S83 5AD,GB,Y,2026-09-14 00:37:16,2026-09-19 00:37:16
SRC_ADDRESS_B002_000000443,A00064280,C0050216,HOME,143 Station Road,,Cardiff,Wales,B19 4PR,GB,Y,2026-08-24 18:54:23,2026-11-23 06:28:18
SRC_ADDRESS_B002_000000444,A00064281,C0050217,HOME,111 High Street,,London,Greater London,B17 2BA,GB,Y,2026-09-25 21:54:08,2026-11-27 21:54:08
SRC_ADDRESS_B002_000000445,A00064282,C0050218,HOME,364 King Street,,Cardiff,Wales,M78 1AA,GB,Y,2026-09-18 17:48:03,2026-12-12 17:48:03
SRC_ADDRESS_B002_000000446,A00064283,C0050218,SHIPPING,164 Park Avenue,,Glasgow,Scotland,LS29 4GH,GB,N,2026-09-16 17:48:03,2026-11-18 17:48:03
SRC_ADDRESS_B002_000000447,A00064284,C0050219,HOME,51 Mill Lane,,Glasgow,Scotland,G47 6GH,GB,Y,2026-09-09 12:20:57,2026-09-28 12:20:57
SRC_ADDRESS_B002_000000448,A00064285,C0050219,SHIPPING,238 King Street,,Glasgow,Scotland,S7 1AA,GB,N,2026-10-02 12:20:57,2026-12-21 12:20:57
SRC_ADDRESS_B002_000000449,A00064286,C0050220,HOME,432 The Crescent,,Sheffield,South Yorkshire,LS89 4GH,GB,Y,2026-09-29 22:12:32,2026-11-25 22:12:32
SRC_ADDRESS_B002_000000450,A00064287,C0050221,HOME,175 Mill Lane,Flat 1,Liverpool,Merseyside,L38 4AB,GB,Y,2026-09-20 23:48:46,2026-12-18 23:48:46
SRC_ADDRESS_B002_000000451,A00064288,C0050222,HOME,86 Mill Lane,,Birmingham,West Midlands,NG23 1DE,GB,Y,2026-09-24 10:09:15,2026-11-20 10:09:15
SRC_ADDRESS_B002_000000452,A00064289,C0050223,HOME,257 Station Road,,Nottingham,Nottinghamshire,YO84 1AD,GB,Y,2026-09-09 19:22:05,2026-11-23 19:22:05
SRC_ADDRESS_B002_000000453,A00064290,C0050224,HOME,414 Victoria Road,,Cardiff,Wales,LS8 6DE,GB,Y,2026-09-25 02:53:31,2026-10-19 02:53:31
SRC_ADDRESS_B002_000000454,A00064291,C0050224,SHIPPING,407 High Street,,Sheffield,South Yorkshire,S60 4JK,GB,N,2026-09-26 02:53:31,2026-10-09 02:53:31
SRC_ADDRESS_B002_000000455,A00064292,C0050225,HOME,483 King Street,,Liverpool,Merseyside,BS43 8JK,GB,Y,2026-09-28 21:17:20,2026-10-18 21:17:20
SRC_ADDRESS_B002_000000456,A00064293,C0050226,HOME,332 Queens Road,,York,North Yorkshire,YO63 7DE,GB,Y,2026-09-12 05:40:32,2026-11-18 05:40:32
SRC_ADDRESS_B002_000000457,A00064294,C0050227,HOME,136 High Street,Flat 23,Manchester,Greater Manchester,G98 6DE,GB,Y,2026-09-10 15:39:22,2026-10-06 15:39:22
SRC_ADDRESS_B002_000000458,A00064295,C0050228,HOME,16 High Street,,Nottingham,Nottinghamshire,LS66 6AB,GB,Y,2026-09-24 10:20:44,2026-09-28 10:20:44
SRC_ADDRESS_B002_000000459,A00064296,C0050228,SHIPPING,93 Park Avenue,Flat 26,York,North Yorkshire,EH8 1BD,GB,N,2026-09-03 10:20:44,2026-10-01 10:20:44
SRC_ADDRESS_B002_000000460,A00064297,C0050229,HOME,270 Park Avenue,,Glasgow,Scotland,S77 8PR,GB,Y,2026-09-25 03:34:48,2026-09-29 03:34:48
SRC_ADDRESS_B002_000000461,A00064298,C0050230,HOME,460 High Street,,Liverpool,Merseyside,NG89 8PR,GB,Y,2026-09-24 02:35:21,2026-10-13 02:35:21
SRC_ADDRESS_B002_000000462,A00064299,C0050230,SHIPPING,219 Bridge Street,,Edinburgh,Scotland,NG92 7BD,GB,N,2026-09-29 02:35:21,2026-10-05 02:35:21
SRC_ADDRESS_B002_000000463,A00064300,C0050231,HOME,457 Station Road,,Glasgow,Scotland,L77 4JK,GB,Y,2026-09-28 17:48:14,2026-10-04 17:48:14
SRC_ADDRESS_B002_000000464,A00064301,C0050231,SHIPPING,389 Queens Road,,Birmingham,West Midlands,G54 3BD,GB,N,2026-09-26 17:48:14,2026-11-29 17:48:14
SRC_ADDRESS_B002_000000465,A00064302,C0050232,HOME,469 Market Street,,London,Greater London,YO74 4BD,GB,Y,2026-09-05 13:37:52,2026-10-04 13:37:52
SRC_ADDRESS_B002_000000466,A00064303,C0050232,SHIPPING,233 Park Avenue,Flat 10,Manchester,Greater Manchester,NG21 1AA,GB,N,2026-09-12 13:37:52,2026-10-13 13:37:52
SRC_ADDRESS_B002_000000467,A00064304,C0050233,HOME,171 Park Avenue,,Birmingham,West Midlands,B87 8AD,GB,Y,2026-09-15 22:56:50,2026-10-01 22:56:50
SRC_ADDRESS_B002_000000468,A00064305,C0050233,SHIPPING,457 Queens Road,,Glasgow,Scotland,G74 7AA,GB,N,2026-09-08 22:56:50,2026-11-08 22:56:50
SRC_ADDRESS_B002_000000469,A00064306,C0050234,HOME,59 Market Street,,York,North Yorkshire,EH79 5DE,GB,Y,2026-09-22 09:18:28,2026-11-17 09:18:28
SRC_ADDRESS_B002_000000470,A00064307,C0050235,HOME,383 Green Lane,,Birmingham,West Midlands,YO14 3JK,GB,Y,2026-09-20 03:50:40,2026-10-15 03:50:40
SRC_ADDRESS_B002_000000471,A00064308,C0050236,HOME,242 Green Lane,,York,North Yorkshire,B61 2BD,GB,Y,2026-09-14 06:38:01,2026-12-05 06:38:01
SRC_ADDRESS_B002_000000472,A00064309,C0050237,HOME,421 Market Street,,London,Greater London,S22 6EF,GB,Y,2026-10-01 03:14:12,2026-10-29 03:14:12
SRC_ADDRESS_B002_000000473,A00064310,C0050238,HOME,39 Queens Road,Flat 12,Birmingham,West Midlands,B16 5JK,GB,Y,2026-10-01 18:41:22,2026-10-30 18:41:22
SRC_ADDRESS_B002_000000474,A00064311,C0050238,SHIPPING,74 Victoria Road,Flat 30,Bristol,Bristol,BS42 1AD,GB,N,2026-09-07 18:41:22,2026-09-12 18:41:22
SRC_ADDRESS_B002_000000475,A00064312,C0050239,HOME,78 Bridge Street,,Nottingham,Nottinghamshire,BS45 5PR,GB,Y,2026-09-27 05:20:04,2026-12-24 05:20:04
SRC_ADDRESS_B002_000000476,A00064313,C0050239,SHIPPING,482 Green Lane,,Edinburgh,Scotland,B53 6EF,GB,N,2026-09-21 05:20:04,2026-11-10 05:20:04
SRC_ADDRESS_B002_000000477,A00064314,C0050240,HOME,239 The Crescent,Flat 15,Glasgow,Scotland,NG85 5JK,GB,Y,2026-09-06 01:27:45,2026-11-14 01:27:45
SRC_ADDRESS_B002_000000478,A00064315,C0050241,HOME,200 Bridge Street,,Leeds,West Yorkshire,G30 8GH,GB,Y,2026-09-10 12:54:05,2026-10-07 12:54:05
SRC_ADDRESS_B002_000000479,A00064316,C0050242,HOME,499 Station Road,,Liverpool,Merseyside,EH82 6BA,GB,Y,2026-09-29 21:48:16,2026-10-10 21:48:16
SRC_ADDRESS_B002_000000480,A00064317,C0050243,HOME,26 King Street,Flat 2,Glasgow,Scotland,G60 3PR,GB,Y,2026-08-31 03:24:01,2026-10-18 13:18:33
SRC_ADDRESS_B002_000000481,A00064318,C0050244,HOME,309 Station Road,,Birmingham,West Midlands,S20 6AA,GB,Y,2025-12-15 13:50:50,2026-09-22 19:55:21
SRC_ADDRESS_B002_000000482,A00064319,C0050244,SHIPPING,429 Queens Road,Flat 7,London,Greater London,L96 2AD,GB,N,2026-09-16 19:55:21,2026-11-18 19:55:21
SRC_ADDRESS_B002_000000483,A00064320,C0050245,HOME,382 High Street,,Edinburgh,Scotland,CF96 5AD,GB,Y,2026-09-26 07:44:30,2026-10-24 07:44:30
SRC_ADDRESS_B002_000000484,A00064321,C0050246,HOME,334 Market Street,,Cardiff,Wales,EH45 8AA,GB,Y,2026-09-05 11:14:55,2026-09-22 11:14:55
SRC_ADDRESS_B002_000000485,A00064322,C0050246,SHIPPING,386 Church Lane,,Sheffield,South Yorkshire,CF72 4JK,GB,N,2026-09-06 11:14:55,2026-10-29 11:14:55
SRC_ADDRESS_B002_000000486,A00064323,C0050247,HOME,175 King Street,,Nottingham,Nottinghamshire,NG30 3EF,GB,Y,2026-09-02 09:48:33,2026-09-21 20:47:50
SRC_ADDRESS_B002_000000487,A00064324,C0050248,HOME,31 Mill Lane,,Glasgow,Scotland,M8 8JK,GB,Y,2026-10-02 13:50:36,2026-10-03 13:50:36
SRC_ADDRESS_B002_000000488,A00064325,C0050249,HOME,364 Bridge Street,,Nottingham,Nottinghamshire,NG82 7BD,GB,Y,2026-09-29 19:20:57,2026-12-22 19:20:57
SRC_ADDRESS_B002_000000489,A00064326,C0050250,HOME,448 Station Road,Flat 22,Manchester,Greater Manchester,BS70 4JK,GB,Y,2026-09-24 20:14:47,2026-11-15 20:14:47
SRC_ADDRESS_B002_000000490,A00064327,C0050251,HOME,443 Church Lane,,Glasgow,Scotland,YO47 1AA,GB,Y,2026-09-16 02:47:11,2026-11-24 02:47:11
SRC_ADDRESS_B002_000000491,A00064328,C0050252,HOME,487 Mill Lane,,Sheffield,South Yorkshire,G81 2EF,GB,Y,2026-09-04 06:12:16,2026-12-01 06:12:16
SRC_ADDRESS_B002_000000492,A00064329,C0050253,HOME,248 Green Lane,,Sheffield,South Yorkshire,LS6 2DE,GB,Y,2026-09-10 12:45:30,2026-11-21 12:45:30
SRC_ADDRESS_B002_000000493,A00064330,C0050254,HOME,343 Victoria Road,,London,Greater London,L20 7AB,GB,Y,2026-09-29 16:28:27,2026-10-27 16:28:27
SRC_ADDRESS_B002_000000494,A00064331,C0050254,SHIPPING,222 The Crescent,,Birmingham,West Midlands,LS6 8AB,GB,N,2026-09-14 16:28:27,2026-10-07 16:28:27
SRC_ADDRESS_B002_000000495,A00064332,C0050255,HOME,140 Victoria Road,,Edinburgh,Scotland,CF84 5AB,GB,Y,2026-09-11 06:44:47,2026-11-07 06:44:47
SRC_ADDRESS_B002_000000496,A00064333,C0050256,HOME,204 Mill Lane,,Cardiff,Wales,NG77 8BD,GB,Y,2026-09-08 06:26:37,2026-11-11 06:26:37
SRC_ADDRESS_B002_000000497,A00064334,C0050257,HOME,416 High Street,,Nottingham,Nottinghamshire,EH53 6DE,GB,Y,2026-09-05 15:41:48,2026-09-10 15:41:48
SRC_ADDRESS_B002_000000498,A00064335,C0050257,SHIPPING,451 Mill Lane,,Glasgow,Scotland,L72 5DE,GB,N,2026-09-18 15:41:48,2026-12-01 15:41:48
SRC_ADDRESS_B002_000000499,A00064336,C0050258,HOME,403 Queens Road,,York,North Yorkshire,L29 4PR,GB,Y,2026-09-23 07:20:39,2026-10-18 07:20:39
SRC_ADDRESS_B002_000000500,A00064337,C0050259,HOME,467 Market Street,,Leeds,West Yorkshire,M26 5EF,GB,Y,2026-09-30 02:43:30,2026-12-11 02:43:30
SRC_ADDRESS_B002_000000501,A00064338,C0050260,HOME,242 Mill Lane,,London,Greater London,YO66 2AD,GB,Y,2026-09-22 13:36:46,2026-11-07 13:36:46
SRC_ADDRESS_B002_000000502,A00064339,C0050260,SHIPPING,228 Green Lane,Flat 5,Birmingham,West Midlands,L6 5BA,GB,N,2026-09-11 13:36:46,2026-11-21 13:36:46
SRC_ADDRESS_B002_000000503,A00064340,C0050261,HOME,281 Bridge Street,,London,Greater London,EH12 7JK,GB,Y,2026-09-03 13:10:01,2026-11-09 13:10:01
SRC_ADDRESS_B002_000000504,A00064341,C0050262,HOME,134 High Street,,Edinburgh,Scotland,B21 8PR,GB,Y,2026-09-02 17:51:31,2026-12-02 17:20:48
SRC_ADDRESS_B002_000000505,A00064342,C0050263,HOME,478 Bridge Street,,York,North Yorkshire,CF79 2JK,GB,Y,2026-09-24 07:43:13,2026-11-10 07:43:13
SRC_ADDRESS_B002_000000506,A00064343,C0050263,SHIPPING,486 Mill Lane,,Birmingham,West Midlands,NG97 3GH,GB,N,2026-09-01 07:43:13,2026-10-29 07:43:13
SRC_ADDRESS_B002_000000507,A00064344,C0050264,HOME,95 Bridge Street,,London,Greater London,LS2 2AB,GB,Y,2026-09-22 12:00:09,2026-10-24 12:00:09
SRC_ADDRESS_B002_000000508,A00064345,C0050265,HOME,326 Station Road,,Sheffield,South Yorkshire,L73 1DE,GB,Y,2026-09-04 11:55:57,2026-11-02 11:55:57
SRC_ADDRESS_B002_000000509,A00064346,C0050266,HOME,396 The Crescent,,Leeds,West Yorkshire,L82 2PR,GB,Y,2026-09-23 20:45:03,2026-10-25 20:45:03
SRC_ADDRESS_B002_000000510,A00064347,C0050267,HOME,14 High Street,,Edinburgh,Scotland,LS41 3AA,GB,Y,2026-09-06 17:27:42,2026-11-01 17:27:42
SRC_ADDRESS_B002_000000511,A00064348,C0050268,HOME,228 Park Avenue,,York,North Yorkshire,LS27 6AB,GB,Y,2026-09-24 20:06:07,2026-11-25 20:06:07
SRC_ADDRESS_B002_000000512,A00064349,C0050268,SHIPPING,221 The Crescent,,Manchester,Greater Manchester,L82 6AA,GB,N,2026-09-24 20:06:07,2026-12-22 20:06:07
SRC_ADDRESS_B002_000000513,A00064350,C0050269,HOME,443 Market Street,,Leeds,West Yorkshire,BS12 5EF,GB,Y,2026-09-21 08:06:07,2026-11-13 08:06:07
SRC_ADDRESS_B002_000000514,A00064351,C0050270,HOME,104 Victoria Road,,Glasgow,Scotland,G7 5JK,GB,Y,2026-09-20 15:37:51,2026-11-30 15:37:51
SRC_ADDRESS_B002_000000515,A00064352,C0050271,HOME,489 Mill Lane,,Edinburgh,Scotland,EH81 6AD,GB,Y,2026-09-10 10:34:46,2026-11-10 10:34:46
SRC_ADDRESS_B002_000000516,A00064353,C0050271,SHIPPING,179 High Street,,Leeds,West Yorkshire,YO25 5EF,GB,N,2026-09-21 10:34:46,2026-12-04 10:34:46
SRC_ADDRESS_B002_000000517,A00064354,C0050272,HOME,288 Mill Lane,,York,North Yorkshire,YO46 3AB,GB,Y,2026-09-18 18:42:05,2026-11-05 18:42:05
SRC_ADDRESS_B002_000000518,A00064355,C0050273,HOME,246 King Street,,Nottingham,Nottinghamshire,CF60 8BA,GB,Y,2026-09-21 18:45:11,2026-10-19 18:45:11
SRC_ADDRESS_B002_000000519,A00064356,C0050274,HOME,476 The Crescent,,Bristol,Bristol,LS8 7BA,GB,Y,2026-10-01 10:48:33,2026-11-16 10:48:33
SRC_ADDRESS_B002_000000520,A00064357,C0050275,HOME,349 Green Lane,,Cardiff,Wales,G15 3GH,GB,Y,2026-09-03 01:54:48,2026-10-07 01:51:38
SRC_ADDRESS_B002_000000521,A00064358,C0050276,HOME,340 Victoria Road,,Sheffield,South Yorkshire,G54 5BA,GB,Y,2026-09-25 19:04:29,2026-10-23 19:04:29
SRC_ADDRESS_B002_000000522,A00064359,C0050277,HOME,138 Mill Lane,,Birmingham,West Midlands,CF75 8AD,GB,Y,2026-09-30 00:39:03,2026-10-14 00:39:03
SRC_ADDRESS_B002_000000523,A00064360,C0050278,HOME,133 Park Avenue,,Sheffield,South Yorkshire,EH43 8EF,GB,Y,2026-09-12 11:18:09,2026-11-15 11:18:09
SRC_ADDRESS_B002_000000524,A00064361,C0050279,HOME,194 King Street,,Nottingham,Nottinghamshire,L57 6BA,GB,Y,2026-09-23 04:17:25,2026-12-10 04:17:25
SRC_ADDRESS_B002_000000525,A00064362,C0050280,HOME,123 Station Road,,London,Greater London,S91 5AB,GB,Y,2026-09-02 01:36:10,2026-09-05 01:36:10
SRC_ADDRESS_B002_000000526,A00064363,C0050280,SHIPPING,288 Market Street,,Birmingham,West Midlands,B27 4DE,GB,N,2026-09-24 01:36:10,2026-11-10 01:36:10
SRC_ADDRESS_B002_000000527,A00064364,C0050281,HOME,3 The Crescent,,Birmingham,West Midlands,B32 2AD,GB,Y,2026-09-01 14:08:03,2026-10-09 14:08:03
SRC_ADDRESS_B002_000000528,A00064365,C0050282,HOME,237 Bridge Street,,Birmingham,West Midlands,M63 8JK,GB,Y,2026-09-12 05:25:17,2026-10-09 05:25:17
SRC_ADDRESS_B002_000000529,A00064366,C0050283,HOME,159 Mill Lane,,London,Greater London,BS64 7AA,GB,Y,2026-10-01 17:26:19,2026-11-28 17:26:19
SRC_ADDRESS_B002_000000530,A00064367,C0050284,HOME,486 Church Lane,,York,North Yorkshire,M20 3BD,GB,Y,2026-09-18 21:34:19,2026-12-06 21:34:19
SRC_ADDRESS_B002_000000531,A00064368,C0050285,HOME,439 Mill Lane,,Edinburgh,Scotland,L56 2BD,GB,Y,2026-09-30 08:52:22,2026-10-10 08:52:22
SRC_ADDRESS_B002_000000532,A00064369,C0050285,SHIPPING,276 Mill Lane,,Leeds,West Yorkshire,EH30 5JK,GB,N,2026-09-26 08:52:22,2026-11-07 08:52:22
SRC_ADDRESS_B002_000000533,A00064370,C0050286,HOME,426 Queens Road,Flat 28,London,Greater London,B4 3EF,GB,Y,2026-09-05 00:10:00,2026-11-28 00:10:00
SRC_ADDRESS_B002_000000534,A00064371,C0050287,HOME,143 Park Avenue,,Edinburgh,Scotland,B40 7DE,GB,Y,2026-09-07 02:02:25,2026-10-30 02:02:25
SRC_ADDRESS_B002_000000535,A00064372,C0050288,HOME,15 Park Avenue,,Sheffield,South Yorkshire,EH8 6AD,GB,Y,2026-09-24 22:22:08,2026-10-15 22:22:08
SRC_ADDRESS_B002_000000536,A00064373,C0050289,HOME,175 Station Road,,Edinburgh,Scotland,B5 5AD,GB,Y,2026-09-08 11:34:32,2026-10-29 11:34:32
SRC_ADDRESS_B002_000000537,A00064374,C0050290,HOME,479 Green Lane,,Bristol,Bristol,LS23 5GH,GB,Y,2026-09-03 20:11:14,2026-09-27 20:11:14
SRC_ADDRESS_B002_000000538,A00064375,C0050291,HOME,198 Market Street,,Cardiff,Wales,EH84 8GH,GB,Y,2026-10-01 07:11:12,2026-10-25 07:11:12
SRC_ADDRESS_B002_000000539,A00064376,C0050291,SHIPPING,342 Victoria Road,,Nottingham,Nottinghamshire,NG14 2AB,GB,N,2026-09-29 07:11:12,2026-10-30 07:11:12
SRC_ADDRESS_B002_000000540,A00064377,C0050292,HOME,47 The Crescent,Flat 33,Cardiff,Wales,B85 1AB,GB,Y,2026-09-16 01:46:23,2026-10-21 01:46:23
SRC_ADDRESS_B002_000000541,A00064378,C0050293,HOME,57 King Street,,Edinburgh,Scotland,B50 4AB,GB,Y,2026-09-07 02:11:44,2026-10-14 02:11:44
SRC_ADDRESS_B002_000000542,A00064379,C0050293,SHIPPING,185 Station Road,,Bristol,Bristol,NG50 2DE,GB,N,2026-09-21 02:11:44,2026-12-14 02:11:44
SRC_ADDRESS_B002_000000543,A00064380,C0050294,HOME,325 King Street,Flat 6,Edinburgh,Scotland,LS23 8BD,GB,Y,2026-09-27 06:28:12,2026-11-22 06:28:12
SRC_ADDRESS_B002_000000544,A00064381,C0050295,HOME,181 Queens Road,Flat 35,York,North Yorkshire,B47 8BD,GB,Y,2026-09-08 17:20:44,2026-11-19 17:20:44
SRC_ADDRESS_B002_000000545,A00064382,C0050295,SHIPPING,46 The Crescent,,Cardiff,Wales,G72 5JK,GB,N,2026-09-20 17:20:44,2026-10-26 17:20:44
SRC_ADDRESS_B002_000000546,A00064383,C0050296,HOME,283 Church Lane,,London,Greater London,G38 4EF,GB,Y,2026-09-24 05:08:10,2026-11-12 05:08:10
SRC_ADDRESS_B002_000000547,A00064384,C0050297,HOME,276 Green Lane,,Glasgow,Scotland,NG70 3BD,GB,Y,2026-09-12 12:37:15,2026-10-26 12:37:15
SRC_ADDRESS_B002_000000548,A00064385,C0050298,HOME,441 High Street,,Sheffield,South Yorkshire,YO75 4GH,GB,Y,2026-09-27 14:07:16,2026-12-19 14:07:16
SRC_ADDRESS_B002_000000549,A00064386,C0050298,SHIPPING,299 Victoria Road,,London,Greater London,BS26 4JK,GB,N,2026-09-12 14:07:16,2026-11-30 14:07:16
SRC_ADDRESS_B002_000000550,A00064387,C0050299,HOME,234 High Street,,Manchester,Greater Manchester,LS18 5BD,GB,Y,2026-09-18 19:04:57,2026-09-29 19:04:57
SRC_ADDRESS_B002_000000551,A00064388,C0050300,HOME,204 Station Road,,Cardiff,Wales,M78 1JK,GB,Y,2026-09-25 13:52:58,2026-11-30 13:52:58
SRC_ADDRESS_B002_000000552,A00064389,C0050300,SHIPPING,93 Mill Lane,,Birmingham,West Midlands,YO50 8BA,GB,N,2026-09-24 13:52:58,2026-11-12 13:52:58
SRC_ADDRESS_B002_000000553,A00064390,C0050301,HOME,165 Station Road,Flat 5,Liverpool,Merseyside,S96 3BD,GB,Y,2026-09-14 07:48:00,2026-09-23 07:48:00
SRC_ADDRESS_B002_000000554,A00064391,C0050302,HOME,393 Market Street,,York,North Yorkshire,BS41 3BA,GB,Y,2026-09-29 19:23:40,2026-11-07 19:23:40
SRC_ADDRESS_B002_000000555,A00064392,C0050303,HOME,482 Victoria Road,,Edinburgh,Scotland,M39 4GH,GB,Y,2026-09-26 06:25:44,2026-11-24 06:25:44
SRC_ADDRESS_B002_000000556,A00064393,C0050304,HOME,317 King Street,,Leeds,West Yorkshire,LS61 8AD,GB,Y,2026-09-29 05:35:14,2026-11-12 05:35:14
SRC_ADDRESS_B002_000000557,A00064394,C0050304,SHIPPING,237 Church Lane,,Glasgow,Scotland,YO55 5JK,GB,N,2026-09-15 05:35:14,2026-11-12 05:35:14
SRC_ADDRESS_B002_000000558,A00064395,C0050305,HOME,316 The Crescent,,Liverpool,Merseyside,EH73 8PR,GB,Y,2026-09-15 01:19:10,2026-11-06 01:19:10
SRC_ADDRESS_B002_000000559,A00064396,C0050306,HOME,468 King Street,,Bristol,Bristol,EH87 7BD,GB,Y,2026-09-17 07:57:49,2026-11-06 07:57:49
SRC_ADDRESS_B002_000000560,A00064397,C0050307,HOME,157 Station Road,,London,Greater London,M51 2AA,GB,Y,2026-09-14 06:03:56,2026-10-04 06:03:56
SRC_ADDRESS_B002_000000561,A00064398,C0050308,HOME,28 Green Lane,,Sheffield,South Yorkshire,NG10 2DE,GB,Y,2026-09-01 13:21:01,2026-10-14 11:17:41
SRC_ADDRESS_B002_000000562,A00064399,C0050309,HOME,477 Victoria Road,Flat 22,Sheffield,South Yorkshire,CF58 6BD,GB,Y,2025-12-23 15:33:03,2026-11-27 15:57:37
SRC_ADDRESS_B002_000000563,A00064400,C0050309,SHIPPING,190 Church Lane,,Leeds,West Yorkshire,B58 3BD,GB,N,2026-09-19 15:57:37,2026-11-30 15:57:37
SRC_ADDRESS_B002_000000564,A00064401,C0050310,HOME,461 Church Lane,,Edinburgh,Scotland,NG52 2AB,GB,Y,2026-09-28 05:15:51,2026-12-23 05:15:51
SRC_ADDRESS_B002_000000565,A00064402,C0050311,HOME,405 Church Lane,,Edinburgh,Scotland,L88 5BA,GB,Y,2026-09-28 15:03:13,2026-10-02 15:03:13
SRC_ADDRESS_B002_000000566,A00064403,C0050311,SHIPPING,322 Station Road,,Edinburgh,Scotland,BS14 1BD,GB,N,2026-09-15 15:03:13,2026-11-15 15:03:13
SRC_ADDRESS_B002_000000567,A00064404,C0050312,HOME,179 Queens Road,,Sheffield,South Yorkshire,NG87 8AB,GB,Y,2026-09-09 23:18:26,2026-11-29 23:18:26
SRC_ADDRESS_B002_000000568,A00064405,C0050313,HOME,20 Church Lane,,London,Greater London,G24 1EF,GB,Y,2026-09-16 05:05:27,2026-12-14 05:05:27
SRC_ADDRESS_B002_000000569,A00064406,C0050314,HOME,255 Queens Road,,Leeds,West Yorkshire,YO67 4EF,GB,Y,2026-09-27 11:01:19,2026-10-21 11:01:19
SRC_ADDRESS_B002_000000570,A00064407,C0050314,SHIPPING,32 Station Road,,Edinburgh,Scotland,G31 6BA,GB,N,2026-09-02 11:01:19,2026-11-28 11:01:19
SRC_ADDRESS_B002_000000571,A00064408,C0050315,HOME,59 Victoria Road,,Birmingham,West Midlands,NG18 2BA,GB,Y,2025-08-28 16:02:54,2026-12-01 15:50:01
SRC_ADDRESS_B002_000000572,A00064409,C0050316,HOME,24 High Street,,Glasgow,Scotland,M29 5BA,GB,Y,2026-10-01 15:26:21,2026-10-18 15:26:21
SRC_ADDRESS_B002_000000573,A00064410,C0050317,HOME,444 The Crescent,,Birmingham,West Midlands,S42 7AA,GB,Y,2026-08-30 21:28:27,2026-10-01 10:49:06
SRC_ADDRESS_B002_000000574,A00064411,C0050318,HOME,209 Green Lane,,Nottingham,Nottinghamshire,M84 8EF,GB,Y,2026-09-15 09:51:43,2026-11-08 09:51:43
SRC_ADDRESS_B002_000000575,A00064412,C0050318,SHIPPING,347 King Street,,Sheffield,South Yorkshire,YO9 8AA,GB,N,2026-09-10 09:51:43,2026-11-20 09:51:43
SRC_ADDRESS_B002_000000576,A00064413,C0050319,HOME,358 High Street,,Glasgow,Scotland,YO69 2GH,GB,Y,2026-09-30 14:21:13,2026-12-28 14:21:13
SRC_ADDRESS_B002_000000577,A00064414,C0050319,SHIPPING,277 Green Lane,,Liverpool,Merseyside,LS80 8PR,GB,N,2026-09-23 14:21:13,2026-11-27 14:21:13
SRC_ADDRESS_B002_000000578,A00064415,C0050320,HOME,203 Bridge Street,,Leeds,West Yorkshire,G55 7GH,GB,Y,2026-09-04 17:22:59,2026-09-19 17:22:59
SRC_ADDRESS_B002_000000579,A00064416,C0050321,HOME,311 Market Street,,Nottingham,Nottinghamshire,B59 1BD,GB,Y,2026-09-02 20:04:48,2026-11-10 09:23:41
SRC_ADDRESS_B002_000000580,A00064417,C0050322,HOME,11 Church Lane,,Glasgow,Scotland,YO98 1BA,GB,Y,2026-09-27 03:45:42,2026-12-08 03:45:42
SRC_ADDRESS_B002_000000581,A00064418,C0050323,HOME,193 Queens Road,,Liverpool,Merseyside,M50 7AD,GB,Y,2025-08-11 21:37:09,2026-11-01 23:13:29
SRC_ADDRESS_B002_000000582,A00064419,C0050324,HOME,430 Green Lane,,Sheffield,South Yorkshire,M75 2BD,GB,Y,2026-09-01 14:56:47,2026-12-14 08:31:54
SRC_ADDRESS_B002_000000583,A00064420,C0050325,HOME,30 Mill Lane,,Glasgow,Scotland,EH98 5BA,GB,Y,2026-09-17 11:33:22,2026-12-15 11:33:22
SRC_ADDRESS_B002_000000584,A00064421,C0050325,SHIPPING,388 Victoria Road,,Sheffield,South Yorkshire,NG80 6DE,GB,N,2026-09-30 11:33:22,2026-12-22 11:33:22
SRC_ADDRESS_B002_000000585,A00064422,C0050326,HOME,340 Mill Lane,,Glasgow,Scotland,EH29 3AB,GB,Y,2026-09-21 10:29:43,2026-11-12 10:29:43
SRC_ADDRESS_B002_000000586,A00064423,C0050327,HOME,84 Victoria Road,Flat 12,Leeds,West Yorkshire,G80 4BD,GB,Y,2026-09-15 15:33:37,2026-12-12 15:33:37
SRC_ADDRESS_B002_000000587,A00064424,C0050328,HOME,30 High Street,,York,North Yorkshire,EH39 5DE,GB,Y,2026-09-27 17:19:48,2026-10-28 17:19:48
SRC_ADDRESS_B002_000000588,A00064425,C0050329,HOME,437 Market Street,,Manchester,Greater Manchester,B62 1EF,GB,Y,2026-09-11 02:07:23,2026-11-14 02:07:23
SRC_ADDRESS_B002_000000589,A00064426,C0050330,HOME,43 Park Avenue,,Liverpool,Merseyside,EH19 6JK,GB,Y,2026-09-21 10:14:16,2026-10-04 10:14:16
SRC_ADDRESS_B002_000000590,A00064427,C0050331,HOME,254 Bridge Street,,Cardiff,Wales,M82 8DE,GB,Y,2026-09-12 20:15:03,2026-12-07 20:15:03
SRC_ADDRESS_B002_000000591,A00064428,C0050331,SHIPPING,331 Church Lane,,Leeds,West Yorkshire,YO89 5AB,GB,N,2026-09-03 20:15:03,2026-11-20 20:15:03
SRC_ADDRESS_B002_000000592,A00064429,C0050332,HOME,350 Mill Lane,,York,North Yorkshire,BS45 5PR,GB,Y,2026-09-09 07:49:09,2026-10-28 07:49:09
SRC_ADDRESS_B002_000000593,A00064430,C0050333,HOME,44 King Street,,Manchester,Greater Manchester,CF79 2GH,GB,Y,2026-09-19 19:20:45,2026-11-30 19:20:45
SRC_ADDRESS_B002_000000594,A00064431,C0050334,HOME,242 Bridge Street,,London,Greater London,B15 6GH,GB,Y,2026-09-28 18:16:07,2026-10-29 18:16:07
SRC_ADDRESS_B002_000000595,A00064432,C0050334,SHIPPING,155 Mill Lane,,Bristol,Bristol,YO74 4BA,GB,N,2026-09-03 18:16:07,2026-11-05 18:16:07
SRC_ADDRESS_B002_000000596,A00064433,C0050335,HOME,345 High Street,,Sheffield,South Yorkshire,S38 8JK,GB,Y,2026-09-14 18:05:31,2026-09-28 18:05:31
SRC_ADDRESS_B002_000000597,A00064434,C0050336,HOME,449 Park Avenue,,Bristol,Bristol,G81 7EF,GB,Y,2026-09-22 21:45:14,2026-11-28 21:45:14
SRC_ADDRESS_B002_000000598,A00064435,C0050337,HOME,376 Green Lane,,Nottingham,Nottinghamshire,B32 8AB,GB,Y,2026-09-12 00:37:38,2026-11-17 00:37:38
SRC_ADDRESS_B002_000000599,A00064436,C0050338,HOME,301 Green Lane,,Sheffield,South Yorkshire,NG61 7EF,GB,Y,2026-09-24 22:34:06,2026-12-06 22:34:06
SRC_ADDRESS_B002_000000600,A00064437,C0050339,HOME,414 Bridge Street,,London,Greater London,YO22 8BA,GB,Y,2026-09-03 12:00:54,2026-10-02 12:00:54
SRC_ADDRESS_B002_000000601,A00064438,C0050340,HOME,307 Park Avenue,,Birmingham,West Midlands,NG19 7AB,GB,Y,2026-09-03 08:39:47,2026-10-12 08:39:47
SRC_ADDRESS_B002_000000602,A00064439,C0050340,SHIPPING,50 Station Road,,Nottingham,Nottinghamshire,YO83 5AD,GB,N,2026-09-17 08:39:47,2026-10-13 08:39:47
SRC_ADDRESS_B002_000000603,A00064440,C0050341,HOME,265 Queens Road,,Nottingham,Nottinghamshire,B49 4BD,GB,Y,2026-09-24 04:10:20,2026-11-18 04:10:20
SRC_ADDRESS_B002_000000604,A00064441,C0050342,HOME,396 Market Street,,Birmingham,West Midlands,S20 6DE,GB,Y,2026-09-16 12:35:38,2026-12-13 12:35:38
SRC_ADDRESS_B002_000000605,A00064442,C0050343,HOME,343 King Street,,Manchester,Greater Manchester,EH87 3PR,GB,Y,2026-09-15 05:36:45,2026-11-25 05:36:45
SRC_ADDRESS_B002_000000606,A00064443,C0050343,SHIPPING,483 Victoria Road,,Glasgow,Scotland,BS79 1BA,GB,N,2026-09-30 05:36:45,2026-12-03 05:36:45
SRC_ADDRESS_B002_000000607,A00064444,C0050344,HOME,471 Green Lane,,London,Greater London,CF63 1AD,GB,Y,2026-09-21 09:46:47,2026-10-17 09:46:47
SRC_ADDRESS_B002_000000608,A00064445,C0050345,HOME,346 High Street,,Birmingham,West Midlands,G54 7JK,GB,Y,2026-09-17 09:24:20,2026-11-01 09:24:20
SRC_ADDRESS_B002_000000609,A00064446,C0050346,HOME,464 Victoria Road,,Edinburgh,Scotland,BS71 6PR,GB,Y,2026-09-14 20:46:30,2026-12-09 20:46:30
SRC_ADDRESS_B002_000000610,A00064447,C0050347,HOME,274 King Street,,Birmingham,West Midlands,LS7 8AD,GB,Y,2026-09-26 13:23:54,2026-10-23 13:23:54
SRC_ADDRESS_B002_000000611,A00064448,C0050347,SHIPPING,28 King Street,,Cardiff,Wales,S39 3PR,GB,N,2026-09-25 13:23:54,2026-12-04 13:23:54
SRC_ADDRESS_B002_000000612,A00064449,C0050348,HOME,66 Station Road,,York,North Yorkshire,S42 4PR,GB,Y,2026-09-17 02:04:41,2026-10-07 02:04:41
SRC_ADDRESS_B002_000000613,A00064450,C0050348,SHIPPING,166 Market Street,,Cardiff,Wales,BS59 3GH,GB,N,2026-09-08 02:04:41,2026-11-28 02:04:41
SRC_ADDRESS_B002_000000614,A00064451,C0050349,HOME,424 Mill Lane,Flat 18,Manchester,Greater Manchester,BS15 7AA,GB,Y,2026-09-02 00:01:45,2026-10-21 19:00:35
SRC_ADDRESS_B002_000000615,A00064452,C0050350,HOME,415 Station Road,,Glasgow,Scotland,CF68 7EF,GB,Y,2026-09-30 22:05:46,2026-12-26 22:05:46
SRC_ADDRESS_B002_000000616,A00064453,C0050351,HOME,168 High Street,,Cardiff,Wales,BS73 1AD,GB,Y,2026-09-21 06:21:39,2026-10-06 06:21:39
SRC_ADDRESS_B002_000000617,A00064454,C0050352,HOME,291 Park Avenue,Flat 20,Manchester,Greater Manchester,G6 3EF,GB,Y,2026-09-14 09:01:14,2026-10-22 09:01:14
SRC_ADDRESS_B002_000000618,A00064455,C0050353,HOME,138 The Crescent,,Cardiff,Wales,G89 2AA,GB,Y,2026-09-03 16:43:06,2026-10-04 16:43:06
SRC_ADDRESS_B002_000000619,A00064456,C0050353,SHIPPING,377 King Street,,Birmingham,West Midlands,CF97 1BD,GB,N,2026-09-07 16:43:06,2026-11-15 16:43:06
SRC_ADDRESS_B002_000000620,A00064457,C0050354,HOME,153 Market Street,,Nottingham,Nottinghamshire,S84 1AD,GB,Y,2026-09-19 14:13:28,2026-11-16 14:13:28
SRC_ADDRESS_B002_000000621,A00064458,C0050355,HOME,359 King Street,,Cardiff,Wales,S87 2BA,GB,Y,2026-09-02 09:11:32,2026-12-03 08:32:45
SRC_ADDRESS_B002_000000622,A00064459,C0050355,SHIPPING,94 Bridge Street,,Birmingham,West Midlands,EH11 6AB,GB,N,2026-09-20 08:32:45,2026-10-21 08:32:45
SRC_ADDRESS_B002_000000623,A00064460,C0050356,HOME,183 High Street,,Manchester,Greater Manchester,EH80 6PR,GB,Y,2026-09-07 04:37:08,2026-09-12 04:37:08
SRC_ADDRESS_B002_000000624,A00064461,C0050357,HOME,219 Bridge Street,Flat 1,Nottingham,Nottinghamshire,G44 8PR,GB,Y,2026-09-14 12:06:33,2026-10-17 12:06:33
SRC_ADDRESS_B002_000000625,A00064462,C0050358,HOME,248 High Street,Flat 29,Nottingham,Nottinghamshire,B56 3PR,GB,Y,2026-10-01 19:16:37,2026-12-19 19:16:37
SRC_ADDRESS_B002_000000626,A00064463,C0050359,HOME,38 King Street,,Manchester,Greater Manchester,G5 4EF,GB,Y,2026-09-24 16:46:52,2026-12-11 16:46:52
SRC_ADDRESS_B002_000000627,A00064464,C0050360,HOME,404 Queens Road,,Leeds,West Yorkshire,L83 3PR,GB,Y,2026-09-16 00:53:44,2026-10-01 00:53:44
SRC_ADDRESS_B002_000000628,A00064465,C0050360,SHIPPING,179 High Street,,Glasgow,Scotland,LS51 4BA,GB,N,2026-09-10 00:53:44,2026-10-17 00:53:44
SRC_ADDRESS_B002_000000629,A00064466,C0050361,HOME,415 Church Lane,,Glasgow,Scotland,BS81 8BD,GB,Y,2026-10-02 06:07:14,2026-10-25 06:07:14
SRC_ADDRESS_B002_000000630,A00064467,C0050362,HOME,103 Church Lane,,London,Greater London,CF73 1AA,GB,Y,2026-09-19 02:14:30,2026-10-02 02:14:30
SRC_ADDRESS_B002_000000631,A00064468,C0050362,SHIPPING,83 Church Lane,,London,Greater London,B5 5AD,GB,N,2026-09-09 02:14:30,2026-10-05 02:14:30
SRC_ADDRESS_B002_000000632,A00064469,C0050363,HOME,454 Green Lane,,Glasgow,Scotland,EH63 6AB,GB,Y,2026-09-21 16:57:20,2026-11-27 16:57:20
SRC_ADDRESS_B002_000000633,A00064470,C0050364,HOME,455 The Crescent,,Bristol,Bristol,LS54 6AA,GB,Y,2026-09-18 08:00:17,2026-12-08 08:00:17
SRC_ADDRESS_B002_000000634,A00064471,C0050365,HOME,482 Park Avenue,,London,Greater London,S45 7AB,GB,Y,2026-09-08 21:36:14,2026-11-03 21:36:14
SRC_ADDRESS_B002_000000635,A00064472,C0050366,HOME,244 Church Lane,,Leeds,West Yorkshire,CF26 2AD,GB,Y,2026-09-09 11:07:49,2026-10-31 11:07:49
SRC_ADDRESS_B002_000000636,A00064473,C0050367,HOME,38 Mill Lane,,Liverpool,Merseyside,EH59 7PR,GB,Y,2026-09-09 16:01:12,2026-10-08 16:01:12
SRC_ADDRESS_B002_000000637,A00064474,C0050368,HOME,252 Park Avenue,,Liverpool,Merseyside,S87 3BD,GB,Y,2026-09-22 00:10:21,2026-10-04 00:10:21
SRC_ADDRESS_B002_000000638,A00064475,C0050368,SHIPPING,481 Mill Lane,Flat 14,Leeds,West Yorkshire,L63 7GH,GB,N,2026-09-09 00:10:21,2026-10-24 00:10:21
SRC_ADDRESS_B002_000000639,A00064476,C0050369,HOME,409 Bridge Street,,Glasgow,Scotland,NG63 5AA,GB,Y,2026-09-17 22:04:20,2026-10-02 22:04:20
SRC_ADDRESS_B002_000000640,A00064477,C0050370,HOME,329 King Street,,Birmingham,West Midlands,B81 7DE,GB,Y,2026-09-26 11:26:54,2026-11-13 11:26:54
SRC_ADDRESS_B002_000000641,A00064478,C0050370,SHIPPING,260 Mill Lane,,Leeds,West Yorkshire,L77 4PR,GB,N,2026-09-27 11:26:54,2026-11-24 11:26:54
SRC_ADDRESS_B002_000000642,A00064479,C0050371,HOME,335 Mill Lane,,Edinburgh,Scotland,YO74 8AA,GB,Y,2026-09-15 10:52:37,2026-12-04 10:52:37
SRC_ADDRESS_B002_000000643,A00064480,C0050371,SHIPPING,499 Park Avenue,Flat 5,Bristol,Bristol,G3 2EF,GB,N,2026-09-04 10:52:37,2026-11-11 10:52:37
SRC_ADDRESS_B002_000000644,A00064481,C0050372,HOME,151 High Street,,Sheffield,South Yorkshire,G61 7GH,GB,Y,2026-09-24 17:39:29,2026-12-17 17:39:29
SRC_ADDRESS_B002_000000645,A00064482,C0050373,HOME,234 King Street,,York,North Yorkshire,S30 7AD,GB,Y,2026-09-30 10:20:59,2026-10-13 10:20:59
SRC_ADDRESS_B002_000000646,A00064483,C0050374,HOME,221 Mill Lane,,Edinburgh,Scotland,BS77 5GH,GB,Y,2026-09-29 10:18:42,2026-11-05 10:18:42
SRC_ADDRESS_B002_000000647,A00064484,C0050374,SHIPPING,405 Bridge Street,Flat 1,London,Greater London,LS71 2GH,GB,N,2026-09-28 10:18:42,2026-12-26 10:18:42
SRC_ADDRESS_B002_000000648,A00064485,C0050375,HOME,278 Mill Lane,,Liverpool,Merseyside,EH31 8AA,GB,Y,2025-07-21 06:54:13,2026-09-19 13:48:01
SRC_ADDRESS_B002_000000649,A00064486,C0050375,SHIPPING,129 Green Lane,,Leeds,West Yorkshire,CF10 4PR,GB,N,2026-09-05 13:48:01,2026-10-31 13:48:01
SRC_ADDRESS_B002_000000650,A00064487,C0050376,HOME,240 Green Lane,,Edinburgh,Scotland,S38 5AD,GB,Y,2026-09-17 16:47:12,2026-09-18 16:47:12
SRC_ADDRESS_B002_000000651,A00064488,C0050376,SHIPPING,118 Mill Lane,,Cardiff,Wales,NG48 1GH,GB,N,2026-09-19 16:47:12,2026-11-09 16:47:12
SRC_ADDRESS_B002_000000652,A00064489,C0050377,HOME,404 Station Road,,Birmingham,West Midlands,G86 8JK,GB,Y,2026-09-02 12:28:22,2026-09-14 09:12:08
SRC_ADDRESS_B002_000000653,A00064490,C0050378,HOME,271 Green Lane,,Nottingham,Nottinghamshire,CF44 6JK,GB,Y,2026-09-22 02:22:12,2026-12-11 02:22:12
SRC_ADDRESS_B002_000000654,A00064491,C0050379,HOME,224 Bridge Street,,Manchester,Greater Manchester,LS28 8AA,GB,Y,2026-09-24 05:05:10,2026-12-14 05:05:10
SRC_ADDRESS_B002_000000655,A00064492,C0050379,SHIPPING,421 The Crescent,,Liverpool,Merseyside,B72 7PR,GB,N,2026-09-17 05:05:10,2026-12-08 05:05:10
SRC_ADDRESS_B002_000000656,A00064493,C0050380,HOME,321 The Crescent,,Cardiff,Wales,L49 1GH,GB,Y,2026-10-01 21:17:59,2026-10-22 21:17:59
SRC_ADDRESS_B002_000000657,A00064494,C0050380,SHIPPING,437 Victoria Road,,Birmingham,West Midlands,G92 7BD,GB,N,2026-09-29 21:17:59,2026-12-07 21:17:59
SRC_ADDRESS_B002_000000658,A00064495,C0050381,HOME,404 Bridge Street,,Manchester,Greater Manchester,G19 6AA,GB,Y,2026-09-15 14:45:48,2026-10-24 14:45:48
SRC_ADDRESS_B002_000000659,A00064496,C0050382,HOME,150 Green Lane,Flat 15,Sheffield,South Yorkshire,CF51 6EF,GB,Y,2026-09-03 16:30:39,2026-09-05 16:30:39
SRC_ADDRESS_B002_000000660,A00064497,C0050383,HOME,252 King Street,,Edinburgh,Scotland,EH45 1AA,GB,Y,2026-09-04 23:25:09,2026-10-02 23:25:09
SRC_ADDRESS_B002_000000661,A00064498,C0050384,HOME,357 Park Avenue,,York,North Yorkshire,G53 3BD,GB,Y,2026-09-22 06:17:32,2026-10-19 06:17:32
SRC_ADDRESS_B002_000000662,A00064499,C0050384,SHIPPING,313 Bridge Street,,Sheffield,South Yorkshire,B95 3JK,GB,N,2026-09-03 06:17:32,2026-11-07 06:17:32
SRC_ADDRESS_B002_000000663,A00064500,C0050385,HOME,490 The Crescent,,Glasgow,Scotland,G20 3BD,GB,Y,2026-09-12 08:15:44,2026-10-31 08:15:44
SRC_ADDRESS_B002_000000664,A00064501,C0050386,HOME,53 Park Avenue,,Glasgow,Scotland,NG23 4AB,GB,Y,2026-10-02 10:56:06,2026-11-04 10:56:06
SRC_ADDRESS_B002_000000665,A00064502,C0050387,HOME,202 King Street,,Glasgow,Scotland,BS94 7AB,GB,Y,2026-09-28 01:50:58,2026-10-12 01:50:58
SRC_ADDRESS_B002_000000666,A00064503,C0050388,HOME,172 The Crescent,,Bristol,Bristol,BS1 3PR,GB,Y,2026-09-12 12:45:18,2026-09-20 12:45:18
SRC_ADDRESS_B002_000000667,A00064504,C0050388,SHIPPING,139 Market Street,,Cardiff,Wales,L3 7JK,GB,N,2026-09-07 12:45:18,2026-11-12 12:45:18
SRC_ADDRESS_B002_000000668,A00064505,C0050389,HOME,158 Market Street,,London,Greater London,G93 6DE,GB,Y,2026-09-02 13:34:31,2026-10-31 13:31:14
SRC_ADDRESS_B002_000000669,A00064506,C0050390,HOME,492 Park Avenue,,Manchester,Greater Manchester,YO63 4PR,GB,Y,2026-09-09 19:00:20,2026-11-02 19:00:20
SRC_ADDRESS_B002_000000670,A00064507,C0050390,SHIPPING,419 Bridge Street,,Sheffield,South Yorkshire,L40 4EF,GB,N,2026-09-20 19:00:20,2026-11-05 19:00:20
SRC_ADDRESS_B002_000000671,A00064508,C0050391,HOME,376 Market Street,,Sheffield,South Yorkshire,NG39 7AD,GB,Y,2026-09-29 15:08:09,2026-10-13 15:08:09
SRC_ADDRESS_B002_000000672,A00064509,C0050392,HOME,342 Victoria Road,Flat 1,Birmingham,West Midlands,S94 3AB,GB,Y,2026-09-28 20:37:22,2026-12-24 20:37:22
SRC_ADDRESS_B002_000000673,A00064510,C0050393,HOME,28 Park Avenue,,London,Greater London,BS46 4BA,GB,Y,2026-09-02 16:16:50,2026-11-23 16:16:50
SRC_ADDRESS_B002_000000674,A00064511,C0050393,SHIPPING,22 Church Lane,,Bristol,Bristol,S14 8BA,GB,N,2026-09-15 16:16:50,2026-09-29 16:16:50
SRC_ADDRESS_B002_000000675,A00064512,C0050394,HOME,140 Victoria Road,,Leeds,West Yorkshire,S60 3EF,GB,Y,2026-09-19 02:21:53,2026-10-12 02:21:53
SRC_ADDRESS_B002_000000676,A00064513,C0050395,HOME,200 Victoria Road,,Nottingham,Nottinghamshire,M4 1EF,GB,Y,2026-09-20 11:23:57,2026-10-23 11:23:57
SRC_ADDRESS_B002_000000677,A00064514,C0050396,HOME,226 Station Road,,Birmingham,West Midlands,NG42 5AD,GB,Y,2026-09-11 14:27:44,2026-11-22 14:27:44
SRC_ADDRESS_B002_000000678,A00064515,C0050397,HOME,401 The Crescent,,London,Greater London,BS29 3DE,GB,Y,2026-03-18 12:49:57,2026-11-18 12:58:03
SRC_ADDRESS_B002_000000679,A00064516,C0050397,SHIPPING,88 High Street,,Sheffield,South Yorkshire,LS6 8AA,GB,N,2024-05-28 01:03:11,2026-09-10 12:58:03
SRC_ADDRESS_B002_000000680,A00064517,C0050398,HOME,180 High Street,,Sheffield,South Yorkshire,B90 6GH,GB,Y,2026-09-30 01:28:52,2026-10-19 01:28:52
SRC_ADDRESS_B002_000000681,A00064518,C0050398,SHIPPING,360 Victoria Road,,York,North Yorkshire,BS89 5EF,GB,N,2026-09-08 01:28:52,2026-11-27 01:28:52
SRC_ADDRESS_B002_000000682,A00064519,C0050399,HOME,351 King Street,Flat 6,Edinburgh,Scotland,CF66 4AD,GB,Y,2026-09-29 20:01:17,2026-11-21 20:01:17
SRC_ADDRESS_B002_000000683,A00064520,C0050400,HOME,146 Church Lane,,Sheffield,South Yorkshire,NG83 7PR,GB,Y,2026-09-20 04:52:38,2026-11-24 04:52:38
SRC_ADDRESS_B002_000000684,A00064521,C0050400,SHIPPING,443 King Street,,Sheffield,South Yorkshire,B19 5EF,GB,N,2026-09-05 04:52:38,2026-10-25 04:52:38
SRC_ADDRESS_B002_000000685,A00064522,C0050401,HOME,323 King Street,,Cardiff,Wales,CF47 5AD,GB,Y,2026-09-04 10:46:46,2026-09-04 10:46:46
SRC_ADDRESS_B002_000000686,A00064523,C0050402,HOME,410 The Crescent,,Edinburgh,Scotland,B15 8AA,GB,Y,2026-09-26 09:49:09,2026-09-27 09:49:09
SRC_ADDRESS_B002_000000687,A00064524,C0050403,HOME,301 Queens Road,,London,Greater London,EH19 3GH,GB,Y,2026-09-28 07:13:14,2026-11-29 07:13:14
SRC_ADDRESS_B002_000000688,A00064525,C0050403,SHIPPING,15 Church Lane,,Nottingham,Nottinghamshire,B8 5BD,GB,N,2026-09-21 07:13:14,2026-11-10 07:13:14
SRC_ADDRESS_B002_000000689,A00064526,C0050404,HOME,40 Park Avenue,,Manchester,Greater Manchester,LS64 1AB,GB,Y,2026-09-15 01:49:24,2026-11-03 01:49:24
SRC_ADDRESS_B002_000000690,A00064527,C0050405,HOME,378 Mill Lane,,Birmingham,West Midlands,B10 6GH,GB,Y,2026-09-13 17:31:04,2026-12-09 17:31:04
SRC_ADDRESS_B002_000000691,A00064528,C0050406,HOME,484 Station Road,Flat 10,York,North Yorkshire,L96 1PR,GB,Y,2026-09-25 05:53:34,2026-12-07 05:53:34
SRC_ADDRESS_B002_000000692,A00064529,C0050407,HOME,115 Green Lane,,Leeds,West Yorkshire,LS96 6EF,GB,Y,2026-09-18 19:49:34,2026-10-19 19:49:34
SRC_ADDRESS_B002_000000693,A00064530,C0050408,HOME,12 Queens Road,,Sheffield,South Yorkshire,CF40 7AA,GB,Y,2026-09-08 01:15:12,2026-11-28 01:15:12
SRC_ADDRESS_B002_000000694,A00064531,C0050408,SHIPPING,350 Church Lane,,Liverpool,Merseyside,G46 5AA,GB,N,2026-09-08 01:15:12,2026-11-29 01:15:12
SRC_ADDRESS_B002_000000695,A00064532,C0050409,HOME,22 Mill Lane,,Liverpool,Merseyside,L15 3GH,GB,Y,2026-09-20 11:37:52,2026-11-24 11:37:52
SRC_ADDRESS_B002_000000696,A00064533,C0050410,HOME,372 Church Lane,,Leeds,West Yorkshire,YO85 1BA,GB,Y,2026-09-22 19:11:46,2026-12-04 19:11:46
SRC_ADDRESS_B002_000000697,A00064534,C0050410,SHIPPING,447 Queens Road,,London,Greater London,EH67 3BD,GB,N,2026-09-10 19:11:46,2026-11-28 19:11:46
SRC_ADDRESS_B002_000000698,A00064535,C0050411,HOME,152 Market Street,,Glasgow,Scotland,EH39 2JK,GB,Y,2026-09-13 15:15:59,2026-11-28 15:15:59
SRC_ADDRESS_B002_000000699,A00064536,C0050412,HOME,245 Market Street,,Sheffield,South Yorkshire,NG27 4EF,GB,Y,2026-09-07 23:12:55,2026-11-18 23:12:55
SRC_ADDRESS_B002_000000700,A00064537,C0050413,HOME,248 Market Street,,Liverpool,Merseyside,NG7 4EF,GB,Y,2026-09-02 01:07:48,2026-09-25 09:39:48
SRC_ADDRESS_B002_000000701,A00064538,C0050413,SHIPPING,346 Green Lane,Flat 7,Sheffield,South Yorkshire,NG49 4GH,GB,N,2026-09-09 09:39:48,2026-10-31 09:39:48
SRC_ADDRESS_B002_000000702,A00064539,C0050414,HOME,143 Mill Lane,,Birmingham,West Midlands,G73 1AA,GB,Y,2026-09-13 21:54:34,2026-11-10 21:54:34
SRC_ADDRESS_B002_000000703,A00064540,C0050415,HOME,79 Queens Road,,Manchester,Greater Manchester,L95 7DE,GB,Y,2026-09-11 19:47:53,2026-10-17 19:47:53
SRC_ADDRESS_B002_000000704,A00064541,C0050416,HOME,365 Bridge Street,,Bristol,Bristol,LS73 3AA,GB,Y,2026-09-24 02:18:30,2026-12-06 02:18:30
SRC_ADDRESS_B002_000000705,A00064542,C0050417,HOME,175 Market Street,,Leeds,West Yorkshire,LS94 5DE,GB,Y,2026-09-13 15:50:55,2026-11-24 15:50:55
SRC_ADDRESS_B002_000000706,A00064543,C0050417,SHIPPING,79 Queens Road,,York,North Yorkshire,M29 6BA,GB,N,2026-09-09 15:50:55,2026-11-28 15:50:55
SRC_ADDRESS_B002_000000707,A00064544,C0050418,HOME,85 Market Street,,Birmingham,West Midlands,M39 2BD,GB,Y,2026-09-24 00:00:33,2026-11-23 00:00:33
SRC_ADDRESS_B002_000000708,A00064545,C0050419,HOME,117 Queens Road,,Nottingham,Nottinghamshire,S67 1PR,GB,Y,2025-10-02 17:27:01,2026-11-03 14:41:22
SRC_ADDRESS_B002_000000709,A00064546,C0050420,HOME,448 Park Avenue,,Cardiff,Wales,NG56 8EF,GB,Y,2026-10-01 06:30:54,2026-10-28 06:30:54
SRC_ADDRESS_B002_000000710,A00064547,C0050421,HOME,494 Bridge Street,,Manchester,Greater Manchester,M40 5DE,GB,Y,2026-10-01 04:26:46,2026-12-03 04:26:46
SRC_ADDRESS_B002_000000711,A00064548,C0050421,SHIPPING,305 Mill Lane,,Bristol,Bristol,G79 7AD,GB,N,2026-09-20 04:26:46,2026-10-16 04:26:46
SRC_ADDRESS_B002_000000712,A00064549,C0050422,HOME,293 Bridge Street,,Cardiff,Wales,EH13 5JK,GB,Y,2026-09-04 18:54:43,2026-10-18 18:54:43
SRC_ADDRESS_B002_000000713,A00064550,C0050422,SHIPPING,202 Queens Road,,Leeds,West Yorkshire,L63 5AA,GB,N,2026-09-03 18:54:43,2026-09-24 18:54:43
SRC_ADDRESS_B002_000000714,A00064551,C0050423,HOME,273 Green Lane,,Nottingham,Nottinghamshire,NG27 8BD,GB,Y,2026-09-12 03:29:02,2026-09-26 03:29:02
SRC_ADDRESS_B002_000000715,A00064552,C0050424,HOME,129 Church Lane,,Edinburgh,Scotland,CF49 7AD,GB,Y,2026-09-30 02:03:16,2026-11-11 02:03:16
SRC_ADDRESS_B002_000000716,A00064553,C0050424,SHIPPING,11 Market Street,,Cardiff,Wales,CF17 7EF,GB,N,2026-09-28 02:03:16,2026-10-07 02:03:16
SRC_ADDRESS_B002_000000717,A00064554,C0050425,HOME,336 The Crescent,,Nottingham,Nottinghamshire,S40 5PR,GB,Y,2026-09-10 10:16:17,2026-10-24 10:16:17
SRC_ADDRESS_B002_000000718,A00064555,C0050425,SHIPPING,490 Queens Road,,Sheffield,South Yorkshire,NG71 7AA,GB,N,2026-09-21 10:16:17,2026-12-02 10:16:17
SRC_ADDRESS_B002_000000719,A00064556,C0050426,HOME,193 High Street,,Bristol,Bristol,CF54 7GH,GB,Y,2026-09-27 07:34:12,2026-10-07 07:34:12
SRC_ADDRESS_B002_000000720,A00064557,C0050427,HOME,462 High Street,,York,North Yorkshire,BS82 8AA,GB,Y,2026-09-06 00:33:29,2026-10-26 00:33:29
SRC_ADDRESS_B002_000000721,A00064558,C0050428,HOME,478 Green Lane,,York,North Yorkshire,EH89 1BA,GB,Y,2026-09-02 09:45:04,2026-10-29 09:45:04
SRC_ADDRESS_B002_000000722,A00064559,C0050429,HOME,442 Green Lane,,Manchester,Greater Manchester,YO88 4PR,GB,Y,2026-09-10 09:54:27,2026-10-23 09:54:27
SRC_ADDRESS_B002_000000723,A00064560,C0050430,HOME,89 Park Avenue,,London,Greater London,G39 5BD,GB,Y,2026-09-01 19:18:26,2026-09-22 11:54:25
SRC_ADDRESS_B002_000000724,A00064561,C0050431,HOME,119 Church Lane,,Nottingham,Nottinghamshire,B43 8PR,GB,Y,2026-09-20 22:20:51,2026-12-12 22:20:51
SRC_ADDRESS_B002_000000725,A00064562,C0050432,HOME,386 Victoria Road,,Nottingham,Nottinghamshire,CF92 4BD,GB,Y,2026-09-17 07:41:15,2026-12-12 07:41:15
SRC_ADDRESS_B002_000000726,A00064563,C0050433,HOME,71 Station Road,,Birmingham,West Midlands,YO74 6GH,GB,Y,2026-09-01 06:38:17,2026-11-20 06:38:17
SRC_ADDRESS_B002_000000727,A00064564,C0050434,HOME,327 King Street,,Nottingham,Nottinghamshire,BS12 3PR,GB,Y,2026-09-28 14:24:26,2026-12-03 14:24:26
SRC_ADDRESS_B002_000000728,A00064565,C0050435,HOME,478 Park Avenue,,Edinburgh,Scotland,B84 6BA,GB,Y,2026-09-03 02:01:52,2026-10-05 02:01:52
SRC_ADDRESS_B002_000000729,A00064566,C0050435,SHIPPING,385 Market Street,,Cardiff,Wales,EH62 5EF,GB,N,2026-09-30 02:01:52,2026-10-28 02:01:52
SRC_ADDRESS_B002_000000730,A00064567,C0050436,HOME,122 Bridge Street,,London,Greater London,G92 4DE,GB,Y,2026-09-26 01:13:10,2026-11-27 01:13:10
SRC_ADDRESS_B002_000000731,A00064568,C0050437,HOME,131 The Crescent,,Manchester,Greater Manchester,NG8 3BD,GB,Y,2026-09-27 04:22:38,2026-11-30 04:22:38
SRC_ADDRESS_B002_000000732,A00064569,C0050438,HOME,221 High Street,,Birmingham,West Midlands,BS4 7DE,GB,Y,2026-09-17 23:18:15,2026-12-12 23:18:15
SRC_ADDRESS_B002_000000733,A00064570,C0050439,HOME,390 Victoria Road,,York,North Yorkshire,B23 7BD,GB,Y,2026-03-26 20:36:24,2026-10-14 09:46:02
SRC_ADDRESS_B002_000000734,A00064571,C0050440,HOME,265 Market Street,,Sheffield,South Yorkshire,CF67 1GH,GB,Y,2026-09-15 10:18:58,2026-11-12 10:18:58
SRC_ADDRESS_B002_000000735,A00064572,C0050441,HOME,191 Victoria Road,,Edinburgh,Scotland,M94 1AA,GB,Y,2026-09-02 18:48:10,2026-09-29 18:48:10
SRC_ADDRESS_B002_000000736,A00064573,C0050442,HOME,449 Green Lane,,Bristol,Bristol,G11 5AB,GB,Y,2026-09-22 23:20:58,2026-10-09 23:20:58
SRC_ADDRESS_B002_000000737,A00064574,C0050443,HOME,302 High Street,,Sheffield,South Yorkshire,CF51 5AA,GB,Y,2026-09-09 16:46:55,2026-11-16 16:46:55
SRC_ADDRESS_B002_000000738,A00064575,C0050443,SHIPPING,41 High Street,,Glasgow,Scotland,NG35 1BA,GB,N,2026-10-02 16:46:55,2026-11-16 16:46:55
SRC_ADDRESS_B002_000000739,A00064576,C0050444,HOME,352 Queens Road,,Leeds,West Yorkshire,NG51 4EF,GB,Y,2026-09-15 20:05:02,2026-09-25 20:05:02
SRC_ADDRESS_B002_000000740,A00064577,C0050445,HOME,277 Church Lane,,Nottingham,Nottinghamshire,EH85 6AD,GB,Y,2026-09-03 09:01:02,2026-11-19 08:43:27
SRC_ADDRESS_B002_000000741,A00064578,C0050445,SHIPPING,473 Green Lane,,Leeds,West Yorkshire,CF30 1JK,GB,N,2026-10-01 08:43:27,2026-10-05 08:43:27
SRC_ADDRESS_B002_000000742,A00064579,C0050446,HOME,116 King Street,,Sheffield,South Yorkshire,BS54 7JK,GB,Y,2026-09-02 08:28:08,2026-11-12 07:09:11
SRC_ADDRESS_B002_000000743,A00064580,C0050447,HOME,364 Bridge Street,,Glasgow,Scotland,BS67 3GH,GB,Y,2026-09-21 15:42:51,2026-10-27 15:42:51
SRC_ADDRESS_B002_000000744,A00064581,C0050448,HOME,431 Bridge Street,,Edinburgh,Scotland,YO41 4AA,GB,Y,2026-09-06 07:24:12,2026-10-06 07:24:12
SRC_ADDRESS_B002_000000745,A00064582,C0050449,HOME,171 Bridge Street,,Liverpool,Merseyside,EH63 8GH,GB,Y,2026-09-14 04:56:40,2026-12-11 04:56:40
SRC_ADDRESS_B002_000000746,A00064583,C0050450,HOME,456 Station Road,,London,Greater London,B98 4AD,GB,Y,2026-09-27 02:48:52,2026-11-15 02:48:52
SRC_ADDRESS_B002_000000747,A00064584,C0050451,HOME,239 Bridge Street,,Liverpool,Merseyside,BS42 3PR,GB,Y,2026-09-03 09:32:43,2026-10-01 05:12:57
SRC_ADDRESS_B002_000000748,A00064585,C0050452,HOME,64 Park Avenue,,Bristol,Bristol,G62 7PR,GB,Y,2026-09-20 15:20:53,2026-10-18 15:20:53
SRC_ADDRESS_B002_000000749,A00064586,C0050453,HOME,367 Park Avenue,,Liverpool,Merseyside,NG25 2AD,GB,Y,2026-09-18 00:46:55,2026-09-26 00:46:55
SRC_ADDRESS_B002_000000750,A00064587,C0050454,HOME,392 Queens Road,,Manchester,Greater Manchester,BS46 5AB,GB,Y,2026-09-20 18:54:34,2026-10-01 18:54:34
SRC_ADDRESS_B002_000000751,A00064588,C0050454,SHIPPING,194 Queens Road,,Nottingham,Nottinghamshire,M42 5JK,GB,N,2026-09-28 18:54:34,2026-11-29 18:54:34
SRC_ADDRESS_B002_000000752,A00064589,C0050455,HOME,305 King Street,,London,Greater London,EH33 8AD,GB,Y,2026-09-13 19:09:29,2026-10-25 19:09:29
SRC_ADDRESS_B002_000000753,A00064590,C0050456,HOME,398 Queens Road,,Sheffield,South Yorkshire,BS70 4AA,GB,Y,2026-09-09 23:29:37,2026-09-24 23:29:37
SRC_ADDRESS_B002_000000754,A00064591,C0050457,HOME,354 Park Avenue,,York,North Yorkshire,B65 1GH,GB,Y,2026-09-01 20:26:23,2026-11-02 00:55:12
SRC_ADDRESS_B002_000000755,A00064592,C0050458,HOME,166 Park Avenue,,Liverpool,Merseyside,G86 8GH,GB,Y,2026-09-07 12:44:28,2026-11-04 12:44:28
SRC_ADDRESS_B002_000000756,A00064593,C0050459,HOME,82 High Street,,Birmingham,West Midlands,YO25 4GH,GB,Y,2026-09-19 03:12:55,2026-10-12 03:12:55
SRC_ADDRESS_B002_000000757,A00064594,C0050460,HOME,275 Green Lane,,Sheffield,South Yorkshire,B63 1GH,GB,Y,2025-12-27 01:02:18,2026-11-01 02:45:09
SRC_ADDRESS_B002_000000758,A00064595,C0050460,SHIPPING,126 The Crescent,,Manchester,Greater Manchester,YO72 1EF,GB,N,2026-04-20 10:51:34,2026-11-24 02:45:09
SRC_ADDRESS_B002_000000759,A00064596,C0050461,HOME,34 Green Lane,,Liverpool,Merseyside,CF16 4JK,GB,Y,2026-09-12 03:22:37,2026-10-29 03:22:37
SRC_ADDRESS_B002_000000760,A00064597,C0050462,HOME,62 Mill Lane,,Cardiff,Wales,S22 3AB,GB,Y,2026-09-14 18:42:58,2026-09-28 18:42:58
SRC_ADDRESS_B002_000000761,A00064598,C0050463,HOME,44 Queens Road,,Edinburgh,Scotland,NG38 6PR,GB,Y,2026-09-22 17:51:20,2026-11-14 17:51:20
SRC_ADDRESS_B002_000000762,A00064599,C0050464,HOME,166 The Crescent,,Nottingham,Nottinghamshire,CF81 7EF,GB,Y,2026-09-24 13:50:31,2026-10-22 13:50:31
SRC_ADDRESS_B002_000000763,A00064600,C0050464,SHIPPING,7 The Crescent,,Birmingham,West Midlands,S74 5PR,GB,N,2026-09-15 13:50:31,2026-11-11 13:50:31
SRC_ADDRESS_B002_000000764,A00064601,C0050465,HOME,462 Victoria Road,,Sheffield,South Yorkshire,BS87 2AA,GB,Y,2026-09-15 16:28:33,2026-11-16 16:28:33
SRC_ADDRESS_B002_000000765,A00064602,C0050465,SHIPPING,76 King Street,,Leeds,West Yorkshire,YO10 7AB,GB,N,2026-09-06 16:28:33,2026-11-17 16:28:33
SRC_ADDRESS_B002_000000766,A00064603,C0050466,HOME,254 Victoria Road,,Sheffield,South Yorkshire,L27 1AB,GB,Y,2026-09-17 17:21:49,2026-11-04 17:21:49
SRC_ADDRESS_B002_000000767,A00064604,C0050467,HOME,356 Green Lane,Flat 3,Edinburgh,Scotland,EH3 2BA,GB,Y,2026-08-31 20:32:35,2026-12-06 22:16:06
SRC_ADDRESS_B002_000000768,A00064605,C0050468,HOME,347 Queens Road,,Sheffield,South Yorkshire,G8 2PR,GB,Y,2026-09-03 04:07:48,2026-10-28 04:07:48
SRC_ADDRESS_B002_000000769,A00064606,C0050469,HOME,428 Bridge Street,,Cardiff,Wales,B70 4BD,GB,Y,2026-09-18 03:18:04,2026-11-05 03:18:04
SRC_ADDRESS_B002_000000770,A00064607,C0050470,HOME,140 Station Road,,Bristol,Bristol,YO89 7DE,GB,Y,2026-09-19 08:31:05,2026-09-29 08:31:05
SRC_ADDRESS_B002_000000771,A00064608,C0050471,HOME,5 Station Road,Flat 12,Edinburgh,Scotland,G75 5AA,GB,Y,2026-09-24 18:24:33,2026-09-24 18:24:33
SRC_ADDRESS_B002_000000772,A00064609,C0050471,SHIPPING,16 High Street,,Sheffield,South Yorkshire,NG98 5AB,GB,N,2026-09-22 18:24:33,2026-10-24 18:24:33
SRC_ADDRESS_B002_000000773,A00064610,C0050472,HOME,77 High Street,,Bristol,Bristol,CF95 1AB,GB,Y,2026-09-29 19:41:18,2026-12-19 19:41:18
SRC_ADDRESS_B002_000000774,A00064611,C0050472,SHIPPING,341 Mill Lane,,Bristol,Bristol,M59 1DE,GB,N,2026-09-04 19:41:18,2026-09-22 19:41:18
SRC_ADDRESS_B002_000000775,A00064612,C0050473,HOME,47 Mill Lane,,Edinburgh,Scotland,YO64 1BD,GB,Y,2026-09-12 05:33:03,2026-10-18 05:33:03
SRC_ADDRESS_B002_000000776,A00064613,C0050474,HOME,471 Mill Lane,,Nottingham,Nottinghamshire,L45 7JK,GB,Y,2026-09-05 23:39:34,2026-11-28 23:39:34
SRC_ADDRESS_B002_000000777,A00064614,C0050474,SHIPPING,189 The Crescent,,Cardiff,Wales,CF95 2DE,GB,N,2026-09-06 23:39:34,2026-10-26 23:39:34
SRC_ADDRESS_B002_000000778,A00064615,C0050475,HOME,448 Victoria Road,,Nottingham,Nottinghamshire,BS15 2BD,GB,Y,2026-09-10 01:33:32,2026-09-17 01:33:32
SRC_ADDRESS_B002_000000779,A00064616,C0050476,HOME,79 Station Road,,Edinburgh,Scotland,L10 2AD,GB,Y,2026-08-11 16:45:11,2026-09-26 10:05:45
SRC_ADDRESS_B002_000000780,A00064617,C0050477,HOME,468 Station Road,,Nottingham,Nottinghamshire,LS65 1DE,GB,Y,2026-09-09 23:29:29,2026-09-25 23:29:29
SRC_ADDRESS_B002_000000781,A00064618,C0050478,HOME,44 Victoria Road,,Liverpool,Merseyside,BS46 4DE,GB,Y,2026-09-26 22:08:21,2026-12-12 22:08:21
SRC_ADDRESS_B002_000000782,A00064619,C0050479,HOME,424 High Street,,Edinburgh,Scotland,G29 6JK,GB,Y,2026-09-14 02:08:30,2026-10-27 02:08:30
SRC_ADDRESS_B002_000000783,A00064620,C0050480,HOME,2 Park Avenue,,Sheffield,South Yorkshire,YO66 4AD,GB,Y,2026-09-01 10:54:37,2026-10-24 09:22:18
SRC_ADDRESS_B002_000000784,A00064621,C0050481,HOME,258 Station Road,,London,Greater London,B5 4AB,GB,Y,2026-10-01 04:42:32,2026-10-13 04:42:32
SRC_ADDRESS_B002_000000785,A00064622,C0050481,SHIPPING,377 Green Lane,,Edinburgh,Scotland,CF43 5AB,GB,N,2026-09-24 04:42:32,2026-12-04 04:42:32
SRC_ADDRESS_B002_000000786,A00064623,C0050482,HOME,22 Station Road,Flat 2,Birmingham,West Midlands,CF50 2JK,GB,Y,2026-09-27 11:23:39,2026-10-22 11:23:39
SRC_ADDRESS_B002_000000787,A00064624,C0050483,HOME,387 Green Lane,,Edinburgh,Scotland,G47 5AD,GB,Y,2026-09-04 03:12:51,2026-11-18 03:12:51
SRC_ADDRESS_B002_000000788,A00064625,C0050484,HOME,427 Church Lane,,Glasgow,Scotland,G82 8BD,GB,Y,2026-03-06 10:18:20,2026-09-15 23:32:01
SRC_ADDRESS_B002_000000789,A00064626,C0050485,HOME,118 Victoria Road,,Manchester,Greater Manchester,CF70 1AD,GB,Y,2026-09-22 17:37:32,2026-11-24 17:37:32
SRC_ADDRESS_B002_000000790,A00064627,C0050486,HOME,219 The Crescent,,Leeds,West Yorkshire,BS47 7BA,GB,Y,2026-10-02 02:15:01,2026-11-13 02:15:01
SRC_ADDRESS_B002_000000791,A00064628,C0050487,HOME,333 King Street,,Birmingham,West Midlands,EH93 3GH,GB,Y,2026-09-19 13:28:22,2026-09-22 13:28:22
SRC_ADDRESS_B002_000000792,A00064629,C0050488,HOME,490 Victoria Road,,York,North Yorkshire,NG67 1PR,GB,Y,2026-09-22 09:50:39,2026-11-12 09:50:39
SRC_ADDRESS_B002_000000793,A00064630,C0050489,HOME,9 Bridge Street,,Birmingham,West Midlands,LS96 3GH,GB,Y,2026-09-29 23:57:33,2026-11-24 23:57:33
SRC_ADDRESS_B002_000000794,A00064631,C0050489,SHIPPING,300 Victoria Road,,Edinburgh,Scotland,B49 2PR,GB,N,2026-09-09 23:57:33,2026-10-31 23:57:33
SRC_ADDRESS_B002_000000795,A00064632,C0050490,HOME,278 Station Road,,Glasgow,Scotland,M48 5JK,GB,Y,2026-09-21 18:11:44,2026-10-12 18:11:44
SRC_ADDRESS_B002_000000796,A00064633,C0050490,SHIPPING,445 Green Lane,,London,Greater London,EH12 5AA,GB,N,2026-10-01 18:11:44,2026-10-30 18:11:44
SRC_ADDRESS_B002_000000797,A00064634,C0050491,HOME,491 Victoria Road,,Nottingham,Nottinghamshire,LS91 5BA,GB,Y,2026-09-06 18:40:31,2026-09-15 18:40:31
SRC_ADDRESS_B002_000000798,A00064635,C0050492,HOME,347 King Street,,Nottingham,Nottinghamshire,M33 8BA,GB,Y,2026-09-28 15:33:52,2026-12-05 15:33:52
SRC_ADDRESS_B002_000000799,A00064636,C0050493,HOME,331 Market Street,,Birmingham,West Midlands,S47 8AB,GB,Y,2026-09-24 16:53:50,2026-11-23 16:53:50
SRC_ADDRESS_B002_000000800,A00064637,C0050494,HOME,368 Church Lane,,Liverpool,Merseyside,LS60 2PR,GB,Y,2026-09-25 20:15:53,2026-11-21 20:15:53
SRC_ADDRESS_B002_000000801,A00064638,C0050495,HOME,426 King Street,,London,Greater London,B60 6AD,GB,Y,2026-09-26 21:55:31,2026-11-15 21:55:31
SRC_ADDRESS_B002_000000802,A00064639,C0050496,HOME,91 Queens Road,,Bristol,Bristol,BS14 7BA,GB,Y,2026-09-06 23:22:32,2026-11-02 23:22:32
SRC_ADDRESS_B002_000000803,A00064640,C0050496,SHIPPING,41 Church Lane,,Leeds,West Yorkshire,CF17 5EF,GB,N,2026-09-23 23:22:32,2026-11-03 23:22:32
SRC_ADDRESS_B002_000000804,A00064641,C0050497,HOME,246 Park Avenue,,Birmingham,West Midlands,M59 6BA,GB,Y,2026-10-02 06:44:38,2026-10-23 06:44:38
SRC_ADDRESS_B002_000000805,A00064642,C0050497,SHIPPING,338 Park Avenue,,Cardiff,Wales,BS72 5GH,GB,N,2026-09-14 06:44:38,2026-12-06 06:44:38
SRC_ADDRESS_B002_000000806,A00064643,C0050498,HOME,58 Market Street,,Liverpool,Merseyside,YO3 4JK,GB,Y,2026-09-01 11:17:36,2026-10-25 09:44:24
SRC_ADDRESS_B002_000000807,A00064644,C0050498,SHIPPING,303 Market Street,,Manchester,Greater Manchester,NG67 4PR,GB,N,2026-09-11 09:44:24,2026-11-20 09:44:24
SRC_ADDRESS_B002_000000808,A00064645,C0050499,HOME,456 Queens Road,,Cardiff,Wales,B82 3GH,GB,Y,2026-09-26 14:48:41,2026-11-14 14:48:41
SRC_ADDRESS_B002_000000809,A00064646,C0050499,SHIPPING,44 Green Lane,,Liverpool,Merseyside,S74 1GH,GB,N,2026-09-05 14:48:41,2026-09-08 14:48:41
SRC_ADDRESS_B002_000000810,A00064647,C0050500,HOME,444 Bridge Street,,Glasgow,Scotland,EH29 3AD,GB,Y,2026-09-23 08:08:39,2026-12-08 08:08:39
SRC_ADDRESS_B002_000000811,A00064648,C0050501,HOME,253 Bridge Street,,Bristol,Bristol,B85 6EF,GB,Y,2026-08-20 03:55:03,2026-12-19 15:24:04
SRC_ADDRESS_B002_000000812,A00064649,C0050502,HOME,192 Church Lane,,Glasgow,Scotland,S7 5PR,GB,Y,2026-09-26 21:42:54,2026-12-10 21:42:54
SRC_ADDRESS_B002_000000813,A00064650,C0050503,HOME,227 Park Avenue,,Birmingham,West Midlands,EH39 6EF,GB,Y,2026-09-01 03:37:04,2026-12-13 01:52:09
SRC_ADDRESS_B002_000000814,A00064651,C0050503,SHIPPING,68 Bridge Street,Flat 34,Birmingham,West Midlands,CF63 1BA,GB,N,2026-09-01 07:23:43,2026-09-21 01:52:09
SRC_ADDRESS_B002_000000815,A00064652,C0050504,HOME,291 High Street,,Leeds,West Yorkshire,S63 8DE,GB,Y,2026-10-01 15:24:45,2026-11-18 15:24:45
SRC_ADDRESS_B002_000000816,A00064653,C0050505,HOME,241 Green Lane,,Birmingham,West Midlands,CF58 6AD,GB,Y,2026-09-25 13:04:18,2026-10-23 13:04:18
SRC_ADDRESS_B002_000000817,A00064654,C0050506,HOME,110 Green Lane,,Cardiff,Wales,M43 8JK,GB,Y,2026-09-02 14:28:57,2026-11-10 14:28:57
SRC_ADDRESS_B002_000000818,A00064655,C0050507,HOME,346 Bridge Street,Flat 8,Bristol,Bristol,BS33 7DE,GB,Y,2026-09-26 15:12:51,2026-11-04 15:12:51
SRC_ADDRESS_B002_000000819,A00064656,C0050507,SHIPPING,443 Mill Lane,,Birmingham,West Midlands,EH40 3GH,GB,N,2026-09-06 15:12:51,2026-11-25 15:12:51
SRC_ADDRESS_B002_000000820,A00064657,C0050508,HOME,171 The Crescent,Flat 17,Glasgow,Scotland,CF71 6PR,GB,Y,2026-09-19 07:00:50,2026-12-13 07:00:50
SRC_ADDRESS_B002_000000821,A00064658,C0050509,HOME,181 Church Lane,,York,North Yorkshire,M47 6GH,GB,Y,2026-09-18 23:22:52,2026-09-25 23:22:52
SRC_ADDRESS_B002_000000822,A00064659,C0050510,HOME,496 Queens Road,,Liverpool,Merseyside,B87 5AA,GB,Y,2026-09-11 15:18:17,2026-12-07 15:18:17
SRC_ADDRESS_B002_000000823,A00064660,C0050511,HOME,261 Queens Road,,Birmingham,West Midlands,S98 6AB,GB,Y,2026-09-27 05:31:41,2026-10-19 05:31:41
SRC_ADDRESS_B002_000000824,A00064661,C0050512,HOME,236 Church Lane,,Edinburgh,Scotland,CF60 6JK,GB,Y,2026-01-20 13:37:08,2026-09-27 22:32:00
SRC_ADDRESS_B002_000000825,A00064662,C0050513,HOME,298 Queens Road,,Edinburgh,Scotland,S26 5AD,GB,Y,2026-09-27 15:39:18,2026-10-24 15:39:18
SRC_ADDRESS_B002_000000826,A00064663,C0050514,HOME,169 Park Avenue,,Glasgow,Scotland,BS90 6DE,GB,Y,2026-09-03 08:35:31,2026-11-10 08:35:31
SRC_ADDRESS_B002_000000827,A00064664,C0050515,HOME,324 Station Road,,Leeds,West Yorkshire,YO33 1AD,GB,Y,2026-09-14 19:41:12,2026-10-19 19:41:12
SRC_ADDRESS_B002_000000828,A00064665,C0050516,HOME,466 High Street,,Cardiff,Wales,NG47 1PR,GB,Y,2026-09-04 12:05:33,2026-10-31 12:05:33
SRC_ADDRESS_B002_000000829,A00064666,C0050516,SHIPPING,78 The Crescent,,York,North Yorkshire,S71 2PR,GB,N,2026-09-04 12:05:33,2026-11-03 12:05:33
SRC_ADDRESS_B002_000000830,A00064667,C0050517,HOME,114 Station Road,,Birmingham,West Midlands,BS77 3DE,GB,Y,2025-09-02 19:14:57,2026-10-31 09:38:56
SRC_ADDRESS_B002_000000831,A00064668,C0050517,SHIPPING,346 Park Avenue,Flat 22,Glasgow,Scotland,LS23 2AD,GB,N,2025-07-10 08:39:42,2026-10-13 09:38:56
SRC_ADDRESS_B002_000000832,A00064669,C0050518,HOME,304 Market Street,,Cardiff,Wales,CF58 4EF,GB,Y,2026-09-29 12:49:30,2026-12-19 12:49:30
SRC_ADDRESS_B002_000000833,A00064670,C0050518,SHIPPING,166 King Street,,Sheffield,South Yorkshire,NG25 2DE,GB,N,2026-09-29 12:49:30,2026-10-22 12:49:30
SRC_ADDRESS_B002_000000834,A00064671,C0050519,HOME,402 The Crescent,Flat 11,Liverpool,Merseyside,S51 3JK,GB,Y,2026-09-09 15:38:09,2026-09-16 15:38:09
SRC_ADDRESS_B002_000000835,A00064672,C0050519,SHIPPING,404 King Street,,Manchester,Greater Manchester,L57 4AA,GB,N,2026-09-05 15:38:09,2026-10-13 15:38:09
SRC_ADDRESS_B002_000000836,A00064673,C0050520,HOME,451 The Crescent,,Leeds,West Yorkshire,EH71 6PR,GB,Y,2026-09-16 20:14:02,2026-12-09 20:14:02
SRC_ADDRESS_B002_000000837,A00064674,C0050521,HOME,392 Church Lane,,Edinburgh,Scotland,M19 8EF,GB,Y,2026-09-13 18:38:56,2026-10-18 18:38:56
SRC_ADDRESS_B002_000000838,A00064675,C0050522,HOME,191 The Crescent,,Edinburgh,Scotland,M45 3GH,GB,Y,2026-09-08 19:22:46,2026-09-21 19:22:46
SRC_ADDRESS_B002_000000839,A00064676,C0050522,SHIPPING,95 Church Lane,,London,Greater London,YO25 5AA,GB,N,2026-09-04 19:22:46,2026-09-10 19:22:46
SRC_ADDRESS_B002_000000840,A00064677,C0050523,HOME,412 Market Street,,York,North Yorkshire,EH82 2AB,GB,Y,2026-09-20 23:25:43,2026-10-13 23:25:43
SRC_ADDRESS_B002_000000841,A00064678,C0050524,HOME,83 Mill Lane,,Manchester,Greater Manchester,LS23 7EF,GB,Y,2026-09-27 11:36:43,2026-11-03 11:36:43
SRC_ADDRESS_B002_000000842,A00064679,C0050525,HOME,457 Bridge Street,,Manchester,Greater Manchester,S19 3AB,GB,Y,2026-09-17 16:04:57,2026-10-11 16:04:57
SRC_ADDRESS_B002_000000843,A00064680,C0050525,SHIPPING,487 High Street,,London,Greater London,EH32 1AB,GB,N,2026-09-12 16:04:57,2026-09-22 16:04:57
SRC_ADDRESS_B002_000000844,A00064681,C0050526,HOME,215 Church Lane,Flat 7,Birmingham,West Midlands,CF49 1AD,GB,Y,2026-09-17 09:17:32,2026-12-09 09:17:32
SRC_ADDRESS_B002_000000845,A00064682,C0050526,SHIPPING,205 Station Road,,Glasgow,Scotland,B30 8AB,GB,N,2026-09-03 09:17:32,2026-10-18 09:17:32
SRC_ADDRESS_B002_000000846,A00064683,C0050527,HOME,394 Market Street,,Sheffield,South Yorkshire,L83 2PR,GB,Y,2026-09-26 03:38:02,2026-11-07 03:38:02
SRC_ADDRESS_B002_000000847,A00064684,C0050528,HOME,200 Church Lane,,Liverpool,Merseyside,YO76 3AA,GB,Y,2026-09-19 16:42:35,2026-10-20 16:42:35
SRC_ADDRESS_B002_000000848,A00064685,C0050529,HOME,177 Queens Road,,Bristol,Bristol,CF30 6AA,GB,Y,2026-09-04 02:17:24,2026-10-03 02:17:24
SRC_ADDRESS_B002_000000849,A00064686,C0050529,SHIPPING,351 Bridge Street,,Bristol,Bristol,LS15 4AB,GB,N,2026-09-05 02:17:24,2026-10-07 02:17:24
SRC_ADDRESS_B002_000000850,A00064687,C0050530,HOME,299 Station Road,,Glasgow,Scotland,B74 3PR,GB,Y,2026-09-22 16:49:26,2026-12-18 16:49:26
SRC_ADDRESS_B002_000000851,A00064688,C0050531,HOME,436 The Crescent,,Birmingham,West Midlands,B40 7BD,GB,Y,2026-09-20 03:27:34,2026-12-13 03:27:34
SRC_ADDRESS_B002_000000852,A00064689,C0050531,SHIPPING,9 Queens Road,,Nottingham,Nottinghamshire,S12 3AB,GB,N,2026-09-25 03:27:34,2026-12-14 03:27:34
SRC_ADDRESS_B002_000000853,A00064690,C0050532,HOME,372 Market Street,,Cardiff,Wales,EH43 5GH,GB,Y,2026-09-02 18:36:00,2026-09-26 18:36:00
SRC_ADDRESS_B002_000000854,A00064691,C0050532,SHIPPING,379 Mill Lane,Flat 29,Manchester,Greater Manchester,YO11 2DE,GB,N,2026-09-03 18:36:00,2026-09-23 18:36:00
SRC_ADDRESS_B002_000000855,A00064692,C0050533,HOME,433 King Street,,Edinburgh,Scotland,YO23 3BA,GB,Y,2026-09-17 13:22:52,2026-10-13 13:22:52
SRC_ADDRESS_B002_000000856,A00064693,C0050534,HOME,56 Mill Lane,,Sheffield,South Yorkshire,EH19 3AA,GB,Y,2026-09-13 00:41:48,2026-09-22 00:41:48
SRC_ADDRESS_B002_000000857,A00064694,C0050535,HOME,364 King Street,,York,North Yorkshire,B41 5BA,GB,Y,2026-09-21 08:18:56,2026-10-17 08:18:56
SRC_ADDRESS_B002_000000858,A00064695,C0050535,SHIPPING,74 Station Road,,Sheffield,South Yorkshire,B75 5JK,GB,N,2026-09-15 08:18:56,2026-09-25 08:18:56
SRC_ADDRESS_B002_000000859,A00064696,C0050536,HOME,402 Victoria Road,,Leeds,West Yorkshire,NG69 5EF,GB,Y,2026-09-24 13:58:46,2026-09-25 13:58:46
SRC_ADDRESS_B002_000000860,A00064697,C0050537,HOME,136 High Street,,London,Greater London,LS81 7DE,GB,Y,2026-09-14 13:56:09,2026-11-07 13:56:09
SRC_ADDRESS_B002_000000861,A00064698,C0050537,SHIPPING,313 Green Lane,,York,North Yorkshire,L26 5PR,GB,N,2026-10-01 13:56:09,2026-11-10 13:56:09
SRC_ADDRESS_B002_000000862,A00064699,C0050538,HOME,459 Queens Road,,Leeds,West Yorkshire,YO30 2BD,GB,Y,2026-09-23 20:33:33,2026-11-26 20:33:33
SRC_ADDRESS_B002_000000863,A00064700,C0050538,SHIPPING,302 Market Street,Flat 20,Manchester,Greater Manchester,NG12 7AB,GB,N,2026-09-21 20:33:33,2026-11-12 20:33:33
SRC_ADDRESS_B002_000000864,A00064701,C0050539,HOME,111 Market Street,,Manchester,Greater Manchester,CF82 5AA,GB,Y,2024-09-06 19:43:43,2026-10-09 02:01:22
SRC_ADDRESS_B002_000000865,A00064702,C0050539,SHIPPING,352 The Crescent,Flat 14,Manchester,Greater Manchester,BS51 8AB,GB,N,2026-09-21 02:01:22,2026-12-09 02:01:22
SRC_ADDRESS_B002_000000866,A00064703,C0050540,HOME,447 High Street,,Sheffield,South Yorkshire,BS83 3AD,GB,Y,2026-09-13 14:34:06,2026-09-22 14:34:06
SRC_ADDRESS_B002_000000867,A00064704,C0050541,HOME,473 Queens Road,Flat 26,Manchester,Greater Manchester,G66 1PR,GB,Y,2026-09-29 15:02:40,2026-11-16 15:02:40
SRC_ADDRESS_B002_000000868,A00064705,C0050542,HOME,221 Mill Lane,,Sheffield,South Yorkshire,G14 4AD,GB,Y,2026-09-05 08:20:42,2026-10-25 08:20:42
SRC_ADDRESS_B002_000000869,A00064706,C0050543,HOME,238 Bridge Street,,Manchester,Greater Manchester,BS41 1GH,GB,Y,2026-09-13 14:01:56,2026-11-17 14:01:56
SRC_ADDRESS_B002_000000870,A00064707,C0050544,HOME,145 Station Road,,Birmingham,West Midlands,LS83 7DE,GB,Y,2026-09-17 02:51:01,2026-10-06 02:51:01
SRC_ADDRESS_B002_000000871,A00064708,C0050545,HOME,498 Park Avenue,,Edinburgh,Scotland,CF64 5GH,GB,Y,2026-09-22 03:06:36,2026-10-20 03:06:36
SRC_ADDRESS_B002_000000872,A00064709,C0050546,HOME,53 Green Lane,,Liverpool,Merseyside,S88 6EF,GB,Y,2026-09-07 09:26:13,2026-09-09 09:26:13
SRC_ADDRESS_B002_000000873,A00064710,C0050547,HOME,72 Green Lane,,Glasgow,Scotland,S83 7AB,GB,Y,2026-09-12 02:48:09,2026-10-26 02:48:09
SRC_ADDRESS_B002_000000874,A00064711,C0050548,HOME,315 Church Lane,Flat 39,Edinburgh,Scotland,CF12 4BA,GB,Y,2026-07-22 01:18:16,2026-12-26 22:36:25
SRC_ADDRESS_B002_000000875,A00064712,C0050549,HOME,474 Bridge Street,,Leeds,West Yorkshire,M38 7DE,GB,Y,2026-09-05 19:05:42,2026-10-19 19:05:42
SRC_ADDRESS_B002_000000876,A00064713,C0050549,SHIPPING,194 Bridge Street,,Bristol,Bristol,L70 6PR,GB,N,2026-09-05 19:05:42,2026-09-29 19:05:42
SRC_ADDRESS_B002_000000877,A00064714,C0050550,HOME,10 High Street,Flat 11,Edinburgh,Scotland,CF45 5AA,GB,Y,2026-09-04 03:19:43,2026-11-29 03:19:43
SRC_ADDRESS_B002_000000878,A00064715,C0050550,SHIPPING,123 Park Avenue,,Sheffield,South Yorkshire,BS31 4BA,GB,N,2026-09-17 03:19:43,2026-11-18 03:19:43
SRC_ADDRESS_B002_000000879,A00064716,C0050551,HOME,368 King Street,,Leeds,West Yorkshire,NG71 7AB,GB,Y,2026-09-07 03:08:07,2026-09-22 03:08:07
SRC_ADDRESS_B002_000000880,A00064717,C0050552,HOME,393 Bridge Street,,Nottingham,Nottinghamshire,M91 3GH,GB,Y,2026-09-20 17:01:11,2026-10-23 17:01:11
SRC_ADDRESS_B002_000000881,A00064718,C0050553,HOME,17 High Street,,Birmingham,West Midlands,G68 2DE,GB,Y,2026-09-13 02:50:18,2026-11-02 02:50:18
SRC_ADDRESS_B002_000000882,A00064719,C0050554,HOME,249 Queens Road,,Nottingham,Nottinghamshire,EH76 5GH,GB,Y,2026-09-08 23:06:05,2026-10-05 23:06:05
SRC_ADDRESS_B002_000000883,A00064720,C0050555,HOME,412 High Street,,Birmingham,West Midlands,NG23 7PR,GB,Y,2026-09-15 00:18:20,2026-12-12 00:18:20
SRC_ADDRESS_B002_000000884,A00064721,C0050556,HOME,107 High Street,,London,Greater London,B73 5PR,GB,Y,2026-09-27 20:57:35,2026-10-12 20:57:35
SRC_ADDRESS_B002_000000885,A00064722,C0050557,HOME,126 Park Avenue,,Sheffield,South Yorkshire,CF20 6AA,GB,Y,2026-09-17 22:47:53,2026-11-22 22:47:53
SRC_ADDRESS_B002_000000886,A00064723,C0050557,SHIPPING,412 Mill Lane,,Leeds,West Yorkshire,S38 1JK,GB,N,2026-09-01 22:47:53,2026-09-19 22:47:53
SRC_ADDRESS_B002_000000887,A00064724,C0050558,HOME,277 Market Street,,Leeds,West Yorkshire,M84 7EF,GB,Y,2026-09-03 12:24:11,2026-11-07 12:24:11
SRC_ADDRESS_B002_000000888,A00064725,C0050558,SHIPPING,177 Church Lane,,Leeds,West Yorkshire,M68 5EF,GB,N,2026-09-30 12:24:11,2026-12-05 12:24:11
SRC_ADDRESS_B002_000000889,A00064726,C0050559,HOME,465 Church Lane,,Edinburgh,Scotland,M90 1BD,GB,Y,2026-09-03 01:23:35,2026-10-17 01:23:35
SRC_ADDRESS_B002_000000890,A00064727,C0050559,SHIPPING,98 Mill Lane,,Liverpool,Merseyside,S77 3BD,GB,N,2026-09-13 01:23:35,2026-11-29 01:23:35
SRC_ADDRESS_B002_000000891,A00064728,C0050560,HOME,219 Market Street,,Liverpool,Merseyside,LS73 8AD,GB,Y,2026-09-16 04:34:58,2026-09-21 04:34:58
SRC_ADDRESS_B002_000000892,A00064729,C0050561,HOME,228 Victoria Road,,Cardiff,Wales,YO63 5BD,GB,Y,2026-09-11 00:14:21,2026-12-06 00:14:21
SRC_ADDRESS_B002_000000893,A00064730,C0050562,HOME,490 Queens Road,,Nottingham,Nottinghamshire,EH75 8JK,GB,Y,2026-09-06 23:41:04,2026-09-29 23:41:04
SRC_ADDRESS_B002_000000894,A00064731,C0050563,HOME,365 Station Road,Flat 2,Edinburgh,Scotland,EH45 6GH,GB,Y,2026-09-30 05:56:34,2026-12-20 05:56:34
SRC_ADDRESS_B002_000000895,A00064732,C0050564,HOME,246 High Street,,York,North Yorkshire,YO71 8AA,GB,Y,2026-09-01 09:00:38,2026-12-15 08:51:16
SRC_ADDRESS_B002_000000896,A00064733,C0050565,HOME,435 Church Lane,,Leeds,West Yorkshire,L26 4DE,GB,Y,2026-09-22 09:44:01,2026-10-11 09:44:01
SRC_ADDRESS_B002_000000897,A00064734,C0050566,HOME,410 Victoria Road,,Nottingham,Nottinghamshire,CF27 6GH,GB,Y,2026-10-01 04:36:04,2026-11-19 04:36:04
SRC_ADDRESS_B002_000000898,A00064735,C0050567,HOME,61 Church Lane,,London,Greater London,M75 7JK,GB,Y,2026-09-03 04:51:57,2026-09-05 04:51:57
SRC_ADDRESS_B002_000000899,A00064736,C0050568,HOME,319 Bridge Street,,Glasgow,Scotland,B6 1BA,GB,Y,2026-09-21 02:10:29,2026-10-10 02:10:29
SRC_ADDRESS_B002_000000900,A00064737,C0050568,SHIPPING,494 Market Street,Flat 27,Liverpool,Merseyside,YO25 6PR,GB,N,2026-09-02 02:10:29,2026-10-13 02:10:29
SRC_ADDRESS_B002_000000901,A00064738,C0050569,HOME,211 Market Street,,Birmingham,West Midlands,NG13 7AD,GB,Y,2026-09-07 08:30:38,2026-10-22 08:30:38
SRC_ADDRESS_B002_000000902,A00064739,C0050570,HOME,146 The Crescent,,Liverpool,Merseyside,B21 6GH,GB,Y,2026-09-18 17:10:18,2026-11-14 17:10:18
SRC_ADDRESS_B002_000000903,A00064740,C0050571,HOME,475 The Crescent,,Edinburgh,Scotland,BS94 1AA,GB,Y,2026-09-18 19:54:20,2026-11-27 19:54:20
SRC_ADDRESS_B002_000000904,A00064741,C0050572,HOME,381 Green Lane,,Edinburgh,Scotland,M44 1JK,GB,Y,2026-09-05 14:07:12,2026-10-16 14:07:12
SRC_ADDRESS_B002_000000905,A00064742,C0050573,HOME,251 King Street,,London,Greater London,EH24 2BD,GB,Y,2026-09-07 20:03:19,2026-10-31 20:03:19
SRC_ADDRESS_B002_000000906,A00064743,C0050574,HOME,245 Station Road,,Bristol,Bristol,EH73 6JK,GB,Y,2026-09-12 00:36:47,2026-09-12 00:36:47
SRC_ADDRESS_B002_000000907,A00064744,C0050575,HOME,135 Queens Road,,London,Greater London,NG21 6AA,GB,Y,2026-09-09 15:26:59,2026-10-12 15:26:59
SRC_ADDRESS_B002_000000908,A00064745,C0050576,HOME,78 Victoria Road,,Cardiff,Wales,S15 3AB,GB,Y,2026-09-10 17:47:16,2026-10-14 17:47:16
SRC_ADDRESS_B002_000000909,A00064746,C0050577,HOME,311 Park Avenue,,Birmingham,West Midlands,CF3 7PR,GB,Y,2026-10-01 13:44:03,2026-10-24 13:44:03
SRC_ADDRESS_B002_000000910,A00064747,C0050578,HOME,239 Station Road,,Birmingham,West Midlands,L70 3EF,GB,Y,2026-09-13 09:09:46,2026-11-09 09:09:46
SRC_ADDRESS_B002_000000911,A00064748,C0050579,HOME,400 High Street,Flat 29,Liverpool,Merseyside,NG98 5AB,GB,Y,2026-06-28 08:02:18,2026-11-29 19:55:48
SRC_ADDRESS_B002_000000912,A00064749,C0050580,HOME,148 Station Road,,Nottingham,Nottinghamshire,CF82 3AA,GB,Y,2026-09-01 16:58:00,2026-11-11 16:38:16
SRC_ADDRESS_B002_000000913,A00064750,C0050581,HOME,333 Station Road,,Liverpool,Merseyside,B89 5GH,GB,Y,2026-09-29 09:02:00,2026-12-15 09:02:00
SRC_ADDRESS_B002_000000914,A00064751,C0050581,SHIPPING,489 Market Street,,Birmingham,West Midlands,EH11 7AB,GB,N,2026-09-29 09:02:00,2026-11-13 09:02:00
SRC_ADDRESS_B002_000000915,A00064752,C0050582,HOME,95 Station Road,,Liverpool,Merseyside,G22 4GH,GB,Y,2026-09-06 02:37:29,2026-09-25 02:37:29
SRC_ADDRESS_B002_000000916,A00064753,C0050583,HOME,205 Green Lane,Flat 16,Cardiff,Wales,EH80 3DE,GB,Y,2026-09-29 11:50:29,2026-11-05 11:50:29
SRC_ADDRESS_B002_000000917,A00064754,C0050584,HOME,339 Park Avenue,,Cardiff,Wales,L1 2DE,GB,Y,2026-09-02 00:25:52,2026-10-21 17:36:44
SRC_ADDRESS_B002_000000918,A00064755,C0050585,HOME,197 Market Street,,Leeds,West Yorkshire,B41 1JK,GB,Y,2026-09-13 23:26:20,2026-09-13 23:26:20
SRC_ADDRESS_B002_000000919,A00064756,C0050586,HOME,320 Station Road,Flat 38,Liverpool,Merseyside,M62 6AD,GB,Y,2025-11-19 19:24:13,2026-11-17 11:34:27
SRC_ADDRESS_B002_000000920,A00064757,C0050587,HOME,352 Mill Lane,,Birmingham,West Midlands,YO21 8BD,GB,Y,2026-09-07 12:29:42,2026-12-02 12:29:42
SRC_ADDRESS_B002_000000921,A00064758,C0050588,HOME,151 Green Lane,,Cardiff,Wales,S37 5PR,GB,Y,2026-09-07 02:55:59,2026-09-12 02:55:59
SRC_ADDRESS_B002_000000922,A00064759,C0050589,HOME,179 High Street,Flat 27,Nottingham,Nottinghamshire,G61 5AD,GB,Y,2026-09-13 22:37:20,2026-10-21 22:37:20
SRC_ADDRESS_B002_000000923,A00064760,C0050589,SHIPPING,252 Mill Lane,,Glasgow,Scotland,S96 2DE,GB,N,2026-09-11 22:37:20,2026-09-27 22:37:20
SRC_ADDRESS_B002_000000924,A00064761,C0050590,HOME,360 Bridge Street,,Nottingham,Nottinghamshire,BS29 3JK,GB,Y,2025-05-30 12:31:15,2026-11-21 22:39:19
SRC_ADDRESS_B002_000000925,A00064762,C0050591,HOME,290 High Street,,York,North Yorkshire,M49 5AD,GB,Y,2026-09-21 01:22:18,2026-11-14 01:22:18
SRC_ADDRESS_B002_000000926,A00064763,C0050591,SHIPPING,346 Station Road,Flat 23,York,North Yorkshire,G82 4EF,GB,N,2026-09-23 01:22:18,2026-12-02 01:22:18
SRC_ADDRESS_B002_000000927,A00064764,C0050592,HOME,345 Park Avenue,,Leeds,West Yorkshire,S34 8JK,GB,Y,2026-09-08 03:20:56,2026-09-09 03:20:56
SRC_ADDRESS_B002_000000928,A00064765,C0050593,HOME,216 Church Lane,,Birmingham,West Midlands,YO50 6EF,GB,Y,2026-09-19 16:51:35,2026-11-13 16:51:35
SRC_ADDRESS_B002_000000929,A00064766,C0050594,HOME,133 Victoria Road,,Nottingham,Nottinghamshire,EH95 6BA,GB,Y,2026-09-18 07:03:29,2026-10-24 07:03:29
SRC_ADDRESS_B002_000000930,A00064767,C0050595,HOME,451 Victoria Road,,Sheffield,South Yorkshire,YO42 6BA,GB,Y,2026-09-21 14:41:23,2026-09-26 14:41:23
SRC_ADDRESS_B002_000000931,A00064768,C0050596,HOME,450 Bridge Street,,Birmingham,West Midlands,LS5 8PR,GB,Y,2026-09-02 09:15:41,2026-10-27 09:15:41
SRC_ADDRESS_B002_000000932,A00064769,C0050597,HOME,108 Church Lane,,Manchester,Greater Manchester,EH38 7BD,GB,Y,2026-10-02 22:49:21,2026-10-18 22:49:21
SRC_ADDRESS_B002_000000933,A00064770,C0050598,HOME,146 Bridge Street,,Birmingham,West Midlands,BS25 5EF,GB,Y,2026-06-21 10:00:37,2026-12-07 07:34:44
SRC_ADDRESS_B002_000000934,A00064771,C0050598,SHIPPING,272 Church Lane,,Sheffield,South Yorkshire,NG61 2EF,GB,N,2026-10-01 07:34:44,2026-10-28 07:34:44
SRC_ADDRESS_B002_000000935,A00064772,C0050599,HOME,26 Church Lane,,London,Greater London,BS28 4AA,GB,Y,2026-09-19 10:46:02,2026-10-24 10:46:02
SRC_ADDRESS_B002_000000936,A00064773,C0050600,HOME,145 Green Lane,,Manchester,Greater Manchester,L86 3DE,GB,Y,2026-02-07 23:15:17,2026-11-25 00:12:43
SRC_ADDRESS_B002_000000937,A00064774,C0050600,SHIPPING,83 Market Street,,Edinburgh,Scotland,NG48 8PR,GB,N,2026-09-08 00:12:43,2026-10-06 00:12:43
SRC_ADDRESS_B002_000000938,A00064775,C0050601,HOME,478 Green Lane,,Birmingham,West Midlands,BS32 6EF,GB,Y,2026-09-22 19:25:11,2026-11-18 19:25:11
SRC_ADDRESS_B002_000000939,A00064776,C0050602,HOME,434 The Crescent,,Bristol,Bristol,S43 2GH,GB,Y,2026-09-06 19:06:58,2026-11-15 19:06:58
SRC_ADDRESS_B002_000000940,A00064777,C0050602,SHIPPING,370 High Street,,Bristol,Bristol,L32 3AB,GB,N,2026-10-01 19:06:58,2026-10-04 19:06:58
SRC_ADDRESS_B002_000000941,A00064778,C0050603,HOME,195 Market Street,Flat 17,Sheffield,South Yorkshire,YO22 7JK,GB,Y,2026-09-28 08:33:31,2026-12-14 08:33:31
SRC_ADDRESS_B002_000000942,A00064779,C0050604,HOME,231 King Street,,Bristol,Bristol,YO18 3PR,GB,Y,2026-09-13 16:11:46,2026-10-07 16:11:46
SRC_ADDRESS_B002_000000943,A00064780,C0050605,HOME,265 Victoria Road,,Birmingham,West Midlands,M90 2AB,GB,Y,2026-09-07 19:21:20,2026-10-11 19:21:20
SRC_ADDRESS_B002_000000944,A00064781,C0050606,HOME,367 Station Road,,Manchester,Greater Manchester,YO32 7GH,GB,Y,2026-02-19 05:13:09,2026-10-06 14:19:45
SRC_ADDRESS_B002_000000945,A00064782,C0050607,HOME,54 Bridge Street,,London,Greater London,M70 7EF,GB,Y,2026-09-03 09:12:25,2026-11-21 09:12:25
SRC_ADDRESS_B002_000000946,A00064783,C0050607,SHIPPING,54 Green Lane,,Leeds,West Yorkshire,CF15 1AA,GB,N,2026-09-28 09:12:25,2026-10-09 09:12:25
SRC_ADDRESS_B002_000000947,A00064784,C0050608,HOME,411 Market Street,,London,Greater London,YO78 2BA,GB,Y,2026-09-15 19:56:48,2026-09-23 19:56:48
SRC_ADDRESS_B002_000000948,A00064785,C0050609,HOME,34 Church Lane,,London,Greater London,L78 1AD,GB,Y,2026-09-01 20:40:03,2026-11-25 17:41:14
SRC_ADDRESS_B002_000000949,A00064786,C0050609,SHIPPING,480 High Street,,Nottingham,Nottinghamshire,NG81 4AB,GB,N,2026-09-06 17:41:14,2026-10-03 17:41:14
SRC_ADDRESS_B002_000000950,A00064787,C0050610,HOME,294 Market Street,,Leeds,West Yorkshire,YO65 5JK,GB,Y,2026-09-21 09:17:02,2026-11-19 09:17:02
SRC_ADDRESS_B002_000000951,A00064788,C0050610,SHIPPING,257 Park Avenue,Flat 6,Leeds,West Yorkshire,CF80 1JK,GB,N,2026-09-24 09:17:02,2026-12-07 09:17:02
SRC_ADDRESS_B002_000000952,A00064789,C0050611,HOME,399 Church Lane,,Bristol,Bristol,B38 2GH,GB,Y,2026-09-08 21:10:10,2026-11-20 21:10:10
SRC_ADDRESS_B002_000000953,A00064790,C0050612,HOME,458 Market Street,,Cardiff,Wales,NG79 2PR,GB,Y,2026-09-05 12:09:59,2026-11-24 12:09:59
SRC_ADDRESS_B002_000000954,A00064791,C0050613,HOME,464 Market Street,,York,North Yorkshire,M16 4AB,GB,Y,2026-09-26 20:17:16,2026-12-18 20:17:16
SRC_ADDRESS_B002_000000955,A00064792,C0050614,HOME,448 Park Avenue,,Bristol,Bristol,YO47 2GH,GB,Y,2026-09-03 05:43:03,2026-10-19 05:43:03
SRC_ADDRESS_B002_000000956,A00064793,C0050615,HOME,214 Park Avenue,,London,Greater London,BS35 2DE,GB,Y,2026-09-03 02:38:31,2026-10-02 02:38:31
SRC_ADDRESS_B002_000000957,A00064794,C0050616,HOME,211 Bridge Street,,Cardiff,Wales,BS6 7DE,GB,Y,2026-09-16 10:53:22,2026-10-18 10:53:22
SRC_ADDRESS_B002_000000958,A00064795,C0050617,HOME,432 Queens Road,Flat 23,Glasgow,Scotland,NG52 8BD,GB,Y,2026-09-15 23:23:17,2026-10-14 23:23:17
SRC_ADDRESS_B002_000000959,A00064796,C0050618,HOME,421 High Street,,Cardiff,Wales,M18 7JK,GB,Y,2026-07-08 08:27:03,2026-09-24 18:53:39
SRC_ADDRESS_B002_000000960,A00064797,C0050618,SHIPPING,128 Green Lane,,Cardiff,Wales,L58 7PR,GB,N,2026-09-19 18:53:39,2026-11-14 18:53:39
SRC_ADDRESS_B002_000000961,A00064798,C0050619,HOME,453 Queens Road,,Manchester,Greater Manchester,B41 6AB,GB,Y,2026-09-21 18:15:06,2026-12-04 18:15:06
SRC_ADDRESS_B002_000000962,A00064799,C0050619,SHIPPING,287 King Street,,Leeds,West Yorkshire,B75 2EF,GB,N,2026-09-10 18:15:06,2026-10-15 18:15:06
SRC_ADDRESS_B002_000000963,A00064800,C0050620,HOME,156 Victoria Road,,York,North Yorkshire,B7 7BA,GB,Y,2026-04-08 05:53:57,2026-12-04 18:54:07
SRC_ADDRESS_B002_000000964,A00064801,C0050621,HOME,150 Park Avenue,Flat 33,Glasgow,Scotland,CF32 7BD,GB,Y,2025-05-21 10:41:09,2026-11-29 03:34:30
SRC_ADDRESS_B002_000000965,A00064802,C0050622,HOME,23 Bridge Street,,Bristol,Bristol,B71 2EF,GB,Y,2026-09-18 20:09:44,2026-10-07 20:09:44
SRC_ADDRESS_B002_000000966,A00064803,C0050623,HOME,451 Victoria Road,,Nottingham,Nottinghamshire,L16 8BA,GB,Y,2026-09-29 08:05:20,2026-10-26 08:05:20
SRC_ADDRESS_B002_000000967,A00064804,C0050624,HOME,414 Green Lane,,Nottingham,Nottinghamshire,M68 5GH,GB,Y,2026-09-04 03:54:59,2026-09-14 03:54:59
SRC_ADDRESS_B002_000000968,A00064805,C0050625,HOME,55 Victoria Road,,London,Greater London,M76 6DE,GB,Y,2026-09-17 02:54:03,2026-12-14 02:54:03
SRC_ADDRESS_B002_000000969,A00064806,C0050626,HOME,96 The Crescent,,Leeds,West Yorkshire,YO22 3GH,GB,Y,2026-09-17 04:09:55,2026-11-24 04:09:55
SRC_ADDRESS_B002_000000970,A00064807,C0050626,SHIPPING,328 Bridge Street,,Bristol,Bristol,LS88 3GH,GB,N,2026-09-02 04:09:55,2026-11-03 04:09:55
SRC_ADDRESS_B002_000000971,A00064808,C0050627,HOME,368 High Street,,London,Greater London,NG59 5AD,GB,Y,2026-09-26 06:52:26,2026-12-05 06:52:26
SRC_ADDRESS_B002_000000972,A00064809,C0050628,HOME,296 High Street,,Glasgow,Scotland,LS7 3JK,GB,Y,2026-09-02 02:59:21,2026-11-19 23:46:12
SRC_ADDRESS_B002_000000973,A00064810,C0050628,SHIPPING,140 Green Lane,,Liverpool,Merseyside,L42 6EF,GB,N,2026-09-27 23:46:12,2026-12-12 23:46:12
SRC_ADDRESS_B002_000000974,A00064811,C0050629,HOME,284 Bridge Street,,Manchester,Greater Manchester,G51 1AA,GB,Y,2026-09-10 22:54:18,2026-10-29 22:54:18
SRC_ADDRESS_B002_000000975,A00064812,C0050630,HOME,283 Station Road,,York,North Yorkshire,LS13 4BA,GB,Y,2026-09-21 08:22:31,2026-12-05 08:22:31
SRC_ADDRESS_B002_000000976,A00064813,C0050631,HOME,86 Church Lane,,Sheffield,South Yorkshire,YO63 2DE,GB,Y,2026-09-06 16:07:24,2026-11-18 16:07:24
SRC_ADDRESS_B002_000000977,A00064814,C0050631,SHIPPING,360 Bridge Street,,Sheffield,South Yorkshire,CF26 5AD,GB,N,2026-09-20 16:07:24,2026-11-19 16:07:24
SRC_ADDRESS_B002_000000978,A00064815,C0050632,HOME,211 Mill Lane,,Manchester,Greater Manchester,L43 1EF,GB,Y,2026-09-23 19:49:15,2026-11-02 19:49:15
SRC_ADDRESS_B002_000000979,A00064816,C0050633,HOME,382 Station Road,Flat 2,Leeds,West Yorkshire,B31 6JK,GB,Y,2026-09-21 09:32:28,2026-09-28 09:32:28
SRC_ADDRESS_B002_000000980,A00064817,C0050634,HOME,296 Queens Road,,Cardiff,Wales,M49 2BA,GB,Y,2026-09-02 12:47:31,2026-10-08 23:57:17
SRC_ADDRESS_B002_000000981,A00064818,C0050635,HOME,219 Park Avenue,,Leeds,West Yorkshire,YO45 8EF,GB,Y,2026-09-03 01:02:40,2026-09-17 01:02:40
SRC_ADDRESS_B002_000000982,A00064819,C0050636,HOME,363 High Street,,London,Greater London,G31 7GH,GB,Y,2026-09-25 11:53:53,2026-09-26 11:53:53
SRC_ADDRESS_B002_000000983,A00064820,C0050636,SHIPPING,63 Station Road,,Leeds,West Yorkshire,S13 1PR,GB,N,2026-09-24 11:53:53,2026-10-31 11:53:53
SRC_ADDRESS_B002_000000984,A00064821,C0050637,HOME,183 Park Avenue,,Leeds,West Yorkshire,CF91 8GH,GB,Y,2026-09-28 23:15:21,2026-12-24 23:15:21
SRC_ADDRESS_B002_000000985,A00064822,C0050637,SHIPPING,304 Bridge Street,Flat 33,Glasgow,Scotland,M26 8EF,GB,N,2026-09-21 23:15:21,2026-12-14 23:15:21
SRC_ADDRESS_B002_000000986,A00064823,C0050638,HOME,231 Mill Lane,Flat 22,Glasgow,Scotland,L4 5AD,GB,Y,2026-09-04 01:24:01,2026-09-28 01:24:01
SRC_ADDRESS_B002_000000987,A00064824,C0050638,SHIPPING,141 Victoria Road,Flat 19,London,Greater London,CF2 1AD,GB,N,2026-09-29 01:24:01,2026-12-13 01:24:01
SRC_ADDRESS_B002_000000988,A00064825,C0050639,HOME,489 Bridge Street,,Liverpool,Merseyside,NG59 2PR,GB,Y,2026-10-01 04:53:17,2026-12-17 04:53:17
SRC_ADDRESS_B002_000000989,A00064826,C0050640,HOME,374 The Crescent,,Sheffield,South Yorkshire,EH60 1JK,GB,Y,2026-09-02 23:31:19,2026-09-21 17:04:23
SRC_ADDRESS_B002_000000990,A00064827,C0050641,HOME,494 Queens Road,Flat 16,Birmingham,West Midlands,B22 3PR,GB,Y,2026-09-05 19:14:35,2026-11-10 19:14:35
SRC_ADDRESS_B002_000000991,A00064828,C0050642,HOME,165 Bridge Street,Flat 27,Edinburgh,Scotland,EH9 8BD,GB,Y,2026-09-05 10:27:40,2026-11-05 10:27:40
SRC_ADDRESS_B002_000000992,A00064829,C0050642,SHIPPING,326 Park Avenue,Flat 28,Manchester,Greater Manchester,G58 1AB,GB,N,2026-09-24 10:27:40,2026-09-24 10:27:40
SRC_ADDRESS_B002_000000993,A00064830,C0050643,HOME,302 Victoria Road,,Liverpool,Merseyside,BS48 2GH,GB,Y,2026-09-19 14:08:21,2026-09-23 14:08:21
SRC_ADDRESS_B002_000000994,A00064831,C0050644,HOME,484 Park Avenue,,London,Greater London,CF61 6AA,GB,Y,2026-09-16 02:41:32,2026-11-07 02:41:32
SRC_ADDRESS_B002_000000995,A00064832,C0050645,HOME,79 Green Lane,Flat 13,London,Greater London,LS31 5JK,GB,Y,2026-09-24 20:38:40,2026-10-10 20:38:40
SRC_ADDRESS_B002_000000996,A00064833,C0050646,HOME,234 Market Street,,Leeds,West Yorkshire,YO40 1EF,GB,Y,2026-09-21 17:40:58,2026-11-26 17:40:58
SRC_ADDRESS_B002_000000997,A00064834,C0050646,SHIPPING,75 Mill Lane,,Birmingham,West Midlands,BS84 7AD,GB,N,2026-09-13 17:40:58,2026-10-04 17:40:58
SRC_ADDRESS_B002_000000998,A00064835,C0050647,HOME,406 Queens Road,,Birmingham,West Midlands,M7 7DE,GB,Y,2026-02-14 20:42:31,2026-10-13 19:48:43
SRC_ADDRESS_B002_000000999,A00064836,C0050647,SHIPPING,195 Church Lane,,Liverpool,Merseyside,G73 3GH,GB,N,2025-08-15 22:45:15,2026-09-19 19:48:43
SRC_ADDRESS_B002_000001000,A00064837,C0050648,HOME,231 The Crescent,,Leeds,West Yorkshire,BS89 8AD,GB,Y,2026-09-01 23:19:40,2026-10-15 19:48:12
SRC_ADDRESS_B002_000001001,A00064838,C0050648,SHIPPING,197 King Street,Flat 31,Manchester,Greater Manchester,LS39 4BD,GB,N,2026-09-24 19:48:12,2026-10-11 19:48:12
SRC_ADDRESS_B002_000001002,A00064839,C0050649,HOME,198 Mill Lane,,Sheffield,South Yorkshire,CF9 6DE,GB,Y,2026-09-03 09:02:08,2026-10-17 09:02:08
SRC_ADDRESS_B002_000001003,A00064840,C0050650,HOME,18 Market Street,,Edinburgh,Scotland,BS34 1DE,GB,Y,2026-09-09 01:59:47,2026-10-26 01:59:47
SRC_ADDRESS_B002_000001004,A00064841,C0050651,HOME,60 Mill Lane,,Cardiff,Wales,L60 3AD,GB,Y,2026-09-12 23:26:45,2026-09-25 23:26:45
SRC_ADDRESS_B002_000001005,A00064842,C0050651,SHIPPING,227 Station Road,,Manchester,Greater Manchester,CF46 2BA,GB,N,2026-09-15 23:26:45,2026-11-21 23:26:45
SRC_ADDRESS_B002_000001006,A00064843,C0050652,HOME,353 Station Road,,Edinburgh,Scotland,NG61 4EF,GB,Y,2026-09-15 05:37:01,2026-09-20 05:37:01
SRC_ADDRESS_B002_000001007,A00064844,C0050653,HOME,352 Queens Road,Flat 12,Leeds,West Yorkshire,NG92 3AA,GB,Y,2026-09-03 05:30:20,2026-10-21 22:30:36
SRC_ADDRESS_B002_000001008,A00064845,C0050654,HOME,461 Queens Road,,London,Greater London,NG97 7GH,GB,Y,2026-09-24 22:15:24,2026-10-14 22:15:24
SRC_ADDRESS_B002_000001009,A00064846,C0050654,SHIPPING,318 Queens Road,Flat 19,London,Greater London,M70 1BD,GB,N,2026-09-06 22:15:24,2026-09-29 22:15:24
SRC_ADDRESS_B002_000001010,A00064847,C0050655,HOME,151 Station Road,,Sheffield,South Yorkshire,NG11 1AB,GB,Y,2026-09-07 21:25:34,2026-11-01 21:25:34
SRC_ADDRESS_B002_000001011,A00064848,C0050655,SHIPPING,287 Bridge Street,,Edinburgh,Scotland,CF53 2GH,GB,N,2026-09-11 21:25:34,2026-11-04 21:25:34
SRC_ADDRESS_B002_000001012,A00064849,C0050656,HOME,125 Church Lane,,Edinburgh,Scotland,NG36 2BD,GB,Y,2026-09-24 17:03:13,2026-12-07 17:03:13
SRC_ADDRESS_B002_000001013,A00064850,C0050657,HOME,438 King Street,Flat 36,Birmingham,West Midlands,LS80 4JK,GB,Y,2026-09-15 05:41:26,2026-11-01 05:41:26
SRC_ADDRESS_B002_000001014,A00064851,C0050658,HOME,368 King Street,,Sheffield,South Yorkshire,M71 6GH,GB,Y,2026-09-24 02:16:19,2026-09-28 02:16:19
SRC_ADDRESS_B002_000001015,A00064852,C0050659,HOME,311 King Street,Flat 7,London,Greater London,CF28 3PR,GB,Y,2026-09-11 20:49:11,2026-10-24 20:49:11
SRC_ADDRESS_B002_000001016,A00064853,C0050660,HOME,56 Market Street,,Sheffield,South Yorkshire,EH80 4JK,GB,Y,2026-09-17 05:20:50,2026-11-14 05:20:50
SRC_ADDRESS_B002_000001017,A00064854,C0050661,HOME,408 Park Avenue,Flat 26,Leeds,West Yorkshire,NG59 2DE,GB,Y,2026-09-04 08:37:51,2026-09-11 08:37:51
SRC_ADDRESS_B002_000001018,A00064855,C0050661,SHIPPING,484 High Street,,Sheffield,South Yorkshire,LS3 1AA,GB,N,2026-09-24 08:37:51,2026-09-25 08:37:51
SRC_ADDRESS_B002_000001019,A00064856,C0050662,HOME,433 High Street,,Manchester,Greater Manchester,YO62 4AB,GB,Y,2026-09-05 03:57:59,2026-09-11 03:57:59
SRC_ADDRESS_B002_000001020,A00064857,C0050663,HOME,282 Green Lane,,Edinburgh,Scotland,NG79 6AB,GB,Y,2026-09-03 16:38:27,2026-10-22 16:38:27
SRC_ADDRESS_B002_000001021,A00064858,C0050664,HOME,357 Queens Road,,Cardiff,Wales,NG10 3DE,GB,Y,2026-09-21 11:56:24,2026-09-27 11:56:24
SRC_ADDRESS_B002_000001022,A00064859,C0050664,SHIPPING,391 King Street,,London,Greater London,LS18 6AB,GB,N,2026-09-24 11:56:24,2026-12-09 11:56:24
SRC_ADDRESS_B002_000001023,A00064860,C0050665,HOME,113 Bridge Street,,Leeds,West Yorkshire,LS83 7DE,GB,Y,2026-09-23 04:01:52,2026-10-18 04:01:52
SRC_ADDRESS_B002_000001024,A00064861,C0050666,HOME,238 Mill Lane,,Nottingham,Nottinghamshire,NG22 1BA,GB,Y,2026-09-21 23:26:42,2026-12-16 23:26:42
SRC_ADDRESS_B002_000001025,A00064862,C0050667,HOME,180 Queens Road,,Leeds,West Yorkshire,BS96 5AA,GB,Y,2025-02-22 13:15:58,2026-10-13 09:16:18
SRC_ADDRESS_B002_000001026,A00064863,C0050668,HOME,328 King Street,,Birmingham,West Midlands,S48 1BD,GB,Y,2026-09-27 11:37:56,2026-09-27 11:37:56
SRC_ADDRESS_B002_000001027,A00064864,C0050668,SHIPPING,109 Station Road,,Nottingham,Nottinghamshire,S42 8DE,GB,N,2026-10-01 11:37:56,2026-11-02 11:37:56
SRC_ADDRESS_B002_000001028,A00064865,C0050669,HOME,298 Park Avenue,,York,North Yorkshire,YO58 7BA,GB,Y,2026-09-27 10:54:16,2026-10-06 10:54:16
SRC_ADDRESS_B002_000001029,A00064866,C0050670,HOME,6 Green Lane,,Edinburgh,Scotland,CF50 5BD,GB,Y,2026-09-26 17:58:50,2026-10-22 17:58:50
SRC_ADDRESS_B002_000001030,A00064867,C0050671,HOME,447 Green Lane,,Manchester,Greater Manchester,G41 6EF,GB,Y,2026-09-17 21:24:32,2026-10-29 21:24:32
SRC_ADDRESS_B002_000001031,A00064868,C0050671,SHIPPING,48 Mill Lane,,London,Greater London,YO65 1JK,GB,N,2026-09-06 21:24:32,2026-09-15 21:24:32
SRC_ADDRESS_B002_000001032,A00064869,C0050672,HOME,484 The Crescent,,Nottingham,Nottinghamshire,G84 5DE,GB,Y,2026-09-05 23:50:20,2026-11-19 23:50:20
SRC_ADDRESS_B002_000001033,A00064870,C0050673,HOME,146 Queens Road,,Edinburgh,Scotland,LS65 3GH,GB,Y,2026-09-20 02:04:12,2026-12-15 02:04:12
SRC_ADDRESS_B002_000001034,A00064871,C0050674,HOME,378 The Crescent,,London,Greater London,G66 2GH,GB,Y,2026-09-23 13:10:15,2026-10-26 13:10:15
SRC_ADDRESS_B002_000001035,A00064872,C0050675,HOME,49 The Crescent,,Cardiff,Wales,LS23 6GH,GB,Y,2026-08-27 20:05:56,2026-11-18 02:14:27
SRC_ADDRESS_B002_000001036,A00064873,C0050676,HOME,324 Victoria Road,,Sheffield,South Yorkshire,L47 3PR,GB,Y,2026-09-23 14:10:52,2026-11-18 14:10:52
SRC_ADDRESS_B002_000001037,A00064874,C0050677,HOME,227 King Street,,Sheffield,South Yorkshire,M83 4EF,GB,Y,2026-09-10 03:12:29,2026-09-17 03:12:29
SRC_ADDRESS_B002_000001038,A00064875,C0050678,HOME,424 Mill Lane,,Manchester,Greater Manchester,NG16 2BA,GB,Y,2026-05-12 00:12:40,2026-12-05 17:23:34
SRC_ADDRESS_B002_000001039,A00064876,C0050679,HOME,217 Green Lane,Flat 23,Bristol,Bristol,CF96 8AA,GB,Y,2026-09-28 19:35:17,2026-10-07 19:35:17
SRC_ADDRESS_B002_000001040,A00064877,C0050680,HOME,138 High Street,,Bristol,Bristol,NG9 4JK,GB,Y,2026-09-23 19:20:15,2026-11-24 19:20:15
SRC_ADDRESS_B002_000001041,A00064878,C0050681,HOME,472 The Crescent,,Nottingham,Nottinghamshire,CF77 6JK,GB,Y,2026-09-16 17:40:17,2026-09-24 17:40:17
SRC_ADDRESS_B002_000001042,A00064879,C0050681,SHIPPING,199 Victoria Road,,London,Greater London,EH72 6AA,GB,N,2026-09-17 17:40:17,2026-10-15 17:40:17
SRC_ADDRESS_B002_000001043,A00064880,C0050682,HOME,128 Market Street,,London,Greater London,YO59 3AA,GB,Y,2026-09-24 01:35:40,2026-09-30 01:35:40
SRC_ADDRESS_B002_000001044,A00064881,C0050682,SHIPPING,266 Church Lane,,London,Greater London,S88 1AD,GB,N,2026-09-11 01:35:40,2026-10-28 01:35:40
SRC_ADDRESS_B002_000001045,A00064882,C0050683,HOME,201 Green Lane,,Nottingham,Nottinghamshire,BS6 6AA,GB,Y,2026-09-16 08:21:32,2026-11-20 08:21:32
SRC_ADDRESS_B002_000001046,A00064883,C0050684,HOME,383 Station Road,,Bristol,Bristol,NG26 7EF,GB,Y,2026-09-03 03:30:11,2026-09-24 03:30:11
SRC_ADDRESS_B002_000001047,A00064884,C0050685,HOME,163 Mill Lane,,York,North Yorkshire,NG87 3EF,GB,Y,2026-09-17 06:00:20,2026-11-06 06:00:20
SRC_ADDRESS_B002_000001048,A00064885,C0050686,HOME,54 Queens Road,Flat 39,Manchester,Greater Manchester,LS89 2DE,GB,Y,2026-09-01 21:15:08,2026-10-27 18:50:28
SRC_ADDRESS_B002_000001049,A00064886,C0050687,HOME,473 Victoria Road,,York,North Yorkshire,LS52 7BA,GB,Y,2026-09-02 08:51:41,2026-09-25 06:48:29
SRC_ADDRESS_B002_000001050,A00064887,C0050688,HOME,18 Queens Road,,Edinburgh,Scotland,EH27 4DE,GB,Y,2026-09-14 01:47:53,2026-10-31 01:47:53
SRC_ADDRESS_B002_000001051,A00064888,C0050689,HOME,446 Church Lane,,York,North Yorkshire,BS55 3EF,GB,Y,2026-09-18 06:31:16,2026-12-11 06:31:16
SRC_ADDRESS_B002_000001052,A00064889,C0050690,HOME,309 Park Avenue,,Manchester,Greater Manchester,BS23 5BD,GB,Y,2026-09-03 22:10:13,2026-10-05 22:10:13
SRC_ADDRESS_B002_000001053,A00064890,C0050691,HOME,135 High Street,,Leeds,West Yorkshire,CF98 1JK,GB,Y,2026-09-21 03:40:48,2026-10-31 03:40:48
SRC_ADDRESS_B002_000001054,A00064891,C0050691,SHIPPING,251 Church Lane,,York,North Yorkshire,G89 2EF,GB,N,2026-09-12 03:40:48,2026-10-13 03:40:48
SRC_ADDRESS_B002_000001055,A00064892,C0050692,HOME,103 Church Lane,Flat 35,Nottingham,Nottinghamshire,BS78 8JK,GB,Y,2026-09-03 13:24:09,2026-11-10 13:24:09
SRC_ADDRESS_B002_000001056,A00064893,C0050693,HOME,67 The Crescent,,Glasgow,Scotland,G64 6AA,GB,Y,2026-10-01 00:53:56,2026-10-14 00:53:56
SRC_ADDRESS_B002_000001057,A00064894,C0050694,HOME,442 Green Lane,,Edinburgh,Scotland,L68 7EF,GB,Y,2026-09-01 09:46:28,2026-11-08 09:33:24
SRC_ADDRESS_B002_000001058,A00064895,C0050695,HOME,283 High Street,,Edinburgh,Scotland,YO64 1AD,GB,Y,2026-09-03 18:40:26,2026-10-18 18:40:26
SRC_ADDRESS_B002_000001059,A00064896,C0050696,HOME,176 Station Road,,Leeds,West Yorkshire,B66 8JK,GB,Y,2026-07-29 13:46:30,2026-11-30 19:18:09
SRC_ADDRESS_B002_000001060,A00064897,C0050697,HOME,239 Mill Lane,,Bristol,Bristol,B17 4BA,GB,Y,2026-09-02 15:05:54,2026-10-18 15:05:54
SRC_ADDRESS_B002_000001061,A00064898,C0050698,HOME,468 Market Street,,Cardiff,Wales,YO22 7AB,GB,Y,2026-09-01 08:15:56,2026-11-16 07:26:35
SRC_ADDRESS_B002_000001062,A00064899,C0050699,HOME,21 Victoria Road,,Nottingham,Nottinghamshire,M1 5BA,GB,Y,2026-10-01 18:10:40,2026-10-26 18:10:40
SRC_ADDRESS_B002_000001063,A00064900,C0050699,SHIPPING,265 Mill Lane,,Liverpool,Merseyside,M79 5EF,GB,N,2026-09-30 18:10:40,2026-10-29 18:10:40
SRC_ADDRESS_B002_000001064,A00064901,C0050700,HOME,345 Green Lane,,Liverpool,Merseyside,G25 6AB,GB,Y,2026-09-07 17:07:21,2026-09-09 17:07:21
SRC_ADDRESS_B002_000001065,A00064902,C0050701,HOME,28 Bridge Street,,Glasgow,Scotland,EH94 8DE,GB,Y,2026-09-04 00:12:19,2026-11-10 00:12:19
SRC_ADDRESS_B002_000001066,A00064903,C0050702,HOME,296 Church Lane,,Birmingham,West Midlands,B16 2AD,GB,Y,2026-09-15 23:07:15,2026-10-02 23:07:15
SRC_ADDRESS_B002_000001067,A00064904,C0050702,SHIPPING,335 King Street,,Leeds,West Yorkshire,M2 1GH,GB,N,2026-09-23 23:07:15,2026-09-25 23:07:15
SRC_ADDRESS_B002_000001068,A00064905,C0050703,HOME,32 Green Lane,,Manchester,Greater Manchester,NG14 6DE,GB,Y,2026-09-02 12:46:49,2026-12-21 07:16:19
SRC_ADDRESS_B002_000001069,A00064906,C0050703,SHIPPING,380 King Street,,Nottingham,Nottinghamshire,NG50 3AB,GB,N,2026-09-29 07:16:19,2026-11-22 07:16:19
SRC_ADDRESS_B002_000001070,A00064907,C0050704,HOME,341 King Street,Flat 2,Leeds,West Yorkshire,LS57 2PR,GB,Y,2026-09-27 00:51:56,2026-11-14 00:51:56
SRC_ADDRESS_B002_000001071,A00064908,C0050705,HOME,23 Queens Road,,Glasgow,Scotland,NG38 2BD,GB,Y,2026-09-11 12:00:28,2026-10-09 12:00:28
SRC_ADDRESS_B002_000001072,A00064909,C0050706,HOME,169 High Street,,Sheffield,South Yorkshire,B68 4AD,GB,Y,2026-09-06 21:28:12,2026-10-31 21:28:12
SRC_ADDRESS_B002_000001073,A00064910,C0050707,HOME,154 Green Lane,,Nottingham,Nottinghamshire,LS26 5DE,GB,Y,2026-09-09 23:42:03,2026-11-23 23:42:03
SRC_ADDRESS_B002_000001074,A00064911,C0050708,HOME,382 Church Lane,,Cardiff,Wales,LS5 7PR,GB,Y,2026-09-19 10:27:37,2026-10-26 10:27:37
SRC_ADDRESS_B002_000001075,A00064912,C0050709,HOME,356 King Street,Flat 18,Edinburgh,Scotland,S73 7AB,GB,Y,2026-09-03 15:39:00,2026-11-30 06:01:17
SRC_ADDRESS_B002_000001076,A00064913,C0050710,HOME,1 Green Lane,Flat 9,Liverpool,Merseyside,EH68 6AD,GB,Y,2026-09-24 07:13:59,2026-10-20 07:13:59
SRC_ADDRESS_B002_000001077,A00064914,C0050710,SHIPPING,281 King Street,,Nottingham,Nottinghamshire,LS96 3DE,GB,N,2026-09-11 07:13:59,2026-09-23 07:13:59
SRC_ADDRESS_B002_000001078,A00064915,C0050711,HOME,171 The Crescent,,Leeds,West Yorkshire,NG10 6BA,GB,Y,2026-09-20 15:22:00,2026-12-02 15:22:00
SRC_ADDRESS_B002_000001079,A00064916,C0050712,HOME,360 Park Avenue,,Leeds,West Yorkshire,NG55 6DE,GB,Y,2026-09-01 00:54:44,2026-09-08 00:54:44
SRC_ADDRESS_B002_000001080,A00064917,C0050712,SHIPPING,446 Queens Road,,Liverpool,Merseyside,EH15 3JK,GB,N,2026-09-16 00:54:44,2026-10-13 00:54:44
SRC_ADDRESS_B002_000001081,A00064918,C0050713,HOME,38 Mill Lane,,London,Greater London,NG80 7GH,GB,Y,2026-05-24 14:31:57,2026-12-09 13:54:02
SRC_ADDRESS_B002_000001082,A00064919,C0050714,HOME,498 Bridge Street,,Glasgow,Scotland,YO80 5AB,GB,Y,2026-09-07 20:42:20,2026-12-05 20:42:20
SRC_ADDRESS_B002_000001083,A00064920,C0050715,HOME,101 Station Road,,Nottingham,Nottinghamshire,M90 5DE,GB,Y,2026-09-15 00:44:19,2026-09-21 00:44:19
SRC_ADDRESS_B002_000001084,A00064921,C0050716,HOME,474 The Crescent,,Birmingham,West Midlands,EH20 4AD,GB,Y,2026-09-04 23:07:29,2026-09-12 23:07:29
SRC_ADDRESS_B002_000001085,A00064922,C0050716,SHIPPING,194 Victoria Road,,Glasgow,Scotland,M69 2BD,GB,N,2026-09-25 23:07:29,2026-11-22 23:07:29
SRC_ADDRESS_B002_000001086,A00064923,C0050717,HOME,367 Victoria Road,,Birmingham,West Midlands,EH68 1EF,GB,Y,2026-09-07 13:52:20,2026-11-16 13:52:20
SRC_ADDRESS_B002_000001087,A00064924,C0050717,SHIPPING,20 The Crescent,,London,Greater London,S10 1AA,GB,N,2026-09-25 13:52:20,2026-11-11 13:52:20
SRC_ADDRESS_B002_000001088,A00064925,C0050718,HOME,81 Victoria Road,,Bristol,Bristol,CF66 2AD,GB,Y,2026-09-14 18:54:10,2026-10-12 18:54:10
SRC_ADDRESS_B002_000001089,A00064926,C0050719,HOME,192 The Crescent,,Cardiff,Wales,EH90 4EF,GB,Y,2026-09-09 22:02:37,2026-11-29 22:02:37
SRC_ADDRESS_B002_000001090,A00064927,C0050720,HOME,356 Market Street,,Manchester,Greater Manchester,NG54 8JK,GB,Y,2026-09-06 02:05:49,2026-10-13 02:05:49
SRC_ADDRESS_B002_000001091,A00064928,C0050721,HOME,403 Bridge Street,Flat 38,York,North Yorkshire,S41 5AB,GB,Y,2026-09-09 08:47:34,2026-10-24 08:47:34
SRC_ADDRESS_B002_000001092,A00064929,C0050722,HOME,375 Victoria Road,Flat 34,Edinburgh,Scotland,LS54 5GH,GB,Y,2026-09-18 22:15:58,2026-09-27 22:15:58
SRC_ADDRESS_B002_000001093,A00064930,C0050722,SHIPPING,91 King Street,,London,Greater London,BS59 8AB,GB,N,2026-09-23 22:15:58,2026-12-11 22:15:58
SRC_ADDRESS_B002_000001094,A00064931,C0050723,HOME,3 Market Street,,Nottingham,Nottinghamshire,G78 2PR,GB,Y,2026-09-08 16:43:22,2026-10-01 16:43:22
SRC_ADDRESS_B002_000001095,A00064932,C0050724,HOME,31 Bridge Street,,York,North Yorkshire,LS65 7BA,GB,Y,2026-09-03 08:37:16,2026-11-04 08:37:16
SRC_ADDRESS_B002_000001096,A00064933,C0050725,HOME,249 Park Avenue,,Glasgow,Scotland,G32 1AA,GB,Y,2026-09-14 21:15:21,2026-10-03 21:15:21
SRC_ADDRESS_B002_000001097,A00064934,C0050726,HOME,29 Church Lane,,Manchester,Greater Manchester,L41 1JK,GB,Y,2026-09-06 07:22:01,2026-09-18 07:22:01
SRC_ADDRESS_B002_000001098,A00064935,C0050727,HOME,299 Victoria Road,,London,Greater London,M65 8BD,GB,Y,2026-09-24 03:00:57,2026-12-07 03:00:57
SRC_ADDRESS_B002_000001099,A00064936,C0050727,SHIPPING,187 Mill Lane,Flat 31,Leeds,West Yorkshire,BS34 3PR,GB,N,2026-09-08 03:00:57,2026-10-05 03:00:57
SRC_ADDRESS_B002_000001100,A00064937,C0050728,HOME,192 High Street,,London,Greater London,M31 6EF,GB,Y,2026-09-26 10:31:01,2026-12-14 10:31:01
SRC_ADDRESS_B002_000001101,A00064938,C0050729,HOME,380 Victoria Road,,Glasgow,Scotland,S78 6PR,GB,Y,2026-09-22 16:12:48,2026-09-23 16:12:48
SRC_ADDRESS_B002_000001102,A00064939,C0050729,SHIPPING,488 Market Street,,York,North Yorkshire,NG14 2AA,GB,N,2026-09-07 16:12:48,2026-10-24 16:12:48
SRC_ADDRESS_B002_000001103,A00064940,C0050730,HOME,389 Mill Lane,,Bristol,Bristol,G37 2EF,GB,Y,2026-09-02 17:08:13,2026-10-13 18:05:04
SRC_ADDRESS_B002_000001104,A00064941,C0050730,SHIPPING,366 Green Lane,,Manchester,Greater Manchester,NG46 6AB,GB,N,2026-09-22 18:05:04,2026-12-12 18:05:04
SRC_ADDRESS_B002_000001105,A00064942,C0050731,HOME,269 Station Road,,Birmingham,West Midlands,EH17 5BA,GB,Y,2026-09-02 18:43:54,2026-10-17 18:13:52
SRC_ADDRESS_B002_000001106,A00064943,C0050732,HOME,165 Bridge Street,,Glasgow,Scotland,S37 7GH,GB,Y,2026-09-03 02:17:55,2026-11-28 11:17:10
SRC_ADDRESS_B002_000001107,A00064944,C0050733,HOME,474 High Street,,Leeds,West Yorkshire,G85 4BA,GB,Y,2026-09-12 20:02:23,2026-11-01 20:02:23
SRC_ADDRESS_B002_000001108,A00064945,C0050734,HOME,343 Station Road,,Birmingham,West Midlands,L79 7AD,GB,Y,2026-09-02 02:39:11,2026-11-19 02:39:11
SRC_ADDRESS_B002_000001109,A00064946,C0050735,HOME,417 Victoria Road,,Leeds,West Yorkshire,CF76 5DE,GB,Y,2026-09-07 08:46:02,2026-10-16 08:46:02
SRC_ADDRESS_B002_000001110,A00064947,C0050736,HOME,325 Victoria Road,,Edinburgh,Scotland,B60 3AD,GB,Y,2026-09-20 07:23:31,2026-10-07 07:23:31
SRC_ADDRESS_B002_000001111,A00064948,C0050737,HOME,320 The Crescent,,Sheffield,South Yorkshire,YO11 1PR,GB,Y,2026-09-13 11:28:48,2026-09-22 11:28:48
SRC_ADDRESS_B002_000001112,A00064949,C0050738,HOME,98 Bridge Street,,Edinburgh,Scotland,B69 4EF,GB,Y,2026-09-22 07:30:58,2026-11-05 07:30:58
SRC_ADDRESS_B002_000001113,A00064950,C0050738,SHIPPING,61 Queens Road,,London,Greater London,G91 8AA,GB,N,2026-09-16 07:30:58,2026-11-04 07:30:58
SRC_ADDRESS_B002_000001114,A00064951,C0050739,HOME,178 King Street,,Leeds,West Yorkshire,G76 1JK,GB,Y,2026-09-20 23:27:47,2026-09-27 23:27:47
SRC_ADDRESS_B002_000001115,A00064952,C0050740,HOME,98 The Crescent,,Glasgow,Scotland,S67 7AB,GB,Y,2026-09-25 11:29:30,2026-10-19 11:29:30
SRC_ADDRESS_B002_000001116,A00064953,C0050741,HOME,468 Victoria Road,,Sheffield,South Yorkshire,EH15 1AA,GB,Y,2026-09-11 19:06:04,2026-09-26 19:06:04
SRC_ADDRESS_B002_000001117,A00064954,C0050742,HOME,297 Church Lane,,York,North Yorkshire,B93 7BA,GB,Y,2026-09-01 19:31:27,2026-09-20 06:22:34
SRC_ADDRESS_B002_000001118,A00064955,C0050743,HOME,452 Victoria Road,Flat 17,Leeds,West Yorkshire,L93 3GH,GB,Y,2026-04-29 20:00:19,2026-11-01 15:07:35
SRC_ADDRESS_B002_000001119,A00064956,C0050744,HOME,398 Mill Lane,,Cardiff,Wales,G2 4GH,GB,Y,2026-09-01 10:56:24,2026-10-23 05:46:35
SRC_ADDRESS_B002_000001120,A00064957,C0050745,HOME,73 King Street,Flat 9,Birmingham,West Midlands,M18 8AB,GB,Y,2026-09-22 05:12:25,2026-11-15 05:12:25
SRC_ADDRESS_B002_000001121,A00064958,C0050745,SHIPPING,127 High Street,,Cardiff,Wales,NG34 7JK,GB,N,2026-09-24 05:12:25,2026-11-03 05:12:25
SRC_ADDRESS_B002_000001122,A00064959,C0050746,HOME,357 King Street,,Sheffield,South Yorkshire,BS37 8DE,GB,Y,2026-09-20 10:56:09,2026-10-17 10:56:09
SRC_ADDRESS_B002_000001123,A00064960,C0050747,HOME,446 Mill Lane,,Leeds,West Yorkshire,EH56 7PR,GB,Y,2026-09-13 05:16:21,2026-11-14 05:16:21
SRC_ADDRESS_B002_000001124,A00064961,C0050748,HOME,327 Bridge Street,,Manchester,Greater Manchester,EH72 5PR,GB,Y,2025-11-16 15:52:25,2026-10-28 17:08:14
SRC_ADDRESS_B002_000001125,A00064962,C0050748,SHIPPING,27 Mill Lane,,Edinburgh,Scotland,L1 4GH,GB,N,2026-09-12 17:08:14,2026-11-03 17:08:14
SRC_ADDRESS_B002_000001126,A00064963,C0050749,HOME,239 Market Street,,Glasgow,Scotland,EH10 2AD,GB,Y,2026-09-15 10:09:41,2026-12-11 10:09:41
SRC_ADDRESS_B002_000001127,A00064964,C0050749,SHIPPING,241 Church Lane,,Edinburgh,Scotland,CF24 6AA,GB,N,2026-09-16 10:09:41,2026-11-08 10:09:41
SRC_ADDRESS_B002_000001128,A00064965,C0050750,HOME,487 The Crescent,,Leeds,West Yorkshire,BS20 4AB,GB,Y,2026-09-22 18:55:18,2026-10-12 18:55:18
SRC_ADDRESS_B002_000001129,A00064966,C0050751,HOME,198 King Street,,Bristol,Bristol,G83 5AD,GB,Y,2026-09-02 07:19:53,2026-10-08 07:19:53
SRC_ADDRESS_B002_000001130,A00064967,C0050752,HOME,20 Victoria Road,,Nottingham,Nottinghamshire,EH11 5BD,GB,Y,2026-09-29 19:17:12,2026-11-10 19:17:12
SRC_ADDRESS_B002_000001131,A00064968,C0050753,HOME,316 Station Road,,Sheffield,South Yorkshire,EH92 1DE,GB,Y,2026-09-10 12:55:17,2026-09-16 12:55:17
SRC_ADDRESS_B002_000001132,A00064969,C0050753,SHIPPING,52 Park Avenue,,Manchester,Greater Manchester,S13 7PR,GB,N,2026-09-12 12:55:17,2026-10-15 12:55:17
SRC_ADDRESS_B002_000001133,A00064970,C0050754,HOME,395 Green Lane,,Liverpool,Merseyside,CF80 6EF,GB,Y,2026-09-26 18:24:20,2026-12-24 18:24:20
SRC_ADDRESS_B002_000001134,A00064971,C0050755,HOME,234 Queens Road,,Cardiff,Wales,NG13 5JK,GB,Y,2026-09-09 12:30:46,2026-10-19 12:30:46
SRC_ADDRESS_B002_000001135,A00064972,C0050756,HOME,356 Church Lane,,York,North Yorkshire,G42 5JK,GB,Y,2026-09-13 03:18:19,2026-10-23 03:18:19
SRC_ADDRESS_B002_000001136,A00064973,C0050757,HOME,188 Bridge Street,,Nottingham,Nottinghamshire,M20 2AB,GB,Y,2026-08-28 01:52:38,2026-09-28 13:41:31
SRC_ADDRESS_B002_000001137,A00064974,C0050758,HOME,52 Station Road,,York,North Yorkshire,YO57 2AD,GB,Y,2026-09-02 12:58:30,2026-09-08 12:58:30
SRC_ADDRESS_B002_000001138,A00064975,C0050759,HOME,138 High Street,,Birmingham,West Midlands,CF26 1PR,GB,Y,2026-09-03 17:01:03,2026-10-01 17:01:03
SRC_ADDRESS_B002_000001139,A00064976,C0050760,HOME,427 Victoria Road,,Bristol,Bristol,LS21 6BA,GB,Y,2026-09-07 18:56:26,2026-10-24 18:56:26
SRC_ADDRESS_B002_000001140,A00064977,C0050760,SHIPPING,269 High Street,,York,North Yorkshire,BS45 1JK,GB,N,2026-09-12 18:56:26,2026-09-27 18:56:26
SRC_ADDRESS_B002_000001141,A00064978,C0050761,HOME,153 Park Avenue,,Birmingham,West Midlands,L78 3AA,GB,Y,2026-09-01 16:16:12,2026-09-25 16:16:12
SRC_ADDRESS_B002_000001142,A00064979,C0050762,HOME,452 Station Road,,Liverpool,Merseyside,YO18 6DE,GB,Y,2026-04-27 21:13:06,2026-11-27 16:09:37
SRC_ADDRESS_B002_000001143,A00064980,C0050763,HOME,407 King Street,,Nottingham,Nottinghamshire,YO43 5EF,GB,Y,2026-09-03 05:47:51,2026-10-03 00:25:11
SRC_ADDRESS_B002_000001144,A00064981,C0050764,HOME,78 Church Lane,,Liverpool,Merseyside,EH41 2BA,GB,Y,2025-12-29 08:30:00,2026-10-24 07:14:02
SRC_ADDRESS_B002_000001145,A00064982,C0050765,HOME,177 The Crescent,,Bristol,Bristol,CF69 5GH,GB,Y,2026-09-26 22:16:02,2026-12-08 22:16:02
SRC_ADDRESS_B002_000001146,A00064983,C0050765,SHIPPING,345 Station Road,,Manchester,Greater Manchester,NG66 3GH,GB,N,2026-09-09 22:16:02,2026-09-15 22:16:02
SRC_ADDRESS_B002_000001147,A00064984,C0050766,HOME,442 High Street,,Cardiff,Wales,BS58 2JK,GB,Y,2026-09-02 02:11:04,2026-09-08 02:11:04
SRC_ADDRESS_B002_000001148,A00064985,C0050767,HOME,384 Park Avenue,,Bristol,Bristol,NG89 6BA,GB,Y,2026-09-02 04:03:33,2026-10-29 23:30:42
SRC_ADDRESS_B002_000001149,A00064986,C0050768,HOME,28 Park Avenue,,Sheffield,South Yorkshire,M72 8JK,GB,Y,2026-09-09 23:17:56,2026-12-02 23:17:56
SRC_ADDRESS_B002_000001150,A00064987,C0050769,HOME,463 Victoria Road,,Bristol,Bristol,EH7 4DE,GB,Y,2026-09-05 21:10:28,2026-11-29 21:10:28
SRC_ADDRESS_B002_000001151,A00064988,C0050769,SHIPPING,125 High Street,,York,North Yorkshire,NG33 7EF,GB,N,2026-09-04 21:10:28,2026-10-19 21:10:28
SRC_ADDRESS_B002_000001152,A00064989,C0050770,HOME,341 Green Lane,,Edinburgh,Scotland,B42 2PR,GB,Y,2026-09-16 15:21:04,2026-11-18 15:21:04
SRC_ADDRESS_B002_000001153,A00064990,C0050771,HOME,14 Bridge Street,,London,Greater London,EH1 4AD,GB,Y,2026-09-02 16:54:46,2026-11-07 16:54:46
SRC_ADDRESS_B002_000001154,A00064991,C0050772,HOME,36 Park Avenue,,York,North Yorkshire,M42 5PR,GB,Y,2026-09-13 13:19:20,2026-12-11 13:19:20
SRC_ADDRESS_B002_000001155,A00064992,C0050773,HOME,62 Mill Lane,,Liverpool,Merseyside,LS72 4AA,GB,Y,2026-09-30 15:30:39,2026-12-23 15:30:39
SRC_ADDRESS_B002_000001156,A00064993,C0050773,SHIPPING,77 Queens Road,,Nottingham,Nottinghamshire,L8 1PR,GB,N,2026-09-17 15:30:39,2026-12-04 15:30:39
SRC_ADDRESS_B002_000001157,A00064994,C0050774,HOME,274 Church Lane,,London,Greater London,M36 7EF,GB,Y,2026-09-21 03:23:16,2026-10-05 03:23:16
SRC_ADDRESS_B002_000001158,A00064995,C0050775,HOME,318 Mill Lane,,York,North Yorkshire,EH15 6AA,GB,Y,2024-09-02 12:45:56,2026-12-12 09:24:08
SRC_ADDRESS_B002_000001159,A00064996,C0050775,SHIPPING,171 Bridge Street,,York,North Yorkshire,BS75 4DE,GB,N,2026-09-18 09:24:08,2026-10-22 09:24:08
SRC_ADDRESS_B002_000001160,A00064997,C0050776,HOME,168 King Street,,Manchester,Greater Manchester,NG92 1AB,GB,Y,2026-09-05 05:40:24,2026-10-26 05:40:24
SRC_ADDRESS_B002_000001161,A00064998,C0050776,SHIPPING,193 Market Street,,London,Greater London,NG37 7BD,GB,N,2026-09-09 05:40:24,2026-11-01 05:40:24
SRC_ADDRESS_B002_000001162,A00064999,C0050777,HOME,470 Market Street,,Glasgow,Scotland,G92 7PR,GB,Y,2026-10-01 22:45:58,2026-10-30 22:45:58
SRC_ADDRESS_B002_000001163,A00065000,C0050778,HOME,375 King Street,,Sheffield,South Yorkshire,CF80 4PR,GB,Y,2026-09-20 06:03:47,2026-12-05 06:03:47
SRC_ADDRESS_B002_000001164,A00065001,C0050779,HOME,225 Green Lane,,Leeds,West Yorkshire,B44 3BD,GB,Y,2026-09-26 03:59:29,2026-09-27 03:59:29
SRC_ADDRESS_B002_000001165,A00065002,C0050779,SHIPPING,129 Victoria Road,,London,Greater London,YO40 3AD,GB,N,2026-09-03 03:59:29,2026-10-29 03:59:29
SRC_ADDRESS_B002_000001166,A00065003,C0050780,HOME,278 King Street,,Leeds,West Yorkshire,EH71 8EF,GB,Y,2026-09-20 00:47:47,2026-11-07 00:47:47
SRC_ADDRESS_B002_000001167,A00065004,C0050781,HOME,252 The Crescent,,Sheffield,South Yorkshire,NG8 4PR,GB,Y,2025-09-07 16:16:50,2026-10-21 08:02:59
SRC_ADDRESS_B002_000001168,A00065005,C0050782,HOME,219 Victoria Road,,York,North Yorkshire,B91 6BA,GB,Y,2026-09-03 08:22:39,2026-11-18 00:25:16
SRC_ADDRESS_B002_000001169,A00065006,C0050782,SHIPPING,303 Bridge Street,,Bristol,Bristol,LS7 7BD,GB,N,2026-09-05 00:25:16,2026-09-14 00:25:16
SRC_ADDRESS_B002_000001170,A00065007,C0050783,HOME,235 King Street,,York,North Yorkshire,M92 1GH,GB,Y,2025-02-10 03:48:58,2026-11-25 15:33:12
SRC_ADDRESS_B002_000001171,A00065008,C0050784,HOME,17 High Street,,Birmingham,West Midlands,EH72 4GH,GB,Y,2026-09-30 03:57:59,2026-12-11 03:57:59
SRC_ADDRESS_B002_000001172,A00065009,C0050785,HOME,487 Mill Lane,,Sheffield,South Yorkshire,BS94 2AD,GB,Y,2026-09-22 03:28:18,2026-11-24 03:28:18
SRC_ADDRESS_B002_000001173,A00065010,C0050785,SHIPPING,321 King Street,,Glasgow,Scotland,EH94 3PR,GB,N,2026-09-30 03:28:18,2026-11-24 03:28:18
SRC_ADDRESS_B002_000001174,A00065011,C0050786,HOME,33 Bridge Street,,Glasgow,Scotland,BS4 8AD,GB,Y,2026-09-19 01:17:19,2026-10-10 01:17:19
SRC_ADDRESS_B002_000001175,A00065012,C0050787,HOME,286 Queens Road,,Nottingham,Nottinghamshire,S86 2DE,GB,Y,2026-09-06 17:56:35,2026-11-19 17:56:35
SRC_ADDRESS_B002_000001176,A00065013,C0050788,HOME,159 Victoria Road,,Manchester,Greater Manchester,LS36 5BD,GB,Y,2026-09-08 15:50:01,2026-10-08 15:50:01
SRC_ADDRESS_B002_000001177,A00065014,C0050789,HOME,389 Church Lane,,Glasgow,Scotland,L76 3EF,GB,Y,2026-09-26 08:01:37,2026-12-02 08:01:37
SRC_ADDRESS_B002_000001178,A00065015,C0050790,HOME,167 Market Street,,York,North Yorkshire,LS84 7BA,GB,Y,2026-09-26 00:40:23,2026-11-27 00:40:23
SRC_ADDRESS_B002_000001179,A00065016,C0050791,HOME,330 Station Road,,Manchester,Greater Manchester,M10 8AB,GB,Y,2026-09-14 22:37:30,2026-11-28 22:37:30
SRC_ADDRESS_B002_000001180,A00065017,C0050792,HOME,225 Station Road,,Edinburgh,Scotland,LS14 3AD,GB,Y,2026-10-01 12:08:01,2026-10-27 12:08:01
SRC_ADDRESS_B002_000001181,A00065018,C0050793,HOME,414 Church Lane,Flat 27,Sheffield,South Yorkshire,B92 6AA,GB,Y,2026-04-11 05:27:39,2026-11-23 20:58:07
SRC_ADDRESS_B002_000001182,A00065019,C0050794,HOME,243 Queens Road,,Leeds,West Yorkshire,G49 1BD,GB,Y,2026-09-16 05:25:06,2026-09-20 05:25:06
SRC_ADDRESS_B002_000001183,A00065020,C0050795,HOME,352 Green Lane,Flat 39,Bristol,Bristol,L22 3JK,GB,Y,2026-09-09 14:11:22,2026-10-14 14:11:22
SRC_ADDRESS_B002_000001184,A00065021,C0050796,HOME,45 Queens Road,,Liverpool,Merseyside,B88 6PR,GB,Y,2026-09-14 21:20:10,2026-11-30 21:20:10
SRC_ADDRESS_B002_000001185,A00065022,C0050796,SHIPPING,463 Church Lane,,Edinburgh,Scotland,BS75 5BD,GB,N,2026-09-17 21:20:10,2026-11-18 21:20:10
SRC_ADDRESS_B002_000001186,A00065023,C0050797,HOME,151 Market Street,,Sheffield,South Yorkshire,B49 4AA,GB,Y,2026-09-19 19:15:13,2026-11-25 19:15:13
SRC_ADDRESS_B002_000001187,A00065024,C0050798,HOME,219 Bridge Street,,Bristol,Bristol,LS15 6AB,GB,Y,2026-09-06 07:51:59,2026-09-22 07:51:59
SRC_ADDRESS_B002_000001188,A00065025,C0050799,HOME,96 Queens Road,,Manchester,Greater Manchester,EH13 8AA,GB,Y,2026-09-17 06:33:04,2026-09-29 06:33:04
SRC_ADDRESS_B002_000001189,A00065026,C0050799,SHIPPING,257 Market Street,,Nottingham,Nottinghamshire,L94 4PR,GB,N,2026-09-14 06:33:04,2026-10-13 06:33:04
SRC_ADDRESS_B002_000001190,A00065027,C0050800,HOME,279 Market Street,,Liverpool,Merseyside,G1 6AB,GB,Y,2026-09-05 13:59:26,2026-10-28 13:59:26
SRC_ADDRESS_B002_000001191,A00065028,C0050801,HOME,324 Queens Road,,Cardiff,Wales,LS13 3PR,GB,Y,2026-05-14 02:42:14,2026-11-11 23:06:08
SRC_ADDRESS_B002_000001192,A00065029,C0050801,SHIPPING,230 Church Lane,,Sheffield,South Yorkshire,CF29 1BA,GB,N,2026-09-29 23:06:08,2026-11-19 23:06:08
SRC_ADDRESS_B002_000001193,A00065030,C0050802,HOME,326 Bridge Street,,Liverpool,Merseyside,M87 3JK,GB,Y,2026-09-16 10:18:09,2026-09-16 10:18:09
SRC_ADDRESS_B002_000001194,A00065031,C0050803,HOME,333 The Crescent,,York,North Yorkshire,YO11 4JK,GB,Y,2026-09-08 05:31:40,2026-11-20 05:31:40
SRC_ADDRESS_B002_000001195,A00065032,C0050804,HOME,438 High Street,,Sheffield,South Yorkshire,NG90 7EF,GB,Y,2026-09-07 00:22:38,2026-09-30 00:22:38
SRC_ADDRESS_B002_000001196,A00065033,C0050804,SHIPPING,275 The Crescent,,Glasgow,Scotland,S5 6BD,GB,N,2026-09-09 00:22:38,2026-09-18 00:22:38
SRC_ADDRESS_B002_000001197,A00065034,C0050805,HOME,173 Church Lane,,Bristol,Bristol,CF40 6JK,GB,Y,2026-09-03 18:42:42,2026-11-11 18:42:42
SRC_ADDRESS_B002_000001198,A00065035,C0050806,HOME,285 Bridge Street,,Edinburgh,Scotland,BS47 1PR,GB,Y,2026-09-28 02:21:02,2026-11-18 02:21:02
SRC_ADDRESS_B002_000001199,A00065036,C0050807,HOME,91 Victoria Road,,Manchester,Greater Manchester,NG38 6AA,GB,Y,2026-09-09 11:39:47,2026-11-07 11:39:47
SRC_ADDRESS_B002_000001200,A00065037,C0050808,HOME,212 Bridge Street,,Cardiff,Wales,B32 7GH,GB,Y,2026-09-30 12:27:09,2026-11-19 12:27:09
SRC_ADDRESS_B002_000001201,A00065038,C0050808,SHIPPING,6 The Crescent,,Sheffield,South Yorkshire,M74 4AB,GB,N,2026-09-22 12:27:09,2026-11-27 12:27:09
SRC_ADDRESS_B002_000001202,A00065039,C0050809,HOME,316 King Street,,Glasgow,Scotland,B56 6AD,GB,Y,2026-09-21 08:37:55,2026-12-06 08:37:55
SRC_ADDRESS_B002_000001203,A00065040,C0050810,HOME,326 Market Street,Flat 15,Leeds,West Yorkshire,B70 6PR,GB,Y,2026-09-24 02:09:45,2026-11-04 02:09:45
SRC_ADDRESS_B002_000001204,A00065041,C0050811,HOME,431 The Crescent,,Manchester,Greater Manchester,EH84 5DE,GB,Y,2026-09-04 04:13:47,2026-11-29 04:13:47
SRC_ADDRESS_B002_000001205,A00065042,C0050811,SHIPPING,327 Green Lane,Flat 31,Leeds,West Yorkshire,M74 2PR,GB,N,2026-09-09 04:13:47,2026-09-14 04:13:47
SRC_ADDRESS_B002_000001206,A00065043,C0050812,HOME,170 Queens Road,,Glasgow,Scotland,M72 1AD,GB,Y,2026-09-27 17:19:31,2026-12-10 17:19:31
SRC_ADDRESS_B002_000001207,A00065044,C0050813,HOME,7 Park Avenue,,Bristol,Bristol,CF98 3EF,GB,Y,2026-09-02 15:22:17,2026-12-06 06:16:32
SRC_ADDRESS_B002_000001208,A00065045,C0050814,HOME,269 Market Street,,Leeds,West Yorkshire,B97 6AD,GB,Y,2026-09-16 16:05:01,2026-10-23 16:05:01
SRC_ADDRESS_B002_000001209,A00065046,C0050814,SHIPPING,106 Market Street,,Liverpool,Merseyside,B89 8BA,GB,N,2026-09-30 16:05:01,2026-11-09 16:05:01
SRC_ADDRESS_B002_000001210,A00065047,C0050815,HOME,360 Bridge Street,,Liverpool,Merseyside,G76 4BA,GB,Y,2026-09-22 00:59:37,2026-10-29 00:59:37
SRC_ADDRESS_B002_000001211,A00065048,C0050816,HOME,214 Church Lane,,Birmingham,West Midlands,BS12 1PR,GB,Y,2026-09-22 16:12:43,2026-12-18 16:12:43
SRC_ADDRESS_B002_000001212,A00065049,C0050817,HOME,435 Market Street,,Edinburgh,Scotland,S13 7EF,GB,Y,2026-09-15 22:27:19,2026-11-13 22:27:19
SRC_ADDRESS_B002_000001213,A00065050,C0050817,SHIPPING,325 Station Road,,Glasgow,Scotland,BS3 7BD,GB,N,2026-09-23 22:27:19,2026-12-09 22:27:19
SRC_ADDRESS_B002_000001214,A00065051,C0050818,HOME,159 Bridge Street,,Manchester,Greater Manchester,EH98 7JK,GB,Y,2026-09-01 21:00:03,2026-10-16 08:54:38
SRC_ADDRESS_B002_000001215,A00065052,C0050819,HOME,186 Bridge Street,,Cardiff,Wales,M40 7BD,GB,Y,2026-09-02 06:25:37,2026-12-08 05:19:10
SRC_ADDRESS_B002_000001216,A00065053,C0050820,HOME,95 King Street,,Nottingham,Nottinghamshire,BS37 3AB,GB,Y,2026-09-23 20:43:15,2026-11-16 20:43:15
SRC_ADDRESS_B002_000001217,A00065054,C0050820,SHIPPING,391 Green Lane,,Manchester,Greater Manchester,L17 3AB,GB,N,2026-09-11 20:43:15,2026-12-02 20:43:15
SRC_ADDRESS_B002_000001218,A00065055,C0050821,HOME,11 Station Road,Flat 3,Cardiff,Wales,S11 7PR,GB,Y,2026-09-13 23:53:34,2026-11-23 23:53:34
SRC_ADDRESS_B002_000001219,A00065056,C0050821,SHIPPING,57 King Street,,Manchester,Greater Manchester,S57 1BD,GB,N,2026-09-14 23:53:34,2026-11-14 23:53:34
SRC_ADDRESS_B002_000001220,A00065057,C0050822,HOME,320 Bridge Street,,Bristol,Bristol,M22 3PR,GB,Y,2026-09-08 18:25:41,2026-11-26 18:25:41
SRC_ADDRESS_B002_000001221,A00065058,C0050823,HOME,204 Church Lane,,London,Greater London,CF6 7PR,GB,Y,2026-09-27 08:15:02,2026-11-01 08:15:02
SRC_ADDRESS_B002_000001222,A00065059,C0050824,HOME,21 Queens Road,,Cardiff,Wales,LS13 8AD,GB,Y,2026-09-08 03:54:26,2026-10-25 03:54:26
SRC_ADDRESS_B002_000001223,A00065060,C0050825,HOME,291 Victoria Road,,Edinburgh,Scotland,G29 7AD,GB,Y,2026-09-17 00:47:23,2026-10-21 00:47:23
SRC_ADDRESS_B002_000001224,A00065061,C0050826,HOME,226 King Street,Flat 6,York,North Yorkshire,L6 6AA,GB,Y,2026-09-02 11:33:33,2026-12-07 09:06:38
SRC_ADDRESS_B002_000001225,A00065062,C0050827,HOME,387 The Crescent,,Manchester,Greater Manchester,M63 7GH,GB,Y,2026-09-07 04:47:29,2026-11-18 04:47:29
SRC_ADDRESS_B002_000001226,A00065063,C0050828,HOME,266 King Street,,Nottingham,Nottinghamshire,YO61 1EF,GB,Y,2026-09-17 03:02:39,2026-09-29 03:02:39
SRC_ADDRESS_B002_000001227,A00065064,C0050829,HOME,199 Church Lane,,Edinburgh,Scotland,LS70 6AD,GB,Y,2026-09-30 22:07:00,2026-10-04 22:07:00
SRC_ADDRESS_B002_000001228,A00065065,C0050829,SHIPPING,60 Victoria Road,,Cardiff,Wales,L45 8GH,GB,N,2026-09-08 22:07:00,2026-10-28 22:07:00
SRC_ADDRESS_B002_000001229,A00065066,C0050830,HOME,11 High Street,,London,Greater London,B81 1GH,GB,Y,2026-09-14 07:59:32,2026-11-08 07:59:32
SRC_ADDRESS_B002_000001230,A00065067,C0050831,HOME,198 Station Road,Flat 28,Sheffield,South Yorkshire,B66 7AA,GB,Y,2026-09-09 20:34:03,2026-10-10 20:34:03
SRC_ADDRESS_B002_000001231,A00065068,C0050832,HOME,482 Market Street,Flat 29,London,Greater London,S45 8BA,GB,Y,2026-09-16 12:10:16,2026-10-11 12:10:16
SRC_ADDRESS_B002_000001232,A00065069,C0050833,HOME,69 High Street,,Birmingham,West Midlands,S5 6AA,GB,Y,2026-09-16 14:02:39,2026-09-19 14:02:39
SRC_ADDRESS_B002_000001233,A00065070,C0050833,SHIPPING,81 Queens Road,,York,North Yorkshire,BS57 8AD,GB,N,2026-09-02 14:02:39,2026-09-05 14:02:39
SRC_ADDRESS_B002_000001234,A00065071,C0050834,HOME,363 Victoria Road,,Leeds,West Yorkshire,S54 5GH,GB,Y,2026-09-21 03:17:32,2026-10-11 03:17:32
SRC_ADDRESS_B002_000001235,A00065072,C0050834,SHIPPING,254 Green Lane,,Sheffield,South Yorkshire,LS97 1AD,GB,N,2026-09-23 03:17:32,2026-12-09 03:17:32
SRC_ADDRESS_B002_000001236,A00065073,C0050835,HOME,54 Victoria Road,,Nottingham,Nottinghamshire,LS25 8EF,GB,Y,2026-09-28 09:04:37,2026-10-23 09:04:37
SRC_ADDRESS_B002_000001237,A00065074,C0050836,HOME,417 King Street,,Cardiff,Wales,M86 6DE,GB,Y,2026-09-06 01:34:19,2026-09-14 01:34:19
SRC_ADDRESS_B002_000001238,A00065075,C0050837,HOME,432 High Street,,Sheffield,South Yorkshire,LS50 5EF,GB,Y,2026-09-12 06:56:15,2026-12-09 06:56:15
SRC_ADDRESS_B002_000001239,A00065076,C0050838,HOME,299 Church Lane,,London,Greater London,S35 5GH,GB,Y,2026-09-30 14:36:44,2026-12-05 14:36:44
SRC_ADDRESS_B002_000001240,A00065077,C0050839,HOME,171 Green Lane,,York,North Yorkshire,B94 6BD,GB,Y,2026-09-27 07:23:25,2026-11-20 07:23:25
SRC_ADDRESS_B002_000001241,A00065078,C0050839,SHIPPING,476 Church Lane,,London,Greater London,L82 4PR,GB,N,2026-09-04 07:23:25,2026-09-28 07:23:25
SRC_ADDRESS_B002_000001242,A00065079,C0050840,HOME,258 Victoria Road,,Cardiff,Wales,LS25 6BA,GB,Y,2026-09-11 21:43:16,2026-09-27 21:43:16
SRC_ADDRESS_B002_000001243,A00065080,C0050841,HOME,493 Market Street,Flat 35,Bristol,Bristol,M10 2BD,GB,Y,2026-09-15 15:25:11,2026-10-04 15:25:11
SRC_ADDRESS_B002_000001244,A00065081,C0050842,HOME,408 Bridge Street,,Cardiff,Wales,L43 4AB,GB,Y,2026-09-24 16:33:40,2026-12-22 16:33:40
SRC_ADDRESS_B002_000001245,A00065082,C0050842,SHIPPING,233 Victoria Road,,Glasgow,Scotland,NG96 6JK,GB,N,2026-09-04 16:33:40,2026-10-27 16:33:40
SRC_ADDRESS_B002_000001246,A00065083,C0050843,HOME,450 Bridge Street,,Glasgow,Scotland,B23 4EF,GB,Y,2026-05-04 10:24:38,2026-11-12 17:30:52
SRC_ADDRESS_B002_000001247,A00065084,C0050844,HOME,124 Green Lane,,Birmingham,West Midlands,LS30 8DE, United Kingdom ,Y,2026-09-30 03:27:01,2026-11-11 03:27:01
SRC_ADDRESS_B002_000001248,A00065085,C0050845,HOME,401 The Crescent,,York,North Yorkshire,L10 7BD,GB,Y,2026-09-01 06:40:40,2026-11-18 00:44:43
SRC_ADDRESS_B002_000001249,A00065086,C0050846,HOME,293 King Street,,Liverpool,Merseyside,EH55 1DE,GB,Y,2026-09-14 17:45:35,2026-11-27 17:45:35
SRC_ADDRESS_B002_000001250,A00065087,C0050847,HOME,497 High Street,Flat 32,Sheffield,South Yorkshire,NG32 5JK,GB,Y,2026-09-03 16:00:43,2026-10-15 16:00:43
SRC_ADDRESS_B002_000001251,A00065088,C0050847,SHIPPING,224 Victoria Road,,Glasgow,Scotland,LS39 3EF,GB,N,2026-09-03 16:00:43,2026-10-15 16:00:43
SRC_ADDRESS_B002_000001252,A00065089,C0050848,HOME,265 Market Street,,Cardiff,Wales,YO61 1PR,GB,Y,2026-09-27 06:54:28,2026-11-05 06:54:28
SRC_ADDRESS_B002_000001253,A00065090,C0050848,SHIPPING,179 King Street,,Liverpool,Merseyside,B68 3PR,GB,N,2026-09-01 06:54:28,2026-10-07 06:54:28
SRC_ADDRESS_B002_000001254,A00065091,C0050849,HOME,22 Green Lane,,Glasgow,Scotland,NG87 1JK,GB,Y,2026-09-17 16:15:17,2026-12-13 16:15:17
SRC_ADDRESS_B002_000001255,A00065092,C0050850,HOME,374 King Street,,London,Greater London,NG64 1BA,GB,Y,2026-09-11 11:14:21,2026-10-21 11:14:21
SRC_ADDRESS_B002_000001256,A00065093,C0050851,HOME,303 King Street,,Bristol,Bristol,S72 8AA,GB,Y,2026-09-16 21:38:01,2026-10-09 21:38:01
SRC_ADDRESS_B002_000001257,A00065094,C0050852,HOME,442 Park Avenue,,Sheffield,South Yorkshire,B33 5JK,GB,Y,2026-09-05 12:45:07,2026-11-23 12:45:07
SRC_ADDRESS_B002_000001258,A00065095,C0050853,HOME,174 Park Avenue,Flat 36,Liverpool,Merseyside,B78 4BA,GB,Y,2026-09-26 20:58:01,2026-11-25 20:58:01
SRC_ADDRESS_B002_000001259,A00065096,C0050853,SHIPPING,76 Victoria Road,,York,North Yorkshire,BS29 8PR,GB,N,2026-09-06 20:58:01,2026-09-27 20:58:01
SRC_ADDRESS_B002_000001260,A00065097,C0050854,HOME,392 King Street,,Cardiff,Wales,M88 6AB,GB,Y,2026-09-07 13:57:33,2026-09-29 13:57:33
SRC_ADDRESS_B002_000001261,A00065098,C0050854,SHIPPING,9 Mill Lane,,Glasgow,Scotland,M94 7GH,GB,N,2026-09-23 13:57:33,2026-09-26 13:57:33
SRC_ADDRESS_B002_000001262,A00065099,C0050855,HOME,339 Victoria Road,,Glasgow,Scotland,L80 4AA,GB,Y,2026-09-24 21:05:13,2026-10-27 21:05:13
SRC_ADDRESS_B002_000001263,A00065100,C0050855,SHIPPING,119 King Street,,Cardiff,Wales,YO26 3GH,GB,N,2026-09-24 21:05:13,2026-12-12 21:05:13
SRC_ADDRESS_B002_000001264,A00065101,C0050856,HOME,170 Green Lane,,London,Greater London,B48 3GH,GB,Y,2026-09-10 01:29:12,2026-11-21 01:29:12
SRC_ADDRESS_B002_000001265,A00065102,C0050857,HOME,237 King Street,,Sheffield,South Yorkshire,LS94 3AB,GB,Y,2026-09-10 02:00:37,2026-11-17 02:00:37
SRC_ADDRESS_B002_000001266,A00065103,C0050858,HOME,350 High Street,,Leeds,West Yorkshire,CF12 1AD,GB,Y,2026-09-20 00:05:08,2026-09-20 00:05:08
SRC_ADDRESS_B002_000001267,A00065104,C0050859,HOME,184 Mill Lane,,Liverpool,Merseyside,G53 3JK,GB,Y,2026-09-28 07:48:13,2026-11-30 07:48:13
SRC_ADDRESS_B002_000001268,A00065105,C0050860,HOME,350 Victoria Road,,Sheffield,South Yorkshire,S18 4GH,GB,Y,2026-09-03 04:39:37,2026-09-22 04:39:37
SRC_ADDRESS_B002_000001269,A00065106,C0050860,SHIPPING,38 The Crescent,,York,North Yorkshire,B67 3BA,GB,N,2026-09-24 04:39:37,2026-11-12 04:39:37
SRC_ADDRESS_B002_000001270,A00065107,C0050861,HOME,459 Bridge Street,,Manchester,Greater Manchester,S21 4BA,GB,Y,2026-09-18 16:24:15,2026-10-27 16:24:15
SRC_ADDRESS_B002_000001271,A00065108,C0050862,HOME,403 Bridge Street,,London,Greater London,G32 7AA,GB,Y,2026-09-04 21:24:09,2026-10-22 21:24:09
SRC_ADDRESS_B002_000001272,A00065109,C0050863,HOME,347 The Crescent,Flat 5,Bristol,Bristol,G98 8GH,GB,Y,2026-09-24 18:11:08,2026-11-25 18:11:08
SRC_ADDRESS_B002_000001273,A00065110,C0050864,HOME,102 Church Lane,,Birmingham,West Midlands,YO35 2GH,GB,Y,2026-09-09 07:36:10,2026-11-15 07:36:10
SRC_ADDRESS_B002_000001274,A00065111,C0050865,HOME,278 Victoria Road,,Leeds,West Yorkshire,LS85 4BD,GB,Y,2026-10-01 21:38:39,2026-10-30 21:38:39
SRC_ADDRESS_B002_000001275,A00065112,C0050866,HOME,485 Victoria Road,,Nottingham,Nottinghamshire,G7 2DE,GB,Y,2026-09-16 19:19:08,2026-11-26 19:19:08
SRC_ADDRESS_B002_000001276,A00065113,C0050867,HOME,148 Queens Road,,Liverpool,Merseyside,LS46 6PR,GB,Y,2026-09-22 18:52:35,2026-10-17 18:52:35
SRC_ADDRESS_B002_000001277,A00065114,C0050868,HOME,117 Bridge Street,,Liverpool,Merseyside,G54 6AA,GB,Y,2026-09-22 19:36:02,2026-12-13 19:36:02
SRC_ADDRESS_B002_000001278,A00065115,C0050869,HOME,327 Green Lane,,Leeds,West Yorkshire,M14 5AA,GB,Y,2026-09-02 13:11:25,2026-12-04 07:12:09
SRC_ADDRESS_B002_000001279,A00065116,C0050870,HOME,428 Victoria Road,Flat 3,Glasgow,Scotland,YO9 5JK,GB,Y,2026-09-03 04:00:19,2026-10-04 04:00:19
SRC_ADDRESS_B002_000001280,A00065117,C0050870,SHIPPING,42 The Crescent,Flat 33,Leeds,West Yorkshire,CF40 2PR,GB,N,2026-09-11 04:00:19,2026-11-26 04:00:19
SRC_ADDRESS_B002_000001281,A00065118,C0050871,HOME,4 High Street,,Leeds,West Yorkshire,G7 6BD,GB,Y,2026-09-26 01:21:15,2026-11-09 01:21:15
SRC_ADDRESS_B002_000001282,A00065119,C0050871,SHIPPING,144 The Crescent,,Birmingham,West Midlands,G17 4BA,GB,N,2026-09-08 01:21:15,2026-11-18 01:21:15
SRC_ADDRESS_B002_000001283,A00065120,C0050872,HOME,135 King Street,,Edinburgh,Scotland,M87 5AA,GB,Y,2026-09-20 01:36:16,2026-09-28 01:36:16
SRC_ADDRESS_B002_000001284,A00065121,C0050872,SHIPPING,231 Church Lane,,Birmingham,West Midlands,CF95 3BA,GB,N,2026-09-04 01:36:16,2026-10-04 01:36:16
SRC_ADDRESS_B002_000001285,A00065122,C0050873,HOME,26 Church Lane,,Manchester,Greater Manchester,YO80 5DE,GB,Y,2026-09-23 11:12:41,2026-10-16 11:12:41
SRC_ADDRESS_B002_000001286,A00065123,C0050873,SHIPPING,230 Mill Lane,,Glasgow,Scotland,EH63 5EF,GB,N,2026-09-22 11:12:41,2026-10-03 11:12:41
SRC_ADDRESS_B002_000001287,A00065124,C0050874,HOME,181 Station Road,Flat 38,Leeds,West Yorkshire,YO87 3BD,GB,Y,2026-09-24 05:27:40,2026-11-19 05:27:40
SRC_ADDRESS_B002_000001288,A00065125,C0050874,SHIPPING,476 Queens Road,,York,North Yorkshire,S39 2BA,GB,N,2026-09-23 05:27:40,2026-11-02 05:27:40
SRC_ADDRESS_B002_000001289,A00065126,C0050875,HOME,232 Mill Lane,,Leeds,West Yorkshire,EH6 5GH,GB,Y,2026-09-17 15:43:18,2026-10-11 15:43:18
SRC_ADDRESS_B002_000001290,A00065127,C0050876,HOME,348 The Crescent,,Nottingham,Nottinghamshire,NG36 1AB,GB,Y,2026-09-14 08:25:47,2026-09-21 08:25:47
SRC_ADDRESS_B002_000001291,A00065128,C0050877,HOME,345 Station Road,Flat 1,York,North Yorkshire,NG31 6DE,GB,Y,2026-09-01 14:16:55,2026-11-16 09:27:31
SRC_ADDRESS_B002_000001292,A00065129,C0050877,SHIPPING,203 Market Street,,Liverpool,Merseyside,L49 3DE,GB,N,2026-09-07 09:27:31,2026-11-08 09:27:31
SRC_ADDRESS_B002_000001293,A00065130,C0050878,HOME,397 Bridge Street,,Nottingham,Nottinghamshire,CF36 3EF,GB,Y,2026-09-17 11:19:21,2026-10-15 11:19:21
SRC_ADDRESS_B002_000001294,A00065131,C0050878,SHIPPING,400 High Street,,Edinburgh,Scotland,B3 1AD,GB,N,2026-09-18 11:19:21,2026-10-20 11:19:21
SRC_ADDRESS_B002_000001295,A00065132,C0050879,HOME,446 Market Street,Flat 21,Manchester,Greater Manchester,L6 1AB,GB,Y,2026-09-16 00:32:30,2026-12-11 00:32:30
SRC_ADDRESS_B002_000001296,A00065133,C0050880,HOME,405 Victoria Road,,Cardiff,Wales,G31 8AB,GB,Y,2026-09-30 10:37:08,2026-12-13 10:37:08
SRC_ADDRESS_B002_000001297,A00065134,C0050880,SHIPPING,428 King Street,,Bristol,Bristol,EH7 5GH,GB,N,2026-09-10 10:37:08,2026-12-08 10:37:08
SRC_ADDRESS_B002_000001298,A00065135,C0050881,HOME,218 Park Avenue,,Leeds,West Yorkshire,YO22 7BA,GB,Y,2026-09-06 16:13:37,2026-09-06 16:13:37
SRC_ADDRESS_B002_000001299,A00065136,C0050882,HOME,132 High Street,,York,North Yorkshire,M7 8AB,GB,Y,2026-09-24 18:32:35,2026-12-09 18:32:35
SRC_ADDRESS_B002_000001300,A00065137,C0050883,HOME,367 Church Lane,,Manchester,Greater Manchester,B28 6AD,GB,Y,2026-09-13 17:57:24,2026-11-12 17:57:24
SRC_ADDRESS_B002_000001301,A00065138,C0050883,SHIPPING,195 Green Lane,,Edinburgh,Scotland,NG1 8AD,GB,N,2026-09-06 17:57:24,2026-11-08 17:57:24
SRC_ADDRESS_B002_000001302,A00065139,C0050884,HOME,184 Park Avenue,,Leeds,West Yorkshire,S69 8PR,GB,Y,2026-09-30 00:14:46,2026-12-19 00:14:46
SRC_ADDRESS_B002_000001303,A00065140,C0050885,HOME,271 High Street,,Sheffield,South Yorkshire,B35 1AB,GB,Y,2026-09-23 19:18:14,2026-10-07 19:18:14
SRC_ADDRESS_B002_000001304,A00065141,C0050886,HOME,124 Bridge Street,,Sheffield,South Yorkshire,CF30 3PR,GB,Y,2026-09-09 23:48:30,2026-09-09 23:48:30
SRC_ADDRESS_B002_000001305,A00065142,C0050887,HOME,133 Mill Lane,,Leeds,West Yorkshire,NG83 6AA,GB,Y,2026-09-29 17:59:28,2026-11-23 17:59:28
SRC_ADDRESS_B002_000001306,A00065143,C0050888,HOME,378 King Street,,Sheffield,South Yorkshire,M14 5PR,GB,Y,2026-09-24 06:52:27,2026-10-18 06:52:27
SRC_ADDRESS_B002_000001307,A00065144,C0050889,HOME,389 Mill Lane,,Cardiff,Wales,B41 6PR,GB,Y,2026-09-11 07:06:47,2026-12-09 07:06:47
SRC_ADDRESS_B002_000001308,A00065145,C0050890,HOME,336 Station Road,,Leeds,West Yorkshire,BS21 8GH,GB,Y,2026-09-24 02:03:00,2026-10-14 02:03:00
SRC_ADDRESS_B002_000001309,A00065146,C0050890,SHIPPING,87 Green Lane,,Sheffield,South Yorkshire,EH85 6BD,GB,N,2026-09-15 02:03:00,2026-09-23 02:03:00
SRC_ADDRESS_B002_000001310,A00065147,C0050891,HOME,410 Mill Lane,,Nottingham,Nottinghamshire,M31 8DE,GB,Y,2026-09-10 05:46:38,2026-09-13 05:46:38
SRC_ADDRESS_B002_000001311,A00065148,C0050892,HOME,383 Queens Road,,Leeds,West Yorkshire,S21 7BA,GB,Y,2026-09-20 06:12:51,2026-11-09 06:12:51
SRC_ADDRESS_B002_000001312,A00065149,C0050893,HOME,366 Station Road,,York,North Yorkshire,EH12 1AB,GB,Y,2026-09-11 10:46:39,2026-12-04 10:46:39
SRC_ADDRESS_B002_000001313,A00065150,C0050894,HOME,376 Queens Road,,Glasgow,Scotland,BS98 3AB,GB,Y,2026-09-27 15:08:04,2026-11-15 15:08:04
SRC_ADDRESS_B002_000001314,A00065151,C0050894,SHIPPING,185 The Crescent,,Sheffield,South Yorkshire,S28 1EF,GB,N,2026-09-20 15:08:04,2026-11-06 15:08:04
SRC_ADDRESS_B002_000001315,A00065152,C0050895,HOME,341 Mill Lane,,Nottingham,Nottinghamshire,S83 8DE,GB,Y,2026-09-07 02:10:14,2026-11-18 02:10:14
SRC_ADDRESS_B002_000001316,A00065153,C0050896,HOME,83 The Crescent,,Leeds,West Yorkshire,YO1 8BA,GB,Y,2026-09-08 16:32:35,2026-09-15 16:32:35
SRC_ADDRESS_B002_000001317,A00065154,C0050897,HOME,314 Station Road,,York,North Yorkshire,BS21 7PR,GB,Y,2026-09-04 03:24:28,2026-11-06 03:24:28
SRC_ADDRESS_B002_000001318,A00065155,C0050897,SHIPPING,163 Green Lane,,London,Greater London,L68 7BA,GB,N,2026-09-04 03:24:28,2026-10-02 03:24:28
SRC_ADDRESS_B002_000001319,A00065156,C0050898,HOME,460 Victoria Road,,Leeds,West Yorkshire,S20 8DE,GB,Y,2026-09-26 22:19:28,2026-12-02 22:19:28
SRC_ADDRESS_B002_000001320,A00065157,C0050899,HOME,59 Park Avenue,,Leeds,West Yorkshire,B39 4EF,GB,Y,2026-09-11 16:57:01,2026-11-14 16:57:01
SRC_ADDRESS_B002_000001321,A00065158,C0050900,HOME,195 King Street,,Bristol,Bristol,YO47 7EF,GB,Y,2026-09-22 18:31:28,2026-10-16 18:31:28
SRC_ADDRESS_B002_000001322,A00065159,C0050901,HOME,39 Park Avenue,,Sheffield,South Yorkshire,EH96 5JK,GB,Y,2026-09-20 11:01:22,2026-11-15 11:01:22
SRC_ADDRESS_B002_000001323,A00065160,C0050902,HOME,246 Park Avenue,,London,Greater London,G33 5AA,GB,Y,2026-09-08 13:46:47,2026-11-20 13:46:47
SRC_ADDRESS_B002_000001324,A00065161,C0050903,HOME,346 Victoria Road,,Birmingham,West Midlands,BS90 7PR,GB,Y,2026-09-08 04:02:42,2026-10-25 04:02:42
SRC_ADDRESS_B002_000001325,A00065162,C0050904,HOME,218 Green Lane,,Birmingham,West Midlands,L55 5DE,GB,Y,2026-09-03 04:21:33,2026-12-20 18:45:09
SRC_ADDRESS_B002_000001326,A00065163,C0050905,HOME,354 King Street,,Liverpool,Merseyside,LS94 4AB,GB,Y,2026-09-02 12:05:24,2026-11-28 12:05:24
SRC_ADDRESS_B002_000001327,A00065164,C0050906,HOME,221 The Crescent,,Bristol,Bristol,L85 2DE,GB,Y,2026-09-02 20:36:58,2026-11-03 20:36:58
SRC_ADDRESS_B002_000001328,A00065165,C0050906,SHIPPING,181 Church Lane,,Sheffield,South Yorkshire,YO6 7AB,GB,N,2026-09-28 20:36:58,2026-11-19 20:36:58
SRC_ADDRESS_B002_000001329,A00065166,C0050907,HOME,495 Bridge Street,,London,Greater London,NG15 3PR,GB,Y,2026-09-23 02:08:52,2026-11-16 02:08:52
SRC_ADDRESS_B002_000001330,A00065167,C0050908,HOME,382 High Street,,Edinburgh,Scotland,G18 2BA,GB,Y,2026-09-08 13:41:51,2026-11-12 13:41:51
SRC_ADDRESS_B002_000001331,A00065168,C0050909,HOME,287 Bridge Street,,Cardiff,Wales,NG37 4BA,GB,Y,2026-09-10 19:31:43,2026-09-26 19:31:43
SRC_ADDRESS_B002_000001332,A00065169,C0050910,HOME,248 King Street,Flat 18,Leeds,West Yorkshire,CF88 8AA,GB,Y,2026-09-27 21:22:41,2026-10-07 21:22:41
SRC_ADDRESS_B002_000001333,A00065170,C0050911,HOME,251 High Street,,Edinburgh,Scotland,B47 4GH,GB,Y,2026-09-23 21:09:14,2026-10-29 21:09:14
SRC_ADDRESS_B002_000001334,A00065171,C0050912,HOME,291 Victoria Road,,Cardiff,Wales,BS64 5JK,GB,Y,2026-09-05 10:38:29,2026-10-04 10:38:29
SRC_ADDRESS_B002_000001335,A00065172,C0050913,HOME,489 Green Lane,Flat 39,London,Greater London,BS5 3EF,GB,Y,2026-09-10 00:23:50,2026-09-21 00:23:50
SRC_ADDRESS_B002_000001336,A00065173,C0050914,HOME,25 King Street,,Manchester,Greater Manchester,M87 4BA,GB,Y,2026-09-03 22:43:07,2026-10-12 18:08:25
SRC_ADDRESS_B002_000001337,A00065174,C0050915,HOME,296 Victoria Road,,Bristol,Bristol,B65 1AA,GB,Y,2026-09-06 04:54:23,2026-10-11 04:54:23
SRC_ADDRESS_B002_000001338,A00065175,C0050916,HOME,32 King Street,,Edinburgh,Scotland,S65 8JK,GB,Y,2026-09-06 04:18:17,2026-09-07 04:18:17
SRC_ADDRESS_B002_000001339,A00065176,C0050917,HOME,273 Green Lane,,Glasgow,Scotland,G74 7DE,GB,Y,2026-09-11 18:00:23,2026-11-13 18:00:23
SRC_ADDRESS_B002_000001340,A00065177,C0050918,HOME,278 High Street,,Glasgow,Scotland,B6 5DE,GB,Y,2026-09-07 09:19:25,2026-10-15 09:19:25
SRC_ADDRESS_B002_000001341,A00065178,C0050919,HOME,125 Queens Road,,Glasgow,Scotland,LS1 7BD,GB,Y,2026-09-30 01:45:25,2026-10-18 01:45:25
SRC_ADDRESS_B002_000001342,A00065179,C0050920,HOME,203 Church Lane,,Manchester,Greater Manchester,LS15 5DE,GB,Y,2026-09-04 15:52:28,2026-09-27 15:52:28
SRC_ADDRESS_B002_000001343,A00065180,C0050921,HOME,169 Victoria Road,Flat 18,Sheffield,South Yorkshire,CF55 4PR,GB,Y,2026-09-03 06:11:23,2026-11-25 06:11:23
SRC_ADDRESS_B002_000001344,A00065181,C0050921,SHIPPING,60 Queens Road,,York,North Yorkshire,L76 4AA,GB,N,2026-09-08 06:11:23,2026-11-18 06:11:23
SRC_ADDRESS_B002_000001345,A00065182,C0050922,HOME,345 Park Avenue,,Manchester,Greater Manchester,M41 5EF,GB,Y,2026-09-13 07:31:51,2026-11-11 07:31:51
SRC_ADDRESS_B002_000001346,A00065183,C0050923,HOME,327 Station Road,Flat 25,Manchester,Greater Manchester,BS55 2BA,GB,Y,2026-09-02 04:15:57,2026-11-04 01:40:18
SRC_ADDRESS_B002_000001347,A00065184,C0050924,HOME,283 Green Lane,Flat 21,Glasgow,Scotland,M46 6BD,GB,Y,2026-09-02 17:36:35,2026-11-15 10:44:19
SRC_ADDRESS_B002_000001348,A00065185,C0050925,HOME,134 Bridge Street,,Edinburgh,Scotland,NG67 6AA,GB,Y,2026-09-29 09:56:32,2026-12-24 09:56:32
SRC_ADDRESS_B002_000001349,A00065186,C0050926,HOME,168 Station Road,,Manchester,Greater Manchester,YO92 3AB,GB,Y,2026-09-16 22:28:48,2026-09-16 22:28:48
SRC_ADDRESS_B002_000001350,A00065187,C0050927,HOME,147 Victoria Road,Flat 14,Bristol,Bristol,NG46 1JK,GB,Y,2026-09-07 13:57:18,2026-11-07 13:57:18
SRC_ADDRESS_B002_000001351,A00065188,C0050928,HOME,324 Queens Road,,Manchester,Greater Manchester,BS92 2BA,GB,Y,2026-09-11 05:46:27,2026-12-07 05:46:27
SRC_ADDRESS_B002_000001352,A00065189,C0050929,HOME,350 King Street,,Birmingham,West Midlands,NG57 1AB,GB,Y,2026-09-06 09:34:41,2026-10-31 09:34:41
SRC_ADDRESS_B002_000001353,A00065190,C0050929,SHIPPING,141 High Street,,Glasgow,Scotland,BS55 1EF,GB,N,2026-09-28 09:34:41,2026-12-19 09:34:41
SRC_ADDRESS_B002_000001354,A00065191,C0050930,HOME,215 Mill Lane,,Birmingham,West Midlands,BS32 7JK,GB,Y,2025-01-28 01:56:04,2026-12-06 09:57:12
SRC_ADDRESS_B002_000001355,A00065192,C0050931,HOME,163 Church Lane,,Birmingham,West Midlands,S24 8BA,GB,Y,2026-09-02 16:44:50,2026-11-20 16:44:50
SRC_ADDRESS_B002_000001356,A00065193,C0050932,HOME,132 The Crescent,,Sheffield,South Yorkshire,CF19 1PR,GB,Y,2026-09-07 20:27:50,2026-09-07 20:27:50
SRC_ADDRESS_B002_000001357,A00065194,C0050933,HOME,321 The Crescent,,Nottingham,Nottinghamshire,S89 6BA,GB,Y,2026-09-02 11:01:09,2026-10-02 05:12:17
SRC_ADDRESS_B002_000001358,A00065195,C0050933,SHIPPING,362 Church Lane,,Leeds,West Yorkshire,YO86 7PR,GB,N,2026-09-12 05:12:17,2026-09-20 05:12:17
SRC_ADDRESS_B002_000001359,A00065196,C0050934,HOME,70 Station Road,,London,Greater London,LS73 3BD,GB,Y,2026-09-10 20:42:16,2026-10-03 20:42:16
SRC_ADDRESS_B002_000001360,A00065197,C0050935,HOME,2 King Street,,Leeds,West Yorkshire,CF55 1PR,GB,Y,2026-09-18 14:37:23,2026-10-13 14:37:23
SRC_ADDRESS_B002_000001361,A00065198,C0050935,SHIPPING,351 Victoria Road,Flat 36,London,Greater London,CF68 7BD,GB,N,2026-09-06 14:37:23,2026-10-01 14:37:23
SRC_ADDRESS_B002_000001362,A00065199,C0050936,HOME,163 High Street,,Cardiff,Wales,G44 3GH,GB,Y,2026-09-01 04:32:39,2026-11-19 01:13:10
SRC_ADDRESS_B002_000001363,A00065200,C0050936,SHIPPING,86 Queens Road,,Manchester,Greater Manchester,L53 8BD,GB,N,2026-09-02 01:13:10,2026-09-15 01:13:10
SRC_ADDRESS_B002_000001364,A00065201,C0050937,HOME,142 Victoria Road,Flat 8,Edinburgh,Scotland,BS83 4AD,GB,Y,2026-09-23 08:12:05,2026-10-19 08:12:05
SRC_ADDRESS_B002_000001365,A00065202,C0050938,HOME,11 Park Avenue,,Cardiff,Wales,M93 7JK,GB,Y,2026-09-12 03:36:05,2026-10-08 03:36:05
SRC_ADDRESS_B002_000001366,A00065203,C0050939,HOME,259 Bridge Street,,Glasgow,Scotland,LS15 8AA,GB,Y,2026-09-22 08:31:50,2026-10-24 08:31:50
SRC_ADDRESS_B002_000001367,A00065204,C0050939,SHIPPING,48 Victoria Road,,London,Greater London,EH42 2BA,GB,N,2026-09-10 08:31:50,2026-10-02 08:31:50
SRC_ADDRESS_B002_000001368,A00065205,C0050940,HOME,196 The Crescent,Flat 32,Bristol,Bristol,NG65 2AA,GB,Y,2026-09-27 08:45:29,2026-10-24 08:45:29
SRC_ADDRESS_B002_000001369,A00065206,C0050940,SHIPPING,432 Mill Lane,Flat 21,Sheffield,South Yorkshire,CF24 4BA,GB,N,2026-09-23 08:45:29,2026-10-09 08:45:29
SRC_ADDRESS_B002_000001370,A00065207,C0050941,HOME,117 Market Street,,Sheffield,South Yorkshire,EH6 1BD,GB,Y,2026-09-02 15:56:28,2026-09-18 15:56:28
SRC_ADDRESS_B002_000001371,A00065208,C0050942,HOME,479 Bridge Street,,Liverpool,Merseyside,BS9 5JK,GB,Y,2026-09-02 03:36:28,2026-10-17 17:58:10
SRC_ADDRESS_B002_000001372,A00065209,C0050943,HOME,462 The Crescent,,Liverpool,Merseyside,YO34 5DE,GB,Y,2026-09-12 18:49:59,2026-10-25 18:49:59
SRC_ADDRESS_B002_000001373,A00065210,C0050943,SHIPPING,188 Queens Road,,London,Greater London,S41 6AA,GB,N,2026-09-09 18:49:59,2026-10-05 18:49:59
SRC_ADDRESS_B002_000001374,A00065211,C0050944,HOME,310 Market Street,,Edinburgh,Scotland,YO32 6JK,GB,Y,2026-09-20 11:52:01,2026-12-03 11:52:01
SRC_ADDRESS_B002_000001375,A00065212,C0050945,HOME,236 Church Lane,,London,Greater London,CF80 7DE,GB,Y,2026-09-11 14:41:05,2026-09-23 14:41:05
SRC_ADDRESS_B002_000001376,A00065213,C0050946,HOME,247 Church Lane,,Leeds,West Yorkshire,L8 6AD,GB,Y,2026-07-14 16:25:59,2026-10-07 02:47:25
SRC_ADDRESS_B002_000001377,A00065214,C0050947,HOME,179 Market Street,,Birmingham,West Midlands,NG19 5BA,GB,Y,2026-09-15 13:29:05,2026-11-21 13:29:05
SRC_ADDRESS_B002_000001378,A00065215,C0050947,SHIPPING,130 Church Lane,,Nottingham,Nottinghamshire,YO56 2PR,GB,N,2026-09-16 13:29:05,2026-11-02 13:29:05
SRC_ADDRESS_B002_000001379,A00065216,C0050948,HOME,490 Station Road,,Liverpool,Merseyside,YO32 8GH,GB,Y,2026-09-11 12:07:40,2026-11-24 12:07:40
SRC_ADDRESS_B002_000001380,A00065217,C0050949,HOME,38 Green Lane,,York,North Yorkshire,BS34 3EF,GB,Y,2026-09-11 21:04:11,2026-10-11 21:04:11
SRC_ADDRESS_B002_000001381,A00065218,C0050949,SHIPPING,246 Green Lane,,Birmingham,West Midlands,EH16 1AD,GB,N,2026-09-16 21:04:11,2026-10-01 21:04:11
SRC_ADDRESS_B002_000001382,A00065219,C0050950,HOME,396 Bridge Street,,Sheffield,South Yorkshire,S88 2AA,GB,Y,2026-10-02 17:18:04,2026-11-18 17:18:04
SRC_ADDRESS_B002_000001383,A00065220,C0050951,HOME,216 High Street,Flat 24,Leeds,West Yorkshire,EH19 7JK,GB,Y,2026-09-03 12:29:40,2026-12-02 08:31:31
SRC_ADDRESS_B002_000001384,A00065221,C0050952,HOME,426 High Street,,Glasgow,Scotland,EH55 2PR,GB,Y,2026-09-26 11:48:56,2026-12-04 11:48:56
SRC_ADDRESS_B002_000001385,A00065222,C0050953,HOME,80 High Street,,Sheffield,South Yorkshire,YO78 2AB,GB,Y,2026-09-04 16:06:56,2026-09-12 16:06:56
SRC_ADDRESS_B002_000001386,A00065223,C0050954,HOME,274 Victoria Road,,Manchester,Greater Manchester,NG66 6BA,GB,Y,2026-09-12 15:05:56,2026-10-31 15:05:56
SRC_ADDRESS_B002_000001387,A00065224,C0050954,SHIPPING,492 Station Road,,Sheffield,South Yorkshire,B42 3AB,GB,N,2026-10-01 15:05:56,2026-11-26 15:05:56
SRC_ADDRESS_B002_000001388,A00065225,C0050955,HOME,259 Green Lane,,Birmingham,West Midlands,M49 7JK,GB,Y,2026-09-17 15:00:56,2026-10-31 15:00:56
SRC_ADDRESS_B002_000001389,A00065226,C0050956,HOME,459 The Crescent,,Birmingham,West Midlands,S57 8DE,GB,Y,2026-09-26 14:01:29,2026-10-01 14:01:29
SRC_ADDRESS_B002_000001390,A00065227,C0050957,HOME,81 Market Street,,Leeds,West Yorkshire,YO22 4BD,GB,Y,2026-09-23 21:55:57,2026-11-02 21:55:57
SRC_ADDRESS_B002_000001391,A00065228,C0050958,HOME,206 Market Street,,York,North Yorkshire,L56 5BD,GB,Y,2026-09-22 08:18:54,2026-12-11 08:18:54
SRC_ADDRESS_B002_000001392,A00065229,C0050959,HOME,233 Park Avenue,,York,North Yorkshire,G91 1AB,GB,Y,2026-09-22 03:31:37,2026-12-07 03:31:37
SRC_ADDRESS_B002_000001393,A00065230,C0050959,SHIPPING,254 Victoria Road,,London,Greater London,EH48 6AB,GB,N,2026-09-08 03:31:37,2026-09-25 03:31:37
SRC_ADDRESS_B002_000001394,A00065231,C0050960,HOME,237 High Street,,Manchester,Greater Manchester,S95 8AD,GB,Y,2026-09-18 00:49:14,2026-12-11 00:49:14
SRC_ADDRESS_B002_000001395,A00065232,C0050961,HOME,173 Market Street,,Sheffield,South Yorkshire,BS9 4AD,GB,Y,2026-09-05 03:26:11,2026-09-18 03:26:11
SRC_ADDRESS_B002_000001396,A00065233,C0050962,HOME,302 Mill Lane,,Sheffield,South Yorkshire,NG46 2PR,GB,Y,2026-09-21 05:21:08,2026-12-03 05:21:08
SRC_ADDRESS_B002_000001397,A00065234,C0050963,HOME,200 Victoria Road,,Cardiff,Wales,EH94 8BD,GB,Y,2026-09-06 06:04:14,2026-11-25 06:04:14
SRC_ADDRESS_B002_000001398,A00065235,C0050964,HOME,476 Victoria Road,,Leeds,West Yorkshire,LS90 3AA,GB,Y,2026-09-27 04:34:45,2026-11-29 04:34:45
SRC_ADDRESS_B002_000001399,A00065236,C0050964,SHIPPING,219 Park Avenue,,Sheffield,South Yorkshire,CF65 2PR,GB,N,2026-09-14 04:34:45,2026-11-18 04:34:45
SRC_ADDRESS_B002_000001400,A00065237,C0050965,HOME,249 Station Road,,Manchester,Greater Manchester,EH16 2GH,GB,Y,2026-09-03 08:47:24,2026-12-09 02:40:38
SRC_ADDRESS_B002_000001401,A00065238,C0050966,HOME,318 Victoria Road,,Birmingham,West Midlands,BS56 3JK,GB,Y,2026-09-04 05:59:04,2026-10-21 05:59:04
SRC_ADDRESS_B002_000001402,A00065239,C0050967,HOME,461 Queens Road,,Nottingham,Nottinghamshire,CF61 7BD,GB,Y,2026-09-10 06:07:08,2026-10-14 06:07:08
SRC_ADDRESS_B002_000001403,A00065240,C0050967,SHIPPING,420 Church Lane,,Bristol,Bristol,M70 1BA,GB,N,2026-09-15 06:07:08,2026-11-10 06:07:08
SRC_ADDRESS_B002_000001404,A00065241,C0050968,HOME,129 Queens Road,,Sheffield,South Yorkshire,YO83 6AA,GB,Y,2026-09-25 10:33:49,2026-10-15 10:33:49
SRC_ADDRESS_B002_000001405,A00065242,C0050969,HOME,443 High Street,,Nottingham,Nottinghamshire,L85 1BA,GB,Y,2026-09-02 17:23:57,2026-10-23 17:23:57
SRC_ADDRESS_B002_000001406,A00065243,C0050970,HOME,89 High Street,,Leeds,West Yorkshire,LS60 8BA, United Kingdom ,Y,2026-09-22 23:38:47,2026-10-05 23:38:47
SRC_ADDRESS_B002_000001407,A00065244,C0050971,HOME,239 Queens Road,,Liverpool,Merseyside,EH93 5JK,GB,Y,2026-09-29 01:47:07,2026-10-20 01:47:07
SRC_ADDRESS_B002_000001408,A00065245,C0050972,HOME,45 Queens Road,,Birmingham,West Midlands,BS92 3AD,GB,Y,2026-09-26 13:07:10,2026-11-14 13:07:10
SRC_ADDRESS_B002_000001409,A00065246,C0050973,HOME,129 Green Lane,,Nottingham,Nottinghamshire,B17 5BD,GB,Y,2026-09-09 23:52:30,2026-10-12 23:52:30
SRC_ADDRESS_B002_000001410,A00065247,C0050974,HOME,302 Queens Road,,Sheffield,South Yorkshire,EH14 3AD,GB,Y,2026-09-18 13:51:46,2026-09-21 13:51:46
SRC_ADDRESS_B002_000001411,A00065248,C0050975,HOME,141 Bridge Street,,Nottingham,Nottinghamshire,NG86 8AA,GB,Y,2026-09-07 21:09:12,2026-10-30 21:09:12
SRC_ADDRESS_B002_000001412,A00065249,C0050975,SHIPPING,259 Park Avenue,,Nottingham,Nottinghamshire,B38 3JK,GB,N,2026-09-09 21:09:12,2026-11-23 21:09:12
SRC_ADDRESS_B002_000001413,A00065250,C0050976,HOME,374 High Street,,Manchester,Greater Manchester,YO12 6PR,GB,Y,2026-09-01 21:27:47,2026-11-22 20:45:10
SRC_ADDRESS_B002_000001414,A00065251,C0050977,HOME,109 Church Lane,,Edinburgh,Scotland,YO37 6DE,GB,Y,2026-09-05 10:09:26,2026-11-07 10:09:26
SRC_ADDRESS_B002_000001415,A00065252,C0050978,HOME,486 Victoria Road,,Manchester,Greater Manchester,BS71 8AD,GB,Y,2026-09-03 14:45:29,2026-10-13 01:44:17
SRC_ADDRESS_B002_000001416,A00065253,C0050979,HOME,222 Victoria Road,,Bristol,Bristol,G89 1AD,GB,Y,2026-09-20 04:17:41,2026-09-30 04:17:41
SRC_ADDRESS_B002_000001417,A00065254,C0050980,HOME,340 King Street,,Cardiff,Wales,CF67 2BA,GB,Y,2026-09-20 22:58:40,2026-10-15 22:58:40
SRC_ADDRESS_B002_000001418,A00065255,C0050981,HOME,473 Church Lane,,York,North Yorkshire,G49 3BD,GB,Y,2026-09-03 00:49:02,2026-09-29 00:49:02
SRC_ADDRESS_B002_000001419,A00065256,C0050982,HOME,200 Church Lane,,Edinburgh,Scotland,M27 4BA,GB,Y,2026-09-07 07:14:04,2026-11-12 07:14:04
SRC_ADDRESS_B002_000001420,A00065257,C0050983,HOME,144 Market Street,,Edinburgh,Scotland,G37 8PR,GB,Y,2026-09-15 16:53:58,2026-09-23 16:53:58
SRC_ADDRESS_B002_000001421,A00065258,C0050984,HOME,3 Victoria Road,,Glasgow,Scotland,S93 8BA,GB,Y,2026-09-10 11:50:28,2026-11-28 11:50:28
SRC_ADDRESS_B002_000001422,A00065259,C0050984,SHIPPING,143 Bridge Street,,Manchester,Greater Manchester,EH98 6AA,GB,N,2026-09-29 11:50:28,2026-10-18 11:50:28
SRC_ADDRESS_B002_000001423,A00065260,C0050985,HOME,359 Victoria Road,,Glasgow,Scotland,S58 2AA,GB,Y,2026-09-23 08:04:10,2026-10-04 08:04:10
SRC_ADDRESS_B002_000001424,A00065261,C0050985,SHIPPING,496 Church Lane,,Glasgow,Scotland,L5 3AB,GB,N,2026-09-01 08:04:10,2026-11-06 08:04:10
SRC_ADDRESS_B002_000001425,A00065262,C0050986,HOME,182 Green Lane,Flat 35,Manchester,Greater Manchester,B30 1EF,GB,Y,2026-09-05 22:10:47,2026-10-11 22:10:47
SRC_ADDRESS_B002_000001426,A00065263,C0050987,HOME,134 Market Street,,Glasgow,Scotland,M32 5EF,GB,Y,2026-09-26 23:06:32,2026-11-10 23:06:32
SRC_ADDRESS_B002_000001427,A00065264,C0050988,HOME,423 Mill Lane,,Leeds,West Yorkshire,YO9 5GH,GB,Y,2026-09-04 20:33:29,2026-09-25 20:33:29
SRC_ADDRESS_B002_000001428,A00065265,C0050988,SHIPPING,280 Mill Lane,Flat 22,Edinburgh,Scotland,YO79 7DE,GB,N,2026-09-03 20:33:29,2026-09-08 20:33:29
SRC_ADDRESS_B002_000001429,A00065266,C0050989,HOME,375 Church Lane,Flat 9,Cardiff,Wales,LS67 8PR,GB,Y,2026-09-27 11:32:16,2026-10-23 11:32:16
SRC_ADDRESS_B002_000001430,A00065267,C0050990,HOME,311 Station Road,,Sheffield,South Yorkshire,B54 5PR,GB,Y,2026-09-26 09:20:01,2026-10-07 09:20:01
SRC_ADDRESS_B002_000001431,A00065268,C0050990,SHIPPING,236 High Street,,York,North Yorkshire,EH95 7PR,GB,N,2026-09-26 09:20:01,2026-10-03 09:20:01
SRC_ADDRESS_B002_000001432,A00065269,C0050991,HOME,71 Green Lane,,York,North Yorkshire,EH22 3AD,GB,Y,2026-09-01 22:55:57,2026-09-06 15:37:28
SRC_ADDRESS_B002_000001433,A00065270,C0050991,SHIPPING,50 Bridge Street,,Manchester,Greater Manchester,M98 8AB,GB,N,2026-09-03 00:39:14,2026-11-21 15:37:28
SRC_ADDRESS_B002_000001434,A00065271,C0050992,HOME,201 King Street,Flat 28,Glasgow,Scotland,NG4 6EF,GB,Y,2026-09-25 19:50:41,2026-10-31 19:50:41
SRC_ADDRESS_B002_000001435,A00065272,C0050993,HOME,309 King Street,,Leeds,West Yorkshire,M59 6JK,GB,Y,2026-09-05 05:44:40,2026-09-15 05:44:40
SRC_ADDRESS_B002_000001436,A00065273,C0050994,HOME,149 King Street,,Leeds,West Yorkshire,CF23 1AD,GB,Y,2026-09-21 20:52:18,2026-10-25 20:52:18
SRC_ADDRESS_B002_000001437,A00065274,C0050995,HOME,426 Victoria Road,,Liverpool,Merseyside,S50 5AB,GB,Y,2026-09-16 05:28:20,2026-10-17 05:28:20
SRC_ADDRESS_B002_000001438,A00065275,C0050996,HOME,110 Park Avenue,,Leeds,West Yorkshire,L78 4AD,GB,Y,2026-09-22 23:49:52,2026-11-29 23:49:52
SRC_ADDRESS_B002_000001439,A00065276,C0050997,HOME,166 Mill Lane,,Liverpool,Merseyside,EH86 8PR,GB,Y,2026-09-18 18:15:46,2026-09-29 18:15:46
SRC_ADDRESS_B002_000001440,A00065277,C0050998,HOME,30 Market Street,,Edinburgh,Scotland,LS58 3GH,GB,Y,2026-09-28 18:00:22,2026-12-10 18:00:22
SRC_ADDRESS_B002_000001441,A00065278,C0050999,HOME,168 Church Lane,Flat 18,Nottingham,Nottinghamshire,CF52 7DE,GB,Y,2026-09-14 23:41:32,2026-12-09 23:41:32
SRC_ADDRESS_B002_000001442,A00065279,C0050999,SHIPPING,343 Church Lane,,York,North Yorkshire,S41 1AA,GB,N,2026-09-22 23:41:32,2026-12-18 23:41:32
SRC_ADDRESS_B002_000001443,A00065280,C0051000,HOME,385 High Street,,Glasgow,Scotland,L53 4BA,GB,Y,2026-09-16 04:35:57,2026-11-15 04:35:57
SRC_ADDRESS_B002_000001444,A00065281,C0051001,HOME,4 Mill Lane,,London,Greater London,B7 5EF,GB,Y,2026-09-06 08:28:59,2026-09-13 08:28:59
SRC_ADDRESS_B002_000001445,A00065282,C0051002,HOME,380 Green Lane,Flat 1,Glasgow,Scotland,L67 5AA,GB,Y,2026-09-26 03:00:58,2026-09-26 03:00:58
SRC_ADDRESS_B002_000001446,A00065283,C0051003,HOME,220 Station Road,,Glasgow,Scotland,CF22 3GH,GB,Y,2026-09-02 23:41:35,2026-10-20 08:00:04
SRC_ADDRESS_B002_000001447,A00065284,C0051003,SHIPPING,352 Station Road,,Birmingham,West Midlands,BS2 6GH,GB,N,2026-09-26 08:00:04,2026-11-29 08:00:04
SRC_ADDRESS_B002_000001448,A00065285,C0051004,HOME,171 Mill Lane,,Cardiff,Wales,LS83 2PR,GB,Y,2026-09-25 17:35:27,2026-11-07 17:35:27
SRC_ADDRESS_B002_000001449,A00065286,C0051005,HOME,478 King Street,,Glasgow,Scotland,L19 1JK,GB,Y,2026-10-02 05:54:28,2026-10-15 05:54:28
SRC_ADDRESS_B002_000001450,A00065287,C0051006,HOME,313 The Crescent,,Liverpool,Merseyside,NG44 4AA,GB,Y,2026-09-26 00:53:10,2026-11-17 00:53:10
SRC_ADDRESS_B002_000001451,A00065288,C0051006,SHIPPING,441 High Street,,Sheffield,South Yorkshire,S16 8PR,GB,N,2026-09-23 00:53:10,2026-11-16 00:53:10
SRC_ADDRESS_B002_000001452,A00065289,C0051007,HOME,487 King Street,,York,North Yorkshire,M75 6JK,GB,Y,2026-09-17 17:30:39,2026-11-09 17:30:39
SRC_ADDRESS_B002_000001453,A00065290,C0051008,HOME,113 Church Lane,,Nottingham,Nottinghamshire,BS50 8AB,GB,Y,2026-09-14 01:51:30,2026-09-19 01:51:30
SRC_ADDRESS_B002_000001454,A00065291,C0051009,HOME,170 Church Lane,,Sheffield,South Yorkshire,B61 1JK,GB,Y,2026-03-07 02:50:30,2026-09-26 18:45:57
SRC_ADDRESS_B002_000001455,A00065292,C0051010,HOME,351 High Street,,Nottingham,Nottinghamshire,YO58 1AA,GB,Y,2026-09-14 05:28:33,2026-12-07 05:28:33
SRC_ADDRESS_B002_000001456,A00065293,C0051010,SHIPPING,491 The Crescent,,Sheffield,South Yorkshire,NG68 4JK,GB,N,2026-09-23 05:28:33,2026-09-24 05:28:33
SRC_ADDRESS_B002_000001457,A00065294,C0051011,HOME,49 Market Street,,London,Greater London,YO15 5PR,GB,Y,2026-09-06 02:11:25,2026-10-14 02:11:25
SRC_ADDRESS_B002_000001458,A00065295,C0051012,HOME,339 Park Avenue,,Liverpool,Merseyside,BS55 8DE,GB,Y,2026-04-18 17:43:15,2026-11-22 19:41:32
SRC_ADDRESS_B002_000001459,A00065296,C0051013,HOME,417 Green Lane,,Nottingham,Nottinghamshire,NG20 5PR,GB,Y,2026-09-11 23:28:00,2026-11-15 23:28:00
SRC_ADDRESS_B002_000001460,A00065297,C0051014,HOME,82 The Crescent,,Nottingham,Nottinghamshire,S70 7PR,GB,Y,2026-09-15 22:45:48,2026-11-29 22:45:48
SRC_ADDRESS_B002_000001461,A00065298,C0051014,SHIPPING,125 Victoria Road,,Bristol,Bristol,LS52 7AB,GB,N,2026-09-28 22:45:48,2026-12-14 22:45:48
SRC_ADDRESS_B002_000001462,A00065299,C0051015,HOME,229 Park Avenue,,York,North Yorkshire,BS66 7BA,GB,Y,2026-09-25 19:52:11,2026-10-05 19:52:11
SRC_ADDRESS_B002_000001463,A00065300,C0051016,HOME,308 King Street,Flat 2,Liverpool,Merseyside,LS59 3JK,GB,Y,2026-09-29 19:43:37,2026-10-09 19:43:37
SRC_ADDRESS_B002_000001464,A00065301,C0051017,HOME,77 Green Lane,,Glasgow,Scotland,L97 7EF,GB,Y,2026-09-28 19:43:15,2026-11-16 19:43:15
SRC_ADDRESS_B002_000001465,A00065302,C0051018,HOME,435 Queens Road,,Manchester,Greater Manchester,M38 8JK,GB,Y,2026-09-22 12:25:43,2026-11-12 12:25:43
SRC_ADDRESS_B002_000001466,A00065303,C0051019,HOME,306 The Crescent,,Nottingham,Nottinghamshire,CF42 4PR,GB,Y,2026-09-22 21:07:04,2026-10-08 21:07:04
SRC_ADDRESS_B002_000001467,A00065304,C0051020,HOME,88 Mill Lane,,Sheffield,South Yorkshire,YO49 6BD,GB,Y,2026-09-28 06:42:28,2026-10-11 06:42:28
SRC_ADDRESS_B002_000001468,A00065305,C0051021,HOME,228 Park Avenue,Flat 1,Cardiff,Wales,G55 7AA,GB,Y,2026-09-15 19:26:56,2026-11-04 19:26:56
SRC_ADDRESS_B002_000001469,A00065306,C0051022,HOME,162 Station Road,,Birmingham,West Midlands,YO72 3AA,GB,Y,2026-09-11 04:03:08,2026-11-14 04:03:08
SRC_ADDRESS_B002_000001470,A00065307,C0051022,SHIPPING,5 The Crescent,,Bristol,Bristol,EH2 7GH,GB,N,2026-09-25 04:03:08,2026-12-15 04:03:08
SRC_ADDRESS_B002_000001471,A00065308,C0051023,HOME,370 Park Avenue,Flat 4,London,Greater London,S85 1AD,GB,Y,2026-09-10 10:58:38,2026-09-14 10:58:38
SRC_ADDRESS_B002_000001472,A00065309,C0051023,SHIPPING,346 High Street,,Cardiff,Wales,B68 5PR,GB,N,2026-09-14 10:58:38,2026-11-04 10:58:38
SRC_ADDRESS_B002_000001473,A00065310,C0051024,HOME,336 Green Lane,,Birmingham,West Midlands,LS9 8DE,GB,Y,2026-09-05 03:35:47,2026-10-24 03:35:47
SRC_ADDRESS_B002_000001474,A00065311,C0051025,HOME,79 Green Lane,,Sheffield,South Yorkshire,EH27 7EF,GB,Y,2026-09-06 05:58:44,2026-11-26 05:58:44
SRC_ADDRESS_B002_000001475,A00065312,C0051026,HOME,339 King Street,,Nottingham,Nottinghamshire,NG90 7PR,GB,Y,2026-09-27 01:10:46,2026-12-20 01:10:46
SRC_ADDRESS_B002_000001476,A00065313,C0051027,HOME,385 Victoria Road,,York,North Yorkshire,M91 5GH,GB,Y,2026-09-15 12:58:21,2026-09-18 12:58:21
SRC_ADDRESS_B002_000001477,A00065314,C0051028,HOME,293 Green Lane,,Nottingham,Nottinghamshire,EH94 8PR,GB,Y,2026-09-06 06:25:31,2026-10-29 06:25:31
SRC_ADDRESS_B002_000001478,A00065315,C0051029,HOME,459 Green Lane,,Manchester,Greater Manchester,NG86 7BA,GB,Y,2026-09-15 15:53:11,2026-09-29 15:53:11
SRC_ADDRESS_B002_000001479,A00065316,C0051030,HOME,463 Green Lane,Flat 25,Edinburgh,Scotland,BS53 5BD, United Kingdom ,Y,2026-09-07 04:52:29,2026-11-03 04:52:29
SRC_ADDRESS_B002_000001480,A00065317,C0051031,HOME,444 Mill Lane,,Sheffield,South Yorkshire,YO50 3EF,GB,Y,2026-09-26 01:54:27,2026-10-15 01:54:27
SRC_ADDRESS_B002_000001481,A00065318,C0051032,HOME,57 Mill Lane,,York,North Yorkshire,BS38 3JK,GB,Y,2026-09-17 03:43:56,2026-11-10 03:43:56
SRC_ADDRESS_B002_000001482,A00065319,C0051032,SHIPPING,416 King Street,,Manchester,Greater Manchester,NG79 1AD,GB,N,2026-09-13 03:43:56,2026-11-19 03:43:56
SRC_ADDRESS_B002_000001483,A00065320,C0051033,HOME,320 Station Road,,Cardiff,Wales,G26 1EF,GB,Y,2026-09-22 01:33:54,2026-11-23 01:33:54
SRC_ADDRESS_B002_000001484,A00065321,C0051034,HOME,467 Green Lane,,Edinburgh,Scotland,M41 3PR,GB,Y,2026-09-29 00:38:21,2026-10-12 00:38:21
SRC_ADDRESS_B002_000001485,A00065322,C0051034,SHIPPING,290 Church Lane,,Bristol,Bristol,M85 5EF,GB,N,2026-09-29 00:38:21,2026-11-27 00:38:21
SRC_ADDRESS_B002_000001486,A00065323,C0051035,HOME,405 Queens Road,,Manchester,Greater Manchester,G47 3AB,GB,Y,2026-09-26 06:59:16,2026-10-01 06:59:16
SRC_ADDRESS_B002_000001487,A00065324,C0051035,SHIPPING,378 Park Avenue,,Leeds,West Yorkshire,B15 2BD,GB,N,2026-09-25 06:59:16,2026-12-12 06:59:16
SRC_ADDRESS_B002_000001488,A00065325,C0051036,HOME,288 Mill Lane,,Cardiff,Wales,CF90 4EF,GB,Y,2026-09-26 12:32:03,2026-12-05 12:32:03
SRC_ADDRESS_B002_000001489,A00065326,C0051037,HOME,337 Station Road,,Nottingham,Nottinghamshire,M36 8EF,GB,Y,2026-06-30 08:04:30,2026-12-10 21:53:21
SRC_ADDRESS_B002_000001490,A00065327,C0051037,SHIPPING,32 Park Avenue,,Manchester,Greater Manchester,LS58 7DE,GB,N,2026-09-06 21:53:21,2026-10-08 21:53:21
SRC_ADDRESS_B002_000001491,A00065328,C0051038,HOME,212 Queens Road,Flat 24,Edinburgh,Scotland,BS43 1DE,GB,Y,2026-09-24 18:46:51,2026-12-18 18:46:51
SRC_ADDRESS_B002_000001492,A00065329,C0051038,SHIPPING,118 Church Lane,,Liverpool,Merseyside,S23 5GH,GB,N,2026-09-07 18:46:51,2026-11-14 18:46:51
SRC_ADDRESS_B002_000001493,A00065330,C0051039,HOME,208 High Street,,Glasgow,Scotland,G56 8DE,GB,Y,2026-09-25 13:40:44,2026-10-25 13:40:44
SRC_ADDRESS_B002_000001494,A00065331,C0051040,HOME,377 Green Lane,,Birmingham,West Midlands,B13 8PR,GB,Y,2026-09-26 21:26:39,2026-11-22 21:26:39
SRC_ADDRESS_B002_000001495,A00065332,C0051041,HOME,494 King Street,,Bristol,Bristol,S87 6AB,GB,Y,2026-09-09 17:50:56,2026-11-13 17:50:56
SRC_ADDRESS_B002_000001496,A00065333,C0051042,HOME,498 Mill Lane,,Sheffield,South Yorkshire,YO38 4DE,GB,Y,2026-09-01 23:41:39,2026-09-10 07:20:28
SRC_ADDRESS_B002_000001497,A00065334,C0051042,SHIPPING,27 Bridge Street,Flat 9,York,North Yorkshire,G39 5BA,GB,N,2026-09-28 07:20:28,2026-11-27 07:20:28
SRC_ADDRESS_B002_000001498,A00065335,C0051043,HOME,224 Market Street,,Sheffield,South Yorkshire,BS75 4JK,GB,Y,2026-09-20 18:03:44,2026-10-13 18:03:44
SRC_ADDRESS_B002_000001499,A00065336,C0051044,HOME,213 Green Lane,,Nottingham,Nottinghamshire,LS39 2EF,GB,Y,2026-09-15 01:52:19,2026-10-10 01:52:19
SRC_ADDRESS_B002_000001500,A00065337,C0051044,SHIPPING,299 Green Lane,,Sheffield,South Yorkshire,LS24 2GH,GB,N,2026-09-07 01:52:19,2026-10-20 01:52:19
SRC_ADDRESS_B002_000001501,A00065338,C0051045,HOME,105 Park Avenue,,Leeds,West Yorkshire,LS22 7GH,GB,Y,2026-10-01 14:51:22,2026-11-16 14:51:22
SRC_ADDRESS_B002_000001502,A00065339,C0051046,HOME,3 Victoria Road,,Nottingham,Nottinghamshire,NG2 3BA,GB,Y,2026-09-05 06:33:47,2026-10-27 06:33:47
SRC_ADDRESS_B002_000001503,A00065340,C0051047,HOME,366 Park Avenue,,York,North Yorkshire,BS37 4BD,GB,Y,2026-09-18 03:14:45,2026-09-26 03:14:45
SRC_ADDRESS_B002_000001504,A00065341,C0051048,HOME,118 King Street,,Birmingham,West Midlands,CF45 2DE,GB,Y,2026-09-08 16:28:23,2026-09-15 16:28:23
SRC_ADDRESS_B002_000001505,A00065342,C0051049,HOME,244 Station Road,,Birmingham,West Midlands,S8 6AB,GB,Y,2026-09-22 07:44:55,2026-11-12 07:44:55
SRC_ADDRESS_B002_000001506,A00065343,C0051049,SHIPPING,233 Mill Lane,,Leeds,West Yorkshire,L28 8JK,GB,N,2026-09-14 07:44:55,2026-11-23 07:44:55
SRC_ADDRESS_B002_000001507,A00065344,C0051050,HOME,191 Queens Road,,Glasgow,Scotland,YO51 8PR,GB,Y,2026-10-01 19:51:06,2026-10-21 19:51:06
SRC_ADDRESS_B002_000001508,A00065345,C0051051,HOME,150 Victoria Road,,Glasgow,Scotland,M86 1DE,GB,Y,2026-09-18 22:40:31,2026-11-28 22:40:31
SRC_ADDRESS_B002_000001509,A00065346,C0051052,HOME,201 High Street,,Sheffield,South Yorkshire,YO36 8DE,GB,Y,2026-09-04 11:26:06,2026-09-04 11:26:06
SRC_ADDRESS_B002_000001510,A00065347,C0051052,SHIPPING,445 Church Lane,,London,Greater London,EH61 5BD,GB,N,2026-09-26 11:26:06,2026-11-23 11:26:06
SRC_ADDRESS_B002_000001511,A00065348,C0051053,HOME,203 Green Lane,,Bristol,Bristol,BS22 8AD,GB,Y,2026-09-11 07:13:21,2026-11-11 07:13:21
SRC_ADDRESS_B002_000001512,A00065349,C0051054,HOME,222 Bridge Street,,Manchester,Greater Manchester,BS44 5BA,GB,Y,2026-09-20 18:08:28,2026-10-01 18:08:28
SRC_ADDRESS_B002_000001513,A00065350,C0051054,SHIPPING,65 High Street,,Cardiff,Wales,G29 5EF,GB,N,2026-09-11 18:08:28,2026-10-28 18:08:28
SRC_ADDRESS_B002_000001514,A00065351,C0051055,HOME,394 Station Road,,Manchester,Greater Manchester,LS27 2DE,GB,Y,2026-09-15 16:06:18,2026-10-11 16:06:18
SRC_ADDRESS_B002_000001515,A00065352,C0051056,HOME,450 High Street,,Birmingham,West Midlands,G70 1EF,GB,Y,2026-09-18 01:54:00,2026-11-16 01:54:00
SRC_ADDRESS_B002_000001516,A00065353,C0051057,HOME,239 High Street,,Bristol,Bristol,S44 6JK,GB,Y,2026-07-11 07:10:30,2026-12-06 07:01:46
SRC_ADDRESS_B002_000001517,A00065354,C0051057,SHIPPING,385 Church Lane,,Birmingham,West Midlands,L12 5DE,GB,N,2026-09-05 07:01:46,2026-10-30 07:01:46
SRC_ADDRESS_B002_000001518,A00065355,C0051058,HOME,367 Park Avenue,,Leeds,West Yorkshire,L78 2EF,GB,Y,2026-09-21 17:12:33,2026-10-23 17:12:33
SRC_ADDRESS_B002_000001519,A00065356,C0051058,SHIPPING,456 Green Lane,,Liverpool,Merseyside,EH97 6DE,GB,N,2026-09-15 17:12:33,2026-11-24 17:12:33
SRC_ADDRESS_B002_000001520,A00065357,C0051059,HOME,141 Bridge Street,,York,North Yorkshire,G93 8AD,GB,Y,2026-09-12 02:37:31,2026-09-19 02:37:31
SRC_ADDRESS_B002_000001521,A00065358,C0051060,HOME,377 King Street,,Sheffield,South Yorkshire,CF65 4BA,GB,Y,2026-09-07 09:33:37,2026-09-29 09:33:37
SRC_ADDRESS_B002_000001522,A00065359,C0051060,SHIPPING,359 King Street,,Bristol,Bristol,NG16 4AD,GB,N,2026-09-08 09:33:37,2026-10-04 09:33:37
SRC_ADDRESS_B002_000001523,A00065360,C0051061,HOME,258 Park Avenue,,Liverpool,Merseyside,LS74 5DE,GB,Y,2026-09-11 11:16:40,2026-12-01 11:16:40
SRC_ADDRESS_B002_000001524,A00065361,C0051062,HOME,179 High Street,,York,North Yorkshire,BS58 5JK,GB,Y,2026-09-08 14:55:49,2026-10-19 14:55:49
SRC_ADDRESS_B002_000001525,A00065362,C0051062,SHIPPING,273 Market Street,,London,Greater London,LS62 4AD,GB,N,2026-09-26 14:55:49,2026-10-17 14:55:49
SRC_ADDRESS_B002_000001526,A00065363,C0051063,HOME,39 High Street,Flat 9,Liverpool,Merseyside,EH1 1BD,GB,Y,2026-09-09 01:52:53,2026-10-29 01:52:53
SRC_ADDRESS_B002_000001527,A00065364,C0051064,HOME,466 Victoria Road,,Cardiff,Wales,YO46 5JK,GB,Y,2026-09-02 11:29:31,2026-10-28 11:29:31
SRC_ADDRESS_B002_000001528,A00065365,C0051065,HOME,156 Church Lane,,Liverpool,Merseyside,NG89 5BD,GB,Y,2026-09-08 20:15:25,2026-10-29 20:15:25
SRC_ADDRESS_B002_000001529,A00065366,C0051065,SHIPPING,172 Green Lane,,Nottingham,Nottinghamshire,NG18 7JK,GB,N,2026-09-10 20:15:25,2026-10-11 20:15:25
SRC_ADDRESS_B002_000001530,A00065367,C0051066,HOME,428 Bridge Street,Flat 13,Bristol,Bristol,NG88 7BA,GB,Y,2026-09-17 13:46:38,2026-09-21 13:46:38
SRC_ADDRESS_B002_000001531,A00065368,C0051066,SHIPPING,101 Mill Lane,,York,North Yorkshire,BS68 8BA,GB,N,2026-09-23 13:46:38,2026-10-31 13:46:38
SRC_ADDRESS_B002_000001532,A00065369,C0051067,HOME,247 High Street,,Liverpool,Merseyside,EH10 7AD,GB,Y,2026-09-06 13:28:02,2026-09-30 13:28:02
SRC_ADDRESS_B002_000001533,A00065370,C0051067,SHIPPING,41 The Crescent,,Birmingham,West Midlands,B56 3AB,GB,N,2026-09-29 13:28:02,2026-09-30 13:28:02
SRC_ADDRESS_B002_000001534,A00065371,C0051068,HOME,71 Queens Road,,York,North Yorkshire,LS42 6AA,GB,Y,2026-09-12 04:28:38,2026-11-06 04:28:38
SRC_ADDRESS_B002_000001535,A00065372,C0051069,HOME,447 Station Road,,York,North Yorkshire,G63 1AD,GB,Y,2026-09-14 21:29:38,2026-10-20 21:29:38
SRC_ADDRESS_B002_000001536,A00065373,C0051069,SHIPPING,281 Victoria Road,,Nottingham,Nottinghamshire,EH28 3GH,GB,N,2026-09-20 21:29:38,2026-10-19 21:29:38
SRC_ADDRESS_B002_000001537,A00065374,C0051070,HOME,359 Church Lane,Flat 31,Bristol,Bristol,YO81 6EF,GB,Y,2026-09-07 16:21:16,2026-10-05 16:21:16
SRC_ADDRESS_B002_000001538,A00065375,C0051070,SHIPPING,270 Church Lane,,Nottingham,Nottinghamshire,M33 2EF,GB,N,2026-09-09 16:21:16,2026-11-18 16:21:16
SRC_ADDRESS_B002_000001539,A00065376,C0051071,HOME,499 Station Road,,Nottingham,Nottinghamshire,L63 8AA,GB,Y,2026-09-26 00:14:24,2026-10-11 00:14:24
SRC_ADDRESS_B002_000001540,A00065377,C0051072,HOME,333 High Street,,Cardiff,Wales,LS31 1AB,GB,Y,2026-09-02 23:50:02,2026-10-25 22:56:08
SRC_ADDRESS_B002_000001541,A00065378,C0051073,HOME,363 Bridge Street,,Leeds,West Yorkshire,LS88 5DE,GB,Y,2026-09-03 21:45:02,2026-11-06 14:25:32
SRC_ADDRESS_B002_000001542,A00065379,C0051073,SHIPPING,32 High Street,,Cardiff,Wales,EH19 3EF,GB,N,2026-09-30 14:25:32,2026-10-30 14:25:32
SRC_ADDRESS_B002_000001543,A00065380,C0051074,HOME,76 Mill Lane,,Sheffield,South Yorkshire,YO64 5GH,GB,Y,2026-09-13 12:20:00,2026-11-08 12:20:00
SRC_ADDRESS_B002_000001544,A00065381,C0051075,HOME,294 Victoria Road,,Edinburgh,Scotland,L84 7AD,GB,Y,2026-09-27 16:39:45,2026-11-07 16:39:45
SRC_ADDRESS_B002_000001545,A00065382,C0051075,SHIPPING,448 Station Road,,Sheffield,South Yorkshire,EH40 8GH,GB,N,2026-09-24 16:39:45,2026-12-04 16:39:45
SRC_ADDRESS_B002_000001546,A00065383,C0051076,HOME,292 Victoria Road,,Sheffield,South Yorkshire,S97 6BD,GB,Y,2026-09-17 07:02:46,2026-11-21 07:02:46
SRC_ADDRESS_B002_000001547,A00065384,C0051077,HOME,41 King Street,Flat 21,Birmingham,West Midlands,EH84 3JK,GB,Y,2026-10-01 06:19:45,2026-11-20 06:19:45
SRC_ADDRESS_B002_000001548,A00065385,C0051077,SHIPPING,54 Market Street,,Nottingham,Nottinghamshire,S32 3AD,GB,N,2026-09-03 06:19:45,2026-11-26 06:19:45
SRC_ADDRESS_B002_000001549,A00065386,C0051078,HOME,60 Mill Lane,Flat 10,York,North Yorkshire,YO78 3JK,GB,Y,2026-09-11 21:20:04,2026-09-15 21:20:04
SRC_ADDRESS_B002_000001550,A00065387,C0051079,HOME,283 King Street,,London,Greater London,L16 3JK,GB,Y,2026-09-22 07:00:44,2026-11-25 07:00:44
SRC_ADDRESS_B002_000001551,A00065388,C0051079,SHIPPING,278 Green Lane,,London,Greater London,M52 7JK,GB,N,2026-09-13 07:00:44,2026-12-11 07:00:44
SRC_ADDRESS_B002_000001552,A00065389,C0051080,HOME,387 Victoria Road,,Manchester,Greater Manchester,S45 3EF,GB,Y,2026-08-06 08:05:20,2026-11-13 08:32:09
SRC_ADDRESS_B002_000001553,A00065390,C0051081,HOME,115 Market Street,Flat 31,Liverpool,Merseyside,BS87 4PR,GB,Y,2026-09-03 04:14:01,2026-11-06 04:14:01
SRC_ADDRESS_B002_000001554,A00065391,C0051082,HOME,36 Queens Road,,Sheffield,South Yorkshire,S1 8PR,GB,Y,2026-09-04 16:34:23,2026-10-25 16:34:23
SRC_ADDRESS_B002_000001555,A00065392,C0051082,SHIPPING,201 Church Lane,,Birmingham,West Midlands,YO25 1DE,GB,N,2026-09-02 16:34:23,2026-09-28 16:34:23
SRC_ADDRESS_B002_000001556,A00065393,C0051083,HOME,37 Church Lane,,Edinburgh,Scotland,S29 1BA,GB,Y,2026-09-10 11:02:55,2026-10-24 11:02:55
SRC_ADDRESS_B002_000001557,A00065394,C0051084,HOME,341 Bridge Street,,Cardiff,Wales,S87 6JK,GB,Y,2026-09-19 02:28:41,2026-12-15 02:28:41
SRC_ADDRESS_B002_000001558,A00065395,C0051085,HOME,157 King Street,,Nottingham,Nottinghamshire,EH8 2GH,GB,Y,2026-09-29 23:22:01,2026-12-09 23:22:01
SRC_ADDRESS_B002_000001559,A00065396,C0051086,HOME,5 Mill Lane,,Sheffield,South Yorkshire,L16 4AB,GB,Y,2026-04-09 23:10:06,2026-11-17 21:45:46
SRC_ADDRESS_B002_000001560,A00065397,C0051087,HOME,111 Mill Lane,Flat 15,Leeds,West Yorkshire,CF78 4GH,GB,Y,2026-09-11 21:57:26,2026-09-25 21:57:26
SRC_ADDRESS_B002_000001561,A00065398,C0051088,HOME,11 High Street,,Edinburgh,Scotland,LS65 7JK,GB,Y,2026-09-21 22:44:59,2026-12-06 22:44:59
SRC_ADDRESS_B002_000001562,A00065399,C0051089,HOME,324 Queens Road,Flat 19,Bristol,Bristol,LS59 3PR,GB,Y,2026-09-03 08:08:20,2026-11-02 07:57:40
SRC_ADDRESS_B002_000001563,A00065400,C0051090,HOME,458 King Street,,Cardiff,Wales,EH41 7AD,GB,Y,2026-09-04 08:55:21,2026-10-17 08:55:21
SRC_ADDRESS_B002_000001564,A00065401,C0051091,HOME,175 The Crescent,,Sheffield,South Yorkshire,LS81 6EF,GB,Y,2026-09-06 14:04:23,2026-10-29 14:04:23
SRC_ADDRESS_B002_000001565,A00065402,C0051092,HOME,264 Green Lane,,Sheffield,South Yorkshire,L86 7AD,GB,Y,2026-09-03 15:17:51,2026-09-28 12:37:14
SRC_ADDRESS_B002_000001566,A00065403,C0051092,SHIPPING,333 King Street,,Birmingham,West Midlands,S76 6DE,GB,N,2026-09-03 15:45:30,2026-10-23 12:37:14
SRC_ADDRESS_B002_000001567,A00065404,C0051093,HOME,338 Station Road,,Nottingham,Nottinghamshire,BS68 5GH,GB,Y,2026-02-27 20:44:54,2026-10-01 10:22:34
SRC_ADDRESS_B002_000001568,A00065405,C0051094,HOME,244 Market Street,Flat 3,Glasgow,Scotland,LS93 1DE,GB,Y,2026-09-13 21:51:44,2026-09-24 21:51:44
SRC_ADDRESS_B002_000001569,A00065406,C0051095,HOME,379 Market Street,,Manchester,Greater Manchester,S59 5DE,GB,Y,2026-09-24 18:32:41,2026-12-14 18:32:41
SRC_ADDRESS_B002_000001570,A00065407,C0051096,HOME,306 King Street,,Liverpool,Merseyside,NG66 3BD,GB,Y,2026-09-26 13:35:43,2026-10-23 13:35:43
SRC_ADDRESS_B002_000001571,A00065408,C0051096,SHIPPING,177 Victoria Road,,Cardiff,Wales,S56 4DE,GB,N,2026-09-16 13:35:43,2026-11-29 13:35:43
SRC_ADDRESS_B002_000001572,A00065409,C0051097,HOME,383 Market Street,,Bristol,Bristol,S8 7EF,GB,Y,2026-09-18 13:36:39,2026-10-02 13:36:39
SRC_ADDRESS_B002_000001573,A00065410,C0051097,SHIPPING,155 Victoria Road,,Sheffield,South Yorkshire,NG68 3GH,GB,N,2026-09-11 13:36:39,2026-12-04 13:36:39
SRC_ADDRESS_B002_000001574,A00065411,C0051098,HOME,132 Victoria Road,,Cardiff,Wales,S62 6GH,GB,Y,2026-09-27 20:38:18,2026-12-03 20:38:18
SRC_ADDRESS_B002_000001575,A00065412,C0051099,HOME,210 Park Avenue,,Manchester,Greater Manchester,LS76 8PR,GB,Y,2026-09-21 04:11:51,2026-11-23 04:11:51
SRC_ADDRESS_B002_000001576,A00065413,C0051100,HOME,330 Market Street,,Bristol,Bristol,EH45 1BA,GB,Y,2026-09-19 17:22:39,2026-10-02 17:22:39
SRC_ADDRESS_B002_000001577,A00065414,C0051100,SHIPPING,232 Mill Lane,,Manchester,Greater Manchester,CF42 2AD,GB,N,2026-09-23 17:22:39,2026-10-31 17:22:39
SRC_ADDRESS_B002_000001578,A00065415,C0051101,HOME,488 Bridge Street,Flat 8,Nottingham,Nottinghamshire,BS43 1JK,GB,Y,2026-10-02 16:16:24,2026-10-16 16:16:24
SRC_ADDRESS_B002_000001579,A00065416,C0051101,SHIPPING,116 Green Lane,,Glasgow,Scotland,CF57 2AA,GB,N,2026-09-14 16:16:24,2026-12-11 16:16:24
SRC_ADDRESS_B002_000001580,A00065417,C0051102,HOME,283 Green Lane,,Bristol,Bristol,S55 1AD,GB,Y,2026-09-12 06:03:35,2026-11-01 06:03:35
SRC_ADDRESS_B002_000001581,A00065418,C0051103,HOME,287 High Street,,Edinburgh,Scotland,NG98 4AD,GB,Y,2026-09-06 16:28:22,2026-11-24 16:28:22
SRC_ADDRESS_B002_000001582,A00065419,C0051104,HOME,268 The Crescent,,Bristol,Bristol,CF61 7BD,GB,Y,2026-09-12 12:34:10,2026-11-19 12:34:10
SRC_ADDRESS_B002_000001583,A00065420,C0051104,SHIPPING,200 Victoria Road,,Cardiff,Wales,L2 8AA,GB,N,2026-09-16 12:34:10,2026-09-23 12:34:10
SRC_ADDRESS_B002_000001584,A00065421,C0051105,HOME,148 Station Road,,Edinburgh,Scotland,M26 8DE,GB,Y,2026-09-06 04:58:08,2026-10-20 04:58:08
SRC_ADDRESS_B002_000001585,A00065422,C0051106,HOME,43 High Street,,Edinburgh,Scotland,LS22 5BA,GB,Y,2026-09-16 12:34:49,2026-11-24 12:34:49
SRC_ADDRESS_B002_000001586,A00065423,C0051106,SHIPPING,125 The Crescent,,Cardiff,Wales,L20 4BD,GB,N,2026-09-14 12:34:49,2026-12-08 12:34:49
SRC_ADDRESS_B002_000001587,A00065424,C0051107,HOME,315 High Street,,Bristol,Bristol,M89 3AA,GB,Y,2026-09-09 12:35:41,2026-11-28 12:35:41
SRC_ADDRESS_B002_000001588,A00065425,C0051108,HOME,77 Bridge Street,Flat 4,York,North Yorkshire,B33 1GH,GB,Y,2026-09-10 05:36:32,2026-10-26 05:36:32
SRC_ADDRESS_B002_000001589,A00065426,C0051109,HOME,143 Victoria Road,Flat 33,Manchester,Greater Manchester,YO30 3BA,GB,Y,2026-09-18 02:13:38,2026-11-26 02:13:38
SRC_ADDRESS_B002_000001590,A00065427,C0051110,HOME,181 Station Road,,Nottingham,Nottinghamshire,B16 4DE,GB,Y,2026-09-03 20:44:49,2026-09-18 20:44:49
SRC_ADDRESS_B002_000001591,A00065428,C0051111,HOME,167 Queens Road,,Bristol,Bristol,CF50 7AD,GB,Y,2026-09-11 06:40:38,2026-12-02 06:40:38
SRC_ADDRESS_B002_000001592,A00065429,C0051112,HOME,153 Green Lane,Flat 23,Edinburgh,Scotland,L7 5EF,GB,Y,2026-09-12 12:09:52,2026-11-27 12:09:52
SRC_ADDRESS_B002_000001593,A00065430,C0051112,SHIPPING,421 The Crescent,,Edinburgh,Scotland,EH1 1GH,GB,N,2026-09-16 12:09:52,2026-11-21 12:09:52
SRC_ADDRESS_B002_000001594,A00065431,C0051113,HOME,237 Station Road,,Sheffield,South Yorkshire,M46 4EF,GB,Y,2026-09-15 22:14:51,2026-11-19 22:14:51
SRC_ADDRESS_B002_000001595,A00065432,C0051114,HOME,288 Market Street,,Bristol,Bristol,CF3 5AA,GB,Y,2026-09-30 06:37:58,2026-10-22 06:37:58
SRC_ADDRESS_B002_000001596,A00065433,C0051115,HOME,315 High Street,,York,North Yorkshire,EH64 2DE,GB,Y,2026-09-03 01:30:52,2026-10-08 01:30:52
SRC_ADDRESS_B002_000001597,A00065434,C0051116,HOME,54 Station Road,,Leeds,West Yorkshire,G46 8PR,GB,Y,2026-09-02 10:45:06,2026-11-29 23:25:34
SRC_ADDRESS_B002_000001598,A00065435,C0051116,SHIPPING,181 Bridge Street,,Glasgow,Scotland,S81 6DE,GB,N,2026-09-05 23:25:34,2026-11-10 23:25:34
SRC_ADDRESS_B002_000001599,A00065436,C0051117,HOME,19 High Street,,Glasgow,Scotland,YO19 2AB,GB,Y,2026-09-03 11:10:17,2026-10-07 08:05:24
SRC_ADDRESS_B002_000001600,A00065437,C0051117,SHIPPING,97 Station Road,,York,North Yorkshire,S14 1AB,GB,N,2026-10-01 08:05:24,2026-10-09 08:05:24
SRC_ADDRESS_B002_000001601,A00065438,C0051118,HOME,112 High Street,,Nottingham,Nottinghamshire,M49 6BD,GB,Y,2026-09-11 00:25:53,2026-10-19 00:25:53
SRC_ADDRESS_B002_000001602,A00065439,C0051119,HOME,279 King Street,,Liverpool,Merseyside,YO10 6AB,GB,Y,2026-09-09 05:56:05,2026-11-10 05:56:05
SRC_ADDRESS_B002_000001603,A00065440,C0051120,HOME,266 Church Lane,,Leeds,West Yorkshire,CF4 5JK,GB,Y,2026-09-04 20:26:06,2026-11-10 20:26:06
SRC_ADDRESS_B002_000001604,A00065441,C0051121,HOME,366 Park Avenue,,Manchester,Greater Manchester,EH97 2BD,GB,Y,2026-09-20 10:20:52,2026-12-05 10:20:52
SRC_ADDRESS_B002_000001605,A00065442,C0051121,SHIPPING,119 Market Street,,Leeds,West Yorkshire,M87 2EF,GB,N,2026-09-10 10:20:52,2026-11-24 10:20:52
SRC_ADDRESS_B002_000001606,A00065443,C0051122,HOME,348 Church Lane,Flat 3,Manchester,Greater Manchester,LS44 7DE,GB,Y,2026-09-11 09:42:57,2026-09-27 09:42:57
SRC_ADDRESS_B002_000001607,A00065444,C0051123,HOME,334 Queens Road,,Glasgow,Scotland,NG62 8BD,GB,Y,2026-09-18 13:40:21,2026-11-28 13:40:21
SRC_ADDRESS_B002_000001608,A00065445,C0051124,HOME,123 Church Lane,Flat 21,York,North Yorkshire,YO50 1GH,GB,Y,2026-09-13 12:21:38,2026-11-10 12:21:38
SRC_ADDRESS_B002_000001609,A00065446,C0051124,SHIPPING,474 Queens Road,,Glasgow,Scotland,YO75 5GH,GB,N,2026-09-21 12:21:38,2026-12-05 12:21:38
SRC_ADDRESS_B002_000001610,A00065447,C0051125,HOME,168 King Street,,Birmingham,West Midlands,BS71 7AD,GB,Y,2026-09-15 05:21:25,2026-10-19 05:21:25
SRC_ADDRESS_B002_000001611,A00065448,C0051126,HOME,486 Queens Road,,London,Greater London,EH89 7BD,GB,Y,2026-09-08 02:50:32,2026-11-21 02:50:32
SRC_ADDRESS_B002_000001612,A00065449,C0051127,HOME,38 Victoria Road,,Liverpool,Merseyside,YO67 1JK,GB,Y,2026-09-17 00:49:09,2026-10-26 00:49:09
SRC_ADDRESS_B002_000001613,A00065450,C0051128,HOME,74 Market Street,,Glasgow,Scotland,B87 3PR,GB,Y,2026-09-04 02:40:45,2026-11-09 02:40:45
SRC_ADDRESS_B002_000001614,A00065451,C0051128,SHIPPING,430 The Crescent,,Edinburgh,Scotland,EH78 5BD,GB,N,2026-09-08 02:40:45,2026-10-23 02:40:45
SRC_ADDRESS_B002_000001615,A00065452,C0051129,HOME,350 Station Road,,Leeds,West Yorkshire,B18 4AD,GB,Y,2026-09-15 08:15:59,2026-09-27 08:15:59
SRC_ADDRESS_B002_000001616,A00065453,C0051130,HOME,289 Queens Road,,Liverpool,Merseyside,M3 7AB,GB,Y,2026-04-18 11:01:20,2026-12-10 17:38:55
SRC_ADDRESS_B002_000001617,A00065454,C0051131,HOME,341 Park Avenue,,Cardiff,Wales,B73 5PR,GB,Y,2026-09-29 03:24:51,2026-12-11 03:24:51
SRC_ADDRESS_B002_000001618,A00065455,C0051132,HOME,374 Church Lane,,York,North Yorkshire,YO82 8AB,GB,Y,2026-09-15 21:19:57,2026-10-25 21:19:57
SRC_ADDRESS_B002_000001619,A00065456,C0051133,HOME,124 Green Lane,,London,Greater London,B6 2GH,GB,Y,2026-09-03 05:34:08,2026-12-03 12:32:10
SRC_ADDRESS_B002_000001620,A00065457,C0051133,SHIPPING,411 King Street,,Cardiff,Wales,NG59 3AB,GB,N,2026-09-18 12:32:10,2026-11-17 12:32:10
SRC_ADDRESS_B002_000001621,A00065458,C0051134,HOME,490 Station Road,,Edinburgh,Scotland,LS12 4AB,GB,Y,2026-09-01 18:02:07,2026-09-15 18:02:07
SRC_ADDRESS_B002_000001622,A00065459,C0051135,HOME,95 High Street,Flat 11,Manchester,Greater Manchester,CF75 8AB,GB,Y,2026-04-13 08:31:06,2026-11-25 12:25:20
SRC_ADDRESS_B002_000001623,A00065460,C0051136,HOME,482 Victoria Road,,Edinburgh,Scotland,EH68 3PR,GB,Y,2026-09-03 08:51:38,2026-11-30 02:05:21
SRC_ADDRESS_B002_000001624,A00065461,C0051137,HOME,281 Queens Road,,Edinburgh,Scotland,M40 2AD,GB,Y,2026-09-03 05:22:41,2026-09-14 02:24:05
SRC_ADDRESS_B002_000001625,A00065462,C0051138,HOME,109 Church Lane,,Manchester,Greater Manchester,S31 4EF,GB,Y,2026-09-03 01:41:00,2026-11-19 01:41:00
SRC_ADDRESS_B002_000001626,A00065463,C0051139,HOME,431 King Street,,London,Greater London,B37 1GH,GB,Y,2026-10-01 09:59:17,2026-10-26 09:59:17
SRC_ADDRESS_B002_000001627,A00065464,C0051140,HOME,326 Market Street,,Birmingham,West Midlands,CF52 6AA,GB,Y,2026-09-02 11:44:50,2026-10-13 06:54:21
SRC_ADDRESS_B002_000001628,A00065465,C0051140,SHIPPING,206 King Street,,Edinburgh,Scotland,L75 5GH,GB,N,2026-09-08 06:54:21,2026-10-07 06:54:21
SRC_ADDRESS_B002_000001629,A00065466,C0051141,HOME,31 Station Road,,Glasgow,Scotland,B95 1BA,GB,Y,2026-09-09 17:28:53,2026-11-09 17:28:53
SRC_ADDRESS_B002_000001630,A00065467,C0051142,HOME,53 Park Avenue,,Edinburgh,Scotland,M49 5JK,GB,Y,2026-09-02 06:02:48,2026-11-28 05:20:57
SRC_ADDRESS_B002_000001631,A00065468,C0051143,HOME,296 Bridge Street,,London,Greater London,CF7 2AD,GB,Y,2026-09-27 13:23:43,2026-12-03 13:23:43
SRC_ADDRESS_B002_000001632,A00065469,C0051144,HOME,231 Victoria Road,,Manchester,Greater Manchester,CF84 4EF,GB,Y,2026-09-20 07:21:33,2026-09-30 07:21:33
SRC_ADDRESS_B002_000001633,A00065470,C0051145,HOME,41 Market Street,,Edinburgh,Scotland,EH53 6AA,GB,Y,2026-09-28 19:09:11,2026-11-22 19:09:11
SRC_ADDRESS_B002_000001634,A00065471,C0051145,SHIPPING,134 High Street,,Cardiff,Wales,YO75 4BA,GB,N,2026-09-01 19:09:11,2026-09-18 19:09:11
SRC_ADDRESS_B002_000001635,A00065472,C0051146,HOME,162 Station Road,Flat 15,Cardiff,Wales,CF1 5BD,GB,Y,2026-09-30 18:50:30,2026-10-18 18:50:30
SRC_ADDRESS_B002_000001636,A00065473,C0051147,HOME,394 Green Lane,,Edinburgh,Scotland,B60 7BA,GB,Y,2026-09-08 12:56:53,2026-10-02 12:56:53
SRC_ADDRESS_B002_000001637,A00065474,C0051148,HOME,442 Station Road,,Manchester,Greater Manchester,G60 3EF,GB,Y,2026-08-25 04:40:17,2026-11-12 16:02:33
SRC_ADDRESS_B002_000001638,A00065475,C0051149,HOME,223 High Street,,Edinburgh,Scotland,M45 3AD,GB,Y,2026-09-06 15:40:23,2026-10-22 15:40:23
SRC_ADDRESS_B002_000001639,A00065476,C0051149,SHIPPING,475 Market Street,Flat 7,York,North Yorkshire,EH91 4GH,GB,N,2026-09-20 15:40:23,2026-12-07 15:40:23
SRC_ADDRESS_B002_000001640,A00065477,C0051150,HOME,386 The Crescent,,Glasgow,Scotland,BS88 8GH,GB,Y,2026-09-30 18:57:28,2026-10-26 18:57:28
SRC_ADDRESS_B002_000001641,A00065478,C0051151,HOME,124 Mill Lane,,Birmingham,West Midlands,S49 5BA,GB,Y,2026-09-18 08:33:45,2026-09-26 08:33:45
SRC_ADDRESS_B002_000001642,A00065479,C0051151,SHIPPING,94 Park Avenue,,Cardiff,Wales,BS39 6BA,GB,N,2026-09-17 08:33:45,2026-09-23 08:33:45
SRC_ADDRESS_B002_000001643,A00065480,C0051152,HOME,296 Queens Road,,Bristol,Bristol,G65 5AA,GB,Y,2026-09-01 22:19:14,2026-11-18 22:19:14
SRC_ADDRESS_B002_000001644,A00065481,C0051153,HOME,80 Victoria Road,,Sheffield,South Yorkshire,M9 8BA,GB,Y,2026-09-04 05:46:59,2026-11-03 05:46:59
SRC_ADDRESS_B002_000001645,A00065482,C0051154,HOME,224 Green Lane,,Nottingham,Nottinghamshire,LS77 8AD,GB,Y,2026-09-25 02:03:23,2026-10-06 02:03:23
SRC_ADDRESS_B002_000001646,A00065483,C0051155,HOME,384 Station Road,,Sheffield,South Yorkshire,M6 2BA,GB,Y,2026-09-12 12:46:58,2026-11-11 12:46:58
SRC_ADDRESS_B002_000001647,A00065484,C0051156,HOME,287 King Street,,Bristol,Bristol,B10 3BD,GB,Y,2026-09-22 02:14:29,2026-11-12 02:14:29
SRC_ADDRESS_B002_000001648,A00065485,C0051157,HOME,403 Green Lane,,Leeds,West Yorkshire,BS86 7GH,GB,Y,2026-09-21 16:56:22,2026-11-15 16:56:22
SRC_ADDRESS_B002_000001649,A00065486,C0051158,HOME,222 Queens Road,,Birmingham,West Midlands,YO6 4DE,GB,Y,2026-09-19 18:19:08,2026-11-07 18:19:08
SRC_ADDRESS_B002_000001650,A00065487,C0051159,HOME,405 Queens Road,,Birmingham,West Midlands,B43 8AD,GB,Y,2026-09-25 02:36:28,2026-10-22 02:36:28
SRC_ADDRESS_B002_000001651,A00065488,C0051160,HOME,337 Queens Road,Flat 20,Liverpool,Merseyside,BS60 5PR,GB,Y,2026-09-10 07:58:34,2026-09-27 07:58:34
SRC_ADDRESS_B002_000001652,A00065489,C0051161,HOME,338 High Street,Flat 6,Leeds,West Yorkshire,LS9 7PR,GB,Y,2026-09-05 11:46:27,2026-11-07 11:46:27
SRC_ADDRESS_B002_000001653,A00065490,C0051161,SHIPPING,138 Church Lane,,Nottingham,Nottinghamshire,LS75 6PR,GB,N,2026-09-09 11:46:27,2026-10-24 11:46:27
SRC_ADDRESS_B002_000001654,A00065491,C0051162,HOME,20 Queens Road,Flat 23,Cardiff,Wales,L87 7AD,GB,Y,2026-09-26 16:09:10,2026-11-05 16:09:10
SRC_ADDRESS_B002_000001655,A00065492,C0051163,HOME,153 Green Lane,,Leeds,West Yorkshire,CF22 4EF,GB,Y,2026-09-23 05:11:30,2026-12-04 05:11:30
SRC_ADDRESS_B002_000001656,A00065493,C0051164,HOME,451 Bridge Street,,Birmingham,West Midlands,M15 4AA,GB,Y,2026-09-28 15:05:48,2026-12-05 15:05:48
SRC_ADDRESS_B002_000001657,A00065494,C0051164,SHIPPING,53 Church Lane,,Liverpool,Merseyside,B34 2AB,GB,N,2026-09-10 15:05:48,2026-10-27 15:05:48
SRC_ADDRESS_B002_000001658,A00065495,C0051165,HOME,343 Park Avenue,,Glasgow,Scotland,M7 7BD,GB,Y,2026-09-11 19:19:47,2026-12-09 19:19:47
SRC_ADDRESS_B002_000001659,A00065496,C0051166,HOME,345 Market Street,,Manchester,Greater Manchester,L29 3JK,GB,Y,2026-09-21 02:47:47,2026-10-17 02:47:47
SRC_ADDRESS_B002_000001660,A00065497,C0051167,HOME,240 King Street,,Bristol,Bristol,L52 4PR,GB,Y,2026-09-13 22:10:47,2026-12-09 22:10:47
SRC_ADDRESS_B002_000001661,A00065498,C0051167,SHIPPING,75 Green Lane,,York,North Yorkshire,M48 6AB,GB,N,2026-09-08 22:10:47,2026-10-30 22:10:47
SRC_ADDRESS_B002_000001662,A00065499,C0051168,HOME,166 Station Road,,Glasgow,Scotland,NG60 3DE,GB,Y,2025-11-07 02:08:22,2026-11-26 02:48:06
SRC_ADDRESS_B002_000001663,A00065500,C0051169,HOME,336 Park Avenue,,Birmingham,West Midlands,S29 8GH,GB,Y,2026-09-02 23:31:00,2026-10-11 22:15:05
SRC_ADDRESS_B002_000001664,A00065501,C0051170,HOME,430 Green Lane,,Leeds,West Yorkshire,LS80 4BD,GB,Y,2026-09-08 14:17:59,2026-09-20 14:17:59
SRC_ADDRESS_B002_000001665,A00065502,C0051171,HOME,199 Station Road,,Leeds,West Yorkshire,S21 7JK,GB,Y,2026-09-27 00:56:03,2026-11-12 00:56:03
SRC_ADDRESS_B002_000001666,A00065503,C0051172,HOME,91 Market Street,,Bristol,Bristol,NG25 2DE,GB,Y,2026-09-05 11:16:44,2026-09-12 11:16:44
SRC_ADDRESS_B002_000001667,A00065504,C0051173,HOME,148 Queens Road,,Sheffield,South Yorkshire,LS89 8DE,GB,Y,2026-09-30 12:04:05,2026-10-24 12:04:05
SRC_ADDRESS_B002_000001668,A00065505,C0051174,HOME,105 Park Avenue,,Nottingham,Nottinghamshire,B25 1AB,GB,Y,2026-09-03 18:47:04,2026-10-01 19:59:10
SRC_ADDRESS_B002_000001669,A00065506,C0051175,HOME,20 High Street,,Cardiff,Wales,M81 6DE,GB,Y,2026-09-24 04:57:42,2026-11-26 04:57:42
SRC_ADDRESS_B002_000001670,A00065507,C0051176,HOME,181 Queens Road,,Manchester,Greater Manchester,L82 6BA,GB,Y,2026-09-10 00:48:35,2026-11-24 00:48:35
SRC_ADDRESS_B002_000001671,A00065508,C0051176,SHIPPING,244 Market Street,Flat 35,Manchester,Greater Manchester,NG50 5AD,GB,N,2026-09-25 00:48:35,2026-11-20 00:48:35
SRC_ADDRESS_B002_000001672,A00065509,C0051177,HOME,236 Victoria Road,,Leeds,West Yorkshire,M60 1EF,GB,Y,2026-09-30 01:55:43,2026-11-26 01:55:43
SRC_ADDRESS_B002_000001673,A00065510,C0051178,HOME,319 Church Lane,,Birmingham,West Midlands,S47 2BD,GB,Y,2026-09-06 08:21:54,2026-11-30 08:21:54
SRC_ADDRESS_B002_000001674,A00065511,C0051179,HOME,96 High Street,,Leeds,West Yorkshire,S74 1JK,GB,Y,2026-09-14 06:14:38,2026-12-04 06:14:38
SRC_ADDRESS_B002_000001675,A00065512,C0051180,HOME,495 Park Avenue,,London,Greater London,BS42 4EF,GB,Y,2025-05-23 02:12:16,2026-10-16 20:54:28
SRC_ADDRESS_B002_000001676,A00065513,C0051180,SHIPPING,378 King Street,,Manchester,Greater Manchester,YO31 2JK,GB,N,2026-09-07 20:54:28,2026-11-01 20:54:28
SRC_ADDRESS_B002_000001677,A00065514,C0051181,HOME,332 Market Street,,Liverpool,Merseyside,CF22 2EF,GB,Y,2026-09-10 01:05:51,2026-11-07 01:05:51
SRC_ADDRESS_B002_000001678,A00065515,C0051182,HOME,317 Station Road,,Glasgow,Scotland,LS45 8GH,GB,Y,2026-09-29 09:06:10,2026-12-12 09:06:10
SRC_ADDRESS_B002_000001679,A00065516,C0051183,HOME,323 The Crescent,,Nottingham,Nottinghamshire,CF8 7EF,GB,Y,2026-09-06 20:20:50,2026-11-13 20:20:50
SRC_ADDRESS_B002_000001680,A00065517,C0051184,HOME,479 Victoria Road,Flat 30,Sheffield,South Yorkshire,B15 3PR,GB,Y,2026-09-06 10:19:10,2026-09-11 10:19:10
SRC_ADDRESS_B002_000001681,A00065518,C0051185,HOME,295 Station Road,,Liverpool,Merseyside,M93 6BA,GB,Y,2026-09-23 08:00:07,2026-12-02 08:00:07
SRC_ADDRESS_B002_000001682,A00065519,C0051186,HOME,49 Bridge Street,,Liverpool,Merseyside,M29 1EF,GB,Y,2026-09-09 10:26:13,2026-11-17 10:26:13
SRC_ADDRESS_B002_000001683,A00065520,C0051187,HOME,212 Station Road,,Manchester,Greater Manchester,BS55 4AB,GB,Y,2026-09-11 12:14:54,2026-10-15 12:14:54
SRC_ADDRESS_B002_000001684,A00065521,C0051187,SHIPPING,63 Green Lane,,Birmingham,West Midlands,M64 2DE,GB,N,2026-09-08 12:14:54,2026-12-05 12:14:54
SRC_ADDRESS_B002_000001685,A00065522,C0051188,HOME,456 Park Avenue,,York,North Yorkshire,BS4 1BD,GB,Y,2026-09-19 04:19:23,2026-11-19 04:19:23
SRC_ADDRESS_B002_000001686,A00065523,C0051189,HOME,346 Green Lane,,Cardiff,Wales,G27 6BD,GB,Y,2026-09-14 20:30:39,2026-12-07 20:30:39
SRC_ADDRESS_B002_000001687,A00065524,C0051190,HOME,90 Church Lane,,Cardiff,Wales,M93 4AA,GB,Y,2026-09-14 11:53:41,2026-10-20 11:53:41
SRC_ADDRESS_B002_000001688,A00065525,C0051190,SHIPPING,240 Station Road,,Liverpool,Merseyside,CF46 7BD,GB,N,2026-09-13 11:53:41,2026-10-07 11:53:41
SRC_ADDRESS_B002_000001689,A00065526,C0051191,HOME,21 Park Avenue,,Manchester,Greater Manchester,G69 6PR,GB,Y,2026-09-22 12:58:39,2026-11-10 12:58:39
SRC_ADDRESS_B002_000001690,A00065527,C0051191,SHIPPING,278 Mill Lane,,Bristol,Bristol,G92 4AB,GB,N,2026-09-06 12:58:39,2026-10-28 12:58:39
SRC_ADDRESS_B002_000001691,A00065528,C0051192,HOME,107 Green Lane,,Cardiff,Wales,B69 2PR,GB,Y,2026-09-12 07:48:45,2026-09-19 07:48:45
SRC_ADDRESS_B002_000001692,A00065529,C0051192,SHIPPING,58 Queens Road,,Birmingham,West Midlands,S96 7BA,GB,N,2026-09-10 07:48:45,2026-11-15 07:48:45
SRC_ADDRESS_B002_000001693,A00065530,C0051193,HOME,194 Bridge Street,,Leeds,West Yorkshire,G15 2GH,GB,Y,2026-09-03 23:30:08,2026-10-08 23:30:08
SRC_ADDRESS_B002_000001694,A00065531,C0051194,HOME,121 Queens Road,,Bristol,Bristol,G95 1AD,GB,Y,2026-09-06 16:39:39,2026-11-06 16:39:39
SRC_ADDRESS_B002_000001695,A00065532,C0051194,SHIPPING,328 King Street,,Sheffield,South Yorkshire,B98 5BA,GB,N,2026-09-10 16:39:39,2026-11-14 16:39:39
SRC_ADDRESS_B002_000001696,A00065533,C0051195,HOME,252 Bridge Street,Flat 11,Leeds,West Yorkshire,BS84 1AA,GB,Y,2026-09-02 05:51:24,2026-09-08 02:39:56
SRC_ADDRESS_B002_000001697,A00065534,C0051196,HOME,472 Green Lane,,London,Greater London,S33 3EF,GB,Y,2026-09-22 18:16:32,2026-12-07 18:16:32
SRC_ADDRESS_B002_000001698,A00065535,C0051197,HOME,171 Market Street,,Nottingham,Nottinghamshire,CF95 8BA,GB,Y,2026-09-23 21:01:18,2026-10-20 21:01:18
SRC_ADDRESS_B002_000001699,A00065536,C0051198,HOME,269 The Crescent,,Manchester,Greater Manchester,NG78 6AA,GB,Y,2026-09-05 21:34:25,2026-11-03 21:34:25
SRC_ADDRESS_B002_000001700,A00065537,C0051199,HOME,240 Mill Lane,Flat 29,Cardiff,Wales,LS15 1BA,GB,Y,2026-09-08 12:58:30,2026-10-19 12:58:30
SRC_ADDRESS_B002_000001701,A00065538,C0051199,SHIPPING,96 Mill Lane,,London,Greater London,LS44 6AD,GB,N,2026-09-25 12:58:30,2026-11-14 12:58:30
SRC_ADDRESS_B002_000001702,A00065539,C0051200,HOME,472 Church Lane,Flat 7,Birmingham,West Midlands,EH34 4BA,GB,Y,2026-09-17 08:05:36,2026-10-01 08:05:36
SRC_ADDRESS_B002_000001703,A00065540,C0051200,SHIPPING,149 Victoria Road,,Birmingham,West Midlands,S1 2PR,GB,N,2026-09-05 08:05:36,2026-09-14 08:05:36
SRC_ADDRESS_B002_000001704,A00065541,C0051201,HOME,388 King Street,,Sheffield,South Yorkshire,M56 5AA,GB,Y,2026-09-20 16:15:19,2026-11-14 16:15:19
SRC_ADDRESS_B002_000001705,A00065542,C0051201,SHIPPING,480 High Street,,York,North Yorkshire,M51 2AB,GB,N,2026-09-15 16:15:19,2026-11-02 16:15:19
SRC_ADDRESS_B002_000001706,A00065543,C0051202,HOME,341 Church Lane,,York,North Yorkshire,LS13 5BD,GB,Y,2025-11-16 16:00:03,2026-11-06 18:25:38
SRC_ADDRESS_B002_000001707,A00065544,C0051203,HOME,213 Green Lane,,Edinburgh,Scotland,S5 1AD,GB,Y,2026-09-12 20:38:13,2026-11-24 20:38:13
SRC_ADDRESS_B002_000001708,A00065545,C0051204,HOME,462 Station Road,,Birmingham,West Midlands,LS11 5DE,GB,Y,2026-09-13 17:48:07,2026-09-16 17:48:07
SRC_ADDRESS_B002_000001709,A00065546,C0051205,HOME,425 The Crescent,,London,Greater London,L88 8AA,GB,Y,2026-09-02 05:44:52,2026-10-11 23:39:34
SRC_ADDRESS_B002_000001710,A00065547,C0051205,SHIPPING,35 Green Lane,,Liverpool,Merseyside,M80 3AB,GB,N,2026-09-03 23:39:34,2026-09-13 23:39:34
SRC_ADDRESS_B002_000001711,A00065548,C0051206,HOME,134 Bridge Street,,Leeds,West Yorkshire,YO5 3DE,GB,Y,2026-09-02 04:04:18,2026-11-08 14:09:10
SRC_ADDRESS_B002_000001712,A00065549,C0051206,SHIPPING,256 The Crescent,,York,North Yorkshire,CF55 5AA,GB,N,2026-09-27 14:09:10,2026-10-31 14:09:10
SRC_ADDRESS_B002_000001713,A00065550,C0051207,HOME,452 Mill Lane,,Cardiff,Wales,LS78 8PR,GB,Y,2026-08-16 07:50:44,2026-09-27 11:19:33
SRC_ADDRESS_B002_000001714,A00065551,C0051208,HOME,355 Victoria Road,,Manchester,Greater Manchester,YO45 4EF,GB,Y,2026-08-26 14:10:48,2026-10-24 01:01:24
SRC_ADDRESS_B002_000001715,A00065552,C0051208,SHIPPING,126 Mill Lane,,Glasgow,Scotland,NG30 3GH,GB,N,2026-08-13 21:56:07,2026-11-25 01:01:24
SRC_ADDRESS_B002_000001716,A00065553,C0051209,HOME,43 Victoria Road,,Birmingham,West Midlands,M8 6BD,GB,Y,2026-09-15 08:54:13,2026-10-23 08:54:13
SRC_ADDRESS_B002_000001717,A00065554,C0051210,HOME,421 Church Lane,Flat 38,London,Greater London,YO51 1GH,GB,Y,2026-09-30 12:54:06,2026-10-13 12:54:06
SRC_ADDRESS_B002_000001718,A00065555,C0051210,SHIPPING,467 King Street,,Manchester,Greater Manchester,S28 1AA,GB,N,2026-09-24 12:54:06,2026-11-13 12:54:06
SRC_ADDRESS_B002_000001719,A00065556,C0051211,HOME,49 Market Street,,Bristol,Bristol,S64 1DE,GB,Y,2026-09-24 10:11:33,2026-10-17 10:11:33
SRC_ADDRESS_B002_000001720,A00065557,C0051212,HOME,151 Park Avenue,,Bristol,Bristol,G59 8AD,GB,Y,2026-09-26 02:58:42,2026-10-11 02:58:42
SRC_ADDRESS_B002_000001721,A00065558,C0051213,HOME,318 Green Lane,,Glasgow,Scotland,NG27 7GH,GB,Y,2026-09-04 11:42:32,2026-11-04 11:42:32
SRC_ADDRESS_B002_000001722,A00065559,C0051214,HOME,176 High Street,,Cardiff,Wales,NG65 1AD,GB,Y,2026-09-07 15:47:28,2026-10-22 15:47:28
SRC_ADDRESS_B002_000001723,A00065560,C0051215,HOME,280 Victoria Road,,London,Greater London,B27 7AB, United Kingdom ,Y,2026-09-05 11:19:43,2026-11-09 11:19:43
SRC_ADDRESS_B002_000001724,A00065561,C0051216,HOME,160 Station Road,,Birmingham,West Midlands,S72 3BD,GB,Y,2026-09-23 09:16:10,2026-09-29 09:16:10
SRC_ADDRESS_B002_000001725,A00065562,C0051216,SHIPPING,150 King Street,,York,North Yorkshire,L15 7AB,GB,N,2026-09-27 09:16:10,2026-10-07 09:16:10
SRC_ADDRESS_B002_000001726,A00065563,C0051217,HOME,20 The Crescent,,Cardiff,Wales,S18 5GH,GB,Y,2026-09-28 07:02:37,2026-10-03 07:02:37
SRC_ADDRESS_B002_000001727,A00065564,C0051218,HOME,156 Mill Lane,,Bristol,Bristol,CF42 1JK,GB,Y,2026-09-28 07:07:54,2026-10-20 07:07:54
SRC_ADDRESS_B002_000001728,A00065565,C0051219,HOME,105 Mill Lane,,London,Greater London,EH17 2AB,GB,Y,2026-09-15 17:51:56,2026-09-15 17:51:56
SRC_ADDRESS_B002_000001729,A00065566,C0051220,HOME,104 The Crescent,,Edinburgh,Scotland,LS27 3AA,GB,Y,2026-09-22 20:42:25,2026-12-01 20:42:25
SRC_ADDRESS_B002_000001730,A00065567,C0051221,HOME,403 Victoria Road,,Edinburgh,Scotland,G39 8DE,GB,Y,2026-09-26 06:07:17,2026-10-05 06:07:17
SRC_ADDRESS_B002_000001731,A00065568,C0051222,HOME,328 Market Street,,Glasgow,Scotland,M33 5PR,GB,Y,2026-09-10 03:54:03,2026-10-06 03:54:03
SRC_ADDRESS_B002_000001732,A00065569,C0051223,HOME,327 The Crescent,,Nottingham,Nottinghamshire,L54 4BA,GB,Y,2026-09-15 11:08:34,2026-11-26 11:08:34
SRC_ADDRESS_B002_000001733,A00065570,C0051224,HOME,150 Victoria Road,,London,Greater London,LS1 2DE,GB,Y,2026-09-21 23:40:30,2026-09-29 23:40:30
SRC_ADDRESS_B002_000001734,A00065571,C0051225,HOME,155 Park Avenue,,Nottingham,Nottinghamshire,LS77 5DE,GB,Y,2026-09-03 18:32:57,2026-12-15 15:22:10
SRC_ADDRESS_B002_000001735,A00065572,C0051225,SHIPPING,31 Church Lane,,Liverpool,Merseyside,B66 3DE,GB,N,2026-09-24 15:22:10,2026-09-29 15:22:10
SRC_ADDRESS_B002_000001736,A00065573,C0051226,HOME,310 High Street,,Nottingham,Nottinghamshire,B19 4BA,GB,Y,2026-09-01 13:53:30,2026-10-16 05:30:04
SRC_ADDRESS_B002_000001737,A00065574,C0051227,HOME,142 The Crescent,,Liverpool,Merseyside,EH52 7PR,GB,Y,2026-09-29 10:51:26,2026-10-01 10:51:26
SRC_ADDRESS_B002_000001738,A00065575,C0051228,HOME,298 Park Avenue,,Glasgow,Scotland,LS39 3PR,GB,Y,2026-09-24 05:35:01,2026-12-01 05:35:01
SRC_ADDRESS_B002_000001739,A00065576,C0051229,HOME,335 Church Lane,,Glasgow,Scotland,BS47 3AB,GB,Y,2026-09-19 08:03:17,2026-11-08 08:03:17
SRC_ADDRESS_B002_000001740,A00065577,C0051230,HOME,440 Victoria Road,,Leeds,West Yorkshire,G86 7PR,GB,Y,2026-09-19 04:02:20,2026-12-03 04:02:20
SRC_ADDRESS_B002_000001741,A00065578,C0051231,HOME,68 Mill Lane,,Cardiff,Wales,EH96 4AA,GB,Y,2026-09-22 01:42:13,2026-10-11 01:42:13
SRC_ADDRESS_B002_000001742,A00065579,C0051232,HOME,378 King Street,,Birmingham,West Midlands,NG14 5GH,GB,Y,2026-09-20 06:26:47,2026-09-26 06:26:47
SRC_ADDRESS_B002_000001743,A00065580,C0051233,HOME,116 Station Road,,Bristol,Bristol,YO89 3AB,GB,Y,2026-09-19 01:45:12,2026-11-05 01:45:12
SRC_ADDRESS_B002_000001744,A00065581,C0051234,HOME,126 High Street,,Birmingham,West Midlands,S64 1PR,GB,Y,2026-09-28 05:31:16,2026-12-18 05:31:16
SRC_ADDRESS_B002_000001745,A00065582,C0051235,HOME,53 Queens Road,,Edinburgh,Scotland,NG25 8GH,GB,Y,2026-10-01 23:05:40,2026-10-29 23:05:40
SRC_ADDRESS_B002_000001746,A00065583,C0051236,HOME,46 Victoria Road,,Birmingham,West Midlands,BS46 5AA,GB,Y,2026-09-23 17:07:11,2026-11-22 17:07:11
SRC_ADDRESS_B002_000001747,A00065584,C0051237,HOME,197 Green Lane,,Glasgow,Scotland,L68 8AD,GB,Y,2026-09-24 11:00:22,2026-11-18 11:00:22
SRC_ADDRESS_B002_000001748,A00065585,C0051238,HOME,312 Queens Road,,Edinburgh,Scotland,G55 6PR,GB,Y,2026-09-27 12:28:37,2026-10-11 12:28:37
SRC_ADDRESS_B002_000001749,A00065586,C0051239,HOME,12 Church Lane,Flat 1,Nottingham,Nottinghamshire,LS55 5AD,GB,Y,2026-09-13 14:26:21,2026-10-12 14:26:21
SRC_ADDRESS_B002_000001750,A00065587,C0051240,HOME,55 Mill Lane,,Leeds,West Yorkshire,M29 6JK,GB,Y,2026-09-06 01:07:15,2026-09-12 01:07:15
SRC_ADDRESS_B002_000001751,A00065588,C0051241,HOME,260 Green Lane,,Nottingham,Nottinghamshire,EH86 5BA,GB,Y,2026-09-25 12:10:22,2026-10-06 12:10:22
SRC_ADDRESS_B002_000001752,A00065589,C0051242,HOME,423 Victoria Road,,Nottingham,Nottinghamshire,BS25 3AB,GB,Y,2026-09-02 14:47:05,2026-10-06 14:47:05
SRC_ADDRESS_B002_000001753,A00065590,C0051243,HOME,485 The Crescent,,York,North Yorkshire,B34 5BA,GB,Y,2024-08-02 22:32:33,2026-10-06 23:03:23
SRC_ADDRESS_B002_000001754,A00065591,C0051244,HOME,21 Green Lane,Flat 10,Liverpool,Merseyside,M7 1AA,GB,Y,2026-07-10 02:51:45,2026-11-20 06:14:09
SRC_ADDRESS_B002_000001755,A00065592,C0051245,HOME,495 Bridge Street,Flat 35,Nottingham,Nottinghamshire,S40 3PR,GB,Y,2026-05-01 09:50:51,2026-10-19 17:01:41
SRC_ADDRESS_B002_000001756,A00065593,C0051246,HOME,465 King Street,,Leeds,West Yorkshire,S26 3PR,GB,Y,2026-09-14 10:08:50,2026-10-09 10:08:50
SRC_ADDRESS_B002_000001757,A00065594,C0051246,SHIPPING,492 High Street,,Cardiff,Wales,G18 6JK,GB,N,2026-09-12 10:08:50,2026-11-11 10:08:50
SRC_ADDRESS_B002_000001758,A00065595,C0051247,HOME,282 Park Avenue,,Manchester,Greater Manchester,YO9 8JK,GB,Y,2026-09-14 06:36:20,2026-09-27 06:36:20
SRC_ADDRESS_B002_000001759,A00065596,C0051248,HOME,39 Station Road,Flat 4,York,North Yorkshire,YO56 2BD,GB,Y,2026-09-16 09:44:57,2026-10-08 09:44:57
SRC_ADDRESS_B002_000001760,A00065597,C0051248,SHIPPING,301 King Street,,Liverpool,Merseyside,YO51 2BA,GB,N,2026-09-22 09:44:57,2026-10-24 09:44:57
SRC_ADDRESS_B002_000001761,A00065598,C0051249,HOME,276 Queens Road,Flat 14,York,North Yorkshire,BS5 3AD,GB,Y,2026-09-01 14:22:55,2026-09-10 14:22:55
SRC_ADDRESS_B002_000001762,A00065599,C0051249,SHIPPING,431 Queens Road,Flat 1,Manchester,Greater Manchester,EH97 5BA,GB,N,2026-09-03 01:23:58,2026-10-03 14:22:55
SRC_ADDRESS_B002_000001763,A00065600,C0051250,HOME,250 Green Lane,,York,North Yorkshire,S51 4DE,GB,Y,2026-09-16 08:57:43,2026-10-30 08:57:43
SRC_ADDRESS_B002_000001764,A00065601,C0051251,HOME,322 Green Lane,,Liverpool,Merseyside,G63 5JK,GB,Y,2026-09-01 06:57:22,2026-11-09 06:07:47
SRC_ADDRESS_B002_000001765,A00065602,C0051252,HOME,264 Victoria Road,Flat 15,Edinburgh,Scotland,LS81 1AB,GB,Y,2026-09-27 20:26:43,2026-10-22 20:26:43
SRC_ADDRESS_B002_000001766,A00065603,C0051252,SHIPPING,134 The Crescent,,Nottingham,Nottinghamshire,G68 3EF,GB,N,2026-09-07 20:26:43,2026-09-20 20:26:43
SRC_ADDRESS_B002_000001767,A00065604,C0051253,HOME,186 Church Lane,,London,Greater London,NG12 2BA,GB,Y,2026-07-12 17:02:05,2026-09-16 18:48:15
SRC_ADDRESS_B002_000001768,A00065605,C0051254,HOME,441 Green Lane,,Sheffield,South Yorkshire,CF39 2BD,GB,Y,2026-09-29 10:25:18,2026-11-14 10:25:18
SRC_ADDRESS_B002_000001769,A00065606,C0051255,HOME,323 Queens Road,,Bristol,Bristol,S47 7AA,GB,Y,2026-09-09 13:18:02,2026-09-13 13:18:02
SRC_ADDRESS_B002_000001770,A00065607,C0051256,HOME,166 The Crescent,,Cardiff,Wales,M39 6EF,GB,Y,2026-09-03 06:45:26,2026-09-03 06:45:26
SRC_ADDRESS_B002_000001771,A00065608,C0051256,SHIPPING,293 Queens Road,,Liverpool,Merseyside,YO60 7BA,GB,N,2026-09-05 06:45:26,2026-11-20 06:45:26
SRC_ADDRESS_B002_000001772,A00065609,C0051257,HOME,178 Station Road,,Cardiff,Wales,LS41 7PR,GB,Y,2026-09-03 03:05:13,2026-11-27 18:20:55
SRC_ADDRESS_B002_000001773,A00065610,C0051258,HOME,309 Bridge Street,,Bristol,Bristol,B73 5EF,GB,Y,2026-09-13 16:30:57,2026-11-27 16:30:57
SRC_ADDRESS_B002_000001774,A00065611,C0051259,HOME,214 The Crescent,,Cardiff,Wales,L68 8AD,GB,Y,2026-09-03 10:48:30,2026-11-15 19:26:01
SRC_ADDRESS_B002_000001775,A00065612,C0051259,SHIPPING,340 Park Avenue,,Birmingham,West Midlands,LS46 8PR,GB,N,2026-09-19 19:26:01,2026-12-12 19:26:01
SRC_ADDRESS_B002_000001776,A00065613,C0051260,HOME,87 Station Road,,York,North Yorkshire,S53 1GH,GB,Y,2026-09-19 01:04:56,2026-10-06 01:04:56
SRC_ADDRESS_B002_000001777,A00065614,C0051261,HOME,175 Victoria Road,,York,North Yorkshire,NG67 5JK,GB,Y,2026-09-08 19:41:56,2026-11-20 19:41:56
SRC_ADDRESS_B002_000001778,A00065615,C0051262,HOME,253 Victoria Road,,York,North Yorkshire,LS40 5PR,GB,Y,2026-09-10 15:38:18,2026-10-21 15:38:18
SRC_ADDRESS_B002_000001779,A00065616,C0051263,HOME,384 Station Road,,Edinburgh,Scotland,CF6 4PR,GB,Y,2026-09-08 14:51:05,2026-12-02 14:51:05
SRC_ADDRESS_B002_000001780,A00065617,C0051264,HOME,61 Park Avenue,,Manchester,Greater Manchester,CF46 6AB,GB,Y,2026-09-02 16:07:27,2026-11-26 12:45:41
SRC_ADDRESS_B002_000001781,A00065618,C0051265,HOME,110 High Street,,Liverpool,Merseyside,NG10 2BA,GB,Y,2026-09-02 11:32:11,2026-12-18 07:19:40
SRC_ADDRESS_B002_000001782,A00065619,C0051266,HOME,383 Station Road,,Cardiff,Wales,L56 8BA,GB,Y,2026-09-03 00:42:10,2026-10-06 00:42:10
SRC_ADDRESS_B002_000001783,A00065620,C0051267,HOME,379 Market Street,,London,Greater London,M58 2EF,GB,Y,2026-09-30 18:21:29,2026-10-01 18:21:29
SRC_ADDRESS_B002_000001784,A00065621,C0051267,SHIPPING,82 Station Road,,Leeds,West Yorkshire,M82 1GH,GB,N,2026-09-11 18:21:29,2026-10-12 18:21:29
SRC_ADDRESS_B002_000001785,A00065622,C0051268,HOME,433 High Street,,York,North Yorkshire,M23 7AA,GB,Y,2026-09-27 01:18:12,2026-12-11 01:18:12
SRC_ADDRESS_B002_000001786,A00065623,C0051269,HOME,68 Market Street,Flat 13,York,North Yorkshire,BS81 5GH,GB,Y,2026-09-16 17:38:01,2026-10-19 17:38:01
SRC_ADDRESS_B002_000001787,A00065624,C0051269,SHIPPING,262 Station Road,,Edinburgh,Scotland,B95 8PR,GB,N,2026-09-03 17:38:01,2026-09-25 17:38:01
SRC_ADDRESS_B002_000001788,A00065625,C0051270,HOME,69 Victoria Road,,Manchester,Greater Manchester,G90 8PR,GB,Y,2026-09-22 06:13:01,2026-10-04 06:13:01
SRC_ADDRESS_B002_000001789,A00065626,C0051270,SHIPPING,49 Victoria Road,Flat 4,Manchester,Greater Manchester,EH35 5AB,GB,N,2026-09-29 06:13:01,2026-10-02 06:13:01
SRC_ADDRESS_B002_000001790,A00065627,C0051271,HOME,108 King Street,,York,North Yorkshire,BS35 2AB,GB,Y,2024-10-04 11:24:48,2026-11-01 10:18:49
SRC_ADDRESS_B002_000001791,A00065628,C0051272,HOME,419 Queens Road,,Liverpool,Merseyside,BS22 3GH,GB,Y,2026-09-12 04:47:02,2026-10-28 04:47:02
SRC_ADDRESS_B002_000001792,A00065629,C0051273,HOME,336 High Street,,Liverpool,Merseyside,S63 6BA,GB,Y,2026-09-21 05:34:28,2026-11-22 05:34:28
SRC_ADDRESS_B002_000001793,A00065630,C0051274,HOME,151 King Street,,Nottingham,Nottinghamshire,NG35 8BD,GB,Y,2026-09-24 03:16:34,2026-11-05 03:16:34
SRC_ADDRESS_B002_000001794,A00065631,C0051275,HOME,102 High Street,,Leeds,West Yorkshire,NG88 6BD,GB,Y,2026-09-26 07:52:43,2026-09-27 07:52:43
SRC_ADDRESS_B002_000001795,A00065632,C0051276,HOME,28 High Street,,Leeds,West Yorkshire,G4 4GH,GB,Y,2026-08-09 04:07:54,2026-11-14 00:34:30
SRC_ADDRESS_B002_000001796,A00065633,C0051277,HOME,62 Market Street,,Bristol,Bristol,EH57 7JK,GB,Y,2026-09-15 05:20:32,2026-12-06 05:20:32
SRC_ADDRESS_B002_000001797,A00065634,C0051277,SHIPPING,30 Market Street,,Glasgow,Scotland,CF64 1DE,GB,N,2026-10-01 05:20:32,2026-10-29 05:20:32
SRC_ADDRESS_B002_000001798,A00065635,C0051278,HOME,38 Church Lane,,Cardiff,Wales,B82 5BA,GB,Y,2026-09-14 17:42:32,2026-10-20 17:42:32
SRC_ADDRESS_B002_000001799,A00065636,C0051279,HOME,324 Station Road,,Birmingham,West Midlands,NG10 6DE,GB,Y,2026-09-15 18:12:08,2026-09-28 18:12:08
SRC_ADDRESS_B002_000001800,A00065637,C0051280,HOME,24 Queens Road,,York,North Yorkshire,NG48 2DE,GB,Y,2026-09-17 04:23:22,2026-11-25 04:23:22
SRC_ADDRESS_B002_000001801,A00065638,C0051281,HOME,300 Green Lane,,Edinburgh,Scotland,YO57 7AD,GB,Y,2026-09-26 12:44:20,2026-11-23 12:44:20
SRC_ADDRESS_B002_000001802,A00065639,C0051282,HOME,273 Bridge Street,,Nottingham,Nottinghamshire,B5 7PR,GB,Y,2026-09-15 06:15:02,2026-10-17 06:15:02
SRC_ADDRESS_B002_000001803,A00065640,C0051283,HOME,133 King Street,,Nottingham,Nottinghamshire,YO90 7AA,GB,Y,2026-09-15 03:49:39,2026-09-27 03:49:39
SRC_ADDRESS_B002_000001804,A00065641,C0051284,HOME,113 Station Road,,Glasgow,Scotland,YO72 4AB,GB,Y,2026-09-12 10:32:15,2026-09-12 10:32:15
SRC_ADDRESS_B002_000001805,A00065642,C0051285,HOME,499 Station Road,,Bristol,Bristol,S5 5AA,GB,Y,2026-09-07 05:20:51,2026-09-16 05:20:51
SRC_ADDRESS_B002_000001806,A00065643,C0051286,HOME,267 Victoria Road,,Liverpool,Merseyside,B90 2AB,GB,Y,2026-09-15 03:58:01,2026-11-06 03:58:01
SRC_ADDRESS_B002_000001807,A00065644,C0051287,HOME,325 King Street,,Cardiff,Wales,YO42 8AB,GB,Y,2026-09-02 15:20:16,2026-11-22 07:32:46
SRC_ADDRESS_B002_000001808,A00065645,C0051288,HOME,126 Bridge Street,,Manchester,Greater Manchester,YO7 1GH,GB,Y,2025-11-08 12:56:40,2026-10-08 23:29:32
SRC_ADDRESS_B002_000001809,A00065646,C0051289,HOME,297 Park Avenue,,Manchester,Greater Manchester,M27 8DE,GB,Y,2026-09-19 08:45:12,2026-09-19 08:45:12
SRC_ADDRESS_B002_000001810,A00065647,C0051290,HOME,205 Bridge Street,,Glasgow,Scotland,G49 6DE,GB,Y,2026-09-23 16:36:55,2026-12-21 16:36:55
SRC_ADDRESS_B002_000001811,A00065648,C0051291,HOME,62 High Street,,Cardiff,Wales,G70 8JK,GB,Y,2026-09-23 11:48:46,2026-11-25 11:48:46
SRC_ADDRESS_B002_000001812,A00065649,C0051291,SHIPPING,185 Victoria Road,Flat 8,London,Greater London,CF58 8BA,GB,N,2026-09-09 11:48:46,2026-09-21 11:48:46
SRC_ADDRESS_B002_000001813,A00065650,C0051292,HOME,112 Queens Road,,Bristol,Bristol,S91 4DE,GB,Y,2026-09-18 02:41:13,2026-11-18 02:41:13
SRC_ADDRESS_B002_000001814,A00065651,C0051293,HOME,166 Bridge Street,,Birmingham,West Midlands,S42 5JK,GB,Y,2026-09-05 01:05:24,2026-09-27 01:05:24
SRC_ADDRESS_B002_000001815,A00065652,C0051294,HOME,492 Park Avenue,,Leeds,West Yorkshire,S28 7AB,GB,Y,2026-09-06 20:41:13,2026-09-16 20:41:13
SRC_ADDRESS_B002_000001816,A00065653,C0051295,HOME,221 Park Avenue,,London,Greater London,L92 6AB,GB,Y,2026-09-10 03:28:23,2026-11-25 03:28:23
SRC_ADDRESS_B002_000001817,A00065654,C0051296,HOME,273 Park Avenue,,Cardiff,Wales,B6 3JK,GB,Y,2026-10-02 18:01:57,2026-12-19 18:01:57
SRC_ADDRESS_B002_000001818,A00065655,C0051297,HOME,247 The Crescent,Flat 10,Liverpool,Merseyside,LS27 3AA,GB,Y,2026-09-01 13:52:36,2026-10-21 12:37:37
SRC_ADDRESS_B002_000001819,A00065656,C0051297,SHIPPING,187 Green Lane,,Edinburgh,Scotland,BS76 5GH,GB,N,2026-09-08 12:37:37,2026-10-25 12:37:37
SRC_ADDRESS_B002_000001820,A00065657,C0051298,HOME,397 Park Avenue,,Cardiff,Wales,B39 3JK,GB,Y,2026-09-03 02:11:25,2026-09-08 02:11:25
SRC_ADDRESS_B002_000001821,A00065658,C0051298,SHIPPING,347 Green Lane,,York,North Yorkshire,LS65 2AA,GB,N,2026-09-28 02:11:25,2026-12-22 02:11:25
SRC_ADDRESS_B002_000001822,A00065659,C0051299,HOME,11 Station Road,,Glasgow,Scotland,LS48 6JK,GB,Y,2026-09-09 10:57:39,2026-11-29 10:57:39
SRC_ADDRESS_B002_000001823,A00065660,C0051300,HOME,175 Church Lane,,Leeds,West Yorkshire,M58 6BA,GB,Y,2026-09-02 15:11:18,2026-12-18 00:22:07
DEF_ADDRESS_ORPHAN_B002_001,A_BAD_B002_001,C_DOES_NOT_EXIST,HOME,458 Victoria Road,,Sheffield,Merseyside,LS37 2AB,GB,Y,2024-05-03 08:41:15,2026-09-01 00:00:00
