source_record_id,customer_id,first_name,last_name,email,phone,date_of_birth,loyalty_status,marketing_opt_in,created_at,updated_at
SRC_CUSTOMER_B002_000000001,C0045922,Rita,Griffiths,rita.griffiths.45922@retailverse.example,+44 7862188021,1969-04-27,BRONZE,N,2025-04-11 20:54:19,2026-09-01 00:00:00
SRC_CUSTOMER_B002_000000002,C0002370,Jean,Taylor,jean.taylor.2370@retailverse.example,+44 7418455764,1945-12-23,SILVER,N,2026-06-20 16:38:44,2026-09-01 00:00:00
SRC_CUSTOMER_B002_000000003,C0043450,Teresa,Jones,teresa.jones.43450@retailverse.example,+44 7187468469,1965-02-09,BRONZE,N,2024-09-10 13:51:35,2026-09-01 00:00:00
SRC_CUSTOMER_B002_000000004,C0040750,Michael,Nash,michael.nash.40750@retailverse.example,+44 7579287246,1980-04-12,SILVER,Y,2023-06-30 15:29:18,2026-09-01 00:00:00
SRC_CUSTOMER_B002_000000005,C0036049,Sheila,Higgins,sheila.higgins.36049@retailverse.example,+44 7834470011,1997-09-02,SILVER,N,2023-04-27 16:21:02,2026-09-01 00:00:00
SRC_CUSTOMER_B002_000000006,C0014610,Leah,Wilkinson,leah.wilkinson.14610@retailverse.example,+44 7614940538,1995-11-13,SILVER,Y,2024-03-25 00:33:19,2026-09-01 00:00:00
SRC_CUSTOMER_B002_000000007,C0042128,Gregory,Smith,gregory.smith.42128@retailverse.example,+44 7375175507,1990-08-16,BRONZE,N,2026-05-10 05:26:24,2026-09-01 00:00:00
SRC_CUSTOMER_B002_000000008,C0002581,Jayne,Ellis,jayne.ellis.2581@retailverse.example,+44 7876714647,1953-12-02,GOLD,Y,2023-01-17 10:33:15,2026-09-01 00:00:00
SRC_CUSTOMER_B002_000000009,C0001511,Sarah,Baker,sarah.baker.1511@retailverse.example,+44 7915255604,1998-02-21,BRONZE,Y,2026-04-13 10:30:56,2026-09-01 00:00:00
SRC_CUSTOMER_B002_000000010,C0024147,Jayne,Johnson,jayne.johnson.24147@retailverse.example,+44 7697015725,1985-06-14,GOLD,Y,2023-01-06 06:59:30,2026-09-01 00:00:00
SRC_CUSTOMER_B002_000000011,C0045206,Grace,Bradshaw,grace.bradshaw.45206@retailverse.example,+44 7898917137,1967-09-18,BRONZE,Y,2026-04-03 08:03:56,2026-09-01 00:00:00
SRC_CUSTOMER_B002_000000012,C0040844,Anna,O'Connor,anna.o'connor.40844@retailverse.example,+44 7269041910,1974-05-27,GOLD,N,2024-12-27 01:17:26,2026-09-01 00:00:00
SRC_CUSTOMER_B002_000000013,C0049462,Eleanor,Smith,eleanor.smith.49462@retailverse.example,+44 7979180310,1996-03-18,GOLD,N,2023-09-17 19:42:31,2026-09-01 00:00:00
SRC_CUSTOMER_B002_000000014,C0044402,Ian,Barry,ian.barry.44402@retailverse.example,+44 7293056024,1954-02-21,BRONZE,Y,2025-12-11 11:00:00,2026-09-01 00:00:00
SRC_CUSTOMER_B002_000000015,C0026024,Kirsty,Smith,kirsty.smith.26024@retailverse.example,+44 7091535455,1986-11-15,BRONZE,Y,2025-09-15 13:31:34,2026-09-01 00:00:00
SRC_CUSTOMER_B002_000000016,C0023180,Jasmine,Bolton,jasmine.bolton.23180@retailverse.example,+44 7618664980,1970-01-02,GOLD,N,2024-06-23 16:50:42,2026-09-01 00:00:00
SRC_CUSTOMER_B002_000000017,C0013118,Josephine,Owen,josephine.owen.13118@retailverse.example,+44 7995436620,1970-12-05,BRONZE,Y,2024-06-03 05:14:12,2026-09-01 00:00:00
SRC_CUSTOMER_B002_000000018,C0003902,Dorothy,Gilbert,dorothy.gilbert.3902@retailverse.example,+44 7721921257,1972-10-20,BRONZE,Y,2025-12-14 23:18:10,2026-09-01 00:00:00
SRC_CUSTOMER_B002_000000019,C0019940,Lynne,Vincent,lynne.vincent.19940@retailverse.example,+44 7545170537,1958-09-06,BRONZE,1,2024-07-30 08:47:57,2026-09-01 00:00:00
SRC_CUSTOMER_B002_000000020,C0030500,Ashley,Cooper,ashley.cooper.30500@retailverse.example,+44 7820020207,1960-12-27,SILVER,Y,2024-03-21 01:56:44,2026-09-01 00:00:00
SRC_CUSTOMER_B002_000000021,C0015270,Deborah,Martin,deborah.martin.15270@retailverse.example,+44 7438632878,1993-10-18,SILVER,Y,2024-02-14 14:59:22,2026-09-01 00:00:00
SRC_CUSTOMER_B002_000000022,C0028693,Joanne,Clayton,joanne.clayton.28693@retailverse.example,+44 7490395697,1959-01-08,BRONZE,Y,2023-12-16 09:08:46,2026-09-01 00:00:00
SRC_CUSTOMER_B002_000000023,C0020446,Graham,Hill,graham.hill.20446@retailverse.example,+44 7742724687,2003-01-01,GOLD,Y,2023-01-13 07:02:09,2026-09-01 00:00:00
SRC_CUSTOMER_B002_000000024,C0019997,Glen,Simpson,glen.simpson.19997@retailverse.example,+44 7962522923,1972-05-12,GOLD,N,2023-01-21 17:23:00,2026-09-01 00:00:00
SRC_CUSTOMER_B002_000000025,C0045523,Deborah,Elliott,deborah.elliott.45523@retailverse.example,+44 7900960318,1972-12-19,SILVER,Y,2025-08-21 23:11:40,2026-09-01 00:00:00
SRC_CUSTOMER_B002_000000026,C0012874,Alex,Watson,alex.watson.12874@retailverse.example,+44 7770431851,1991-10-24,BRONZE,N,2023-04-06 22:43:06,2026-09-01 00:00:00
SRC_CUSTOMER_B002_000000027,C0009846,Antony,Rahman,antony.rahman.9846@retailverse.example,+44 7027733846,1998-12-06,SILVER,Y,2025-12-28 11:00:53,2026-09-01 00:00:00
SRC_CUSTOMER_B002_000000028,C0021299,Elizabeth,Thompson,elizabeth.thompson.21299@retailverse.example,+44 7980826497,1993-08-18,GOLD,N,2023-12-24 21:52:58,2026-09-01 00:00:00
SRC_CUSTOMER_B002_000000029,C0000692,Sian,Morgan,sian.morgan.692@retailverse.example,+44 7962804794,1954-03-02,SILVER,Y,2026-01-30 17:13:29,2026-09-01 00:00:00
SRC_CUSTOMER_B002_000000030,C0022041,Shane,Bell,shane.bell.22041@retailverse.example,+44 7366365269,1995-05-18,BRONZE,N,2025-05-21 22:15:12,2026-09-01 00:00:00
SRC_CUSTOMER_B002_000000031,C0038615,Suzanne,Powell,suzanne.powell.38615@retailverse.example,+44 7550530548,1958-12-25,GOLD,N,2023-11-18 21:38:47,2026-09-01 00:00:00
SRC_CUSTOMER_B002_000000032,C0023670,Duncan,Briggs,duncan.briggs.23670@retailverse.example,+44 7947514887,1995-03-17,BRONZE,Y,2023-08-04 03:08:31,2026-09-01 00:00:00
SRC_CUSTOMER_B002_000000033,C0048998,Tony,Hughes,tony.hughes.48998@retailverse.example,+44 7477641163,1987-10-14,SILVER,Y,2023-10-02 07:10:59,2026-09-01 00:00:00
SRC_CUSTOMER_B002_000000034,C0001387,Richard,Hunt,richard.hunt.1387@retailverse.example,+44 7749617983,1984-09-10,BRONZE,Y,2025-03-22 06:04:46,2026-09-01 00:00:00
SRC_CUSTOMER_B002_000000035,C0032837,Aimee,Robinson,aimee.robinson.32837@retailverse.example,+44 7642681449,1969-08-31,SILVER,Y,2025-05-10 23:44:05,2026-09-01 00:00:00
SRC_CUSTOMER_B002_000000036,C0028705,Eileen,Chadwick,eileen.chadwick.28705@retailverse.example,+44 7241036136,1962-10-04,GOLD,Y,2024-10-21 04:25:41,2026-09-01 00:00:00
SRC_CUSTOMER_B002_000000037,C0041511,Pauline,Williams,pauline.williams.41511@retailverse.example,+44 7250122265,1956-10-28,SILVER,Y,2024-03-22 08:30:37,2026-09-01 00:00:00
SRC_CUSTOMER_B002_000000038,C0004018,Daniel,Hopkins,daniel.hopkins.4018@retailverse.example,+44 7704395373,1985-08-04,SILVER,Y,2024-02-13 21:41:07,2026-09-01 00:00:00
SRC_CUSTOMER_B002_000000039,C0038960,Terry,Bond,terry.bond.38960@retailverse.example,+44 7489918289,1946-12-09,GOLD,N,2026-03-23 11:14:04,2026-09-01 00:00:00
SRC_CUSTOMER_B002_000000040,C0000552,Stacey,Carter,stacey.carter.552@retailverse.example,+44 7125095294,1993-11-10,BRONZE,Y,2026-05-20 15:39:50,2026-09-01 00:00:00
SRC_CUSTOMER_B002_000000041,C0009141,Hilary,Evans,hilary.evans.9141@retailverse.example,+44 7937811694,1994-07-01,GOLD,N,2025-05-25 03:48:32,2026-09-01 00:00:00
SRC_CUSTOMER_B002_000000042,C0036274,Sean,Wood,sean.wood.36274@retailverse.example,+44 7177685495,1960-06-13,BRONZE,Y,2024-07-15 06:05:54,2026-09-01 00:00:00
SRC_CUSTOMER_B002_000000043,C0042395,Gareth,Lee,gareth.lee.42395@retailverse.example,+44 7764822834,1985-04-14,SILVER,Y,2025-07-06 09:14:42,2026-09-01 00:00:00
SRC_CUSTOMER_B002_000000044,C0039323,Denise,Davies,denise.davies.39323@retailverse.example,+44 7266777875,1947-09-23,SILVER,N,2023-01-08 19:03:24,2026-09-01 00:00:00
SRC_CUSTOMER_B002_000000045,C0019328,Matthew,Bull,matthew.bull.19328@retailverse.example,+44 7878297195,1973-08-27,BRONZE,Y,2025-02-18 04:42:39,2026-09-01 00:00:00
SRC_CUSTOMER_B002_000000046,C0034838,Julie,Morris,julie.morris.34838@retailverse.example,+44 7766330727,1965-10-21,GOLD,Y,2023-07-18 22:55:32,2026-09-01 00:00:00
SRC_CUSTOMER_B002_000000047,C0030395,Ben,Hussain,ben.hussain.30395@retailverse.example,+44 7772542136,1965-01-23,SILVER,N,2023-02-07 07:14:16,2026-09-01 00:00:00
SRC_CUSTOMER_B002_000000048,C0035853,Paula,Duffy,paula.duffy.35853@retailverse.example,+44 7875139302,1949-05-12,BRONZE,N,2025-11-08 00:36:00,2026-09-01 00:00:00
SRC_CUSTOMER_B002_000000049,C0037326,Hayley,Day,hayley.day.37326@retailverse.example,+44 7575814457,1974-03-27,BRONZE,Y,2024-04-21 01:48:32,2026-09-01 00:00:00
SRC_CUSTOMER_B002_000000050,C0031117,Paul,Barrett,paul.barrett.31117@retailverse.example,+44 7387444150,1976-11-18,SILVER,N,2025-08-29 09:08:16,2026-09-01 00:00:00
SRC_CUSTOMER_B002_000000051,C0044868,Graham,Rogers,graham.rogers.44868@retailverse.example,+44 7472874094,1960-01-28,BRONZE,Y,2026-04-14 17:52:01,2026-09-01 00:00:00
SRC_CUSTOMER_B002_000000052,C0011670,Danny,Akhtar,danny.akhtar.11670@retailverse.example,+44 7142767673,1949-03-10,BRONZE,N,2023-03-01 07:51:58,2026-09-01 00:00:00
SRC_CUSTOMER_B002_000000053,C0023390,Glenn,Howell,glenn.howell.23390@retailverse.example,+44 7581587438,2004-03-22,GOLD,Y,2024-08-01 20:44:35,2026-09-01 00:00:00
SRC_CUSTOMER_B002_000000054,C0038928,Howard,Martin,howard.martin.38928@retailverse.example,+44 7561417601,1996-05-01,BRONZE,N,2024-10-01 07:04:26,2026-09-01 00:00:00
SRC_CUSTOMER_B002_000000055,C0038571,Luke,Robinson,luke.robinson.38571@retailverse.example,+44 7216054675,1973-11-27,SILVER,N,2024-06-21 12:01:42,2026-09-01 00:00:00
SRC_CUSTOMER_B002_000000056,C0012734,Richard,Smith,richard.smith.12734@retailverse.example,+44 7238440921,1981-06-15,SILVER,N,2023-02-26 01:20:11,2026-09-01 00:00:00
SRC_CUSTOMER_B002_000000057,C0044816,Keith,Gray,keith.gray.44816@retailverse.example,+44 7742771585,1975-05-06,BRONZE,N,2024-12-24 02:18:21,2026-09-01 00:00:00
SRC_CUSTOMER_B002_000000058,C0032186,Teresa,Metcalfe,teresa.metcalfe.32186@retailverse.example,+44 7509422607,1996-04-01,SILVER,Y,2023-11-15 15:11:14,2026-09-01 00:00:00
SRC_CUSTOMER_B002_000000059,C0043456,Gillian,Watts,gillian.watts.43456@retailverse.example,+44 7007839683,1949-09-07,GOLD,Y,2024-12-19 06:51:34,2026-09-01 00:00:00
SRC_CUSTOMER_B002_000000060,C0018009,Steven,Brown,steven.brown.18009@retailverse.example,+44 7553683696,1959-10-16,BRONZE,Y,2023-12-04 05:18:22,2026-09-01 00:00:00
SRC_CUSTOMER_B002_000000061,C0048195,Clive,Davies,clive.davies.48195@retailverse.example,+44 7353479454,1991-07-23,BRONZE,N,2024-08-01 22:01:39,2026-09-01 00:00:00
SRC_CUSTOMER_B002_000000062,C0042022,Sian,Owen,sian.owen.42022@retailverse.example,+44 7887477918,2003-08-25,SILVER,N,2025-08-04 02:36:09,2026-09-01 00:00:00
SRC_CUSTOMER_B002_000000063,C0033052,Harriet,Wheeler,harriet.wheeler.33052@retailverse.example,+44 7111775991,1996-03-04,BRONZE,N,2023-07-10 13:19:19,2026-09-01 00:00:00
SRC_CUSTOMER_B002_000000064,C0007045,Nicola,Young,nicola.young.7045@retailverse.example,+44 7153917909,1975-09-04,GOLD,Y,2024-08-25 22:58:57,2026-09-01 00:00:00
SRC_CUSTOMER_B002_000000065,C0032667,Carole,Taylor,carole.taylor.32667@retailverse.example,+44 7549651500,1954-05-23,BRONZE,N,2023-07-22 02:38:12,2026-09-01 00:00:00
SRC_CUSTOMER_B002_000000066,C0034863,Benjamin,Lloyd,benjamin.lloyd.34863@retailverse.example,+44 7504091782,1990-01-15,GOLD,Y,2024-05-04 14:35:15,2026-09-01 00:00:00
SRC_CUSTOMER_B002_000000067,C0034286,Ian,Davis,ian.davis.34286@retailverse.example,+44 7063812032,1967-01-04,GOLD,Y,2023-04-08 01:51:41,2026-09-01 00:00:00
SRC_CUSTOMER_B002_000000068,C0001165,Gordon,Holland,gordon.holland.1165@retailverse.example,+44 7872899469,1955-07-01,GOLD,Y,2023-02-19 18:07:55,2026-09-01 00:00:00
SRC_CUSTOMER_B002_000000069,C0017591,Joe,Stevens,joe.stevens.17591@retailverse.example,+44 7723851810,2007-04-10,GOLD,Y,2025-05-30 20:53:27,2026-09-01 00:00:00
SRC_CUSTOMER_B002_000000070,C0020553,Diana,Shah,diana.shah.20553@retailverse.example,+44 7044125248,1965-06-09,SILVER,N,2024-06-30 11:49:52,2026-09-01 00:00:00
SRC_CUSTOMER_B002_000000071,C0042107,Tracy,Young,tracy.young.42107@retailverse.example,+44 7257445323,1980-09-14,BRONZE,Y,2025-12-19 17:59:03,2026-09-01 00:00:00
SRC_CUSTOMER_B002_000000072,C0014934,George,Thornton,george.thornton.14934@retailverse.example,+44 7163993826,2001-06-03,SILVER,N,2023-03-09 17:45:02,2026-09-01 00:00:00
SRC_CUSTOMER_B002_000000073,C0004707,Graeme,Patel,graeme.patel.4707@retailverse.example,+44 7111793931,1945-05-03,GOLD,Y,2025-09-27 17:59:50,2026-09-01 00:00:00
SRC_CUSTOMER_B002_000000074,C0006948,Stanley,Roberts,stanley.roberts.6948@retailverse.example,+44 7177425256,1950-12-04,SILVER,Y,2026-04-15 05:20:55,2026-09-01 00:00:00
SRC_CUSTOMER_B002_000000075,C0001071,Jodie,Harvey,jodie.harvey.1071@retailverse.example,+44 7872797759,1976-11-19,SILVER,N,2025-05-02 05:40:01,2026-09-01 00:00:00
SRC_CUSTOMER_B002_000000076,C0005016,Sharon,Andrews,sharon.andrews.5016@retailverse.example,+44 7379226825,1949-05-11,BRONZE,Y,2023-08-05 11:58:54,2026-09-01 00:00:00
SRC_CUSTOMER_B002_000000077,C0022944,Georgia,Brown,georgia.brown.22944@retailverse.example,+44 7369472202,1983-04-20,GOLD,N,2023-11-10 11:33:54,2026-09-01 00:00:00
SRC_CUSTOMER_B002_000000078,C0032620,Hollie,Scott,hollie.scott.32620@retailverse.example,+44 7984116674,1991-05-14,BRONZE,Y,2025-08-13 06:43:11,2026-09-01 00:00:00
SRC_CUSTOMER_B002_000000079,C0000281,Christine,Brown,christine.brown.281@retailverse.example,+44 7304054753,1989-08-14,BRONZE,Y,2024-06-12 10:58:36,2026-09-01 00:00:00
SRC_CUSTOMER_B002_000000080,C0049761,Jack,Jackson,jack.jackson.49761@retailverse.example,+44 7340069865,1984-05-17,BRONZE,Y,2026-06-09 21:28:18,2026-09-01 00:00:00
SRC_CUSTOMER_B002_000000081,C0005252,Sara,Gray,sara.gray.5252@retailverse.example,+44 7847782559,1983-09-13,BRONZE,Y,2025-06-05 23:06:01,2026-09-01 00:00:00
SRC_CUSTOMER_B002_000000082,C0022471,Neil,Bryant,neil.bryant.22471@retailverse.example,+44 7203348134,1993-06-03,GOLD,N,2023-03-29 17:57:09,2026-09-01 00:00:00
SRC_CUSTOMER_B002_000000083,C0004652,Charlotte,Pritchard,charlotte.pritchard.4652@retailverse.example,+44 7489860414,1968-11-13,GOLD,Y,2024-01-04 13:30:04,2026-09-01 00:00:00
SRC_CUSTOMER_B002_000000084,C0001597,Kate,Cooke,kate.cooke.1597@retailverse.example,+44 7240733241,2006-01-04,BRONZE,Y,2024-01-19 22:02:21,2026-09-01 00:00:00
SRC_CUSTOMER_B002_000000085,C0030915,Carol,Black,carol.black.30915@retailverse.example,+44 7327441413,1963-04-20,SILVER,Y,2025-07-24 22:46:14,2026-09-01 00:00:00
SRC_CUSTOMER_B002_000000086,C0046572,Thomas,Evans,thomas.evans.46572@retailverse.example,+44 7959804133,1957-01-02,SILVER,Y,2023-03-24 19:04:17,2026-09-01 00:00:00
SRC_CUSTOMER_B002_000000087,C0009016,Anna,Chadwick,anna.chadwick.9016@retailverse.example,+44 7416051035,2005-04-09,BRONZE,Y,2025-09-25 19:35:49,2026-09-01 00:00:00
SRC_CUSTOMER_B002_000000088,C0044546,Jodie,Stone,jodie.stone.44546@retailverse.example,+44 7892149602,1962-02-19,BRONZE,N,2025-01-07 19:02:49,2026-09-01 00:00:00
SRC_CUSTOMER_B002_000000089,C0013582,Bradley,Oliver,bradley.oliver.13582@retailverse.example,+44 7604587909,1955-01-13,BRONZE,N,2023-05-25 03:13:28,2026-09-01 00:00:00
SRC_CUSTOMER_B002_000000090,C0024215,Georgina,Thomas,georgina.thomas.24215@retailverse.example,+44 7135660200,1955-09-14,BRONZE,N,2024-01-09 01:53:16,2026-09-01 00:00:00
SRC_CUSTOMER_B002_000000091,C0030202,Paula,Howe,paula.howe.30202@retailverse.example,+44 7729831238,1969-02-04,BRONZE,Y,2023-06-16 21:33:11,2026-09-01 00:00:00
SRC_CUSTOMER_B002_000000092,C0048588,Anne,Evans,anne.evans.48588@retailverse.example,+44 7033500038,1955-10-23,BRONZE,Y,2025-11-02 16:00:09,2026-09-01 00:00:00
SRC_CUSTOMER_B002_000000093,C0022821,Billy,Harding,billy.harding.22821@retailverse.example,+44 7735791913,1990-04-13,SILVER,N,2023-07-19 06:16:02,2026-09-01 00:00:00
SRC_CUSTOMER_B002_000000094,C0019042,Amelia,Martin,amelia.martin.19042@retailverse.example,+44 7301629561,1961-02-15,GOLD,Y,2026-03-18 11:40:32,2026-09-01 00:00:00
SRC_CUSTOMER_B002_000000095,C0035135,Toby,Clarke,toby.clarke.35135@retailverse.example,+44 7317579410,1961-01-15,SILVER,N,2025-06-09 21:49:10,2026-09-01 00:00:00
SRC_CUSTOMER_B002_000000096,C0044482,Mandy,Brown,mandy.brown.44482@retailverse.example,+44 7827109403,2007-03-03,GOLD,N,2023-03-17 21:33:26,2026-09-01 00:00:00
SRC_CUSTOMER_B002_000000097,C0011843,Ruth,Charlton,ruth.charlton.11843@retailverse.example,+44 7396376613,1978-10-13,BRONZE,N,2026-01-21 17:42:23,2026-09-01 00:00:00
SRC_CUSTOMER_B002_000000098,C0029664,Antony,Parkin,antony.parkin.29664@retailverse.example,+44 7768383561,1959-05-28,BRONZE,Y,2024-05-25 10:03:48,2026-09-01 00:00:00
SRC_CUSTOMER_B002_000000099,C0006473,Liam,Thomas,liam.thomas.6473@retailverse.example,+44 7358973992,1984-11-05,BRONZE,Y,2024-10-13 12:32:15,2026-09-01 00:00:00
SRC_CUSTOMER_B002_000000100,C0014614,Grace,Morris,grace.morris.14614@retailverse.example,+44 7091162168,1949-06-21,BRONZE,N,2026-03-18 18:34:41,2026-09-01 00:00:00
SRC_CUSTOMER_B002_000000101,C0010742,Adam,Griffiths,adam.griffiths.10742@retailverse.example,+44 7348451850,1966-06-12,BRONZE,N,2026-07-22 14:24:33,2026-09-01 00:00:00
SRC_CUSTOMER_B002_000000102,C0022905,Carl,Taylor,carl.taylor.22905@retailverse.example,+44 7941860548,1970-12-25,GOLD,Y,2025-08-25 21:52:09,2026-09-01 00:00:00
SRC_CUSTOMER_B002_000000103,C0039525,Jason,Wilson,jason.wilson.39525@retailverse.example,+44 7288360577,1958-11-13,GOLD,Y,2023-08-14 07:41:47,2026-09-01 00:00:00
SRC_CUSTOMER_B002_000000104,C0006899,Christian,Walsh,christian.walsh.6899@retailverse.example,+44 7454700119,1995-08-26,BRONZE,N,2023-01-21 14:37:17,2026-09-01 00:00:00
SRC_CUSTOMER_B002_000000105,C0027252,Mandy,Fletcher,mandy.fletcher.27252@retailverse.example,+44 7308511222,1996-04-09,SILVER,Y,2024-07-12 18:18:02,2026-09-01 00:00:00
SRC_CUSTOMER_B002_000000106,C0023209,Chloe,Osborne,chloe.osborne.23209@retailverse.example,+44 7756441731,1991-02-02,BRONZE,N,2024-10-22 03:25:20,2026-09-01 00:00:00
SRC_CUSTOMER_B002_000000107,C0021177,Brett,Lloyd,brett.lloyd.21177@retailverse.example,+44 7119732626,1997-04-20,GOLD,N,2025-03-04 20:38:51,2026-09-01 00:00:00
SRC_CUSTOMER_B002_000000108,C0012741,Jean,Clark,jean.clark.12741@retailverse.example,+44 7104794185,1959-03-09,GOLD,Y,2024-07-08 21:07:09,2026-09-01 00:00:00
SRC_CUSTOMER_B002_000000109,C0003249,Sam,Smith,sam.smith.3249@retailverse.example,+44 7532435857,1985-06-28,BRONZE,Y,2023-02-17 21:53:46,2026-09-01 00:00:00
SRC_CUSTOMER_B002_000000110,C0005835,Roy,Page,roy.page.5835@retailverse.example,+44 7462115287,1956-11-18,SILVER,Y,2025-09-11 05:21:31,2026-09-01 00:00:00
SRC_CUSTOMER_B002_000000111,C0041098,Charlene,Hardy,charlene.hardy.41098@retailverse.example,+44 7030627802,1963-06-23,SILVER,N,2026-03-24 01:32:48,2026-09-01 00:00:00
SRC_CUSTOMER_B002_000000112,C0009558,Laura,Smith,laura.smith.9558@retailverse.example,+44 7256164401,1984-09-02,BRONZE,Y,2026-06-21 22:21:08,2026-09-01 00:00:00
SRC_CUSTOMER_B002_000000113,C0007258,Christopher,Burton,christopher.burton.7258@retailverse.example,+44 7993608017,1979-04-25,BRONZE,Y,2026-01-14 07:54:35,2026-09-01 00:00:00
SRC_CUSTOMER_B002_000000114,C0023008,Jake,Hughes,jake.hughes.23008@retailverse.example,+44 7509743641,1946-01-07,GOLD,Y,2026-03-16 15:50:24,2026-09-01 00:00:00
SRC_CUSTOMER_B002_000000115,C0014425,Claire,Morris,claire.morris.14425@retailverse.example,+44 7266172905,1998-06-27,BRONZE,Y,2025-06-27 21:23:45,2026-09-01 00:00:00
SRC_CUSTOMER_B002_000000116,C0025816,Alexandra,Thompson,alexandra.thompson.25816@retailverse.example,+44 7263709430,2002-01-24,BRONZE,Y,2026-01-07 14:04:11,2026-09-01 00:00:00
SRC_CUSTOMER_B002_000000117,C0033631,Charles,Cox,charles.cox.33631@retailverse.example,+44 7206652099,1988-08-17,GOLD,Y,2025-06-25 13:49:15,2026-09-01 00:00:00
SRC_CUSTOMER_B002_000000118,C0011034,Vincent,Sheppard,vincent.sheppard.11034@retailverse.example,+44 7850509822,1987-12-06,SILVER,N,2023-09-12 07:43:30,2026-09-01 00:00:00
SRC_CUSTOMER_B002_000000119,C0025719,Marc,Clarke,marc.clarke.25719@retailverse.example,+44 7252403524,1960-01-31,GOLD,Y,2023-02-05 11:40:31,2026-09-01 00:00:00
SRC_CUSTOMER_B002_000000120,C0046006,Rachel,Richardson,rachel.richardson.46006@retailverse.example,+44 7254770655,1951-06-08,BRONZE,N,2025-06-03 16:38:37,2026-09-01 00:00:00
SRC_CUSTOMER_B002_000000121,C0013375,Francis,Cooper,francis.cooper.13375@retailverse.example,+44 7434056331,2000-11-09,SILVER,N,2026-07-03 13:24:19,2026-09-01 00:00:00
SRC_CUSTOMER_B002_000000122,C0046576,Alex,Watts,alex.watts.46576@retailverse.example,+44 7168066767,1962-01-29,GOLD,N,2025-03-22 15:27:37,2026-09-01 00:00:00
SRC_CUSTOMER_B002_000000123,C0036666,Natasha,Smith,natasha.smith.36666@retailverse.example,+44 7605133693,1985-05-03,SILVER,Y,2025-10-30 02:39:25,2026-09-01 00:00:00
SRC_CUSTOMER_B002_000000124,C0026169,Louise,Vaughan,louise.vaughan.26169@retailverse.example,+44 7316605648,1956-04-29,GOLD,N,2025-09-24 01:59:32,2026-09-01 00:00:00
SRC_CUSTOMER_B002_000000125,C0013078,Sheila,Daniels,sheila.daniels.13078@retailverse.example,+44 7108861429,1997-07-07,BRONZE,Y,2023-08-04 21:37:42,2026-09-01 00:00:00
SRC_CUSTOMER_B002_000000126,C0003922,Aaron,Burrows,aaron.burrows.3922@retailverse.example,+44 7519876924,1974-02-12,BRONZE,N,2023-12-19 11:09:28,2026-09-01 00:00:00
SRC_CUSTOMER_B002_000000127,C0042896,Joyce,Young,joyce.young.42896@retailverse.example,+44 7751182639,1998-04-17,GOLD,Y,2025-12-04 21:16:01,2026-09-01 00:00:00
SRC_CUSTOMER_B002_000000128,C0009670,Tracey,Dunn,tracey.dunn.9670@retailverse.example,+44 7297909712,1984-09-04,SILVER,Y,2023-01-02 05:42:23,2026-09-01 00:00:00
SRC_CUSTOMER_B002_000000129,C0034530,Hayley,Grant,hayley.grant.34530@retailverse.example,+44 7452997775,1988-09-10,BRONZE,Y,2025-04-29 19:31:53,2026-09-01 00:00:00
SRC_CUSTOMER_B002_000000130,C0047236,Joel,Griffiths,joel.griffiths.47236@retailverse.example,+44 7980491006,1961-01-14,BRONZE,Y,2026-04-19 00:43:46,2026-09-01 00:00:00
SRC_CUSTOMER_B002_000000131,C0019650,Janet,Atkins,janet.atkins.19650@retailverse.example,+44 7081187760,1998-09-05,SILVER,N,2026-01-31 17:53:45,2026-09-01 00:00:00
SRC_CUSTOMER_B002_000000132,C0049049,Louise,Parry,louise.parry.49049@retailverse.example,+44 7705162438,1997-11-12,SILVER,Y,2025-08-27 07:31:15,2026-09-01 00:00:00
SRC_CUSTOMER_B002_000000133,C0038070,Leonard,Hudson,leonard.hudson.38070@retailverse.example,+44 7531129487,1961-07-15,BRONZE,Y,2025-06-25 04:45:30,2026-09-01 00:00:00
SRC_CUSTOMER_B002_000000134,C0030706,Mark,Wood,mark.wood.30706@retailverse.example,+44 7073682207,1966-06-14,BRONZE,Y,2026-01-11 18:34:31,2026-09-01 00:00:00
SRC_CUSTOMER_B002_000000135,C0007683,Dennis,Bates,dennis.bates.7683@retailverse.example,+44 7855307733,1988-11-30,GOLD,Y,2023-12-06 16:19:25,2026-09-01 00:00:00
SRC_CUSTOMER_B002_000000136,C0015040,Jemma,Walsh,jemma.walsh.15040@retailverse.example,+44 7901330662,1986-06-02,GOLD,Y,2026-01-01 03:55:53,2026-09-01 00:00:00
SRC_CUSTOMER_B002_000000137,C0026478,Graeme,Baxter,graeme.baxter.26478@retailverse.example,+44 7371762500,1972-06-07,BRONZE,Y,2026-02-16 16:06:34,2026-09-01 00:00:00
SRC_CUSTOMER_B002_000000138,C0007656,Teresa,Roberts,teresa.roberts.7656@retailverse.example,+44 7307207888,1999-05-13,GOLD,Y,2024-01-15 08:29:36,2026-09-01 00:00:00
SRC_CUSTOMER_B002_000000139,C0038399,Gerald,Miller,gerald.miller.38399@retailverse.example,+44 7723051517,1998-02-25,GOLD,Y,2023-08-27 12:29:38,2026-09-01 00:00:00
SRC_CUSTOMER_B002_000000140,C0025786,Donald,James,donald.james.25786@retailverse.example,+44 7803409289,1958-03-11,BRONZE,Y,2024-11-11 14:56:58,2026-09-01 00:00:00
SRC_CUSTOMER_B002_000000141,C0001943,Roger,Allen,roger.allen.1943@retailverse.example,+44 7289647201,1970-09-28,BRONZE,N,2023-05-31 05:32:58,2026-09-01 00:00:00
SRC_CUSTOMER_B002_000000142,C0044301,Leon,Morris,leon.morris.44301@retailverse.example,+44 7780764449,1948-11-01,SILVER,N,2023-05-05 14:08:45,2026-09-01 00:00:00
SRC_CUSTOMER_B002_000000143,C0001178,Robin,Jones,robin.jones.1178@retailverse.example,+44 7402797286,1957-04-26,BRONZE,Y,2025-10-15 12:29:08,2026-09-01 00:00:00
SRC_CUSTOMER_B002_000000144,C0040429,Eileen,Parry,eileen.parry.40429@retailverse.example,+44 7917896919,1945-08-08,GOLD,Y,2024-02-07 10:16:27,2026-09-01 00:00:00
SRC_CUSTOMER_B002_000000145,C0024123,Brenda,Rhodes,brenda.rhodes.24123@retailverse.example,+44 7525880123,1945-03-29,GOLD,Y,2025-06-15 05:46:05,2026-09-01 00:00:00
SRC_CUSTOMER_B002_000000146,C0031548,Hayley,Barnes,hayley.barnes.31548@retailverse.example,+44 7894782777,1971-03-07,SILVER,N,2024-12-01 15:29:14,2026-09-01 00:00:00
SRC_CUSTOMER_B002_000000147,C0049579,Sophie,Green,sophie.green.49579@retailverse.example,+44 7691155197,1992-09-23,BRONZE,Y,2023-10-21 11:01:56,2026-09-01 00:00:00
SRC_CUSTOMER_B002_000000148,C0036774,Patrick,Young,patrick.young.36774@retailverse.example,+44 7999685354,1983-10-25,BRONZE,N,2023-06-27 01:25:36,2026-09-01 00:00:00
SRC_CUSTOMER_B002_000000149,C0008171,Brett,King,brett.king.8171@retailverse.example,+44 7288387906,1978-01-06,GOLD,N,2023-10-20 04:00:47,2026-09-01 00:00:00
SRC_CUSTOMER_B002_000000150,C0033099,Wendy,Price,wendy.price.33099@retailverse.example,+44 7436233825,1975-10-23,BRONZE,Y,2023-03-21 17:32:25,2026-09-01 00:00:00
SRC_CUSTOMER_B002_000000151,C0003104,Guy,Wall,guy.wall.3104@retailverse.example,+44 7248634690,1956-09-01,SILVER,N,2024-10-30 15:27:05,2026-09-01 00:00:00
SRC_CUSTOMER_B002_000000152,C0024870,Clare,Field,clare.field.24870@retailverse.example,+44 7189668171,1980-09-08,SILVER,Y,2023-03-03 19:18:55,2026-09-01 00:00:00
SRC_CUSTOMER_B002_000000153,C0026720,Kirsty,Smith,kirsty.smith.26720@retailverse.example,+44 7315604848,1986-03-26,BRONZE,N,2023-01-25 17:39:20,2026-09-01 00:00:00
SRC_CUSTOMER_B002_000000154,C0046821,Ian,Webb,ian.webb.46821@retailverse.example,+44 7874993271,1973-03-23,BRONZE,N,2026-06-18 12:46:25,2026-09-01 00:00:00
SRC_CUSTOMER_B002_000000155,C0004379,Jasmine,Walsh,jasmine.walsh.4379@retailverse.example,+44 7664901224,1978-05-29,GOLD,Y,2023-04-24 23:18:04,2026-09-01 00:00:00
SRC_CUSTOMER_B002_000000156,C0013067,Shirley,Lloyd,shirley.lloyd.13067@retailverse.example,+44 7485350143,1952-06-29,SILVER,Y,2024-08-12 08:38:46,2026-09-01 00:00:00
SRC_CUSTOMER_B002_000000157,C0048112,Gordon,Jones,gordon.jones.48112@retailverse.example,+44 7542241835,1992-03-17,SILVER,Y,2025-10-19 06:03:28,2026-09-01 00:00:00
SRC_CUSTOMER_B002_000000158,C0004607,John,Woodward,john.woodward.4607@retailverse.example,+44 7551294968,2005-08-29,BRONZE,Y,2023-02-26 21:37:16,2026-09-01 00:00:00
SRC_CUSTOMER_B002_000000159,C0020390,Karen,Jones,karen.jones.20390@retailverse.example,+44 7540992804,1951-12-31,GOLD,Y,2025-08-10 08:46:34,2026-09-01 00:00:00
SRC_CUSTOMER_B002_000000160,C0042519,Charlene,Hill,charlene.hill.42519@retailverse.example,+44 7912594362,1950-01-21,BRONZE,Y,2023-10-17 17:00:30,2026-09-01 00:00:00
SRC_CUSTOMER_B002_000000161,C0024667,Kim,Lowe,kim.lowe.24667@retailverse.example,+44 7592552093,1945-05-13,BRONZE,Y,2026-07-16 20:45:43,2026-09-01 00:00:00
SRC_CUSTOMER_B002_000000162,C0035473,Victoria,Thomas,victoria.thomas.35473@retailverse.example,+44 7494219330,2003-10-27,SILVER,N,2025-03-04 08:28:42,2026-09-01 00:00:00
SRC_CUSTOMER_B002_000000163,C0049947,Alexander,Hill,alexander.hill.49947@retailverse.example,+44 7048317228,2006-02-18,SILVER,N,2026-06-20 00:17:11,2026-09-01 00:00:00
SRC_CUSTOMER_B002_000000164,C0008785,Derek,Gill,derek.gill.8785@retailverse.example,+44 7338288535,2004-10-11,SILVER,N,2026-05-23 07:23:56,2026-09-01 00:00:00
SRC_CUSTOMER_B002_000000165,C0012869,Hazel,Burrows,hazel.burrows.12869@retailverse.example,+44 7518979585,1954-05-22,SILVER,Y,2024-03-15 01:13:06,2026-09-01 00:00:00
SRC_CUSTOMER_B002_000000166,C0029435,Jacob,Bird,jacob.bird.29435@retailverse.example,+44 7408742102,1973-08-20,SILVER,Y,2024-10-11 14:22:44,2026-09-01 00:00:00
SRC_CUSTOMER_B002_000000167,C0000598,Ryan,King,ryan.king.598@retailverse.example,+44 7004857543,1992-02-20,BRONZE,Y,2025-04-04 09:20:52,2026-09-01 00:00:00
SRC_CUSTOMER_B002_000000168,C0044413,Terence,Stokes,terence.stokes.44413@retailverse.example,+44 7856175030,1948-04-30,SILVER,N,2025-04-03 00:51:49,2026-09-01 00:00:00
SRC_CUSTOMER_B002_000000169,C0014036,Dominic,Page,dominic.page.14036@retailverse.example,+44 7305463345,2002-10-12,BRONZE,Y,2026-01-13 15:08:32,2026-09-01 00:00:00
SRC_CUSTOMER_B002_000000170,C0039589,Marcus,White,marcus.white.39589@retailverse.example,+44 7980208755,1953-02-09,GOLD,Y,2024-02-27 14:20:59,2026-09-01 00:00:00
SRC_CUSTOMER_B002_000000171,C0004916,Jake,Ward,jake.ward.4916@retailverse.example,+44 7049733636,2004-01-28,GOLD,Y,2024-03-25 12:51:47,2026-09-01 00:00:00
SRC_CUSTOMER_B002_000000172,C0002943,Jacqueline,Brooks,jacqueline.brooks.2943@retailverse.example,+44 7410148146,1975-06-17,SILVER,Y,2023-11-24 09:19:28,2026-09-01 00:00:00
SRC_CUSTOMER_B002_000000173,C0047514,Lynda,Allen,lynda.allen.47514@retailverse.example,+44 7394718075,1953-03-06,SILVER,Y,2023-10-02 12:12:00,2026-09-01 00:00:00
SRC_CUSTOMER_B002_000000174,C0015582,Irene,Warren,irene.warren.15582@retailverse.example,+44 7772635957,1985-09-22,GOLD,N,2023-03-23 02:30:24,2026-09-01 00:00:00
SRC_CUSTOMER_B002_000000175,C0012113,Nigel,Edwards,nigel.edwards.12113@retailverse.example,+44 7178638389,1980-03-19,SILVER,N,2025-05-28 23:52:43,2026-09-01 00:00:00
SRC_CUSTOMER_B002_000000176,C0043511,Robin,Turner,robin.turner.43511@retailverse.example,+44 7630240842,1970-01-13,SILVER,N,2023-02-01 01:41:16,2026-09-01 00:00:00
SRC_CUSTOMER_B002_000000177,C0013202,Samuel,Jordan,samuel.jordan.13202@retailverse.example,+44 7304920975,1954-04-15,SILVER,N,2023-08-11 17:02:51,2026-09-01 00:00:00
SRC_CUSTOMER_B002_000000178,C0039054,Irene,King,irene.king.39054@retailverse.example,+44 7024073917,1953-10-23,GOLD,N,2026-05-02 15:58:35,2026-09-01 00:00:00
SRC_CUSTOMER_B002_000000179,C0024240,Leslie,Clarke,leslie.clarke.24240@retailverse.example,+44 7699618008,1999-02-20,BRONZE,Y,2023-05-05 19:02:43,2026-09-01 00:00:00
SRC_CUSTOMER_B002_000000180,C0030322,Heather,Clark,heather.clark.30322@retailverse.example,+44 7262696614,1956-04-21,SILVER,N,2023-11-23 13:13:02,2026-09-01 00:00:00
SRC_CUSTOMER_B002_000000181,C0013798,Julia,Gardiner,julia.gardiner.13798@retailverse.example,+44 7938500282,1948-01-09,BRONZE,N,2024-08-17 02:09:25,2026-09-01 00:00:00
SRC_CUSTOMER_B002_000000182,C0023314,Geraldine,Stokes,geraldine.stokes.23314@retailverse.example,+44 7854236019,1954-12-11,GOLD,N,2024-04-15 14:41:40,2026-09-01 00:00:00
SRC_CUSTOMER_B002_000000183,C0026409,Hannah,Murphy,hannah.murphy.26409@retailverse.example,+44 7067627262,1993-01-26,BRONZE,Y,2026-06-17 22:51:29,2026-09-01 00:00:00
SRC_CUSTOMER_B002_000000184,C0010274,Robert,Hudson,robert.hudson.10274@retailverse.example,+44 7832622208,1951-05-15,GOLD,Y,2025-12-01 05:41:04,2026-09-01 00:00:00
SRC_CUSTOMER_B002_000000185,C0033654,Adrian,Patel,adrian.patel.33654@retailverse.example,+44 7200935981,1948-11-28,BRONZE,Y,2025-01-06 09:40:26,2026-09-01 00:00:00
SRC_CUSTOMER_B002_000000186,C0004468,Abdul,Jones,abdul.jones.4468@retailverse.example,+44 7345675726,1979-04-26,BRONZE,Y,2024-09-08 12:49:50,2026-09-01 00:00:00
SRC_CUSTOMER_B002_000000187,C0030569,Marcus,Allen,marcus.allen.30569@retailverse.example,+44 7851910351,1976-07-04,BRONZE,N,2024-07-07 09:00:40,2026-09-01 00:00:00
SRC_CUSTOMER_B002_000000188,C0016745,James,Jackson,james.jackson.16745@retailverse.example,+44 7816855637,1959-12-25,SILVER,Y,2023-06-26 23:07:42,2026-09-01 00:00:00
SRC_CUSTOMER_B002_000000189,C0036014,Andrea,Storey,andrea.storey.36014@retailverse.example,+44 7262271700,1995-01-20,SILVER,Y,2024-08-04 23:57:04,2026-09-01 00:00:00
SRC_CUSTOMER_B002_000000190,C0037739,Frank,O'Donnell,frank.o'donnell.37739@retailverse.example,+44 7485528480,1964-04-27,SILVER,Y,2024-11-25 18:18:44,2026-09-01 00:00:00
SRC_CUSTOMER_B002_000000191,C0001048,Bradley,Cooke,bradley.cooke.1048@retailverse.example,+44 7257780109,1952-03-09,BRONZE,Y,2026-04-04 19:28:40,2026-09-01 00:00:00
SRC_CUSTOMER_B002_000000192,C0024596,Richard,Burton,richard.burton.24596@retailverse.example,+44 7617074125,1971-01-14,GOLD,Y,2025-02-03 02:41:01,2026-09-01 00:00:00
SRC_CUSTOMER_B002_000000193,C0014826,Ruth,Noble,ruth.noble.14826@retailverse.example,+44 7119693702,1948-04-26,BRONZE,Y,2025-03-13 02:30:00,2026-09-01 00:00:00
SRC_CUSTOMER_B002_000000194,C0042328,Leah,Clements,leah.clements.42328@retailverse.example,+44 7404120057,1947-03-05,BRONZE,Y,2023-06-23 20:33:54,2026-09-01 00:00:00
SRC_CUSTOMER_B002_000000195,C0013090,Henry,Waters,henry.waters.13090@retailverse.example,+44 7867513324,1977-02-27,SILVER,Y,2024-10-25 04:28:46,2026-09-01 00:00:00
SRC_CUSTOMER_B002_000000196,C0036505,Jamie,Foster,jamie.foster.36505@retailverse.example,+44 7748335922,1972-11-01,BRONZE,N,2024-12-02 19:53:25,2026-09-01 00:00:00
SRC_CUSTOMER_B002_000000197,C0007491,Carole,Swift,carole.swift.7491@retailverse.example,+44 7702099367,1955-04-25,BRONZE,N,2023-07-21 02:56:33,2026-09-01 00:00:00
SRC_CUSTOMER_B002_000000198,C0004150,Jayne,Chapman,jayne.chapman.4150@retailverse.example,+44 7223535542,1954-12-15,SILVER,N,2026-05-05 18:02:23,2026-09-01 00:00:00
SRC_CUSTOMER_B002_000000199,C0017177,Lewis,Khan,lewis.khan.17177@retailverse.example,+44 7944392511,2004-03-19,BRONZE,Y,2026-01-21 21:13:40,2026-09-01 00:00:00
SRC_CUSTOMER_B002_000000200,C0013033,Charles,Young,charles.young.13033@retailverse.example,+44 7210023204,1996-07-13,BRONZE,Y,2024-02-22 22:54:04,2026-09-01 00:00:00
SRC_CUSTOMER_B002_000000201,C0019595,Vanessa,Ward,vanessa.ward.19595@retailverse.example,+44 7584347859,1990-06-06,GOLD,Y,2024-04-14 10:45:16,2026-09-01 00:00:00
SRC_CUSTOMER_B002_000000202,C0007369,Russell,Metcalfe,russell.metcalfe.7369@retailverse.example,+44 7144139518,1976-03-07,GOLD,Y,2026-03-09 18:48:42,2026-09-01 00:00:00
SRC_CUSTOMER_B002_000000203,C0005632,Neil,Sanders,neil.sanders.5632@retailverse.example,+44 7705738818,1984-12-20,BRONZE,Y,2024-01-21 18:52:25,2026-09-01 00:00:00
SRC_CUSTOMER_B002_000000204,C0020517,Paul,Webster,paul.webster.20517@retailverse.example,+44 7480109564,1980-02-26,GOLD,Y,2026-01-31 23:21:11,2026-09-01 00:00:00
SRC_CUSTOMER_B002_000000205,C0033918,Ashley,Murphy,ashley.murphy.33918@retailverse.example,+44 7511901414,1990-10-19,GOLD,Y,2024-02-24 04:39:55,2026-09-01 00:00:00
SRC_CUSTOMER_B002_000000206,C0033821,Alice,Ali,alice.ali.33821@retailverse.example,+44 7795122538,1997-02-18,GOLD,Y,2024-04-20 08:46:37,2026-09-01 00:00:00
SRC_CUSTOMER_B002_000000207,C0014413,Mathew,Atkinson,mathew.atkinson.14413@retailverse.example,+44 7794670407,1977-07-28,GOLD,N,2026-01-22 17:27:27,2026-09-01 00:00:00
SRC_CUSTOMER_B002_000000208,C0046460,Alexander,Marshall,alexander.marshall.46460@retailverse.example,+44 7941113418,1995-12-05,SILVER,Y,2025-09-30 07:42:40,2026-09-01 00:00:00
SRC_CUSTOMER_B002_000000209,C0044159,Vanessa,Graham,vanessa.graham.44159@retailverse.example,+44 7507926737,1951-10-27,SILVER,Y,2025-07-31 09:57:51,2026-09-01 00:00:00
SRC_CUSTOMER_B002_000000210,C0024283,Kerry,Green,kerry.green.24283@retailverse.example,+44 7591268360,1951-07-08,SILVER,N,2026-04-05 01:24:52,2026-09-01 00:00:00
SRC_CUSTOMER_B002_000000211,C0025105,Joel,Williams,joel.williams.25105@retailverse.example,+44 7163079393,1947-11-15,GOLD,N,2025-07-28 01:17:53,2026-09-01 00:00:00
SRC_CUSTOMER_B002_000000212,C0043158,Lynne,Turner,lynne.turner.43158@retailverse.example,+44 7529881696,1962-09-19,GOLD,Y,2024-11-03 02:17:20,2026-09-01 00:00:00
SRC_CUSTOMER_B002_000000213,C0003377,Samantha,Ford,samantha.ford.3377@retailverse.example,+44 7985237175,1963-09-27,SILVER,Y,2023-05-19 17:26:54,2026-09-01 00:00:00
SRC_CUSTOMER_B002_000000214,C0011345,Linda,Morris,linda.morris.11345@retailverse.example,+44 7681861652,1983-06-19,BRONZE,N,2024-10-21 08:50:36,2026-09-01 00:00:00
SRC_CUSTOMER_B002_000000215,C0028935,Glenn,Hawkins,glenn.hawkins.28935@retailverse.example,+44 7943674652,1960-09-01,GOLD,N,2024-01-25 05:13:53,2026-09-01 00:00:00
SRC_CUSTOMER_B002_000000216,C0010690,Shirley,Lucas,shirley.lucas.10690@retailverse.example,+44 7906607152,2005-07-18,BRONZE,Y,2023-06-25 20:56:41,2026-09-01 00:00:00
SRC_CUSTOMER_B002_000000217,C0041921,Clifford,French,clifford.french.41921@retailverse.example,+44 7713450441,1950-01-05,GOLD,Y,2024-05-07 00:13:59,2026-09-01 00:00:00
SRC_CUSTOMER_B002_000000218,C0005490,Lynn,Bond,lynn.bond.5490@retailverse.example,+44 7136206421,1957-04-05,BRONZE,Y,2024-05-07 11:11:58,2026-09-01 00:00:00
SRC_CUSTOMER_B002_000000219,C0019440,Jacob,Clements,jacob.clements.19440@retailverse.example,+44 7735542803,1969-04-27,SILVER,N,2023-12-24 23:22:22,2026-09-01 00:00:00
SRC_CUSTOMER_B002_000000220,C0026956,Hazel,Davies,hazel.davies.26956@retailverse.example,+44 7870972417,1954-02-10,GOLD,Y,2023-08-30 00:13:46,2026-09-01 00:00:00
SRC_CUSTOMER_B002_000000221,C0046989,Mohammad,Smith,mohammad.smith.46989@retailverse.example,+44 7719527360,1945-08-13,GOLD,N,2024-11-26 06:33:43,2026-09-01 00:00:00
SRC_CUSTOMER_B002_000000222,C0032068,Barry,Swift,barry.swift.32068@retailverse.example,+44 7129851872,1985-01-13,SILVER,Y,2024-05-02 12:24:04,2026-09-01 00:00:00
SRC_CUSTOMER_B002_000000223,C0006155,Roger,Gardner,roger.gardner.6155@retailverse.example,+44 7808282415,1945-06-02,GOLD,Y,2024-11-24 00:11:12,2026-09-01 00:00:00
SRC_CUSTOMER_B002_000000224,C0040111,Rhys,Davies,rhys.davies.40111@retailverse.example,+44 7974719441,2006-08-12,GOLD,N,2024-06-10 10:54:20,2026-09-01 00:00:00
SRC_CUSTOMER_B002_000000225,C0022345,Julie,Green,julie.green.22345@retailverse.example,+44 7806291917,1962-03-13,BRONZE,Y,2023-01-29 19:54:55,2026-09-01 00:00:00
SRC_CUSTOMER_B002_000000226,C0005811,Ricky,Brennan,ricky.brennan.5811@retailverse.example,+44 7239353834,2005-11-20,SILVER,N,2023-04-21 15:38:06,2026-09-01 00:00:00
SRC_CUSTOMER_B002_000000227,C0011309,Brett,White,brett.white.11309@retailverse.example,+44 7742640074,2002-10-04,BRONZE,N,2026-07-28 12:02:15,2026-09-01 00:00:00
SRC_CUSTOMER_B002_000000228,C0023425,Jennifer,Jones,jennifer.jones.23425@retailverse.example,+44 7187971159,1985-06-26,BRONZE,Y,2024-05-03 05:06:40,2026-09-01 00:00:00
SRC_CUSTOMER_B002_000000229,C0023824,Lynne,Johnson,lynne.johnson.23824@retailverse.example,+44 7129180002,1998-03-16,SILVER,N,2025-11-05 01:30:20,2026-09-01 00:00:00
SRC_CUSTOMER_B002_000000230,C0002069,Diane,Parry,diane.parry.2069@retailverse.example,+44 7350695873,2003-04-13,SILVER,N,2024-12-18 18:16:53,2026-09-01 00:00:00
SRC_CUSTOMER_B002_000000231,C0032385,Danny,Noble,danny.noble.32385@retailverse.example,+44 7365233202,1966-11-29,BRONZE,Y,2025-12-22 05:13:02,2026-09-01 00:00:00
SRC_CUSTOMER_B002_000000232,C0015535,Gerald,Carter,gerald.carter.15535@retailverse.example,+44 7714651731,1978-03-10,GOLD,N,2025-04-29 01:12:00,2026-09-01 00:00:00
SRC_CUSTOMER_B002_000000233,C0018865,Sandra,Mills,sandra.mills.18865@retailverse.example,+44 7995168037,1956-08-27,BRONZE,Y,2023-07-16 12:39:05,2026-09-01 00:00:00
SRC_CUSTOMER_B002_000000234,C0030702,Aaron,Davies,aaron.davies.30702@retailverse.example,+44 7360556050,1989-10-21,BRONZE,Y,2024-06-23 02:02:48,2026-09-01 00:00:00
SRC_CUSTOMER_B002_000000235,C0039895,Kirsty,Macdonald,kirsty.macdonald.39895@retailverse.example,+44 7987867123,1981-12-19,BRONZE,Y,2023-06-12 18:38:00,2026-09-01 00:00:00
SRC_CUSTOMER_B002_000000236,C0034695,Dylan,Rhodes,dylan.rhodes.34695@retailverse.example,+44 7640089957,1979-01-23,SILVER,Y,2025-06-15 03:08:09,2026-09-01 00:00:00
SRC_CUSTOMER_B002_000000237,C0031768,Lisa,Barrett,lisa.barrett.31768@retailverse.example,+44 7469058119,2007-06-13,BRONZE,N,2024-10-15 12:52:10,2026-09-01 00:00:00
SRC_CUSTOMER_B002_000000238,C0035205,Patrick,Jones,patrick.jones.35205@retailverse.example,+44 7482935604,1999-03-10,SILVER,N,2024-11-11 15:58:41,2026-09-01 00:00:00
SRC_CUSTOMER_B002_000000239,C0030825,Darren,Brown,darren.brown.30825@retailverse.example,+44 7519623005,1954-03-24,BRONZE,Y,2024-11-21 03:48:15,2026-09-01 00:00:00
SRC_CUSTOMER_B002_000000240,C0050095,Carole,Austin,carole.austin.50095@retailverse.example,+44 7213697507,2000-06-14,SILVER,N,2024-01-11 09:30:06,2026-09-01 00:00:00
SRC_CUSTOMER_B002_000000241,C0013737,Janice,Walker,janice.walker.13737@retailverse.example,+44 7019894078,1972-02-27,SILVER,Y,2024-11-05 10:37:10,2026-09-01 00:00:00
SRC_CUSTOMER_B002_000000242,C0024334,Joyce,Harrison,joyce.harrison.24334@retailverse.example,+44 7759535219,1976-10-07,GOLD,Y,2024-07-21 19:15:58,2026-09-01 00:00:00
SRC_CUSTOMER_B002_000000243,C0038252,Natalie,Lambert,natalie.lambert.38252@retailverse.example,+44 7143028196,1951-08-24,BRONZE,Y,2025-03-07 15:16:37,2026-09-01 00:00:00
SRC_CUSTOMER_B002_000000244,C0016006,Gareth,Owen,gareth.owen.16006@retailverse.example,+44 7900410600,2007-01-10,GOLD,N,2024-10-24 22:02:07,2026-09-01 00:00:00
SRC_CUSTOMER_B002_000000245,C0031497,Natasha,Smith,natasha.smith.31497@retailverse.example,+44 7415310448,1982-08-06,SILVER,Y,2024-09-01 01:55:21,2026-09-01 00:00:00
SRC_CUSTOMER_B002_000000246,C0035136,Gareth,Williams,gareth.williams.35136@retailverse.example,+44 7057775699,1977-11-08,BRONZE,N,2025-01-14 15:57:54,2026-09-01 00:00:00
SRC_CUSTOMER_B002_000000247,C0044792,Iain,Metcalfe,iain.metcalfe.44792@retailverse.example,+44 7694056099,1947-05-29,BRONZE,N,2025-10-04 02:07:27,2026-09-01 00:00:00
SRC_CUSTOMER_B002_000000248,C0013668,Dylan,Hawkins,dylan.hawkins.13668@retailverse.example,+44 7715984559,1945-05-04,GOLD,N,2023-10-01 20:28:27,2026-09-01 00:00:00
SRC_CUSTOMER_B002_000000249,C0005558,Hannah,Williams,hannah.williams.5558@retailverse.example,+44 7496853636,2001-12-26,BRONZE,Y,2025-09-25 00:18:32,2026-09-01 00:00:00
SRC_CUSTOMER_B002_000000250,C0048307,Paul,Gill,paul.gill.48307@retailverse.example,+44 7500671977,1962-07-28,BRONZE,Y,2025-03-22 11:09:12,2026-09-01 00:00:00
SRC_CUSTOMER_B002_000000251,C0019745,Jemma,Kelly,jemma.kelly.19745@retailverse.example,+44 7376140076,1970-05-01,BRONZE,Y,2025-02-04 01:20:53,2026-09-01 00:00:00
SRC_CUSTOMER_B002_000000252,C0020711,Tom,Clarke,tom.clarke.20711@retailverse.example,+44 7194440703,2001-10-20,GOLD,Y,2026-04-14 14:29:14,2026-09-01 00:00:00
SRC_CUSTOMER_B002_000000253,C0028386,Paul,Mills,paul.mills.28386@retailverse.example,+44 7386319147,1987-08-08,SILVER,Y,2024-07-13 11:50:40,2026-09-01 00:00:00
SRC_CUSTOMER_B002_000000254,C0037197,Abdul,Hancock,abdul.hancock.37197@retailverse.example,+44 7862272398,1951-06-30,GOLD,Y,2024-02-11 11:39:25,2026-09-01 00:00:00
SRC_CUSTOMER_B002_000000255,C0022481,Lesley,Birch,lesley.birch.22481@retailverse.example,+44 7895696634,1969-07-16,GOLD,Y,2025-11-06 23:41:44,2026-09-01 00:00:00
SRC_CUSTOMER_B002_000000256,C0030340,Leigh,Smith,leigh.smith.30340@retailverse.example,+44 7011514663,1952-12-11,SILVER,Y,2024-04-27 16:08:00,2026-09-01 00:00:00
SRC_CUSTOMER_B002_000000257,C0027986,Suzanne,Kerr,suzanne.kerr.27986@retailverse.example,+44 7049742673,1988-02-23,BRONZE,Y,2023-08-25 23:25:48,2026-09-01 00:00:00
SRC_CUSTOMER_B002_000000258,C0013986,Elliot,Martin,elliot.martin.13986@retailverse.example,+44 7839588959,1982-05-11,BRONZE,N,2026-05-28 20:12:11,2026-09-01 00:00:00
SRC_CUSTOMER_B002_000000259,C0026802,Jamie,Murray,jamie.murray.26802@retailverse.example,+44 7357973330,1977-03-28,BRONZE,Y,2023-09-01 19:05:12,2026-09-01 00:00:00
SRC_CUSTOMER_B002_000000260,C0013079,Gordon,Patel,gordon.patel.13079@retailverse.example,+44 7405301619,2005-07-20,GOLD,Y,2025-07-25 10:46:17,2026-09-01 00:00:00
SRC_CUSTOMER_B002_000000261,C0040988,Neil,Weston,neil.weston.40988@retailverse.example,+44 7880282246,1982-02-12,SILVER,Y,2023-04-22 03:06:41,2026-09-01 00:00:00
SRC_CUSTOMER_B002_000000262,C0032723,Sharon,White,sharon.white.32723@retailverse.example,+44 7962663565,2005-07-28,BRONZE,Y,2025-08-27 12:08:52,2026-09-01 00:00:00
SRC_CUSTOMER_B002_000000263,C0046265,Janice,Foster,janice.foster.46265@retailverse.example,+44 7656922166,1980-08-22,BRONZE,Y,2024-04-27 21:36:34,2026-09-01 00:00:00
SRC_CUSTOMER_B002_000000264,C0048826,Bethan,Summers,bethan.summers.48826@retailverse.example,+44 7315639905,1974-11-23,BRONZE,N,2024-06-19 02:59:04,2026-09-01 00:00:00
SRC_CUSTOMER_B002_000000265,C0036449,Jemma,Pearson,jemma.pearson.36449@retailverse.example,+44 7356372695,1996-02-23,SILVER,N,2025-07-07 00:38:12,2026-09-01 00:00:00
SRC_CUSTOMER_B002_000000266,C0005925,Sally,Graham,sally.graham.5925@retailverse.example,+44 7913094695,1951-06-04,SILVER,Y,2025-12-05 20:23:48,2026-09-01 00:00:00
SRC_CUSTOMER_B002_000000267,C0017377,John,Davies,john.davies.17377@retailverse.example,+44 7451936277,1988-12-20,BRONZE,N,2024-07-28 10:05:47,2026-09-01 00:00:00
SRC_CUSTOMER_B002_000000268,C0007415,Mitchell,Barry,mitchell.barry.7415@retailverse.example,+44 7375422150,1955-07-29,GOLD,N,2025-08-24 21:51:32,2026-09-01 00:00:00
SRC_CUSTOMER_B002_000000269,C0040428,Kyle,Rahman,kyle.rahman.40428@retailverse.example,+44 7110900962,1967-03-12,GOLD,N,2025-09-25 04:54:36,2026-09-01 00:00:00
SRC_CUSTOMER_B002_000000270,C0016893,Roger,Davies,roger.davies.16893@retailverse.example,+44 7588317425,1982-04-13,GOLD,Y,2026-04-05 10:49:00,2026-09-01 00:00:00
SRC_CUSTOMER_B002_000000271,C0021506,Gail,Davies,gail.davies.21506@retailverse.example,+44 7020539333,1978-09-29,GOLD,Y,2025-05-08 22:01:43,2026-09-01 00:00:00
SRC_CUSTOMER_B002_000000272,C0034594,Sally,Wilson,sally.wilson.34594@retailverse.example,+44 7774256800,1966-05-05,GOLD,Y,2023-01-12 01:40:27,2026-09-01 00:00:00
SRC_CUSTOMER_B002_000000273,C0012039,Charles,Fox,charles.fox.12039@retailverse.example,+44 7641252555,1973-08-11,GOLD,Y,2024-05-20 07:59:46,2026-09-01 00:00:00
SRC_CUSTOMER_B002_000000274,C0016513,Andrea,Patel,andrea.patel.16513@retailverse.example,+44 7078189855,1953-11-10,BRONZE,Y,2025-03-03 10:44:53,2026-09-01 00:00:00
SRC_CUSTOMER_B002_000000275,C0037129,Liam,Smith,liam.smith.37129@retailverse.example,+44 7648569233,1949-08-27,SILVER,Y,2026-07-27 20:49:55,2026-09-01 00:00:00
SRC_CUSTOMER_B002_000000276,C0013596,Antony,Evans,antony.evans.13596@retailverse.example,+44 7279253284,1978-03-10,BRONZE,N,2026-02-24 03:44:04,2026-09-01 00:00:00
SRC_CUSTOMER_B002_000000277,C0004929,Iain,Perry,iain.perry.4929@retailverse.example,+44 7852827165,1966-10-16,SILVER,Y,2023-09-10 20:14:43,2026-09-01 00:00:00
SRC_CUSTOMER_B002_000000278,C0050009,Sylvia,Martin,sylvia.martin.50009@retailverse.example,+44 7324011797,1963-11-17,BRONZE,N,2024-07-22 17:28:16,2026-09-01 00:00:00
SRC_CUSTOMER_B002_000000279,C0012373,Gregory,Sheppard,gregory.sheppard.12373@retailverse.example,+44 7229186645,1948-03-12,GOLD,Y,2025-02-01 22:43:57,2026-09-01 00:00:00
SRC_CUSTOMER_B002_000000280,C0002265,Joseph,Bibi,joseph.bibi.2265@retailverse.example,+44 7637795637,1959-07-17,BRONZE,Y,2023-11-12 14:21:31,2026-09-01 00:00:00
SRC_CUSTOMER_B002_000000281,C0011278,Jamie,Turnbull,jamie.turnbull.11278@retailverse.example,+44 7404617052,2002-08-14,BRONZE,Y,2023-07-06 07:44:41,2026-09-01 00:00:00
SRC_CUSTOMER_B002_000000282,C0022802,Rosemary,Martin,rosemary.martin.22802@retailverse.example,+44 7676428300,1982-09-08,BRONZE,Y,2026-01-20 01:38:05,2026-09-01 00:00:00
SRC_CUSTOMER_B002_000000283,C0029556,Pamela,Webb,pamela.webb.29556@retailverse.example,+44 7488411648,1980-11-01,SILVER,Y,2024-03-30 02:13:41,2026-09-01 00:00:00
SRC_CUSTOMER_B002_000000284,C0019593,Elaine,Hill,elaine.hill.19593@retailverse.example,+44 7764824918,1998-07-14,BRONZE,Y,2025-07-09 04:54:36,2026-09-01 00:00:00
SRC_CUSTOMER_B002_000000285,C0036075,Lauren,Jones,lauren.jones.36075@retailverse.example,+44 7215314929,1988-05-26,SILVER,Y,2026-07-02 03:07:07,2026-09-01 00:00:00
SRC_CUSTOMER_B002_000000286,C0040847,Maureen,Long,maureen.long.40847@retailverse.example,+44 7807474341,1955-06-16,SILVER,N,2023-02-21 03:06:11,2026-09-01 00:00:00
SRC_CUSTOMER_B002_000000287,C0015685,Scott,Barnett,scott.barnett.15685@retailverse.example,+44 7873570152,1971-12-19,SILVER,N,2023-02-02 14:35:08,2026-09-01 00:00:00
SRC_CUSTOMER_B002_000000288,C0034462,Tony,Atkinson,tony.atkinson.34462@retailverse.example,+44 7239380363,1981-02-21,GOLD,Y,2024-03-11 13:00:51,2026-09-01 00:00:00
SRC_CUSTOMER_B002_000000289,C0024726,Maurice,Lawson,maurice.lawson.24726@retailverse.example,+44 7364467608,1952-07-20,GOLD,N,2025-11-19 14:47:36,2026-09-01 00:00:00
SRC_CUSTOMER_B002_000000290,C0047779,Annette,Wright,annette.wright.47779@retailverse.example,+44 7851679128,1974-11-02,SILVER,Y,2025-01-19 06:48:58,2026-09-01 00:00:00
SRC_CUSTOMER_B002_000000291,C0049598,Leon,Stewart,leon.stewart.49598@retailverse.example,+44 7068969944,1965-09-26,BRONZE,Y,2023-12-05 03:01:30,2026-09-01 00:00:00
SRC_CUSTOMER_B002_000000292,C0005935,Joanne,Hussain,joanne.hussain.5935@retailverse.example,+44 7830200218,1986-03-24,SILVER,Y,2026-07-18 18:17:23,2026-09-01 00:00:00
SRC_CUSTOMER_B002_000000293,C0024437,Paula,Williams,paula.williams.24437@retailverse.example,+44 7744428517,1952-08-08,SILVER,N,2026-07-08 03:05:53,2026-09-01 00:00:00
SRC_CUSTOMER_B002_000000294,C0032718,Diana,French,diana.french.32718@retailverse.example,+44 7887511875,1987-12-04,SILVER,N,2025-01-13 19:35:51,2026-09-01 00:00:00
SRC_CUSTOMER_B002_000000295,C0009407,Tony,Jenkins,tony.jenkins.9407@retailverse.example,+44 7874183443,1994-11-26,BRONZE,N,2024-10-22 22:03:13,2026-09-01 00:00:00
SRC_CUSTOMER_B002_000000296,C0042003,Lynda,Abbott,lynda.abbott.42003@retailverse.example,+44 7235573800,1958-08-09,SILVER,Y,2024-07-06 12:22:15,2026-09-01 00:00:00
SRC_CUSTOMER_B002_000000297,C0004810,Toby,Smith,toby.smith.4810@retailverse.example,+44 7923129934,1946-07-10,BRONZE,Y,2025-01-10 00:12:00,2026-09-01 00:00:00
SRC_CUSTOMER_B002_000000298,C0035528,Gerard,Jennings,gerard.jennings.35528@retailverse.example,+44 7665105040,1965-02-13,SILVER,Y,2026-05-26 01:56:14,2026-09-01 00:00:00
SRC_CUSTOMER_B002_000000299,C0040385,Dorothy,Cooper,dorothy.cooper.40385@retailverse.example,+44 7370615939,1961-01-09,GOLD,N,2026-03-03 08:17:35,2026-09-01 00:00:00
SRC_CUSTOMER_B002_000000300,C0031181,William,Stephens,william.stephens.31181@retailverse.example,+44 7319221595,2004-03-02,BRONZE,Y,2024-06-17 11:34:45,2026-09-01 00:00:00
SRC_CUSTOMER_B002_000000301,C0041667,Sean,Kay,sean.kay.41667@retailverse.example,+44 7484870734,1956-08-26,SILVER,N,2024-09-15 14:25:37,2026-09-01 00:00:00
SRC_CUSTOMER_B002_000000302,C0030573,Jay,Griffin,jay.griffin.30573@retailverse.example,+44 7654512608,1956-05-12,BRONZE,Y,2024-06-17 17:51:11,2026-09-01 00:00:00
SRC_CUSTOMER_B002_000000303,C0005619,Elizabeth,Smith,elizabeth.smith.5619@retailverse.example,+44 7466996466,1947-11-11,BRONZE,Y,2025-11-21 07:57:46,2026-09-01 00:00:00
SRC_CUSTOMER_B002_000000304,C0013528,Darren,Woodward,darren.woodward.13528@retailverse.example,+44 7106718666,1988-04-20,GOLD,N,2024-04-22 20:07:31,2026-09-01 00:00:00
SRC_CUSTOMER_B002_000000305,C0006330,Andrew,Harrison,andrew.harrison.6330@retailverse.example,+44 7786655941,2003-08-29,GOLD,N,2024-04-07 01:38:18,2026-09-01 00:00:00
SRC_CUSTOMER_B002_000000306,C0001227,Shirley,Smith,shirley.smith.1227@retailverse.example,+44 7838026745,1984-02-05,GOLD,Y,2025-01-01 20:57:24,2026-09-01 00:00:00
SRC_CUSTOMER_B002_000000307,C0018039,Marie,Williamson,marie.williamson.18039@retailverse.example,+44 7084961018,1975-06-17,BRONZE,Y,2026-04-29 19:17:26,2026-09-01 00:00:00
SRC_CUSTOMER_B002_000000308,C0022253,Jacob,Collier,jacob.collier.22253@retailverse.example,+44 7566070020,1967-09-17,GOLD,Y,2026-04-17 20:53:31,2026-09-01 00:00:00
SRC_CUSTOMER_B002_000000309,C0044111,Kieran,Brown,kieran.brown.44111@retailverse.example,+44 7088684653,1951-09-02,GOLD,Y,2026-01-01 08:01:36,2026-09-01 00:00:00
SRC_CUSTOMER_B002_000000310,C0020139,John,Long,john.long.20139@retailverse.example,+44 7417836573,1966-01-30,SILVER,Y,2023-12-04 13:18:49,2026-09-01 00:00:00
SRC_CUSTOMER_B002_000000311,C0040100,Victor,Smith,victor.smith.40100@retailverse.example,+44 7718200265,1959-02-27,BRONZE,Y,2025-01-06 21:20:05,2026-09-01 00:00:00
SRC_CUSTOMER_B002_000000312,C0048429,Alexandra,Cole,alexandra.cole.48429@retailverse.example,+44 7242671939,1994-10-18,BRONZE,Y,2024-01-31 23:55:48,2026-09-01 00:00:00
SRC_CUSTOMER_B002_000000313,C0002211,Annette,Shah,annette.shah.2211@retailverse.example,+44 7485110523,1990-08-30,GOLD,N,2025-01-09 17:15:52,2026-09-01 00:00:00
SRC_CUSTOMER_B002_000000314,C0003389,Marian,Morley,marian.morley.3389@retailverse.example,+44 7736581198,2002-02-11,BRONZE,N,2025-07-21 10:10:31,2026-09-01 00:00:00
SRC_CUSTOMER_B002_000000315,C0013678,Joel,Wilson,joel.wilson.13678@retailverse.example,+44 7245442289,1946-05-16,BRONZE,Y,2023-01-24 09:21:26,2026-09-01 00:00:00
SRC_CUSTOMER_B002_000000316,C0002794,Abdul,Thomas,abdul.thomas.2794@retailverse.example,+44 7880809647,1988-04-01,BRONZE,Y,2023-08-03 04:41:40,2026-09-01 00:00:00
SRC_CUSTOMER_B002_000000317,C0042002,Shane,Austin,shane.austin.42002@retailverse.example,+44 7309623076,1957-11-23,SILVER,N,2025-04-19 05:43:10,2026-09-01 00:00:00
SRC_CUSTOMER_B002_000000318,C0032084,Debra,O'Connor,debra.o'connor.32084@retailverse.example,+44 7380171178,1980-10-31,BRONZE,Y,2026-05-01 14:02:24,2026-09-01 00:00:00
SRC_CUSTOMER_B002_000000319,C0014058,Pamela,Walsh,pamela.walsh.14058@retailverse.example,+44 7788306695,1983-07-26,BRONZE,Y,2025-06-30 08:23:41,2026-09-01 00:00:00
SRC_CUSTOMER_B002_000000320,C0013209,Alexandra,Brookes,alexandra.brookes.13209@retailverse.example,+44 7006037484,1971-05-25,GOLD,Y,2023-05-14 06:10:02,2026-09-01 00:00:00
SRC_CUSTOMER_B002_000000321,C0028005,Judith,Moss,judith.moss.28005@retailverse.example,+44 7623190174,1969-11-18,BRONZE,N,2025-07-06 20:00:40,2026-09-01 00:00:00
SRC_CUSTOMER_B002_000000322,C0025962,Shaun,Jones,shaun.jones.25962@retailverse.example,+44 7205510574,1980-04-25,SILVER,N,2025-03-10 19:41:34,2026-09-01 00:00:00
SRC_CUSTOMER_B002_000000323,C0047541,Megan,George,megan.george.47541@retailverse.example,+44 7550794895,2005-09-12,SILVER,Y,2023-10-03 11:33:31,2026-09-01 00:00:00
SRC_CUSTOMER_B002_000000324,C0004404,Glenn,Thomas,glenn.thomas.4404@retailverse.example,+44 7687073040,2001-08-02,GOLD,Y,2024-07-08 11:36:05,2026-09-01 00:00:00
SRC_CUSTOMER_B002_000000325,C0013976,Cheryl,Ward,cheryl.ward.13976@retailverse.example,+44 7348941957,1957-08-15,BRONZE,Y,2024-12-29 15:04:25,2026-09-01 00:00:00
SRC_CUSTOMER_B002_000000326,C0037395,Shane,Baxter,shane.baxter.37395@retailverse.example,+44 7902067480,1995-02-24,BRONZE,Y,2025-07-18 13:50:44,2026-09-01 00:00:00
SRC_CUSTOMER_B002_000000327,C0038858,Christian,Atkins,christian.atkins.38858@retailverse.example,+44 7538856116,1993-09-25,BRONZE,N,2025-01-02 18:59:16,2026-09-01 00:00:00
SRC_CUSTOMER_B002_000000328,C0016701,Janet,Parry,janet.parry.16701@retailverse.example,+44 7199818769,1976-05-24,BRONZE,N,2024-10-17 18:23:02,2026-09-01 00:00:00
SRC_CUSTOMER_B002_000000329,C0026703,Angela,Hall,angela.hall.26703@retailverse.example,+44 7805054218,1957-10-25,SILVER,Y,2025-01-18 07:53:14,2026-09-01 00:00:00
SRC_CUSTOMER_B002_000000330,C0007835,Rhys,Morgan,rhys.morgan.7835@retailverse.example,+44 7578668805,1994-11-06,BRONZE,Y,2023-06-09 14:38:59,2026-09-01 00:00:00
SRC_CUSTOMER_B002_000000331,C0015654,Josephine,Page,josephine.page.15654@retailverse.example,+44 7520098281,1952-10-12,GOLD,N,2025-11-30 06:34:07,2026-09-01 00:00:00
SRC_CUSTOMER_B002_000000332,C0030832,Albert,O'Sullivan,albert.o'sullivan.30832@retailverse.example,+44 7700144316,2007-12-12,GOLD,Y,2024-02-18 01:09:46,2026-09-01 00:00:00
SRC_CUSTOMER_B002_000000333,C0017118,Russell,Robertson,russell.robertson.17118@retailverse.example,+44 7503991811,2002-09-18,SILVER,N,2026-01-19 10:55:10,2026-09-01 00:00:00
SRC_CUSTOMER_B002_000000334,C0007771,David,Doherty,david.doherty.7771@retailverse.example,+44 7357436450,1966-04-23,BRONZE,N,2024-12-15 03:23:25,2026-09-01 00:00:00
SRC_CUSTOMER_B002_000000335,C0005786,Kenneth,Smart,kenneth.smart.5786@retailverse.example,+44 7986590937,1994-12-11,BRONZE,N,2023-02-22 22:56:40,2026-09-01 00:00:00
SRC_CUSTOMER_B002_000000336,C0026313,Christopher,Norman,christopher.norman.26313@retailverse.example,+44 7795599984,1948-08-16,BRONZE,Y,2025-02-20 06:59:15,2026-09-01 00:00:00
SRC_CUSTOMER_B002_000000337,C0015467,Mitchell,Ashton,mitchell.ashton.15467@retailverse.example,+44 7129551175,1996-03-15,GOLD,Y,2023-08-08 23:53:28,2026-09-01 00:00:00
SRC_CUSTOMER_B002_000000338,C0049674,Daniel,Jones,daniel.jones.49674@retailverse.example,+44 7699763433,1988-03-21,GOLD,Y,2025-01-02 18:57:55,2026-09-01 00:00:00
SRC_CUSTOMER_B002_000000339,C0028454,Mohammad,Baker,mohammad.baker.28454@retailverse.example,+44 7991187273,1965-02-13,BRONZE,Y,2023-07-17 00:06:05,2026-09-01 00:00:00
SRC_CUSTOMER_B002_000000340,C0017652,Marcus,Oliver,marcus.oliver.17652@retailverse.example,+44 7898285136,1961-03-29,GOLD,Y,2023-09-17 02:46:18,2026-09-01 00:00:00
SRC_CUSTOMER_B002_000000341,C0002140,Shane,Lambert,shane.lambert.2140@retailverse.example,+44 7127555511,1967-12-02,BRONZE,N,2025-04-24 23:36:25,2026-09-01 00:00:00
SRC_CUSTOMER_B002_000000342,C0042086,Roy,Evans,roy.evans.42086@retailverse.example,+44 7824051033,1994-01-10,BRONZE,N,2025-06-08 03:29:37,2026-09-01 00:00:00
SRC_CUSTOMER_B002_000000343,C0017970,James,Ellis,james.ellis.17970@retailverse.example,+44 7987014910,1980-12-14,BRONZE,Y,2023-12-27 16:17:30,2026-09-01 00:00:00
SRC_CUSTOMER_B002_000000344,C0022280,Lucy,O'Sullivan,lucy.o'sullivan.22280@retailverse.example,+44 7259423195,2000-02-04,SILVER,Y,2025-07-29 05:29:50,2026-09-01 00:00:00
SRC_CUSTOMER_B002_000000345,C0041497,Matthew,Hart,matthew.hart.41497@retailverse.example,+44 7688492571,1983-02-16,SILVER,Y,2025-08-14 13:21:45,2026-09-01 00:00:00
SRC_CUSTOMER_B002_000000346,C0035797,Alice,Harris,alice.harris.35797@retailverse.example,+44 7909015369,1956-04-24,SILVER,Y,2023-06-13 00:16:31,2026-09-01 00:00:00
SRC_CUSTOMER_B002_000000347,C0014440,Rebecca,Mason,rebecca.mason.14440@retailverse.example,+44 7910115701,1951-08-14,BRONZE,N,2023-08-18 14:03:23,2026-09-01 00:00:00
SRC_CUSTOMER_B002_000000348,C0029722,Marion,James,marion.james.29722@retailverse.example,+44 7863158817,1987-04-24,BRONZE,Y,2023-07-12 11:22:04,2026-09-01 00:00:00
SRC_CUSTOMER_B002_000000349,C0014265,Nigel,Webb,nigel.webb.14265@retailverse.example,+44 7305473264,2007-12-13,SILVER,N,2025-10-30 11:02:23,2026-09-01 00:00:00
SRC_CUSTOMER_B002_000000350,C0007219,Henry,Begum,henry.begum.7219@retailverse.example,+44 7633159264,1982-07-31,SILVER,Y,2024-04-25 20:03:52,2026-09-01 00:00:00
SRC_CUSTOMER_B002_000000351,C0019494,Alison,King,alison.king.19494@retailverse.example,+44 7526528206,1955-09-06,SILVER,Y,2023-06-02 04:55:06,2026-09-01 00:00:00
SRC_CUSTOMER_B002_000000352,C0026831,Nicole,Brown,nicole.brown.26831@retailverse.example,+44 7927861229,1983-09-29,GOLD,Y,2024-12-17 13:25:23,2026-09-01 00:00:00
SRC_CUSTOMER_B002_000000353,C0037651,Denis,Lewis,denis.lewis.37651@retailverse.example,+44 7182885515,1985-11-22,BRONZE,Y,2023-04-20 00:21:22,2026-09-01 00:00:00
SRC_CUSTOMER_B002_000000354,C0019070,Joseph,Hall,joseph.hall.19070@retailverse.example,+44 7133896126,1961-06-23,SILVER,Y,2024-07-14 18:58:33,2026-09-01 00:00:00
SRC_CUSTOMER_B002_000000355,C0035154,Craig,Harrison,craig.harrison.35154@retailverse.example,+44 7399040050,1979-10-10,GOLD,N,2023-10-18 11:01:28,2026-09-01 00:00:00
SRC_CUSTOMER_B002_000000356,C0032039,Jade,Yates,jade.yates.32039@retailverse.example,+44 7945043100,1982-05-13,GOLD,Y,2024-07-15 07:40:30,2026-09-01 00:00:00
SRC_CUSTOMER_B002_000000357,C0047074,Bethan,Murphy,bethan.murphy.47074@retailverse.example,+44 7068969961,1987-09-24,SILVER,N,2024-05-16 12:57:38,2026-09-01 00:00:00
SRC_CUSTOMER_B002_000000358,C0029115,Marie,Doyle,marie.doyle.29115@retailverse.example,+44 7815414478,1951-10-06,BRONZE,Y,2025-09-07 11:01:55,2026-09-01 00:00:00
SRC_CUSTOMER_B002_000000359,C0000647,Rebecca,Brown,rebecca.brown.647@retailverse.example,+44 7484871255,1953-07-30,GOLD,N,2024-12-23 23:27:02,2026-09-01 00:00:00
SRC_CUSTOMER_B002_000000360,C0015850,Robin,Glover,robin.glover.15850@retailverse.example,+44 7233153630,1949-09-14,BRONZE,N,2024-09-22 14:35:02,2026-09-01 00:00:00
SRC_CUSTOMER_B002_000000361,C0033001,Linda,Davies,linda.davies.33001@retailverse.example,+44 7602503625,1967-03-11,SILVER,Y,2026-05-08 09:24:15,2026-09-01 00:00:00
SRC_CUSTOMER_B002_000000362,C0006626,Danny,Roberts,danny.roberts.6626@retailverse.example,+44 7844476590,1965-09-24,SILVER,Y,2025-08-15 15:36:05,2026-09-01 00:00:00
SRC_CUSTOMER_B002_000000363,C0030249,Zoe,Hall,zoe.hall.30249@retailverse.example,+44 7562020450,1965-09-01,GOLD,N,2024-10-07 21:03:57,2026-09-01 00:00:00
SRC_CUSTOMER_B002_000000364,C0013142,Shaun,White,shaun.white.13142@retailverse.example,+44 7572664983,1947-12-20,BRONZE,Y,2023-08-01 13:51:28,2026-09-01 00:00:00
SRC_CUSTOMER_B002_000000365,C0034026,Alison,Begum,alison.begum.34026@retailverse.example,+44 7359651928,1955-06-17,BRONZE,N,2023-06-23 03:19:51,2026-09-01 00:00:00
SRC_CUSTOMER_B002_000000366,C0049632,Christine,Morrison,christine.morrison.49632@retailverse.example,+44 7813859699,2000-05-24,GOLD,Y,2023-03-02 16:39:58,2026-09-01 00:00:00
SRC_CUSTOMER_B002_000000367,C0013943,Leah,Hussain,leah.hussain.13943@retailverse.example,+44 7262609900,1950-09-18,BRONZE,Y,2025-12-20 19:46:01,2026-09-01 00:00:00
SRC_CUSTOMER_B002_000000368,C0027308,Victor,Lynch,victor.lynch.27308@retailverse.example,+44 7639115816,1945-10-26,SILVER,Y,2024-12-10 21:18:32,2026-09-01 00:00:00
SRC_CUSTOMER_B002_000000369,C0025298,Joshua,Harris,joshua.harris.25298@retailverse.example,+44 7936409893,1976-10-19,GOLD,Y,2023-03-20 22:30:35,2026-09-01 00:00:00
SRC_CUSTOMER_B002_000000370,C0037857,Iain,Barker,iain.barker.37857@retailverse.example,+44 7797540625,1988-12-27,BRONZE,Y,2024-10-19 22:15:37,2026-09-01 00:00:00
SRC_CUSTOMER_B002_000000371,C0041739,Marion,Watson,marion.watson.41739@retailverse.example,+44 7943670539,1986-10-18,SILVER,Y,2025-04-26 14:05:53,2026-09-01 00:00:00
SRC_CUSTOMER_B002_000000372,C0034539,Sharon,Gregory,sharon.gregory.34539@retailverse.example,+44 7835324358,1966-03-02,GOLD,N,2025-09-07 12:22:45,2026-09-01 00:00:00
SRC_CUSTOMER_B002_000000373,C0005441,Joanna,Clarke,joanna.clarke.5441@retailverse.example,+44 7548844110,1989-07-19,BRONZE,Y,2025-04-29 13:17:43,2026-09-01 00:00:00
SRC_CUSTOMER_B002_000000374,C0013842,Paige,Donnelly,paige.donnelly.13842@retailverse.example,+44 7372562173,1982-10-19,SILVER,N,2024-08-31 11:38:56,2026-09-01 00:00:00
SRC_CUSTOMER_B002_000000375,C0041887,Jack,Jones,jack.jones.41887@retailverse.example,+44 7511509715,1947-05-21,SILVER,N,2023-02-17 05:07:41,2026-09-01 00:00:00
SRC_CUSTOMER_B002_000000376,C0018364,Karen,Vaughan,karen.vaughan.18364@retailverse.example,+44 7614439825,1951-05-03,GOLD,N,2025-06-02 16:19:08,2026-09-01 00:00:00
SRC_CUSTOMER_B002_000000377,C0032437,Kerry,Lewis,kerry.lewis.32437@retailverse.example,+44 7586009537,1950-12-21,GOLD,N,2023-08-23 03:08:49,2026-09-01 00:00:00
SRC_CUSTOMER_B002_000000378,C0041053,Vanessa,Kelly,vanessa.kelly.41053@retailverse.example,+44 7780266228,1963-12-04,GOLD,N,2025-11-22 15:07:24,2026-09-01 00:00:00
SRC_CUSTOMER_B002_000000379,C0006942,Eleanor,Thompson,eleanor.thompson.6942@retailverse.example,+44 7023021586,1989-12-23,SILVER,N,2024-09-16 06:58:16,2026-09-01 00:00:00
SRC_CUSTOMER_B002_000000380,C0043001,Katy,Graham,katy.graham.43001@retailverse.example,+44 7490859304,1987-11-08,BRONZE,N,2023-01-20 08:17:40,2026-09-01 00:00:00
SRC_CUSTOMER_B002_000000381,C0010193,Chloe,Jarvis,chloe.jarvis.10193@retailverse.example,+44 7114805163,1987-03-23,GOLD,N,2024-03-23 16:38:38,2026-09-01 00:00:00
SRC_CUSTOMER_B002_000000382,C0000875,Rachael,Edwards,rachael.edwards.875@retailverse.example,+44 7631052879,1968-12-18,GOLD,N,2023-05-26 14:23:47,2026-09-01 00:00:00
SRC_CUSTOMER_B002_000000383,C0024892,Joanne,Williams,joanne.williams.24892@retailverse.example,+44 7781144689,1976-03-26,BRONZE,Y,2023-04-26 12:00:18,2026-09-01 00:00:00
SRC_CUSTOMER_B002_000000384,C0050057,Kerry,Ahmed,kerry.ahmed.50057@retailverse.example,+44 7070950634,1953-03-29,BRONZE,Y,2025-07-30 22:51:18,2026-09-01 00:00:00
SRC_CUSTOMER_B002_000000385,C0043904,Kerry,Newman,kerry.newman.43904@retailverse.example,+44 7405233079,1996-11-14,GOLD,Y,2024-01-06 19:29:46,2026-09-01 00:00:00
SRC_CUSTOMER_B002_000000386,C0001908,Lynda,Turner,lynda.turner.1908@retailverse.example,+44 7184536239,1981-09-27,SILVER,N,2024-11-15 11:12:16,2026-09-01 00:00:00
SRC_CUSTOMER_B002_000000387,C0029355,Leslie,Jackson,leslie.jackson.29355@retailverse.example,+44 7671094821,1993-10-20,GOLD,N,2024-10-20 20:20:22,2026-09-01 00:00:00
SRC_CUSTOMER_B002_000000388,C0025359,Craig,Blackburn,craig.blackburn.25359@retailverse.example,+44 7870380737,1978-03-31,GOLD,Y,2025-04-12 22:52:52,2026-09-01 00:00:00
SRC_CUSTOMER_B002_000000389,C0025770,Glen,Burton,glen.burton.25770@retailverse.example,+44 7179452125,1977-09-24,BRONZE,N,2026-05-29 06:32:59,2026-09-01 00:00:00
SRC_CUSTOMER_B002_000000390,C0018160,Stuart,Smith,stuart.smith.18160@retailverse.example,+44 7514430169,1999-09-06,BRONZE,N,2024-05-04 13:15:29,2026-09-01 00:00:00
SRC_CUSTOMER_B002_000000391,C0000704,Gareth,Norman,gareth.norman.704@retailverse.example,+44 7635754492,1992-04-22,BRONZE,N,2023-05-17 20:10:43,2026-09-01 00:00:00
SRC_CUSTOMER_B002_000000392,C0031634,Stanley,Taylor,stanley.taylor.31634@retailverse.example,+44 7106600051,2007-02-21,BRONZE,N,2023-05-04 12:17:38,2026-09-01 00:00:00
SRC_CUSTOMER_B002_000000393,C0038790,Gordon,French,gordon.french.38790@retailverse.example,+44 7827169926,1976-02-07,BRONZE,N,2024-08-21 08:49:46,2026-09-01 00:00:00
SRC_CUSTOMER_B002_000000394,C0003913,Rita,Charlton,rita.charlton.3913@retailverse.example,+44 7035935238,1991-05-03,BRONZE,Y,2024-10-24 07:46:25,2026-09-01 00:00:00
SRC_CUSTOMER_B002_000000395,C0023242,Susan,Roberts,susan.roberts.23242@retailverse.example,+44 7880728931,1981-08-07,SILVER,yes,2024-03-19 17:32:28,2026-09-01 00:00:00
SRC_CUSTOMER_B002_000000396,C0036792,Megan,Humphreys,megan.humphreys.36792@retailverse.example,+44 7061367864,1982-07-07,GOLD,Y,2025-05-18 17:43:06,2026-09-01 00:00:00
SRC_CUSTOMER_B002_000000397,C0039123,Joanna,Lewis,joanna.lewis.39123@retailverse.example,+44 7058911429,1974-05-11,BRONZE,Y,2026-02-17 10:35:32,2026-09-01 00:00:00
SRC_CUSTOMER_B002_000000398,C0017600,Helen,Ferguson,helen.ferguson.17600@retailverse.example,+44 7330535941,1991-11-25,SILVER,Y,2026-06-04 09:20:06,2026-09-01 00:00:00
SRC_CUSTOMER_B002_000000399,C0009437,Vincent,Griffiths,vincent.griffiths.9437@retailverse.example,+44 7706880292,2007-04-25,GOLD,N,2023-10-14 05:04:37,2026-09-01 00:00:00
SRC_CUSTOMER_B002_000000400,C0033033,Glenn,Spencer,glenn.spencer.33033@retailverse.example,+44 7109211092,1981-11-22,BRONZE,N,2025-03-27 23:50:56,2026-09-01 00:00:00
SRC_CUSTOMER_B002_000000401,C0009592,Declan,Davis,declan.davis.9592@retailverse.example,+44 7657620252,1994-04-13,GOLD,N,2023-01-05 03:23:09,2026-09-01 00:00:00
SRC_CUSTOMER_B002_000000402,C0014512,Connor,Poole,connor.poole.14512@retailverse.example,+44 7139221803,1967-08-22,BRONZE,Y,2026-06-03 07:44:42,2026-09-01 00:00:00
SRC_CUSTOMER_B002_000000403,C0013486,Marion,Richardson,marion.richardson.13486@retailverse.example,+44 7394119568,1997-06-23,GOLD,Y,2026-02-24 05:46:51,2026-09-01 00:00:00
SRC_CUSTOMER_B002_000000404,C0037974,Gregory,Jones,gregory.jones.37974@retailverse.example,+44 7111151099,1998-12-12,BRONZE,Y,2023-08-19 22:21:04,2026-09-01 00:00:00
SRC_CUSTOMER_B002_000000405,C0017441,Barry,Gilbert,barry.gilbert.17441@retailverse.example,+44 7322612811,1963-01-18,SILVER,N,2025-03-20 18:51:04,2026-09-01 00:00:00
SRC_CUSTOMER_B002_000000406,C0002854,Nicola,Jackson,nicola.jackson.2854@retailverse.example,+44 7468504611,1951-01-11,SILVER,Y,2023-03-22 23:15:51,2026-09-01 00:00:00
SRC_CUSTOMER_B002_000000407,C0015195,Joyce,Bennett,joyce.bennett.15195@retailverse.example,+44 7933078786,1982-11-16,BRONZE,N,2023-04-11 09:57:03,2026-09-01 00:00:00
SRC_CUSTOMER_B002_000000408,C0015483,Gerald,George,gerald.george.15483@retailverse.example,+44 7994381181,1952-03-27,SILVER,Y,2024-05-23 08:27:04,2026-09-01 00:00:00
SRC_CUSTOMER_B002_000000409,C0044442,Jay,Graham,jay.graham.44442@retailverse.example,+44 7692780957,1988-10-06,SILVER,Y,2024-05-04 13:48:07,2026-09-01 00:00:00
SRC_CUSTOMER_B002_000000410,C0040169,Jay,Bibi,jay.bibi.40169@retailverse.example,+44 7641511476,1980-08-30,BRONZE,Y,2025-07-02 20:33:01,2026-09-01 00:00:00
SRC_CUSTOMER_B002_000000411,C0009316,Dean,Ingram,dean.ingram.9316@retailverse.example,+44 7792515535,1996-08-31,BRONZE,N,2025-02-08 08:05:22,2026-09-01 00:00:00
SRC_CUSTOMER_B002_000000412,C0007029,Abdul,Davey,abdul.davey.7029@retailverse.example,+44 7314581331,2006-06-14,GOLD,N,2025-11-28 19:22:48,2026-09-01 00:00:00
SRC_CUSTOMER_B002_000000413,C0040742,Kate,Mills,kate.mills.40742@retailverse.example,+44 7859662111,1979-11-12,BRONZE,Y,2023-01-14 03:34:48,2026-09-01 00:00:00
SRC_CUSTOMER_B002_000000414,C0003709,Barbara,Blake,barbara.blake.3709@retailverse.example,+44 7804164845,1978-05-31,BRONZE,Y,2025-03-22 00:22:52,2026-09-01 00:00:00
SRC_CUSTOMER_B002_000000415,C0041191,Sally,Gardiner,sally.gardiner.41191@retailverse.example,+44 7118712010,1983-11-17,SILVER,Y,2023-09-14 17:04:01,2026-09-01 00:00:00
SRC_CUSTOMER_B002_000000416,C0025582,Jake,Gilbert,jake.gilbert.25582@retailverse.example,+44 7734264838,2000-10-26,SILVER,Y,2026-06-11 17:00:44,2026-09-01 00:00:00
SRC_CUSTOMER_B002_000000417,C0027083,Mathew,Austin,mathew.austin.27083@retailverse.example,+44 7191412231,1983-11-12,BRONZE,N,2024-09-23 09:21:44,2026-09-01 00:00:00
SRC_CUSTOMER_B002_000000418,C0002563,Russell,Begum,russell.begum.2563@retailverse.example,+44 7143649988,2005-03-26,BRONZE,Y,2023-06-15 10:09:31,2026-09-01 00:00:00
SRC_CUSTOMER_B002_000000419,C0010432,Glen,Archer,glen.archer.10432@retailverse.example,+44 7262054207,1951-09-08,SILVER,Y,2024-03-13 20:37:58,2026-09-01 00:00:00
SRC_CUSTOMER_B002_000000420,C0002337,Max,Rogers,max.rogers.2337@retailverse.example,+44 7077373568,1989-12-01,SILVER,Y,2024-09-12 15:16:15,2026-09-01 00:00:00
SRC_CUSTOMER_B002_000000421,C0011111,Geoffrey,Lane,geoffrey.lane.11111@retailverse.example,+44 7927503491,1961-11-10,BRONZE,Y,2023-09-12 11:46:57,2026-09-01 00:00:00
SRC_CUSTOMER_B002_000000422,C0046844,Alison,Moore,alison.moore.46844@retailverse.example,+44 7896963201,1945-01-21,SILVER,Y,2026-05-26 09:36:26,2026-09-01 00:00:00
SRC_CUSTOMER_B002_000000423,C0024120,Douglas,Kennedy,douglas.kennedy.24120@retailverse.example,+44 7789791975,1952-06-19,BRONZE,Y,2023-07-11 16:49:21,2026-09-01 00:00:00
SRC_CUSTOMER_B002_000000424,C0016452,Mohammad,Gardner,mohammad.gardner.16452@retailverse.example,+44 7445979161,1953-05-16,SILVER,N,2025-03-19 09:02:06,2026-09-01 00:00:00
SRC_CUSTOMER_B002_000000425,C0026858,Malcolm,Williams,malcolm.williams.26858@retailverse.example,+44 7728955118,1947-11-14,GOLD,N,2025-09-01 02:38:34,2026-09-01 00:00:00
SRC_CUSTOMER_B002_000000426,C0013676,Jemma,Allen,jemma.allen.13676@retailverse.example,+44 7916208219,1955-06-27,GOLD,N,2023-11-21 14:03:29,2026-09-01 00:00:00
SRC_CUSTOMER_B002_000000427,C0034638,Steven,Woodward,steven.woodward.34638@retailverse.example,+44 7138109572,1974-08-09,BRONZE,N,2025-05-03 10:26:57,2026-09-01 00:00:00
SRC_CUSTOMER_B002_000000428,C0036118,Colin,Martin,colin.martin.36118@retailverse.example,+44 7646532025,1972-07-21,SILVER,Y,2024-06-03 17:10:43,2026-09-01 00:00:00
SRC_CUSTOMER_B002_000000429,C0047635,Alexander,Bryan,alexander.bryan.47635@retailverse.example,+44 7156130008,1982-09-18,SILVER,N,2025-09-29 18:44:34,2026-09-01 00:00:00
SRC_CUSTOMER_B002_000000430,C0000550,Ricky,Campbell,ricky.campbell.550@retailverse.example,+44 7563599452,2004-07-13,SILVER,Y,2025-08-16 22:39:25,2026-09-01 00:00:00
SRC_CUSTOMER_B002_000000431,C0000805,Ruth,McDonald,ruth.mcdonald.805@retailverse.example,+44 7983749426,1971-12-20,BRONZE,Y,2025-12-06 17:08:24,2026-09-01 00:00:00
SRC_CUSTOMER_B002_000000432,C0035032,Kevin,Pearce,kevin.pearce.35032@retailverse.example,+44 7423702050,1982-01-25,BRONZE,Y,2023-04-14 20:09:40,2026-09-01 00:00:00
SRC_CUSTOMER_B002_000000433,C0023701,Caroline,Tyler,caroline.tyler.23701@retailverse.example,+44 7291486221,1960-05-27,BRONZE,N,2023-01-26 02:26:12,2026-09-01 00:00:00
SRC_CUSTOMER_B002_000000434,C0021875,Glenn,Moss,glenn.moss.21875@retailverse.example,+44 7589028218,1969-12-22,BRONZE,Y,2026-04-12 13:44:54,2026-09-01 00:00:00
SRC_CUSTOMER_B002_000000435,C0001274,Joyce,Carter,joyce.carter.1274@retailverse.example,+44 7589489070,1994-04-28,GOLD,Y,2023-07-24 18:55:03,2026-09-01 00:00:00
SRC_CUSTOMER_B002_000000436,C0048060,Jodie,Robinson,jodie.robinson.48060@retailverse.example,+44 7493160424,2004-12-14,SILVER,N,2023-05-16 20:39:17,2026-09-01 00:00:00
SRC_CUSTOMER_B002_000000437,C0019686,Katie,Fisher,katie.fisher.19686@retailverse.example,+44 7066447261,1974-09-26,SILVER,N,2024-05-16 10:31:08,2026-09-01 00:00:00
SRC_CUSTOMER_B002_000000438,C0020880,Dawn,Benson,dawn.benson.20880@retailverse.example,+44 7077568593,1996-02-20,GOLD,Y,2025-04-04 09:21:49,2026-09-01 00:00:00
SRC_CUSTOMER_B002_000000439,C0046545,Angela,Phillips,angela.phillips.46545@retailverse.example,+44 7195795470,1977-04-09,GOLD,Y,2024-06-22 03:16:11,2026-09-01 00:00:00
SRC_CUSTOMER_B002_000000440,C0001530,Melanie,Coleman,melanie.coleman.1530@retailverse.example,+44 7815116875,1948-05-30,GOLD,Y,2025-06-19 00:18:46,2026-09-01 00:00:00
SRC_CUSTOMER_B002_000000441,C0048779,Nathan,Harvey,nathan.harvey.48779@retailverse.example,+44 7770612682,1979-01-23,SILVER,N,2025-02-09 04:54:53,2026-09-01 00:00:00
SRC_CUSTOMER_B002_000000442,C0027559,Natalie,Jarvis,natalie.jarvis.27559@retailverse.example,+44 7093790129,1984-01-21,SILVER,Y,2023-01-24 06:07:21,2026-09-01 00:00:00
SRC_CUSTOMER_B002_000000443,C0019528,Michael,Jenkins,michael.jenkins.19528@retailverse.example,+44 7264573771,1978-05-13,BRONZE,N,2026-02-23 11:09:46,2026-09-01 00:00:00
SRC_CUSTOMER_B002_000000444,C0041156,Cheryl,Griffiths,cheryl.griffiths.41156@retailverse.example,+44 7557517052,1981-05-26,SILVER,Y,2024-10-27 03:09:07,2026-09-01 00:00:00
SRC_CUSTOMER_B002_000000445,C0023684,Kathleen,Davis,kathleen.davis.23684@retailverse.example,+44 7682791232,2007-02-26,BRONZE,Y,2025-01-24 13:48:52,2026-09-01 00:00:00
SRC_CUSTOMER_B002_000000446,C0037665,Sam,Pritchard,sam.pritchard.37665@retailverse.example,+44 7021012528,1999-07-25,BRONZE,Y,2026-05-02 21:21:48,2026-09-01 00:00:00
SRC_CUSTOMER_B002_000000447,C0028636,Justin,Morgan,justin.morgan.28636@retailverse.example,+44 7740244681,1963-02-05,SILVER,Y,2023-06-24 06:32:07,2026-09-01 00:00:00
SRC_CUSTOMER_B002_000000448,C0037817,Mark,Phillips,mark.phillips.37817@retailverse.example,+44 7844414387,1997-03-19,BRONZE,Y,2026-01-02 21:17:23,2026-09-01 00:00:00
SRC_CUSTOMER_B002_000000449,C0040749,Jessica,Smith,jessica.smith.40749@retailverse.example,+44 7006967866,1996-09-23,BRONZE,N,2023-08-16 06:04:06,2026-09-01 00:00:00
SRC_CUSTOMER_B002_000000450,C0027535,Patricia,Wilson,patricia.wilson.27535@retailverse.example,+44 7995599777,2006-02-18,BRONZE,Y,2026-06-15 03:24:30,2026-09-01 00:00:00
SRC_CUSTOMER_B002_000000451,C0017024,Jason,Walker,jason.walker.17024@retailverse.example,+44 7590439543,1950-10-13,SILVER,N,2025-08-29 06:45:29,2026-09-01 00:00:00
SRC_CUSTOMER_B002_000000452,C0022105,Rachael,Williams,rachael.williams.22105@retailverse.example,+44 7603798721,1995-12-11,GOLD,N,2024-02-08 17:06:09,2026-09-01 00:00:00
SRC_CUSTOMER_B002_000000453,C0023258,Mandy,Ball,mandy.ball.23258@retailverse.example,+44 7674659675,2007-12-22,BRONZE,N,2024-01-30 01:10:31,2026-09-01 00:00:00
SRC_CUSTOMER_B002_000000454,C0016852,Francesca,Stephenson,francesca.stephenson.16852@retailverse.example,+44 7330341987,1956-11-06,BRONZE,N,2025-06-07 23:27:12,2026-09-01 00:00:00
SRC_CUSTOMER_B002_000000455,C0016678,Russell,Davies,russell.davies.16678@retailverse.example,+44 7434833566,2006-06-16,BRONZE,N,2023-12-27 19:57:25,2026-09-01 00:00:00
SRC_CUSTOMER_B002_000000456,C0047078,Simon,Walton,simon.walton.47078@retailverse.example,+44 7595219884,2005-09-19,SILVER,N,2025-10-10 06:21:10,2026-09-01 00:00:00
SRC_CUSTOMER_B002_000000457,C0039648,Rachel,Hardy,rachel.hardy.39648@retailverse.example,+44 7496368770,1990-08-12,GOLD,N,2023-01-28 13:35:53,2026-09-01 00:00:00
SRC_CUSTOMER_B002_000000458,C0030089,Billy,Lewis,billy.lewis.30089@retailverse.example,+44 7327436490,1982-06-20,GOLD,Y,2023-10-10 14:33:31,2026-09-01 00:00:00
SRC_CUSTOMER_B002_000000459,C0002274,Wayne,Williams,wayne.williams.2274@retailverse.example,+44 7185254137,1945-02-25,GOLD,N,2023-08-19 00:18:44,2026-09-01 00:00:00
SRC_CUSTOMER_B002_000000460,C0027142,Timothy,Herbert,timothy.herbert.27142@retailverse.example,+44 7155158481,1994-11-01,GOLD,Y,2025-10-04 09:18:58,2026-09-01 00:00:00
SRC_CUSTOMER_B002_000000461,C0038127,Michelle,Brown,michelle.brown.38127@retailverse.example,+44 7121498658,1967-08-25,BRONZE,Y,2024-02-21 15:17:11,2026-09-01 00:00:00
SRC_CUSTOMER_B002_000000462,C0049211,David,Hopkins,david.hopkins.49211@retailverse.example,+44 7146539411,1982-04-10,BRONZE,N,2025-05-21 00:28:19,2026-09-01 00:00:00
SRC_CUSTOMER_B002_000000463,C0048822,Nicole,Read,nicole.read.48822@retailverse.example,+44 7817365929,1954-02-11,GOLD,Y,2023-07-15 18:47:12,2026-09-01 00:00:00
SRC_CUSTOMER_B002_000000464,C0016742,Joshua,Smart,joshua.smart.16742@retailverse.example,+44 7003533619,1945-12-15,SILVER,Y,2024-02-01 09:48:42,2026-09-01 00:00:00
SRC_CUSTOMER_B002_000000465,C0004210,Sophie,Page,sophie.page.4210@retailverse.example,+44 7804594957,2004-11-05,SILVER,N,2023-04-29 21:36:16,2026-09-01 00:00:00
SRC_CUSTOMER_B002_000000466,C0026389,Bradley,Wallace,bradley.wallace.26389@retailverse.example,+44 7323777902,1989-05-16,SILVER,Y,2025-02-01 10:25:37,2026-09-01 00:00:00
SRC_CUSTOMER_B002_000000467,C0006022,Frank,Jenkins,frank.jenkins.6022@retailverse.example,+44 7328329782,1958-07-17,SILVER,Y,2024-04-16 17:15:08,2026-09-01 00:00:00
SRC_CUSTOMER_B002_000000468,C0027665,Tom,Wyatt,tom.wyatt.27665@retailverse.example,+44 7670005215,1968-08-30,SILVER,N,2024-11-20 19:42:36,2026-09-01 00:00:00
SRC_CUSTOMER_B002_000000469,C0030642,Heather,Booth,heather.booth.30642@retailverse.example,+44 7481064665,2002-09-01,GOLD,Y,2024-11-10 04:46:25,2026-09-01 00:00:00
SRC_CUSTOMER_B002_000000470,C0038626,Georgina,O'Brien,georgina.o'brien.38626@retailverse.example,+44 7372802679,1984-02-11,GOLD,Y,2024-01-17 05:40:04,2026-09-01 00:00:00
SRC_CUSTOMER_B002_000000471,C0024543,Alice,Bailey,alice.bailey.24543@retailverse.example,+44 7181708614,1967-03-19,SILVER,N,2025-08-11 11:52:30,2026-09-01 00:00:00
SRC_CUSTOMER_B002_000000472,C0035052,Janice,Thompson,janice.thompson.35052@retailverse.example,+44 7266356612,2001-09-23,SILVER,Y,2023-05-08 14:49:05,2026-09-01 00:00:00
SRC_CUSTOMER_B002_000000473,C0048373,Jenna,Wall,jenna.wall.48373@retailverse.example,+44 7941540815,1999-06-13,GOLD,N,2025-05-06 22:32:33,2026-09-01 00:00:00
SRC_CUSTOMER_B002_000000474,C0025909,Karen,Newton,karen.newton.25909@retailverse.example,+44 7560158279,1971-12-01,BRONZE,N,2023-02-01 22:25:32,2026-09-01 00:00:00
SRC_CUSTOMER_B002_000000475,C0008119,Marilyn,Bond,marilyn.bond.8119@retailverse.example,+44 7087252737,1988-02-16,BRONZE,Y,2026-03-26 01:04:16,2026-09-01 00:00:00
SRC_CUSTOMER_B002_000000476,C0025363,Hazel,Jones,hazel.jones.25363@retailverse.example,+44 7604671660,1993-12-01,SILVER,N,2023-03-14 03:48:58,2026-09-01 00:00:00
SRC_CUSTOMER_B002_000000477,C0035435,Helen,Williams,helen.williams.35435@retailverse.example,+44 7432877045,1964-09-26,BRONZE,Y,2023-09-14 05:09:45,2026-09-01 00:00:00
SRC_CUSTOMER_B002_000000478,C0029367,Leigh,Harris,leigh.harris.29367@retailverse.example,+44 7164581414,1970-08-27,BRONZE,Y,2025-12-11 13:45:23,2026-09-01 00:00:00
SRC_CUSTOMER_B002_000000479,C0037969,June,Hayward,june.hayward.37969@retailverse.example,+44 7191889252,2002-08-05,SILVER,N,2026-02-23 19:14:38,2026-09-01 00:00:00
SRC_CUSTOMER_B002_000000480,C0027915,Mohamed,Jones,mohamed.jones.27915@retailverse.example,+44 7973375776,1979-09-02,BRONZE,Y,2024-04-02 17:12:39,2026-09-01 00:00:00
SRC_CUSTOMER_B002_000000481,C0013379,Grace,Dixon,grace.dixon.13379@retailverse.example,+44 7622861470,2006-03-13,BRONZE,Y,2023-01-26 00:53:31,2026-09-01 00:00:00
SRC_CUSTOMER_B002_000000482,C0004284,Diane,Blake,diane.blake.4284@retailverse.example,+44 7312659159,1975-08-22,BRONZE,N,2023-03-01 13:06:41,2026-09-01 00:00:00
SRC_CUSTOMER_B002_000000483,C0045792,Philip,Hayes,philip.hayes.45792@retailverse.example,+44 7935076173,1965-04-28,SILVER,Y,2023-12-03 17:10:45,2026-09-01 00:00:00
SRC_CUSTOMER_B002_000000484,C0034607,Dylan,Thornton,dylan.thornton.34607@retailverse.example,+44 7634126191,1948-02-18,BRONZE,N,2024-02-21 02:50:49,2026-09-01 00:00:00
SRC_CUSTOMER_B002_000000485,C0048080,Josephine,Brown,josephine.brown.48080@retailverse.example,+44 7849779997,1986-05-31,SILVER,Y,2024-02-17 18:10:19,2026-09-01 00:00:00
SRC_CUSTOMER_B002_000000486,C0019990,Marc,Ford,marc.ford.19990@retailverse.example,+44 7514065165,2005-07-09,SILVER,N,2023-11-29 06:25:15,2026-09-01 00:00:00
SRC_CUSTOMER_B002_000000487,C0046094,Raymond,Spencer,raymond.spencer.46094@retailverse.example,+44 7472930576,1988-11-10,BRONZE,N,2024-10-19 17:55:29,2026-09-01 00:00:00
SRC_CUSTOMER_B002_000000488,C0017928,Nicholas,Poole,nicholas.poole.17928@retailverse.example,+44 7538358869,1990-08-16,GOLD,Y,2025-06-02 23:01:40,2026-09-01 00:00:00
SRC_CUSTOMER_B002_000000489,C0042709,Margaret,Phillips,margaret.phillips.42709@retailverse.example,+44 7509693833,1994-03-14,SILVER,Y,2026-07-17 10:56:58,2026-09-01 00:00:00
SRC_CUSTOMER_B002_000000490,C0021490,Daniel,Jones,daniel.jones.21490@retailverse.example,+44 7889892542,1994-04-28,SILVER,Y,2023-09-21 05:02:14,2026-09-01 00:00:00
SRC_CUSTOMER_B002_000000491,C0001675,Norman,Kennedy,norman.kennedy.1675@retailverse.example,+44 7220132612,1957-06-29,SILVER,N,2024-05-10 13:26:14,2026-09-01 00:00:00
SRC_CUSTOMER_B002_000000492,C0023907,Jason,Burke,jason.burke.23907@retailverse.example,+44 7941656200,1972-09-21,BRONZE,Y,2024-12-07 10:09:33,2026-09-01 00:00:00
SRC_CUSTOMER_B002_000000493,C0012221,Carolyn,Harrison,carolyn.harrison.12221@retailverse.example,+44 7675690190,1957-11-22,GOLD,Y,2026-05-09 12:54:03,2026-09-01 00:00:00
SRC_CUSTOMER_B002_000000494,C0026244,Pamela,Murphy,pamela.murphy.26244@retailverse.example,+44 7456032559,1973-08-31,BRONZE,N,2025-06-06 19:28:17,2026-09-01 00:00:00
SRC_CUSTOMER_B002_000000495,C0002951,Georgia,Smith,georgia.smith.2951@retailverse.example,+44 7047693636,1977-03-15,GOLD,Y,2023-11-03 00:52:40,2026-09-01 00:00:00
SRC_CUSTOMER_B002_000000496,C0015625,Mark,Iqbal,mark.iqbal.15625@retailverse.example,+44 7172866774,1982-09-12,BRONZE,N,2023-09-17 06:11:17,2026-09-01 00:00:00
SRC_CUSTOMER_B002_000000497,C0002282,Lee,Pearson,lee.pearson.2282@retailverse.example,+44 7987611818,1972-02-06,BRONZE,Y,2023-11-18 09:56:35,2026-09-01 00:00:00
SRC_CUSTOMER_B002_000000498,C0030644,Chelsea,Smith,chelsea.smith.30644@retailverse.example,+44 7119950681,1970-08-28,BRONZE,Y,2025-11-05 08:41:52,2026-09-01 00:00:00
SRC_CUSTOMER_B002_000000499,C0015021,Emily,Hawkins,emily.hawkins.15021@retailverse.example,+44 7494297246,1955-04-28,BRONZE,N,2025-01-10 06:26:19,2026-09-01 00:00:00
SRC_CUSTOMER_B002_000000500,C0042502,Mitchell,Marsh,mitchell.marsh.42502@retailverse.example,+44 7963667460,1987-12-26,GOLD,N,2023-09-25 00:39:36,2026-09-01 00:00:00
SRC_CUSTOMER_B002_000000501,C0050101,Josh,Hall,josh.hall.50101@retailverse.example,+44 7054802542,1970-09-21,BRONZE,Y,2026-09-02 18:10:36,2026-09-02 18:10:36
SRC_CUSTOMER_B002_000000502,C0050102,Sam,Thompson,sam.thompson.50102@retailverse.example,+44 7364540330,1971-04-26,BRONZE,Y,2026-09-02 18:23:43,2026-09-02 18:23:43
SRC_CUSTOMER_B002_000000503,C0050103,Emma,Phillips,emma.phillips.50103@retailverse.example,+44 7833401927,1967-01-30,NONE,N,2026-09-01 05:59:59,2026-09-01 05:59:59
SRC_CUSTOMER_B002_000000504,C0050104,Graham,Clark,graham.clark.50104@retailverse.example,+44 7505315901,1965-02-13,GOLD,Y,2026-09-01 21:29:56,2026-09-01 21:29:56
SRC_CUSTOMER_B002_000000505,C0050105,Hazel,Richards,hazel.richards.50105@retailverse.example,+44 7030975944,1987-02-17,NONE,Y,2026-09-01 13:11:54,2026-09-01 13:11:54
SRC_CUSTOMER_B002_000000506,C0050106,Max,Richardson,max.richardson.50106@retailverse.example,+44 7900782732,1953-08-09,BRONZE,Y,2026-09-01 14:49:33,2026-09-01 14:49:33
SRC_CUSTOMER_B002_000000507,C0050107,Stuart,Lewis,stuart.lewis.50107@retailverse.example,+44 7467466000,2002-08-13,NONE,N,2026-09-02 04:17:49,2026-09-02 04:17:49
SRC_CUSTOMER_B002_000000508,C0050108,Michelle,Hussain,michelle.hussain.50108@retailverse.example,+44 7562622728,2001-02-04,SILVER,N,2026-09-01 02:10:52,2026-09-01 02:10:52
SRC_CUSTOMER_B002_000000509,C0050109,Stacey,Hart,stacey.hart.50109@retailverse.example,+44 7415616624,1968-06-06,BRONZE,Y,2026-09-02 05:56:08,2026-09-02 05:56:08
SRC_CUSTOMER_B002_000000510,C0050110,Gary,Mistry,gary.mistry.50110@retailverse.example,+44 7375746054,1968-12-06,BRONZE,Y,2026-09-02 08:30:53,2026-09-02 08:30:53
SRC_CUSTOMER_B002_000000511,C0050111,Malcolm,Bird,malcolm.bird.50111@retailverse.example,+44 7868509880,1984-03-17,BRONZE,Y,2026-09-01 10:13:52,2026-09-01 10:13:52
SRC_CUSTOMER_B002_000000512,C0050112,Bernard,Parker,bernard.parker.50112@retailverse.example,+44 7449805613,2006-02-14,BRONZE,N,2026-09-02 13:15:48,2026-09-02 13:15:48
SRC_CUSTOMER_B002_000000513,C0050113,Clifford,Dobson,clifford.dobson.50113@retailverse.example,+44 7879041380,1989-05-21,NONE,Y,2026-09-03 01:20:20,2026-09-03 01:20:20
SRC_CUSTOMER_B002_000000514,C0050114,Gordon,Jackson,gordon.jackson.50114@retailverse.example,+44 7700827365,1945-01-21,BRONZE,N,2026-09-03 05:47:12,2026-09-03 05:47:12
SRC_CUSTOMER_B002_000000515,C0050115,Deborah,Hammond,deborah.hammond.50115@retailverse.example,+44 7980483485,1984-10-29,SILVER,Y,2026-09-03 08:33:21,2026-09-03 08:33:21
SRC_CUSTOMER_B002_000000516,C0050116,Kim,Jones,kim.jones.50116@retailverse.example,+44 7916541460,1961-05-14,NONE,Y,2026-09-03 10:08:35,2026-09-03 10:08:35
SRC_CUSTOMER_B002_000000517,C0050117,Stephanie,Davies,stephanie.davies.50117@retailverse.example,+44 7215039471,1988-09-15,NONE,Y,2026-09-01 03:08:43,2026-09-01 03:08:43
SRC_CUSTOMER_B002_000000518,C0050118,Elaine,Roberts,elaine.roberts.50118@retailverse.example,+44 7760039161,1947-05-25,NONE,Y,2026-09-02 16:50:02,2026-09-02 16:50:02
SRC_CUSTOMER_B002_000000519,C0050119,Rebecca,Burns,rebecca.burns.50119@retailverse.example,+44 7271732710,2000-04-17,BRONZE,Y,2026-09-02 23:35:28,2026-09-02 23:35:28
SRC_CUSTOMER_B002_000000520,C0050120,Julian,Robinson,julian.robinson.50120@retailverse.example,+44 7277729962,1985-07-07,GOLD,Y,2026-09-02 23:44:29,2026-09-02 23:44:29
SRC_CUSTOMER_B002_000000521,C0050121,Geoffrey,Brooks,geoffrey.brooks.50121@retailverse.example,+44 7487092986,1949-07-26,GOLD,Y,2026-09-02 07:24:29,2026-09-02 07:24:29
SRC_CUSTOMER_B002_000000522,C0050122,Duncan,Patterson,duncan.patterson.50122@retailverse.example,+44 7076554126,2006-06-08,NONE,Y,2026-09-02 10:20:22,2026-09-02 10:20:22
SRC_CUSTOMER_B002_000000523,C0050123,Russell,Bailey,russell.bailey.50123@retailverse.example,+44 7256131670,1979-10-02,SILVER,Y,2026-09-01 12:30:13,2026-09-01 12:30:13
SRC_CUSTOMER_B002_000000524,C0050124,Mohammed,Jackson,mohammed.jackson.50124@retailverse.example,+44 7375296252,1945-03-03,BRONZE,Y,2026-09-02 12:36:29,2026-09-02 12:36:29
SRC_CUSTOMER_B002_000000525,C0050125,Sheila,Johnson,sheila.johnson.50125@retailverse.example,+44 7979526429,1953-04-19,NONE,N,2026-09-01 17:43:03,2026-09-01 17:43:03
SRC_CUSTOMER_B002_000000526,C0050126,Andrew,Mitchell,andrew.mitchell.50126@retailverse.example,+44 7172230587,1947-03-09,BRONZE,Y,2026-09-01 01:12:11,2026-09-01 01:12:11
SRC_CUSTOMER_B002_000000527,C0050127,Rachel,Davis,rachel.davis.50127@retailverse.example,+44 7024177175,2004-01-12,BRONZE,N,2026-09-03 19:37:55,2026-09-03 19:37:55
SRC_CUSTOMER_B002_000000528,C0050128,Callum,Taylor,callum.taylor.50128@retailverse.example,+44 7430059124,1951-10-09,NONE,N,2026-09-02 00:14:20,2026-09-02 00:14:20
SRC_CUSTOMER_B002_000000529,C0050129,Mark,Law,mark.law.50129@retailverse.example,+44 7369386964,1969-06-02,SILVER,N,2026-09-03 17:52:44,2026-09-03 17:52:44
SRC_CUSTOMER_B002_000000530,C0050130,Rebecca,Freeman,rebecca.freeman.50130@retailverse.example,+44 7999087538,1952-02-28,BRONZE,Y,2026-09-03 16:30:06,2026-09-03 16:30:06
SRC_CUSTOMER_B002_000000531,C0050131,Frances,Wilson,frances.wilson.50131@retailverse.example,+44 7429875220,1999-01-24,SILVER,Y,2026-09-01 11:04:30,2026-09-01 11:04:30
SRC_CUSTOMER_B002_000000532,C0050132,Sarah,Woodward,sarah.woodward.50132@retailverse.example,+44 7227450535,1951-04-04,SILVER,Y,2024-04-09 08:49:37,2026-09-03 14:51:46
SRC_CUSTOMER_B002_000000533,C0050133,Phillip,Russell,phillip.russell.50133@retailverse.example,+44 7673234995,1984-07-12,NONE,N,2025-10-08 09:34:17,2026-09-03 12:30:51
SRC_CUSTOMER_B002_000000534,C0050134,Jill,Austin,jill.austin.50134@retailverse.example,+44 7331437790,1967-10-19,NONE,N,2026-09-02 10:42:42,2026-09-02 10:42:42
SRC_CUSTOMER_B002_000000535,C0050135,Alex,Gallagher,alex.gallagher.50135@retailverse.example,+44 7509154938,1972-02-16,BRONZE,Y,2026-09-01 14:53:18,2026-09-01 14:53:18
SRC_CUSTOMER_B002_000000536,C0050136,Clifford,Hopkins,clifford.hopkins.50136@retailverse.example,+44 7546083445,1969-07-12,SILVER,N,2026-09-01 14:12:59,2026-09-01 14:12:59
SRC_CUSTOMER_B002_000000537,C0050137,Natasha,Gough,natasha.gough.50137@retailverse.example,+44 7296376468,1983-12-26,BRONZE,N,2026-09-03 16:27:18,2026-09-03 16:27:18
SRC_CUSTOMER_B002_000000538,C0050138,Anne,Parsons,anne.parsons.50138@retailverse.example,+44 7267120247,1973-05-06,NONE,Y,2026-09-03 12:13:20,2026-09-03 12:13:20
SRC_CUSTOMER_B002_000000539,C0050139,Maureen,Barton,maureen.barton.50139@retailverse.example,+44 7379620167,1968-09-18,NONE,Y,2026-09-02 09:27:59,2026-09-02 09:27:59
SRC_CUSTOMER_B002_000000540,C0050140,Sheila,Riley,sheila.riley.50140@retailverse.example,+44 7865482119,1986-03-29,GOLD,N,2026-09-03 13:58:08,2026-09-03 13:58:08
SRC_CUSTOMER_B002_000000541,C0050141,Gillian,Thompson,gillian.thompson.50141@retailverse.example,+44 7358928899,1989-12-09,BRONZE,Y,2026-09-02 10:51:53,2026-09-02 10:51:53
SRC_CUSTOMER_B002_000000542,C0050142,Tina,Jones,tina.jones.50142@retailverse.example,+44 7476111957,1946-07-22,BRONZE,Y,2025-08-28 03:53:22,2026-09-02 06:29:57
SRC_CUSTOMER_B002_000000543,C0050143,Amber,Lowe,amber.lowe.50143@retailverse.example,+44 7211845385,2001-03-12,SILVER,Y,2026-09-02 23:08:52,2026-09-02 23:08:52
SRC_CUSTOMER_B002_000000544,C0050144,Julia,Green,julia.green.50144@retailverse.example,+44 7735189579,1974-02-06,NONE,Y,2026-09-01 03:54:50,2026-09-01 03:54:50
SRC_CUSTOMER_B002_000000545,C0050145,Jamie,Harris,jamie.harris.50145@retailverse.example,+44 7730377106,1978-07-04,BRONZE,Y,2026-09-02 13:09:16,2026-09-02 13:09:16
SRC_CUSTOMER_B002_000000546,C0050146,Danny,Marsh,danny.marsh.50146@retailverse.example,+44 7431905298,1947-07-29,SILVER,Y,2026-09-03 20:48:13,2026-09-03 20:48:13
SRC_CUSTOMER_B002_000000547,C0050147,Lesley,Wright,lesley.wright.50147@retailverse.example,+44 7952280110,1973-03-04,NONE,N,2026-09-02 03:20:58,2026-09-02 03:20:58
SRC_CUSTOMER_B002_000000548,C0050148,Joanna,Clarke,joanna.clarke.50148@retailverse.example,+44 7249495117,2002-02-05,NONE,Y,2026-09-01 23:25:57,2026-09-01 23:25:57
SRC_CUSTOMER_B002_000000549,C0050149,Luke,Parry,luke.parry.50149@retailverse.example,+44 7340844882,2006-08-27,GOLD,Y,2025-07-22 23:42:51,2026-09-03 12:08:48
SRC_CUSTOMER_B002_000000550,C0050150,Chloe,Ahmed,chloe.ahmed.50150@retailverse.example,+44 7064348578,1964-04-13,BRONZE,Y,2026-09-02 03:59:23,2026-09-02 03:59:23
SRC_CUSTOMER_B002_000000551,C0050151,Tina,Holmes,tina.holmes.50151@retailverse.example,+44 7869914377,1991-03-16,NONE,Y,2026-09-02 01:18:55,2026-09-02 01:18:55
SRC_CUSTOMER_B002_000000552,C0050152,Yvonne,Bibi,yvonne.bibi.50152@retailverse.example,+44 7461737113,2005-07-21,SILVER,Y,2026-09-01 11:14:36,2026-09-01 11:14:36
SRC_CUSTOMER_B002_000000553,C0050153,June,Shaw,june.shaw.50153@retailverse.example,+44 7029007318,1955-05-31,SILVER,N,2026-09-02 17:49:00,2026-09-02 17:49:00
SRC_CUSTOMER_B002_000000554,C0050154,Julie,Thompson,julie.thompson.50154@retailverse.example,+44 7903196978,2002-12-22,SILVER,Y,2026-09-03 04:30:19,2026-09-03 04:30:19
SRC_CUSTOMER_B002_000000555,C0050155,Joanna,Parkes,joanna.parkes.50155@retailverse.example,+44 7902259798,1989-05-14,NONE,N,2026-09-03 05:14:09,2026-09-03 05:14:09
SRC_CUSTOMER_B002_000000556,C0050156,Kirsty,Hall,kirsty.hall.50156@retailverse.example,+44 7813158561,1983-06-01,SILVER,Y,2026-09-03 09:54:08,2026-09-03 09:54:08
SRC_CUSTOMER_B002_000000557,C0050157,Annette,Ashton,annette.ashton.50157@retailverse.example,+44 7025052389,1953-05-19,NONE,N,2026-09-02 18:23:43,2026-09-02 18:23:43
SRC_CUSTOMER_B002_000000558,C0050158,Paul,Moss,paul.moss.50158@retailverse.example,+44 7481013664,1987-11-09,BRONZE,Y,2026-09-03 04:11:04,2026-09-03 04:11:04
SRC_CUSTOMER_B002_000000559,C0050159,James,Doyle,james.doyle.50159@retailverse.example,+44 7206130588,1949-06-14,BRONZE,Y,2026-09-02 13:46:12,2026-09-02 13:46:12
SRC_CUSTOMER_B002_000000560,C0050160,Shannon,Gough,shannon.gough.50160@retailverse.example,+44 7721015261,1997-06-05,BRONZE,Y,2026-09-03 05:50:52,2026-09-03 05:50:52
SRC_CUSTOMER_B002_000000561,C0050161,Oliver,Davies,oliver.davies.50161@retailverse.example,+44 7313018406,2005-03-14,BRONZE,N,2026-09-01 06:30:02,2026-09-01 06:30:02
SRC_CUSTOMER_B002_000000562,C0050162,Joel,Robinson,joel.robinson.50162@retailverse.example,+44 7198272992,1972-12-08,NONE,Y,2026-09-03 23:59:51,2026-09-03 23:59:51
SRC_CUSTOMER_B002_000000563,C0050163,Bruce,Fisher,bruce.fisher.50163@retailverse.example,+44 7209994196,1999-11-30,BRONZE,N,2026-09-01 05:37:26,2026-09-01 05:37:26
SRC_CUSTOMER_B002_000000564,C0050164,Jennifer,Gardner,jennifer.gardner.50164@retailverse.example,+44 7930128410,2006-09-16,SILVER,Y,2026-09-03 08:21:31,2026-09-03 08:21:31
SRC_CUSTOMER_B002_000000565,C0050165,Sylvia,Flynn,sylvia.flynn.50165@retailverse.example,+44 7630654964,1981-11-10,NONE,Y,2026-09-02 16:17:14,2026-09-02 16:17:14
SRC_CUSTOMER_B002_000000566,C0050166,Marie,Murray,marie.murray.50166@retailverse.example,+44 7495164577,1948-07-31,NONE,N,2026-09-03 23:10:36,2026-09-03 23:10:36
SRC_CUSTOMER_B002_000000567,C0050167,Kyle,Nicholson,kyle.nicholson.50167@retailverse.example,+44 7683225255,1972-01-08,NONE,Y,2026-09-01 12:35:01,2026-09-01 12:35:01
SRC_CUSTOMER_B002_000000568,C0050168,Charlene,Wall,charlene.wall.50168@retailverse.example,+44 7172000692,2000-11-25,BRONZE,Y,2026-09-02 08:01:51,2026-09-02 08:01:51
SRC_CUSTOMER_B002_000000569,C0050169,Barbara,Butler,barbara.butler.50169@retailverse.example,+44 7735594937,1951-04-15,SILVER,Y,2026-09-01 06:12:51,2026-09-01 06:12:51
SRC_CUSTOMER_B002_000000570,C0050170,Carly,Thompson,carly.thompson.50170@retailverse.example,+44 7835466184,1990-03-04,SILVER,N,2026-09-03 00:25:06,2026-09-03 00:25:06
SRC_CUSTOMER_B002_000000571,C0050171,Jeffrey,Lambert,jeffrey.lambert.50171@retailverse.example,+44 7556968209,1959-07-02,BRONZE,N,2026-09-03 13:12:37,2026-09-03 13:12:37
SRC_CUSTOMER_B002_000000572,C0050172,Josh,Williams,josh.williams.50172@retailverse.example,+44 7151364059,1948-07-27,SILVER,Y,2026-09-01 10:42:17,2026-09-01 10:42:17
SRC_CUSTOMER_B002_000000573,C0050173,Kelly,Campbell,kelly.campbell.50173@retailverse.example,+44 7138265967,1992-07-25,NONE,Y,2026-09-03 04:38:51,2026-09-03 04:38:51
SRC_CUSTOMER_B002_000000574,C0050174,Clare,Peacock,clare.peacock.50174@retailverse.example,+44 7915768343,1971-09-16,BRONZE,Y,2026-09-03 11:58:15,2026-09-03 11:58:15
SRC_CUSTOMER_B002_000000575,C0050175,Pamela,Cunningham,pamela.cunningham.50175@retailverse.example,+44 7697596298,1965-11-22,SILVER,Y,2026-09-03 08:24:31,2026-09-03 08:24:31
SRC_CUSTOMER_B002_000000576,C0050176,Francis,Brooks,francis.brooks.50176@retailverse.example,+44 7004994170,1947-03-25,NONE,Y,2026-09-03 11:43:57,2026-09-03 11:43:57
SRC_CUSTOMER_B002_000000577,C0050177,Olivia,Stewart,olivia.stewart.50177@retailverse.example,+44 7889878847,1978-07-02,NONE,N,2026-09-03 01:58:53,2026-09-03 01:58:53
SRC_CUSTOMER_B002_000000578,C0050178,Jemma,Jones,jemma.jones.50178@retailverse.example,+44 7794683865,1991-06-03,SILVER,N,2026-09-02 21:14:05,2026-09-02 21:14:05
SRC_CUSTOMER_B002_000000579,C0050179,David,Howard,david.howard.50179@retailverse.example,+44 7810771188,1969-12-17,BRONZE,N,2026-09-02 07:54:53,2026-09-02 07:54:53
SRC_CUSTOMER_B002_000000580,C0050180,Sara,Banks,sara.banks.50180@retailverse.example,+44 7818413189,1989-12-02,BRONZE,Y,2026-09-03 06:58:38,2026-09-03 06:58:38
SRC_CUSTOMER_B002_000000581,C0050181,Eric,Bennett,eric.bennett.50181@retailverse.example,+44 7070046533,2004-10-20,NONE,Y,2026-09-03 00:04:35,2026-09-03 00:04:35
SRC_CUSTOMER_B002_000000582,C0050182,Gordon,Ahmed,gordon.ahmed.50182@retailverse.example,+44 7273912030,1958-02-15,BRONZE,Y,2026-09-03 09:01:33,2026-09-03 09:01:33
SRC_CUSTOMER_B002_000000583,C0050183,Josephine,Cooke,josephine.cooke.50183@retailverse.example,+44 7713019284,1955-04-19,NONE,N,2026-09-02 00:38:47,2026-09-02 00:38:47
SRC_CUSTOMER_B002_000000584,C0050184,Bernard,Smith,bernard.smith.50184@retailverse.example,+44 7996187745,1968-01-15,NONE,Y,2026-09-03 00:59:58,2026-09-03 00:59:58
SRC_CUSTOMER_B002_000000585,C0050185,Marian,Burrows,marian.burrows.50185@retailverse.example,+44 7264127360,1984-10-15,NONE,Y,2026-09-02 18:27:41,2026-09-02 18:27:41
SRC_CUSTOMER_B002_000000586,C0050186,Dorothy,Taylor,dorothy.taylor.50186@retailverse.example,+44 7675439296,1995-02-14,BRONZE,Y,2026-09-01 06:36:04,2026-09-01 06:36:04
SRC_CUSTOMER_B002_000000587,C0050187,Amelia,Vaughan,amelia.vaughan.50187@retailverse.example,+44 7351028163,1970-07-03,SILVER,Y,2026-09-01 16:16:30,2026-09-01 16:16:30
SRC_CUSTOMER_B002_000000588,C0050188,Ian,Watts,ian.watts.50188@retailverse.example,+44 7146515531,1947-02-02,BRONZE,N,2026-09-03 13:27:24,2026-09-03 13:27:24
SRC_CUSTOMER_B002_000000589,C0050189,Bradley,Khan,bradley.khan.50189@retailverse.example,+44 7399571675,1963-07-28,NONE,Y,2026-09-01 19:49:05,2026-09-01 19:49:05
SRC_CUSTOMER_B002_000000590,C0050190,Judith,Harrison,judith.harrison.50190@retailverse.example,+44 7962410695,1969-09-21,SILVER,Y,2026-09-03 06:24:02,2026-09-03 06:24:02
SRC_CUSTOMER_B002_000000591,C0050191,Tony,Thompson,tony.thompson.50191@retailverse.example,+44 7040902606,1986-02-28,NONE,Y,2026-09-01 01:59:01,2026-09-01 01:59:01
SRC_CUSTOMER_B002_000000592,C0050192,Danny,Noble,danny.noble.50192@retailverse.example,+44 7459732962,1998-04-04,NONE,Y,2026-09-01 23:16:29,2026-09-01 23:16:29
SRC_CUSTOMER_B002_000000593,C0050193,Frederick,Bell,frederick.bell.50193@retailverse.example,+44 7269751076,1969-08-06,NONE,Y,2026-09-02 22:48:00,2026-09-02 22:48:00
SRC_CUSTOMER_B002_000000594,C0050194,Adam,Williams,adam.williams.50194@retailverse.example,+44 7759651804,1990-12-23,GOLD,N,2026-09-03 20:25:03,2026-09-03 20:25:03
SRC_CUSTOMER_B002_000000595,C0050195,Dawn,Owen,dawn.owen.50195@retailverse.example,+44 7716864339,1961-10-03,NONE,Y,2026-09-03 21:41:27,2026-09-03 21:41:27
SRC_CUSTOMER_B002_000000596,C0050196,Gerald,Freeman,gerald.freeman.50196@retailverse.example,+44 7758840092,1971-04-26,BRONZE,Y,2026-09-02 13:25:29,2026-09-02 13:25:29
SRC_CUSTOMER_B002_000000597,C0050197,Hayley,Pugh,hayley.pugh.50197@retailverse.example,+44 7750153878,1966-06-02,BRONZE,Y,2026-09-03 00:09:52,2026-09-03 00:09:52
SRC_CUSTOMER_B002_000000598,C0050198,Trevor,Hope,trevor.hope.50198@retailverse.example,+44 7679811799,1992-01-12,SILVER,N,2026-09-01 05:40:09,2026-09-01 05:40:09
SRC_CUSTOMER_B002_000000599,C0050199,Hollie,Gardiner,hollie.gardiner.50199@retailverse.example,+44 7999385378,1985-09-02,SILVER,Y,2026-09-02 17:08:42,2026-09-02 17:08:42
SRC_CUSTOMER_B002_000000600,C0050200,Sam,Spencer,sam.spencer.50200@retailverse.example,+44 7775706813,1945-10-01,NONE,N,2026-09-01 00:50:45,2026-09-01 00:50:45
SRC_CUSTOMER_B002_000000601,C0050201,Rachael,Hill,rachael.hill.50201@retailverse.example,+44 7559799938,1995-01-10,SILVER,N,2026-09-03 14:35:36,2026-09-03 14:35:36
SRC_CUSTOMER_B002_000000602,C0050202,Geoffrey,Hunt,geoffrey.hunt.50202@retailverse.example,+44 7177692768,1957-01-19,GOLD,Y,2026-09-03 17:48:29,2026-09-03 17:48:29
SRC_CUSTOMER_B002_000000603,C0050203,Teresa,Patel,teresa.patel.50203@retailverse.example,+44 7806226684,1987-02-20,SILVER,Y,2026-09-01 14:47:53,2026-09-01 14:47:53
SRC_CUSTOMER_B002_000000604,C0050204,Anna,Osborne,anna.osborne.50204@retailverse.example,+44 7360104346,1988-04-21,NONE,Y,2026-09-03 11:04:19,2026-09-03 11:04:19
SRC_CUSTOMER_B002_000000605,C0050205,Brett,Moore,brett.moore.50205@retailverse.example,+44 7216160345,1950-09-09,GOLD,Y,2026-09-01 02:18:24,2026-09-01 02:18:24
SRC_CUSTOMER_B002_000000606,C0050206,Dean,Barnett,dean.barnett.50206@retailverse.example,+44 7802677623,1951-07-17,BRONZE,Y,2026-09-01 10:39:53,2026-09-01 10:39:53
SRC_CUSTOMER_B002_000000607,C0050207,Adrian,Richards,adrian.richards.50207@retailverse.example,+44 7420075018,2003-09-09,NONE,Y,2026-09-02 21:44:08,2026-09-02 21:44:08
SRC_CUSTOMER_B002_000000608,C0050208,Lawrence,Pearce,lawrence.pearce.50208@retailverse.example,+44 7540178858,1969-04-27,SILVER,Y,2026-09-02 05:17:22,2026-09-02 05:17:22
SRC_CUSTOMER_B002_000000609,C0050209,Brenda,Dunn,brenda.dunn.50209@retailverse.example,+44 7371307379,1953-12-14,NONE,Y,2026-09-02 20:31:19,2026-09-02 20:31:19
SRC_CUSTOMER_B002_000000610,C0050210,June,Jackson,june.jackson.50210@retailverse.example,+44 7812212185,1966-10-16,NONE,N,2026-09-02 19:43:53,2026-09-02 19:43:53
SRC_CUSTOMER_B002_000000611,C0050211,Paige,Jones,paige.jones.50211@retailverse.example,+44 7381533250,1988-04-03,NONE,Y,2026-09-02 17:58:45,2026-09-02 17:58:45
SRC_CUSTOMER_B002_000000612,C0050212,Oliver,Thompson,oliver.thompson.50212@retailverse.example,+44 7981815143,1946-04-27,NONE,N,2026-09-01 10:29:09,2026-09-01 10:29:09
SRC_CUSTOMER_B002_000000613,C0050213,Victoria,Potter,victoria.potter.50213@retailverse.example,+44 7806601908,1952-10-27,BRONZE,N,2026-09-02 17:19:19,2026-09-02 17:19:19
SRC_CUSTOMER_B002_000000614,C0050214,Judith,Mitchell,judith.mitchell.50214@retailverse.example,+44 7389131857,1974-09-22,GOLD,Y,2026-09-02 10:20:51,2026-09-02 10:20:51
SRC_CUSTOMER_B002_000000615,C0050215,Dylan,Adams,dylan.adams.50215@retailverse.example,+44 7116089857,1976-08-10,BRONZE,N,2026-09-02 00:37:16,2026-09-02 00:37:16
SRC_CUSTOMER_B002_000000616,C0050216,Dominic,Knowles,dominic.knowles.50216@retailverse.example,+44 7487684959,1977-09-27,NONE,Y,2026-07-12 02:51:41,2026-09-03 06:28:18
SRC_CUSTOMER_B002_000000617,C0050217,Charlene,King,charlene.king.50217@retailverse.example,+44 7506812792,1950-09-03,NONE,Y,2026-09-03 21:54:08,2026-09-03 21:54:08
SRC_CUSTOMER_B002_000000618,C0050218,Philip,Andrews,philip.andrews.50218@retailverse.example,+44 7292154974,1996-12-24,SILVER,N,2026-09-01 17:48:03,2026-09-01 17:48:03
SRC_CUSTOMER_B002_000000619,C0050219,Chelsea,Brooks,chelsea.brooks.50219@retailverse.example,+44 7879826444,1959-08-03,NONE,Y,2026-09-03 12:20:57,2026-09-03 12:20:57
SRC_CUSTOMER_B002_000000620,C0050220,Jonathan,Sharp,jonathan.sharp.50220@retailverse.example,+44 7046318221,1968-11-23,NONE,Y,2026-09-01 22:12:32,2026-09-01 22:12:32
SRC_CUSTOMER_B002_000000621,C0050221,Ricky,Marshall,ricky.marshall.50221@retailverse.example,+44 7766832213,1987-11-08,NONE,N,2026-09-01 23:48:46,2026-09-01 23:48:46
SRC_CUSTOMER_B002_000000622,C0050222,Jeffrey,Booth,jeffrey.booth.50222@retailverse.example,+44 7715219284,2007-10-09,NONE,N,2026-09-02 10:09:15,2026-09-02 10:09:15
SRC_CUSTOMER_B002_000000623,C0050223,Deborah,Walker,deborah.walker.50223@retailverse.example,+44 7101311948,1960-09-22,NONE,Y,2026-09-03 19:22:05,2026-09-03 19:22:05
SRC_CUSTOMER_B002_000000624,C0050224,Frances,Bentley,frances.bentley.50224@retailverse.example,+44 7641734492,1996-12-05,BRONZE,Y,2026-09-01 02:53:31,2026-09-01 02:53:31
SRC_CUSTOMER_B002_000000625,C0050225,Nigel,Holmes,nigel.holmes.50225@retailverse.example,+44 7430397293,1968-06-23,GOLD,Y,2026-09-03 21:17:20,2026-09-03 21:17:20
SRC_CUSTOMER_B002_000000626,C0050226,Leah,Jones,leah.jones.50226@retailverse.example,+44 7616861390,1949-02-25,BRONZE,Y,2026-09-03 05:40:32,2026-09-03 05:40:32
SRC_CUSTOMER_B002_000000627,C0050227,David,Hall,david.hall.50227@retailverse.example,+44 7933159980,1946-01-27,GOLD,N,2026-09-01 15:39:22,2026-09-01 15:39:22
SRC_CUSTOMER_B002_000000628,C0050228,Elliott,Khan,elliott.khan.50228@retailverse.example,+44 7755621749,1993-04-07,NONE,Y,2026-09-01 10:20:44,2026-09-01 10:20:44
SRC_CUSTOMER_B002_000000629,C0050229,Abbie,Nelson,abbie.nelson.50229@retailverse.example,+44 7800579764,1947-08-25,NONE,Y,2026-09-02 03:34:48,2026-09-02 03:34:48
SRC_CUSTOMER_B002_000000630,C0050230,Heather,Bradley,heather.bradley.50230@retailverse.example,+44 7669485682,1974-01-03,NONE,N,2026-09-03 02:35:21,2026-09-03 02:35:21
SRC_CUSTOMER_B002_000000631,C0050231,Gary,Wright,gary.wright.50231@retailverse.example,+44 7898625413,2004-05-31,BRONZE,N,2026-09-01 17:48:14,2026-09-01 17:48:14
SRC_CUSTOMER_B002_000000632,C0050232,Carly,Dale,carly.dale.50232@retailverse.example,+44 7179396483,1998-08-18,SILVER,Y,2026-09-01 13:37:52,2026-09-01 13:37:52
SRC_CUSTOMER_B002_000000633,C0050233,Lee,Knight,lee.knight.50233@retailverse.example,+44 7669076381,1965-06-28,NONE,Y,2026-09-02 22:56:50,2026-09-02 22:56:50
SRC_CUSTOMER_B002_000000634,C0050234,Catherine,Hall,catherine.hall.50234@retailverse.example,+44 7119679409,1984-12-24,NONE,N,2026-09-03 09:18:28,2026-09-03 09:18:28
SRC_CUSTOMER_B002_000000635,C0050235,Pamela,Knight,pamela.knight.50235@retailverse.example,+44 7889927950,1983-11-25,NONE,Y,2026-09-01 03:50:40,2026-09-01 03:50:40
SRC_CUSTOMER_B002_000000636,C0050236,Ricky,Mitchell,ricky.mitchell.50236@retailverse.example,+44 7394265789,2004-08-02,NONE,Y,2026-09-03 06:38:01,2026-09-03 06:38:01
SRC_CUSTOMER_B002_000000637,C0050237,Luke,Hall,luke.hall.50237@retailverse.example,+44 7872632109,1991-11-30,BRONZE,Y,2026-09-02 03:14:12,2026-09-02 03:14:12
SRC_CUSTOMER_B002_000000638,C0050238,Francis,Wilson,francis.wilson.50238@retailverse.example,+44 7632510690,1978-12-25,NONE,N,2026-09-02 18:41:22,2026-09-02 18:41:22
SRC_CUSTOMER_B002_000000639,C0050239,Louis,Harris,louis.harris.50239@retailverse.example,+44 7277370424,1974-02-23,NONE,N,2026-09-01 05:20:04,2026-09-01 05:20:04
SRC_CUSTOMER_B002_000000640,C0050240,Iain,Young,iain.young.50240@retailverse.example,+44 7494762192,1976-08-01,BRONZE,Y,2026-09-03 01:27:45,2026-09-03 01:27:45
SRC_CUSTOMER_B002_000000641,C0050241,Tina,White,tina.white.50241@retailverse.example,+44 7906576591,1992-12-23,NONE,Y,2026-09-01 12:54:05,2026-09-01 12:54:05
SRC_CUSTOMER_B002_000000642,C0050242,Geraldine,Adams,geraldine.adams.50242@retailverse.example,+44 7594633348,1957-06-02,SILVER,Y,2026-09-03 21:48:16,2026-09-03 21:48:16
SRC_CUSTOMER_B002_000000643,C0050243,Marilyn,Barrett,marilyn.barrett.50243@retailverse.example,+44 7719543006,1990-11-30,GOLD,Y,2026-06-18 21:35:54,2026-09-03 13:18:33
SRC_CUSTOMER_B002_000000644,C0050244,Joshua,Murphy,joshua.murphy.50244@retailverse.example,+44 7168511442,1996-03-15,SILVER,N,2024-09-01 00:03:08,2026-09-03 19:55:21
SRC_CUSTOMER_B002_000000645,C0050245,Annette,Turner,annette.turner.50245@retailverse.example,+44 7107745665,1985-01-20,BRONZE,N,2026-09-03 07:44:30,2026-09-03 07:44:30
SRC_CUSTOMER_B002_000000646,C0050246,Amy,Watson,amy.watson.50246@retailverse.example,+44 7863959936,1998-01-07,BRONZE,N,2026-09-01 11:14:55,2026-09-01 11:14:55
SRC_CUSTOMER_B002_000000647,C0050247,June,Parker,june.parker.50247@retailverse.example,+44 7883507718,2002-03-03,BRONZE,N,2026-09-01 20:47:50,2026-09-01 20:47:50
SRC_CUSTOMER_B002_000000648,C0050248,Colin,Parkin,colin.parkin.50248@retailverse.example,+44 7863261131,1987-04-03,BRONZE,Y,2026-09-03 13:50:36,2026-09-03 13:50:36
SRC_CUSTOMER_B002_000000649,C0050249,Teresa,O'Brien,teresa.o'brien.50249@retailverse.example,+44 7439903080,1992-07-06,BRONZE,N,2026-09-03 19:20:57,2026-09-03 19:20:57
SRC_CUSTOMER_B002_000000650,C0050250,Carole,Jackson,carole.jackson.50250@retailverse.example,+44 7554418264,1966-02-07,NONE,Y,2026-09-03 20:14:47,2026-09-03 20:14:47
SRC_CUSTOMER_B002_000000651,C0050251,Jacqueline,Richards,jacqueline.richards.50251@retailverse.example,+44 7973242262,2003-05-10,BRONZE,Y,2026-09-01 02:47:11,2026-09-01 02:47:11
SRC_CUSTOMER_B002_000000652,C0050252,Elliott,Harris,elliott.harris.50252@retailverse.example,+44 7828611638,1945-07-04,NONE,N,2026-09-03 06:12:16,2026-09-03 06:12:16
SRC_CUSTOMER_B002_000000653,C0050253,Cameron,Anderson,cameron.anderson.50253@retailverse.example,+44 7902884646,1977-11-10,BRONZE,Y,2026-09-01 12:45:30,2026-09-01 12:45:30
SRC_CUSTOMER_B002_000000654,C0050254,Beverley,Whitehead,beverley.whitehead.50254@retailverse.example,+44 7944847041,2003-02-04,NONE,N,2026-09-02 16:28:27,2026-09-02 16:28:27
SRC_CUSTOMER_B002_000000655,C0050255,Susan,Bell,susan.bell.50255@retailverse.example,+44 7931676432,1961-10-26,NONE,Y,2026-09-02 06:44:47,2026-09-02 06:44:47
SRC_CUSTOMER_B002_000000656,C0050256,Joanna,Rose,joanna.rose.50256@retailverse.example,+44 7213360984,2007-11-22,NONE,Y,2026-09-03 06:26:37,2026-09-03 06:26:37
SRC_CUSTOMER_B002_000000657,C0050257,Rhys,Wells,rhys.wells.50257@retailverse.example,+44 7893144102,1976-02-14,NONE,Y,2026-09-01 15:41:48,2026-09-01 15:41:48
SRC_CUSTOMER_B002_000000658,C0050258,Kevin,Roberts,kevin.roberts.50258@retailverse.example,+44 7132886442,1989-01-25,GOLD,Y,2026-09-03 07:20:39,2026-09-03 07:20:39
SRC_CUSTOMER_B002_000000659,C0050259,Jasmine,Kemp,jasmine.kemp.50259@retailverse.example,+44 7531474390,1977-11-06,BRONZE,Y,2026-09-02 02:43:30,2026-09-02 02:43:30
SRC_CUSTOMER_B002_000000660,C0050260,Zoe,Garner,zoe.garner.50260@retailverse.example,+44 7070027297,2002-05-17,SILVER,Y,2026-09-02 13:36:46,2026-09-02 13:36:46
SRC_CUSTOMER_B002_000000661,C0050261,Douglas,Robinson,douglas.robinson.50261@retailverse.example,+44 7850920589,1962-06-24,BRONZE,Y,2026-09-01 13:10:01,2026-09-01 13:10:01
SRC_CUSTOMER_B002_000000662,C0050262,Raymond,Evans,raymond.evans.50262@retailverse.example,+44 7636189358,1997-03-24,NONE,N,2026-09-02 17:20:48,2026-09-02 17:20:48
SRC_CUSTOMER_B002_000000663,C0050263,Gerard,Williams,gerard.williams.50263@retailverse.example,+44 7671216647,1964-11-23,NONE,Y,2026-09-01 07:43:13,2026-09-01 07:43:13
SRC_CUSTOMER_B002_000000664,C0050264,Frances,Thompson,frances.thompson.50264@retailverse.example,+44 7064923032,2003-09-05,BRONZE,N,2026-09-02 12:00:09,2026-09-02 12:00:09
SRC_CUSTOMER_B002_000000665,C0050265,Antony,May,antony.may.50265@retailverse.example,+44 7169593192,1996-04-14,NONE,Y,2026-09-02 11:55:57,2026-09-02 11:55:57
SRC_CUSTOMER_B002_000000666,C0050266,Gary,Miller,gary.miller.50266@retailverse.example,+44 7850429720,2003-08-15,NONE,Y,2026-09-03 20:45:03,2026-09-03 20:45:03
SRC_CUSTOMER_B002_000000667,C0050267,Connor,Miller,connor.miller.50267@retailverse.example,+44 7812255361,1965-12-11,NONE,Y,2026-09-02 17:27:42,2026-09-02 17:27:42
SRC_CUSTOMER_B002_000000668,C0050268,Jennifer,Allen,jennifer.allen.50268@retailverse.example, 07700900111 ,1975-03-05,NONE,N,2026-09-01 20:06:07,2026-09-01 20:06:07
SRC_CUSTOMER_B002_000000669,C0050269,Nicola,Johnson,nicola.johnson.50269@retailverse.example,+44 7550340416,1983-11-09,SILVER,Y,2026-09-03 08:06:07,2026-09-03 08:06:07
SRC_CUSTOMER_B002_000000670,C0050270,Stanley,Gregory,stanley.gregory.50270@retailverse.example,+44 7537311464,1979-09-04,BRONZE,N,2026-09-01 15:37:51,2026-09-01 15:37:51
SRC_CUSTOMER_B002_000000671,C0050271,Gail,Ashton,gail.ashton.50271@retailverse.example,+44 7876867387,1969-06-18,NONE,N,2026-09-01 10:34:46,2026-09-01 10:34:46
SRC_CUSTOMER_B002_000000672,C0050272,Natasha,Jones,natasha.jones.50272@retailverse.example,+44 7987980866,1995-10-03,NONE,Y,2026-09-02 18:42:05,2026-09-02 18:42:05
SRC_CUSTOMER_B002_000000673,C0050273,Teresa,Wallis,teresa.wallis.50273@retailverse.example,+44 7441715605,1984-09-15,BRONZE,N,2026-09-02 18:45:11,2026-09-02 18:45:11
SRC_CUSTOMER_B002_000000674,C0050274,Sylvia,Storey,sylvia.storey.50274@retailverse.example,+44 7515073924,1949-08-04,BRONZE,N,2026-09-03 10:48:33,2026-09-03 10:48:33
SRC_CUSTOMER_B002_000000675,C0050275,Jessica,Naylor,jessica.naylor.50275@retailverse.example,+44 7249005434,1973-08-27,BRONZE,Y,2026-09-03 01:51:38,2026-09-03 01:51:38
SRC_CUSTOMER_B002_000000676,C0050276,Liam,Savage,liam.savage.50276@retailverse.example,+44 7699499070,1995-12-17,NONE,Y,2026-09-03 19:04:29,2026-09-03 19:04:29
SRC_CUSTOMER_B002_000000677,C0050277,Beverley,Griffin,beverley.griffin.50277@retailverse.example,+44 7099009818,1951-11-13,GOLD,Y,2026-09-02 00:39:03,2026-09-02 00:39:03
SRC_CUSTOMER_B002_000000678,C0050278,Thomas,Graham,thomas.graham.50278@retailverse.example,+44 7009328032,1993-06-20,SILVER,N,2026-09-03 11:18:09,2026-09-03 11:18:09
SRC_CUSTOMER_B002_000000679,C0050279,Luke,Holden,luke.holden.50279@retailverse.example,+44 7000000881,1976-08-22,NONE,Y,2026-09-02 04:17:25,2026-09-02 04:17:25
SRC_CUSTOMER_B002_000000680,C0050280,Douglas,Barlow,douglas.barlow.50280@retailverse.example,+44 7928241141,1971-08-28,NONE,Y,2026-09-01 01:36:10,2026-09-01 01:36:10
SRC_CUSTOMER_B002_000000681,C0050281,Lawrence,Cooper,lawrence.cooper.50281@retailverse.example,+44 7701432132,1962-04-11,NONE,N,2026-09-01 14:08:03,2026-09-01 14:08:03
SRC_CUSTOMER_B002_000000682,C0050282,Leonard,Rowe,leonard.rowe.50282@retailverse.example,+44 7043353053,1964-04-18,NONE,Y,2026-09-02 05:25:17,2026-09-02 05:25:17
SRC_CUSTOMER_B002_000000683,C0050283,Georgia,Watkins,georgia.watkins.50283@retailverse.example,+44 7130040913,1972-08-29,BRONZE,N,2026-09-02 17:26:19,2026-09-02 17:26:19
SRC_CUSTOMER_B002_000000684,C0050284,Bruce,Walsh,bruce.walsh.50284@retailverse.example,+44-7700-900-456,1947-03-05,NONE,Y,2026-09-03 21:34:19,2026-09-03 21:34:19
SRC_CUSTOMER_B002_000000685,C0050285,Lydia,Jackson,lydia.jackson.50285@retailverse.example,+44 7956392710,1946-09-28,BRONZE,N,2026-09-03 08:52:22,2026-09-03 08:52:22
SRC_CUSTOMER_B002_000000686,C0050286,Melanie,Lee,melanie.lee.50286@retailverse.example,+44 7077318418,1965-06-25,SILVER,N,2026-09-01 00:10:00,2026-09-01 00:10:00
SRC_CUSTOMER_B002_000000687,C0050287,Martyn,Sullivan,martyn.sullivan.50287@retailverse.example,+44 7434264120,1945-08-10,NONE,Y,2026-09-03 02:02:25,2026-09-03 02:02:25
SRC_CUSTOMER_B002_000000688,C0050288,Irene,Evans,irene.evans.50288@retailverse.example,+44 7848483778,1965-03-19,NONE,N,2026-09-01 22:22:08,2026-09-01 22:22:08
SRC_CUSTOMER_B002_000000689,C0050289,Debra,Mahmood,debra.mahmood.50289@retailverse.example,+44 7472346660,1970-03-05,NONE,Y,2026-09-01 11:34:32,2026-09-01 11:34:32
SRC_CUSTOMER_B002_000000690,C0050290,Gemma,Field,gemma.field.50290@retailverse.example,+44 7630598913,1957-09-14,NONE,N,2026-09-01 20:11:14,2026-09-01 20:11:14
SRC_CUSTOMER_B002_000000691,C0050291,Lynne,Lloyd,lynne.lloyd.50291@retailverse.example,+44 7931805305,1958-10-28,NONE,N,2026-09-03 07:11:12,2026-09-03 07:11:12
SRC_CUSTOMER_B002_000000692,C0050292,Harriet,Short,harriet.short.50292@retailverse.example,+44 7065580848,1989-05-18,NONE,Y,2026-09-01 01:46:23,2026-09-01 01:46:23
SRC_CUSTOMER_B002_000000693,C0050293,Dale,Allen,dale.allen.50293@retailverse.example,+44 7782951210,1977-04-27,SILVER,N,2026-09-02 02:11:44,2026-09-02 02:11:44
SRC_CUSTOMER_B002_000000694,C0050294,Dean,Hughes,dean.hughes.50294@retailverse.example,+44 7468742473,1954-01-18,NONE,Y,2026-09-03 06:28:12,2026-09-03 06:28:12
SRC_CUSTOMER_B002_000000695,C0050295,Mathew,Smith,mathew.smith.50295@retailverse.example,+44 7943999591,1976-11-20,NONE,N,2026-09-03 17:20:44,2026-09-03 17:20:44
SRC_CUSTOMER_B002_000000696,C0050296,Douglas,Richards,douglas.richards.50296@retailverse.example,+44 7845980646,1970-06-13,NONE,Y,2026-09-03 05:08:10,2026-09-03 05:08:10
SRC_CUSTOMER_B002_000000697,C0050297,Tracy,King,tracy.king.50297@retailverse.example,+44 7346143672,1997-05-13,BRONZE,N,2026-09-03 12:37:15,2026-09-03 12:37:15
SRC_CUSTOMER_B002_000000698,C0050298,Elizabeth,Fry,elizabeth.fry.50298@retailverse.example,+44 7778524725,1953-09-22,SILVER,N,2026-09-03 14:07:16,2026-09-03 14:07:16
SRC_CUSTOMER_B002_000000699,C0050299,Alexandra,Williams,alexandra.williams.50299@retailverse.example,+44 7782326107,1985-03-09,NONE,N,2026-09-01 19:04:57,2026-09-01 19:04:57
SRC_CUSTOMER_B002_000000700,C0050300,Michelle,Taylor,michelle.taylor.50300@retailverse.example,+44 7307547346,1996-02-14,NONE,Y,2026-09-03 13:52:58,2026-09-03 13:52:58
SRC_CUSTOMER_B002_000000701,C0050301,Christine,Ford,christine.ford.50301@retailverse.example,+44 7612643722,1950-04-04,NONE,N,2026-09-03 07:48:00,2026-09-03 07:48:00
SRC_CUSTOMER_B002_000000702,C0050302,Deborah,Baxter,deborah.baxter.50302@retailverse.example,+44 7134504683,1971-05-08,BRONZE,Y,2026-09-01 19:23:40,2026-09-01 19:23:40
SRC_CUSTOMER_B002_000000703,C0050303,Mohammad,Hodgson,mohammad.hodgson.50303@retailverse.example,+44 7534716917,1972-04-05,GOLD,Y,2026-09-01 06:25:44,2026-09-01 06:25:44
SRC_CUSTOMER_B002_000000704,C0050304,Mohammad,Thomas,mohammad.thomas.50304@retailverse.example,+44 7010223181,1955-03-08,NONE,Y,2026-09-01 05:35:14,2026-09-01 05:35:14
SRC_CUSTOMER_B002_000000705,C0050305,Darren,Khan,darren.khan.50305@retailverse.example,+44 7103153696,1970-08-10,GOLD,Y,2026-09-02 01:19:10,2026-09-02 01:19:10
SRC_CUSTOMER_B002_000000706,C0050306,Sarah,Walsh,sarah.walsh.50306@retailverse.example,+44 7050321945,2007-05-28,BRONZE,N,2026-09-02 07:57:49,2026-09-02 07:57:49
SRC_CUSTOMER_B002_000000707,C0050307,Rosie,Buckley,rosie.buckley.50307@retailverse.example,+44 7676654310,1959-05-29,SILVER,Y,2026-09-03 06:03:56,2026-09-03 06:03:56
SRC_CUSTOMER_B002_000000708,C0050308,Robin,Quinn,robin.quinn.50308@retailverse.example,+44 7652221461,1988-07-25,NONE,Y,2026-09-01 11:17:41,2026-09-01 11:17:41
SRC_CUSTOMER_B002_000000709,C0050309,Mohammed,Brown,mohammed.brown.50309@retailverse.example,+44 7744078211,1997-03-08,NONE,Y,2025-05-11 01:34:40,2026-09-02 15:57:37
SRC_CUSTOMER_B002_000000710,C0050310,Kevin,Brown,kevin.brown.50310@retailverse.example,+44 7591284870,1980-10-29,BRONZE,Y,2026-09-03 05:15:51,2026-09-03 05:15:51
SRC_CUSTOMER_B002_000000711,C0050311,Russell,Thompson,russell.thompson.50311@retailverse.example,+44 7754183872,1987-01-14,NONE,Y,2026-09-02 15:03:13,2026-09-02 15:03:13
SRC_CUSTOMER_B002_000000712,C0050312,Paige,Brown,paige.brown.50312@retailverse.example,+44 7160899881,1975-01-15,SILVER,Y,2026-09-01 23:18:26,2026-09-01 23:18:26
SRC_CUSTOMER_B002_000000713,C0050313,Sian,Anderson,sian.anderson.50313@retailverse.example,+44 7794819517,2000-10-24,SILVER,N,2026-09-03 05:05:27,2026-09-03 05:05:27
SRC_CUSTOMER_B002_000000714,C0050314,Catherine,Harris,catherine.harris.50314@retailverse.example,+44 7005324100,1968-05-04,BRONZE,Y,2026-09-01 11:01:19,2026-09-01 11:01:19
SRC_CUSTOMER_B002_000000715,C0050315,Jake,Howells,jake.howells.50315@retailverse.example,+44 7780096405,1995-11-07,BRONZE,N,2024-09-05 19:49:15,2026-09-03 15:50:01
SRC_CUSTOMER_B002_000000716,C0050316,Elaine,Whittaker,elaine.whittaker.50316@retailverse.example,+44 7110124536,1979-07-24,NONE,Y,2026-09-03 15:26:21,2026-09-03 15:26:21
SRC_CUSTOMER_B002_000000717,C0050317,Alison,Wilkins,alison.wilkins.50317@retailverse.example,+44 7207350082,1968-01-19,NONE,Y,2026-01-16 19:44:28,2026-09-03 10:49:06
SRC_CUSTOMER_B002_000000718,C0050318,Phillip,Clarke,phillip.clarke.50318@retailverse.example,+44 7098179328,1966-03-28,NONE,N,2026-09-02 09:51:43,2026-09-02 09:51:43
SRC_CUSTOMER_B002_000000719,C0050319,Dale,Short,dale.short.50319@retailverse.example,+44 7028001268,1951-11-09,BRONZE,N,2026-09-02 14:21:13,2026-09-02 14:21:13
SRC_CUSTOMER_B002_000000720,C0050320,Joanne,Lawson,joanne.lawson.50320@retailverse.example,+44 7211557266,1992-11-01,BRONZE,Y,2026-09-03 17:22:59,2026-09-03 17:22:59
SRC_CUSTOMER_B002_000000721,C0050321,Grace,Griffiths,grace.griffiths.50321@retailverse.example,+44 7973250892,1955-11-29,NONE,Y,2026-09-02 09:23:41,2026-09-02 09:23:41
SRC_CUSTOMER_B002_000000722,C0050322,Jasmine,Ali,jasmine.ali.50322@retailverse.example,+44 7878461422,1967-05-08,BRONZE,Y,2026-09-02 03:45:42,2026-09-02 03:45:42
SRC_CUSTOMER_B002_000000723,C0050323,Dennis,Gardner,dennis.gardner.50323@retailverse.example,+44 7090770546,1966-11-14,BRONZE,Y,2024-09-23 12:24:35,2026-09-02 23:13:29
SRC_CUSTOMER_B002_000000724,C0050324,Iain,Allen,iain.allen.50324@retailverse.example,+44 7573426105,1955-06-06,GOLD,N,2026-09-01 08:31:54,2026-09-01 08:31:54
SRC_CUSTOMER_B002_000000725,C0050325,Elaine,Elliott,elaine.elliott.50325@retailverse.example,+44 7057062922,1990-03-19,NONE,N,2026-09-02 11:33:22,2026-09-02 11:33:22
SRC_CUSTOMER_B002_000000726,C0050326,Ben,Hughes,ben.hughes.50326@retailverse.example,+44 7366179311,1998-07-09,BRONZE,N,2026-09-02 10:29:43,2026-09-02 10:29:43
SRC_CUSTOMER_B002_000000727,C0050327,Sara,Patel,sara.patel.50327@retailverse.example,+44 7095156182,1993-05-16,NONE,Y,2026-09-01 15:33:37,2026-09-01 15:33:37
SRC_CUSTOMER_B002_000000728,C0050328,Claire,Howell,claire.howell.50328@retailverse.example,+44 7569467178,1945-10-14,GOLD,Y,2026-09-01 17:19:48,2026-09-01 17:19:48
SRC_CUSTOMER_B002_000000729,C0050329,Tony,Rice,tony.rice.50329@retailverse.example,+44 7777021343,1949-12-22,NONE,Y,2026-09-02 02:07:23,2026-09-02 02:07:23
SRC_CUSTOMER_B002_000000730,C0050330,Hannah,Rogers,hannah.rogers.50330@retailverse.example,+44 7304664391,1956-01-22,BRONZE,Y,2026-09-01 10:14:16,2026-09-01 10:14:16
SRC_CUSTOMER_B002_000000731,C0050331,Lindsey,Johnson,lindsey.johnson.50331@retailverse.example,+44 7421047235,1980-12-17,NONE,N,2026-09-03 20:15:03,2026-09-03 20:15:03
SRC_CUSTOMER_B002_000000732,C0050332,Eric,Chan,eric.chan.50332@retailverse.example,+44 7291418552,2003-01-18,BRONZE,N,2026-09-01 07:49:09,2026-09-01 07:49:09
SRC_CUSTOMER_B002_000000733,C0050333,Lindsey,Marsden,lindsey.marsden.50333@retailverse.example,+44 7690048963,1985-08-24,BRONZE,Y,2026-09-02 19:20:45,2026-09-02 19:20:45
SRC_CUSTOMER_B002_000000734,C0050334,Gerard,Lloyd,gerard.lloyd.50334@retailverse.example,+44 7268911588,1987-02-11,NONE,Y,2026-09-03 18:16:07,2026-09-03 18:16:07
SRC_CUSTOMER_B002_000000735,C0050335,Carolyn,Lewis,carolyn.lewis.50335@retailverse.example,+44 7779178892,1985-09-02,BRONZE,Y,2026-09-01 18:05:31,2026-09-01 18:05:31
SRC_CUSTOMER_B002_000000736,C0050336,Dawn,Williams,dawn.williams.50336@retailverse.example,+44 7480200506,1949-11-09,SILVER,Y,2026-09-02 21:45:14,2026-09-02 21:45:14
SRC_CUSTOMER_B002_000000737,C0050337,Darren,Hall,darren.hall.50337@retailverse.example,+44 7992328949,1959-12-22,SILVER,N,2026-09-02 00:37:38,2026-09-02 00:37:38
SRC_CUSTOMER_B002_000000738,C0050338,Damien,Murphy,damien.murphy.50338@retailverse.example,+44 7467471005,1952-08-13,SILVER,Y,2026-09-02 22:34:06,2026-09-02 22:34:06
SRC_CUSTOMER_B002_000000739,C0050339,Lindsey,Shepherd,lindsey.shepherd.50339@retailverse.example,+44 7560039454,1945-05-12,NONE,N,2026-09-01 12:00:54,2026-09-01 12:00:54
SRC_CUSTOMER_B002_000000740,C0050340,Karen,Morgan,karen.morgan.50340@retailverse.example,+44 7026869583,2005-03-28,GOLD,N,2026-09-02 08:39:47,2026-09-02 08:39:47
SRC_CUSTOMER_B002_000000741,C0050341,Shaun,Wilkinson,shaun.wilkinson.50341@retailverse.example,+44 7641938094,1991-01-14,SILVER,N,2026-09-02 04:10:20,2026-09-02 04:10:20
SRC_CUSTOMER_B002_000000742,C0050342,Lewis,Day,lewis.day.50342@retailverse.example,+44 7212495683,1968-05-18,SILVER,N,2026-09-03 12:35:38,2026-09-03 12:35:38
SRC_CUSTOMER_B002_000000743,C0050343,Justin,Smith,justin.smith.50343@retailverse.example,+44 7778978969,1982-07-02,NONE,Y,2026-09-01 05:36:45,2026-09-01 05:36:45
SRC_CUSTOMER_B002_000000744,C0050344,Deborah,Hamilton,deborah.hamilton.50344@retailverse.example,+44 7767950276,1988-02-12,NONE,Y,2026-09-03 09:46:47,2026-09-03 09:46:47
SRC_CUSTOMER_B002_000000745,C0050345,Alice,Davis,alice.davis.50345@retailverse.example,+44 7752586236,1972-10-02,SILVER,Y,2026-09-03 09:24:20,2026-09-03 09:24:20
SRC_CUSTOMER_B002_000000746,C0050346,Joyce,Kennedy,joyce.kennedy.50346@retailverse.example,+44 7819842317,1988-11-15,NONE,Y,2026-09-03 20:46:30,2026-09-03 20:46:30
SRC_CUSTOMER_B002_000000747,C0050347,Sara,Foster,sara.foster.50347@retailverse.example,+44 7474978556,1986-06-10,NONE,N,2026-09-02 13:23:54,2026-09-02 13:23:54
SRC_CUSTOMER_B002_000000748,C0050348,Sylvia,Howarth,sylvia.howarth.50348@retailverse.example,+44 7127601811,1996-06-01,BRONZE,N,2026-09-02 02:04:41,2026-09-02 02:04:41
SRC_CUSTOMER_B002_000000749,C0050349,Julie,Taylor,julie.taylor.50349@retailverse.example,+44 7368616343,1959-09-05,NONE,N,2026-09-01 19:00:35,2026-09-01 19:00:35
SRC_CUSTOMER_B002_000000750,C0050350,Julian,Fraser,julian.fraser.50350@retailverse.example,+44 7705516168,1970-05-12,NONE,N,2026-09-02 22:05:46,2026-09-02 22:05:46
SRC_CUSTOMER_B002_000000751,C0050351,June,Roberts,june.roberts.50351@retailverse.example,+44 7786554836,1981-03-17,NONE,Y,2026-09-02 06:21:39,2026-09-02 06:21:39
SRC_CUSTOMER_B002_000000752,C0050352,Albert,Kaur,albert.kaur.50352@retailverse.example,+44 7471322478,1964-02-07,BRONZE,Y,2026-09-03 09:01:14,2026-09-03 09:01:14
SRC_CUSTOMER_B002_000000753,C0050353,Lauren,Khan,lauren.khan.50353@retailverse.example,+44 7007218417,1974-01-13,NONE,N,2026-09-02 16:43:06,2026-09-02 16:43:06
SRC_CUSTOMER_B002_000000754,C0050354,Kevin,Hall,kevin.hall.50354@retailverse.example,+44 7657191041,1992-04-23,BRONZE,Y,2026-09-03 14:13:28,2026-09-03 14:13:28
SRC_CUSTOMER_B002_000000755,C0050355,Josephine,Oliver,josephine.oliver.50355@retailverse.example,+44 7743946072,1999-04-17,NONE,Y,2026-09-02 08:32:45,2026-09-02 08:32:45
SRC_CUSTOMER_B002_000000756,C0050356,Shannon,Barnes,shannon.barnes.50356@retailverse.example,+44 7407676637,1966-06-10,NONE,Y,2026-09-03 04:37:08,2026-09-03 04:37:08
SRC_CUSTOMER_B002_000000757,C0050357,Arthur,Lewis,arthur.lewis.50357@retailverse.example,+44 7503249454,1982-09-22,BRONZE,Y,2026-09-02 12:06:33,2026-09-02 12:06:33
SRC_CUSTOMER_B002_000000758,C0050358,Leigh,West,leigh.west.50358@retailverse.example,+44 7222959566,1989-07-01,BRONZE,Y,2026-09-03 19:16:37,2026-09-03 19:16:37
SRC_CUSTOMER_B002_000000759,C0050359,Fiona,Booth,fiona.booth.50359@retailverse.example,+44 7367602625,1945-01-31,SILVER,Y,2026-09-02 16:46:52,2026-09-02 16:46:52
SRC_CUSTOMER_B002_000000760,C0050360,Jonathan,Smith,jonathan.smith.50360@retailverse.example,+44 7026360299,2007-11-29,SILVER,Y,2026-09-02 00:53:44,2026-09-02 00:53:44
SRC_CUSTOMER_B002_000000761,C0050361,Kenneth,Fry,kenneth.fry.50361@retailverse.example,+44 7397945722,1962-05-13,SILVER,N,2026-09-03 06:07:14,2026-09-03 06:07:14
SRC_CUSTOMER_B002_000000762,C0050362,Ashley,Webster,ashley.webster.50362@retailverse.example,+44 7453195135,1999-05-20,NONE,N,2026-09-02 02:14:30,2026-09-02 02:14:30
SRC_CUSTOMER_B002_000000763,C0050363,Stephen,Read,stephen.read.50363@retailverse.example,+44 7387097508,1996-08-13,BRONZE,Y,2026-09-02 16:57:20,2026-09-02 16:57:20
SRC_CUSTOMER_B002_000000764,C0050364,Ben,Richardson,ben.richardson.50364@retailverse.example,+44 7645805708,2006-05-15,SILVER,Y,2026-09-01 08:00:17,2026-09-01 08:00:17
SRC_CUSTOMER_B002_000000765,C0050365,Melissa,Cox,melissa.cox.50365@retailverse.example,+44 7928891866,1984-02-28,SILVER,Y,2026-09-03 21:36:14,2026-09-03 21:36:14
SRC_CUSTOMER_B002_000000766,C0050366,Rita,Bibi,rita.bibi.50366@retailverse.example,+44 7197572906,1958-02-04,NONE,Y,2026-09-03 11:07:49,2026-09-03 11:07:49
SRC_CUSTOMER_B002_000000767,C0050367,Dylan,Martin,dylan.martin.50367@retailverse.example,+44 7938853176,1983-12-17,NONE,N,2026-09-01 16:01:12,2026-09-01 16:01:12
SRC_CUSTOMER_B002_000000768,C0050368,Lewis,Jones,lewis.jones.50368@retailverse.example,+44 7734613082,1980-12-28,SILVER,Y,2026-09-01 00:10:21,2026-09-01 00:10:21
SRC_CUSTOMER_B002_000000769,C0050369,Sean,Stone,sean.stone.50369@retailverse.example,+44 7051834587,2001-11-22,NONE,N,2026-09-01 22:04:20,2026-09-01 22:04:20
SRC_CUSTOMER_B002_000000770,C0050370,Mandy,McDonald,mandy.mcdonald.50370@retailverse.example,+44 7493086228,2003-07-12,BRONZE,N,2026-09-01 11:26:54,2026-09-01 11:26:54
SRC_CUSTOMER_B002_000000771,C0050371,Nicola,Bates,nicola.bates.50371@retailverse.example,+44 7845368560,1961-03-19,NONE,Y,2026-09-03 10:52:37,2026-09-03 10:52:37
SRC_CUSTOMER_B002_000000772,C0050372,Scott,Brown,scott.brown.50372@retailverse.example,+44 7074729513,1983-07-14,NONE,Y,2026-09-02 17:39:29,2026-09-02 17:39:29
SRC_CUSTOMER_B002_000000773,C0050373,Samuel,Wright,samuel.wright.50373@retailverse.example,+44 7922804484,1958-01-16,SILVER,Y,2026-09-02 10:20:59,2026-09-02 10:20:59
SRC_CUSTOMER_B002_000000774,C0050374,Pamela,Parker,pamela.parker.50374@retailverse.example,+44 7374038794,1972-01-18,NONE,Y,2026-09-01 10:18:42,2026-09-01 10:18:42
SRC_CUSTOMER_B002_000000775,C0050375,Angela,Davies,angela.davies.50375@retailverse.example,+44 7672500600,1999-09-30,SILVER,Y,2025-02-25 16:27:02,2026-09-03 13:48:01
SRC_CUSTOMER_B002_000000776,C0050376,Sara,Webb,sara.webb.50376@retailverse.example,+44 7280912463,1946-02-27,GOLD,Y,2026-09-03 16:47:12,2026-09-03 16:47:12
SRC_CUSTOMER_B002_000000777,C0050377,Michelle,Chan,michelle.chan.50377@retailverse.example,+44 7606377463,1989-02-20,SILVER,Y,2026-09-02 09:12:08,2026-09-02 09:12:08
SRC_CUSTOMER_B002_000000778,C0050378,Georgina,Lee,georgina.lee.50378@retailverse.example,+44 7146756704,1975-01-17,BRONZE,Y,2026-09-02 02:22:12,2026-09-02 02:22:12
SRC_CUSTOMER_B002_000000779,C0050379,Shannon,Gray,shannon.gray.50379@retailverse.example,+44 7864594801,1977-05-27,NONE,Y,2026-09-02 05:05:10,2026-09-02 05:05:10
SRC_CUSTOMER_B002_000000780,C0050380,Abigail,Perkins,abigail.perkins.50380@retailverse.example,+44 7391193071,1974-07-27,BRONZE,N,2026-09-03 21:17:59,2026-09-03 21:17:59
SRC_CUSTOMER_B002_000000781,C0050381,Kevin,Hicks,kevin.hicks.50381@retailverse.example,+44 7651843214,1983-03-24,SILVER,Y,2026-09-03 14:45:48,2026-09-03 14:45:48
SRC_CUSTOMER_B002_000000782,C0050382,Robert,Sharpe,robert.sharpe.50382@retailverse.example,+44 7306295448,1972-02-18,NONE,Y,2026-09-03 16:30:39,2026-09-03 16:30:39
SRC_CUSTOMER_B002_000000783,C0050383,Dorothy,Davies,dorothy.davies.50383@retailverse.example,+44 7377882695,1985-11-20,SILVER,N,2026-09-02 23:25:09,2026-09-02 23:25:09
SRC_CUSTOMER_B002_000000784,C0050384,Nicola,Walker,nicola.walker.50384@retailverse.example,+44 7359887432,1968-08-05,NONE,Y,2026-09-01 06:17:32,2026-09-01 06:17:32
SRC_CUSTOMER_B002_000000785,C0050385,Stanley,Bryant,stanley.bryant.50385@retailverse.example,+44 7297656144,1982-08-11,BRONZE,Y,2026-09-03 08:15:44,2026-09-03 08:15:44
SRC_CUSTOMER_B002_000000786,C0050386,Jemma,Jones,jemma.jones.50386@retailverse.example,+44 7395639290,1966-10-24,SILVER,Y,2026-09-03 10:56:06,2026-09-03 10:56:06
SRC_CUSTOMER_B002_000000787,C0050387,June,Wright,june.wright.50387@retailverse.example,+44 7691832235,1957-02-26,NONE,Y,2026-09-03 01:50:58,2026-09-03 01:50:58
SRC_CUSTOMER_B002_000000788,C0050388,Joyce,Hall,joyce.hall.50388@retailverse.example,+44 7682182734,1965-05-05,NONE,Y,2026-09-03 12:45:18,2026-09-03 12:45:18
SRC_CUSTOMER_B002_000000789,C0050389,Beverley,Davies,beverley.davies.50389@retailverse.example,+44 7528760114,1993-01-17,GOLD,N,2026-09-02 13:31:14,2026-09-02 13:31:14
SRC_CUSTOMER_B002_000000790,C0050390,Georgina,Baker,georgina.baker.50390@retailverse.example,+44 7196222224,1997-10-14,NONE,N,2026-09-02 19:00:20,2026-09-02 19:00:20
SRC_CUSTOMER_B002_000000791,C0050391,Katie,King,katie.king.50391@retailverse.example,+44 7669133071,1956-06-15,NONE,N,2026-09-03 15:08:09,2026-09-03 15:08:09
SRC_CUSTOMER_B002_000000792,C0050392,Naomi,Lee,naomi.lee.50392@retailverse.example,+44 7810375058,1946-09-18,NONE,N,2026-09-03 20:37:22,2026-09-03 20:37:22
SRC_CUSTOMER_B002_000000793,C0050393,Bryan,Dawson,bryan.dawson.50393@retailverse.example,+44 7409174219,1971-10-01,NONE,N,2026-09-01 16:16:50,2026-09-01 16:16:50
SRC_CUSTOMER_B002_000000794,C0050394,Elizabeth,Holloway,elizabeth.holloway.50394@retailverse.example,+44 7099585263,1957-12-03,GOLD,Y,2026-09-02 02:21:53,2026-09-02 02:21:53
SRC_CUSTOMER_B002_000000795,C0050395,Steven,Coleman,steven.coleman.50395@retailverse.example,+44 7408120894,1975-07-28,NONE,N,2026-09-02 11:23:57,2026-09-02 11:23:57
SRC_CUSTOMER_B002_000000796,C0050396,Lewis,Smith,lewis.smith.50396@retailverse.example,+44 7765913612,1983-09-10,NONE,Y,2026-09-02 14:27:44,2026-09-02 14:27:44
SRC_CUSTOMER_B002_000000797,C0050397,Jill,Smith,jill.smith.50397@retailverse.example,+44 7420251453,1954-11-06,NONE,Y,2024-02-09 04:22:37,2026-09-02 12:58:03
SRC_CUSTOMER_B002_000000798,C0050398,Grace,Dodd,grace.dodd.50398@retailverse.example,+44 7674878436,1953-03-29,BRONZE,Y,2026-09-01 01:28:52,2026-09-01 01:28:52
SRC_CUSTOMER_B002_000000799,C0050399,Amelia,Nixon,amelia.nixon.50399@retailverse.example,+44 7443225121,1978-08-18,SILVER,Y,2026-09-03 20:01:17,2026-09-03 20:01:17
SRC_CUSTOMER_B002_000000800,C0050400,Clare,Stanley,clare.stanley.50400@retailverse.example,+44 7731865361,1983-09-14,SILVER,Y,2026-09-03 04:52:38,2026-09-03 04:52:38
SRC_CUSTOMER_B002_000000801,C0050401,Leslie,Barnett,leslie.barnett.50401@retailverse.example,+44 7359396143,1948-10-03,NONE,N,2026-09-01 10:46:46,2026-09-01 10:46:46
SRC_CUSTOMER_B002_000000802,C0050402,Natalie,Cole,natalie.cole.50402@retailverse.example,+44 7628509808,1959-10-12,BRONZE,N,2026-09-01 09:49:09,2026-09-01 09:49:09
SRC_CUSTOMER_B002_000000803,C0050403,George,Slater,george.slater.50403@retailverse.example,+44 7225966199,1985-03-24,NONE,N,2026-09-03 07:13:14,2026-09-03 07:13:14
SRC_CUSTOMER_B002_000000804,C0050404,Alison,Woodward,alison.woodward.50404@retailverse.example,+44 7320923365,1986-08-14,GOLD,N,2026-09-02 01:49:24,2026-09-02 01:49:24
SRC_CUSTOMER_B002_000000805,C0050405,Darren,Johnson,darren.johnson.50405@retailverse.example,+44 7365835650,1984-08-30,NONE,Y,2026-09-01 17:31:04,2026-09-01 17:31:04
SRC_CUSTOMER_B002_000000806,C0050406,Barbara,Chapman,barbara.chapman.50406@retailverse.example,+44 7322751321,1997-11-17,GOLD,N,2026-09-03 05:53:34,2026-09-03 05:53:34
SRC_CUSTOMER_B002_000000807,C0050407,Nicola,Richardson,nicola.richardson.50407@retailverse.example,+44 7487029196,2001-07-15,NONE,Y,2026-09-01 19:49:34,2026-09-01 19:49:34
SRC_CUSTOMER_B002_000000808,C0050408,Charlie,Hughes,charlie.hughes.50408@retailverse.example,+44 7626767130,1992-11-15,NONE,N,2026-09-01 01:15:12,2026-09-01 01:15:12
SRC_CUSTOMER_B002_000000809,C0050409,Matthew,Brooks,matthew.brooks.50409@retailverse.example,+44 7772984846,1946-04-15,BRONZE,Y,2026-09-03 11:37:52,2026-09-03 11:37:52
SRC_CUSTOMER_B002_000000810,C0050410,Katie,Richards,katie.richards.50410@retailverse.example,+44 7850210353,1987-03-19,NONE,Y,2026-09-02 19:11:46,2026-09-02 19:11:46
SRC_CUSTOMER_B002_000000811,C0050411,Luke,Henry,luke.henry.50411@retailverse.example,+44 7477810089,1963-10-18,NONE,N,2026-09-03 15:15:59,2026-09-03 15:15:59
SRC_CUSTOMER_B002_000000812,C0050412,Bethany,Sims,bethany.sims.50412@retailverse.example,+44 7056699781,1992-12-16,BRONZE,Y,2026-09-03 23:12:55,2026-09-03 23:12:55
SRC_CUSTOMER_B002_000000813,C0050413,Abigail,Begum,abigail.begum.50413@retailverse.example,+44 7947972395,1966-02-01,SILVER,Y,2026-09-01 09:39:48,2026-09-01 09:39:48
SRC_CUSTOMER_B002_000000814,C0050414,Paige,Farrell,paige.farrell.50414@retailverse.example,+44 7376353913,1983-01-25,SILVER,Y,2026-09-01 21:54:34,2026-09-01 21:54:34
SRC_CUSTOMER_B002_000000815,C0050415,Abdul,Ford,abdul.ford.50415@retailverse.example,+44 7278441955,1982-02-20,NONE,Y,2026-09-03 19:47:53,2026-09-03 19:47:53
SRC_CUSTOMER_B002_000000816,C0050416,Craig,Briggs,craig.briggs.50416@retailverse.example,+44 7553130956,2003-11-19,NONE,Y,2026-09-03 02:18:30,2026-09-03 02:18:30
SRC_CUSTOMER_B002_000000817,C0050417,Suzanne,Brown,suzanne.brown.50417@retailverse.example,+44 7436880200,2003-07-10,NONE,N,2026-09-01 15:50:55,2026-09-01 15:50:55
SRC_CUSTOMER_B002_000000818,C0050418,Colin,Davis,colin.davis.50418@retailverse.example,+44 7972489078,1984-06-10,NONE,Y,2026-09-03 00:00:33,2026-09-03 00:00:33
SRC_CUSTOMER_B002_000000819,C0050419,Garry,Brown,garry.brown.50419@retailverse.example,+44 7431655243,1983-02-06,GOLD,N,2025-06-01 19:22:33,2026-09-03 14:41:22
SRC_CUSTOMER_B002_000000820,C0050420,Karen,West,karen.west.50420@retailverse.example,+44 7709270220,1969-08-26,BRONZE,N,2026-09-03 06:30:54,2026-09-03 06:30:54
SRC_CUSTOMER_B002_000000821,C0050421,Alex,Freeman,alex.freeman.50421@retailverse.example,+44 7624884518,2005-03-21,NONE,N,2026-09-03 04:26:46,2026-09-03 04:26:46
SRC_CUSTOMER_B002_000000822,C0050422,Jonathan,Smith,jonathan.smith.50422@retailverse.example,+44 7162880065,1946-05-25,BRONZE,Y,2026-09-02 18:54:43,2026-09-02 18:54:43
SRC_CUSTOMER_B002_000000823,C0050423,Lauren,Scott,lauren.scott.50423@retailverse.example,+44 7460105274,1985-09-09,NONE,N,2026-09-02 03:29:02,2026-09-02 03:29:02
SRC_CUSTOMER_B002_000000824,C0050424,Sam,Taylor,sam.taylor.50424@retailverse.example,+44 7921005692,1963-05-14,GOLD,Y,2026-09-03 02:03:16,2026-09-03 02:03:16
SRC_CUSTOMER_B002_000000825,C0050425,Christine,Begum,christine.begum.50425@retailverse.example,+44 7987652404,1996-02-25,BRONZE,N,2026-09-01 10:16:17,2026-09-01 10:16:17
SRC_CUSTOMER_B002_000000826,C0050426,Sheila,Powell,sheila.powell.50426@retailverse.example,+44 7197245657,2007-09-27,BRONZE,N,2026-09-01 07:34:12,2026-09-01 07:34:12
SRC_CUSTOMER_B002_000000827,C0050427,Georgina,Marshall,georgina.marshall.50427@retailverse.example,+44 7903453897,1957-07-30,NONE,Y,2026-09-01 00:33:29,2026-09-01 00:33:29
SRC_CUSTOMER_B002_000000828,C0050428,Lauren,Hudson,lauren.hudson.50428@retailverse.example,+44 7853090065,2007-01-30,NONE,N,2026-09-02 09:45:04,2026-09-02 09:45:04
SRC_CUSTOMER_B002_000000829,C0050429,Lisa,James,lisa.james.50429@retailverse.example,+44 7290629519,1957-08-22,NONE,N,2026-09-01 09:54:27,2026-09-01 09:54:27
SRC_CUSTOMER_B002_000000830,C0050430,Dominic,Ali,dominic.ali.50430@retailverse.example,+44 7494882519,1957-07-15,SILVER,Y,2026-09-01 11:54:25,2026-09-01 11:54:25
SRC_CUSTOMER_B002_000000831,C0050431,Phillip,Morris,phillip.morris.50431@retailverse.example,+44 7353574846,1994-04-14,SILVER,Y,2026-09-02 22:20:51,2026-09-02 22:20:51
SRC_CUSTOMER_B002_000000832,C0050432,Kerry,Clarke,kerry.clarke.50432@retailverse.example,+44 7908133860,2003-05-13,BRONZE,N,2026-09-01 07:41:15,2026-09-01 07:41:15
SRC_CUSTOMER_B002_000000833,C0050433,Barbara,Bell,barbara.bell.50433@retailverse.example,+44 7646770176,1992-04-30,NONE,N,2026-09-01 06:38:17,2026-09-01 06:38:17
SRC_CUSTOMER_B002_000000834,C0050434,Janet,Kelly,janet.kelly.50434@retailverse.example,+44 7221409958,1996-10-02,NONE,Y,2026-09-03 14:24:26,2026-09-03 14:24:26
SRC_CUSTOMER_B002_000000835,C0050435,Glen,Reed,glen.reed.50435@retailverse.example,+44 7967379703,1992-03-28,NONE,Y,2026-09-01 02:01:52,2026-09-01 02:01:52
SRC_CUSTOMER_B002_000000836,C0050436,Kirsty,Austin,kirsty.austin.50436@retailverse.example,+44 7441847944,2000-08-29,SILVER,Y,2026-09-02 01:13:10,2026-09-02 01:13:10
SRC_CUSTOMER_B002_000000837,C0050437,Kate,Dickinson,kate.dickinson.50437@retailverse.example,+44 7363709609,1972-09-12,SILVER,Y,2026-09-02 04:22:38,2026-09-02 04:22:38
SRC_CUSTOMER_B002_000000838,C0050438,Debra,Sharp,debra.sharp.50438@retailverse.example,+44 7010608237,1952-04-25,BRONZE,N,2026-09-02 23:18:15,2026-09-02 23:18:15
SRC_CUSTOMER_B002_000000839,C0050439,Raymond,Gordon,raymond.gordon.50439@retailverse.example,+44 7870339846,1996-01-26,GOLD,Y,2026-03-04 16:29:13,2026-09-02 09:46:02
SRC_CUSTOMER_B002_000000840,C0050440,Jay,Stephens,jay.stephens.50440@retailverse.example,+44 7796987249,1979-06-11,NONE,N,2026-09-03 10:18:58,2026-09-03 10:18:58
SRC_CUSTOMER_B002_000000841,C0050441,Sarah,Nicholls,sarah.nicholls.50441@retailverse.example,+44 7952767272,2000-12-20,BRONZE,N,2026-09-02 18:48:10,2026-09-02 18:48:10
SRC_CUSTOMER_B002_000000842,C0050442,Cheryl,Rees,cheryl.rees.50442@retailverse.example,+44 7496335223,1964-10-29,GOLD,Y,2026-09-02 23:20:58,2026-09-02 23:20:58
SRC_CUSTOMER_B002_000000843,C0050443,Steven,Griffiths,steven.griffiths.50443@retailverse.example,+44 7951410631,1994-01-25,NONE,N,2026-09-03 16:46:55,2026-09-03 16:46:55
SRC_CUSTOMER_B002_000000844,C0050444,Ricky,Rowley,ricky.rowley.50444@retailverse.example,+44 7589450694,1982-04-17,BRONZE,N,2026-09-03 20:05:02,2026-09-03 20:05:02
SRC_CUSTOMER_B002_000000845,C0050445,Graham,Stevens,graham.stevens.50445@retailverse.example,+44 7651984441,1980-04-10,BRONZE,N,2026-09-02 08:43:27,2026-09-02 08:43:27
SRC_CUSTOMER_B002_000000846,C0050446,Joseph,Wilkinson,joseph.wilkinson.50446@retailverse.example,+44 7047356661,2007-03-11,NONE,N,2026-09-02 07:09:11,2026-09-02 07:09:11
SRC_CUSTOMER_B002_000000847,C0050447,Declan,Taylor,declan.taylor.50447@retailverse.example,+44 7160400762,1995-08-24,GOLD,N,2026-09-03 15:42:51,2026-09-03 15:42:51
SRC_CUSTOMER_B002_000000848,C0050448,Stuart,Allen,stuart.allen.50448@retailverse.example,+44 7456004250,1966-02-11,BRONZE,N,2026-09-01 07:24:12,2026-09-01 07:24:12
SRC_CUSTOMER_B002_000000849,C0050449,Victoria,Whitehead,victoria.whitehead.50449@retailverse.example,+44 7990128136,1991-09-25,NONE,Y,2026-09-03 04:56:40,2026-09-03 04:56:40
SRC_CUSTOMER_B002_000000850,C0050450,Bryan,Walker,bryan.walker.50450@retailverse.example,+44 7712016040,2005-04-05,BRONZE,Y,2026-09-03 02:48:52,2026-09-03 02:48:52
SRC_CUSTOMER_B002_000000851,C0050451,Diana,Smith,diana.smith.50451@retailverse.example,+44 7870638662,2003-04-14,SILVER,N,2026-09-03 05:12:57,2026-09-03 05:12:57
SRC_CUSTOMER_B002_000000852,C0050452,Joshua,Myers,joshua.myers.50452@retailverse.example,+44 7419714030,1958-04-07,BRONZE,N,2026-09-01 15:20:53,2026-09-01 15:20:53
SRC_CUSTOMER_B002_000000853,C0050453,Charlotte,Davies,charlotte.davies.50453@retailverse.example,+44 7017412293,1999-06-16,NONE,Y,2026-09-01 00:46:55,2026-09-01 00:46:55
SRC_CUSTOMER_B002_000000854,C0050454,Kathleen,Tyler,kathleen.tyler.50454@retailverse.example,+44 7544105603,1956-12-30,BRONZE,Y,2026-09-02 18:54:34,2026-09-02 18:54:34
SRC_CUSTOMER_B002_000000855,C0050455,Sylvia,Evans,sylvia.evans.50455@retailverse.example,+44 7862471357,1957-06-18,BRONZE,Y,2026-09-02 19:09:29,2026-09-02 19:09:29
SRC_CUSTOMER_B002_000000856,C0050456,Pamela,Thomas,pamela.thomas.50456@retailverse.example,+44 7893256603,1968-05-20,NONE,Y,2026-09-01 23:29:37,2026-09-01 23:29:37
SRC_CUSTOMER_B002_000000857,C0050457,Alexander,Clarke,alexander.clarke.50457@retailverse.example,+44 7816689940,1955-01-25,GOLD,N,2026-09-01 00:55:12,2026-09-01 00:55:12
SRC_CUSTOMER_B002_000000858,C0050458,Ryan,Evans,ryan.evans.50458@retailverse.example,+44 7225845484,1956-01-18,NONE,Y,2026-09-02 12:44:28,2026-09-02 12:44:28
SRC_CUSTOMER_B002_000000859,C0050459,Stephanie,Williams,stephanie.williams.50459@retailverse.example,+44 7050204464,2000-07-20,NONE,Y,2026-09-03 03:12:55,2026-09-03 03:12:55
SRC_CUSTOMER_B002_000000860,C0050460,Eric,O'Brien,eric.o'brien.50460@retailverse.example,+44 7438624153,1983-08-10,BRONZE,Y,2025-10-22 08:43:39,2026-09-03 02:45:09
SRC_CUSTOMER_B002_000000861,C0050461,Guy,Hughes,guy.hughes.50461@retailverse.example,+44 7296005902,1951-10-08,SILVER,Y,2026-09-01 03:22:37,2026-09-01 03:22:37
SRC_CUSTOMER_B002_000000862,C0050462,Roy,Armstrong,roy.armstrong.50462@retailverse.example,+44 7704002627,1968-05-09,SILVER,Y,2026-09-03 18:42:58,2026-09-03 18:42:58
SRC_CUSTOMER_B002_000000863,C0050463,Debra,Skinner,debra.skinner.50463@retailverse.example,+44 7331070159,1950-10-06,NONE,N,2026-09-02 17:51:20,2026-09-02 17:51:20
SRC_CUSTOMER_B002_000000864,C0050464,George,Adams,george.adams.50464@retailverse.example,+44 7091500246,1953-10-03,BRONZE,N,2026-09-03 13:50:31,2026-09-03 13:50:31
SRC_CUSTOMER_B002_000000865,C0050465,Garry,Lee,garry.lee.50465@retailverse.example,+44 7281958941,1964-12-31,BRONZE,N,2026-09-02 16:28:33,2026-09-02 16:28:33
SRC_CUSTOMER_B002_000000866,C0050466,Shannon,Holmes,shannon.holmes.50466@retailverse.example,+44 7465313421,1987-06-11,NONE,N,2026-09-02 17:21:49,2026-09-02 17:21:49
SRC_CUSTOMER_B002_000000867,C0050467,Andrew,Gray,andrew.gray.50467@retailverse.example,+44 7495760491,1954-05-21,NONE,N,2025-10-08 04:42:48,2026-09-03 22:16:06
SRC_CUSTOMER_B002_000000868,C0050468,Terence,O'Sullivan,terence.o'sullivan.50468@retailverse.example,+44 7013515718,1954-12-01,BRONZE,Y,2026-09-02 04:07:48,2026-09-02 04:07:48
SRC_CUSTOMER_B002_000000869,C0050469,Ian,Newman,ian.newman.50469@retailverse.example,+44 7438061097,1968-09-04,NONE,Y,2026-09-03 03:18:04,2026-09-03 03:18:04
SRC_CUSTOMER_B002_000000870,C0050470,Amber,Williams,amber.williams.50470@retailverse.example,+44 7153260081,1950-04-28,BRONZE,N,2026-09-02 08:31:05,2026-09-02 08:31:05
SRC_CUSTOMER_B002_000000871,C0050471,Gavin,Clements,gavin.clements.50471@retailverse.example,+44 7306685348,1963-02-28,BRONZE,N,2026-09-02 18:24:33,2026-09-02 18:24:33
SRC_CUSTOMER_B002_000000872,C0050472,Jodie,Buckley,jodie.buckley.50472@retailverse.example,+44 7743524980,1995-07-26,NONE,Y,2026-09-03 19:41:18,2026-09-03 19:41:18
SRC_CUSTOMER_B002_000000873,C0050473,Alan,Briggs,alan.briggs.50473@retailverse.example,+44 7818273037,1975-03-04,BRONZE,N,2026-09-03 05:33:03,2026-09-03 05:33:03
SRC_CUSTOMER_B002_000000874,C0050474,Andrea,Hunt,andrea.hunt.50474@retailverse.example,+44 7515588853,1985-01-08,BRONZE,Y,2026-09-03 23:39:34,2026-09-03 23:39:34
SRC_CUSTOMER_B002_000000875,C0050475,Russell,Schofield,russell.schofield.50475@retailverse.example,+44 7479250678,1976-12-07,GOLD,Y,2026-09-03 01:33:32,2026-09-03 01:33:32
SRC_CUSTOMER_B002_000000876,C0050476,Bruce,Chapman,bruce.chapman.50476@retailverse.example,+44 7862152378,2004-07-19,NONE,N,2026-07-28 19:35:25,2026-09-03 10:05:45
SRC_CUSTOMER_B002_000000877,C0050477,Francesca,Bird,francesca.bird.50477@retailverse.example,+44 7624729829,1951-02-08,NONE,N,2026-09-01 23:29:29,2026-09-01 23:29:29
SRC_CUSTOMER_B002_000000878,C0050478,Clive,Brown,clive.brown.50478@retailverse.example,+44 7114960151,1957-08-25,BRONZE,Y,2026-09-01 22:08:21,2026-09-01 22:08:21
SRC_CUSTOMER_B002_000000879,C0050479,Janice,Wright,janice.wright.50479@retailverse.example,+44 7336324804,1976-12-25,SILVER,Y,2026-09-02 02:08:30,2026-09-02 02:08:30
SRC_CUSTOMER_B002_000000880,C0050480,Leslie,Barnes,leslie.barnes.50480@retailverse.example,+44 7382349354,1988-08-30,BRONZE,Y,2026-09-01 09:22:18,2026-09-01 09:22:18
SRC_CUSTOMER_B002_000000881,C0050481,Bernard,Hall,bernard.hall.50481@retailverse.example,+44 7179452264,1983-03-14,BRONZE,Y,2026-09-02 04:42:32,2026-09-02 04:42:32
SRC_CUSTOMER_B002_000000882,C0050482,Kathryn,Rogers,kathryn.rogers.50482@retailverse.example,+44 7492367863,1966-08-13,BRONZE,N,2026-09-02 11:23:39,2026-09-02 11:23:39
SRC_CUSTOMER_B002_000000883,C0050483,Christian,Hodgson,christian.hodgson.50483@retailverse.example,+44 7281596127,1990-05-01,NONE,Y,2026-09-01 03:12:51,2026-09-01 03:12:51
SRC_CUSTOMER_B002_000000884,C0050484,Kerry,Jackson,kerry.jackson.50484@retailverse.example,+44 7090557334,1957-01-12,BRONZE,Y,2025-11-28 00:06:38,2026-09-01 23:32:01
SRC_CUSTOMER_B002_000000885,C0050485,Helen,Dickinson,helen.dickinson.50485@retailverse.example,+44 7960599869,1995-11-19,NONE,Y,2026-09-01 17:37:32,2026-09-01 17:37:32
SRC_CUSTOMER_B002_000000886,C0050486,Louise,Evans,louise.evans.50486@retailverse.example,+44 7619904812,1979-05-11,BRONZE,Y,2026-09-03 02:15:01,2026-09-03 02:15:01
SRC_CUSTOMER_B002_000000887,C0050487,Sharon,Nicholls,sharon.nicholls.50487@retailverse.example,+44 7513878992,1954-12-03,GOLD,N,2026-09-03 13:28:22,2026-09-03 13:28:22
SRC_CUSTOMER_B002_000000888,C0050488,Jennifer,Wright,jennifer.wright.50488@retailverse.example,+44 7366541121,1983-04-30,BRONZE,Y,2026-09-02 09:50:39,2026-09-02 09:50:39
SRC_CUSTOMER_B002_000000889,C0050489,Jonathan,Leach,jonathan.leach.50489@retailverse.example,+44 7398240874,1961-03-20,NONE,Y,2026-09-02 23:57:33,2026-09-02 23:57:33
SRC_CUSTOMER_B002_000000890,C0050490,Suzanne,Gordon,suzanne.gordon.50490@retailverse.example,+44 7507623690,1945-10-05,GOLD,N,2026-09-02 18:11:44,2026-09-02 18:11:44
SRC_CUSTOMER_B002_000000891,C0050491,Ashley,Akhtar,ashley.akhtar.50491@retailverse.example,+44 7664873348,1973-07-01,BRONZE,Y,2026-09-03 18:40:31,2026-09-03 18:40:31
SRC_CUSTOMER_B002_000000892,C0050492,Mohammad,Jarvis,mohammad.jarvis.50492@retailverse.example,+44 7012704183,1962-10-30,SILVER,Y,2026-09-01 15:33:52,2026-09-01 15:33:52
SRC_CUSTOMER_B002_000000893,C0050493,Caroline,Brooks,caroline.brooks.50493@retailverse.example,+44 7329092124,1962-09-12,BRONZE,N,2026-09-03 16:53:50,2026-09-03 16:53:50
SRC_CUSTOMER_B002_000000894,C0050494,Kate,Powell,kate.powell.50494@retailverse.example,+44 7813047315,1953-12-26,NONE,Y,2026-09-03 20:15:53,2026-09-03 20:15:53
SRC_CUSTOMER_B002_000000895,C0050495,Stacey,Johnson,stacey.johnson.50495@retailverse.example,+44 7078078356,1981-03-17,NONE,Y,2026-09-03 21:55:31,2026-09-03 21:55:31
SRC_CUSTOMER_B002_000000896,C0050496,Lauren,Wright,lauren.wright.50496@retailverse.example,+44 7780253835,1967-07-31,NONE,Y,2026-09-01 23:22:32,2026-09-01 23:22:32
SRC_CUSTOMER_B002_000000897,C0050497,Paula,Cartwright,paula.cartwright.50497@retailverse.example,+44 7070547937,1992-01-10,SILVER,Y,2026-09-03 06:44:38,2026-09-03 06:44:38
SRC_CUSTOMER_B002_000000898,C0050498,Shirley,Banks,shirley.banks.50498@retailverse.example,+44 7725137418,1994-12-01,BRONZE,N,2026-09-01 09:44:24,2026-09-01 09:44:24
SRC_CUSTOMER_B002_000000899,C0050499,Conor,Hobbs,conor.hobbs.50499@retailverse.example,+44 7778298185,1970-08-31,NONE,Y,2026-09-03 14:48:41,2026-09-03 14:48:41
SRC_CUSTOMER_B002_000000900,C0050500,Jeremy,O'Brien,jeremy.o'brien.50500@retailverse.example,+44 7815972614,1959-08-13,GOLD,N,2026-09-02 08:08:39,2026-09-02 08:08:39
SRC_CUSTOMER_B002_000000901,C0050501,Tina,Phillips,tina.phillips.50501@retailverse.example,+44 7067855378,2002-02-20,BRONZE,Y,2025-12-21 11:51:05,2026-09-03 15:24:04
SRC_CUSTOMER_B002_000000902,C0050502,Conor,Hudson,conor.hudson.50502@retailverse.example,+44 7430463433,1952-10-25,NONE,Y,2026-09-02 21:42:54,2026-09-02 21:42:54
SRC_CUSTOMER_B002_000000903,C0050503,Anna,Woods,anna.woods.50503@retailverse.example,+44 7406815413,1953-11-18,NONE,Y,2026-09-01 01:52:09,2026-09-01 01:52:09
SRC_CUSTOMER_B002_000000904,C0050504,Zoe,Adams,zoe.adams.50504@retailverse.example,+44 7800066046,1976-10-24,GOLD,Y,2026-09-02 15:24:45,2026-09-02 15:24:45
SRC_CUSTOMER_B002_000000905,C0050505,Charlotte,Taylor,charlotte.taylor.50505@retailverse.example,+44 7635580319,2004-11-25,NONE,Y,2026-09-01 13:04:18,2026-09-01 13:04:18
SRC_CUSTOMER_B002_000000906,C0050506,Sian,Howard,sian.howard.50506@retailverse.example,+44 7603622094,1984-09-17,BRONZE,Y,2026-09-01 14:28:57,2026-09-01 14:28:57
SRC_CUSTOMER_B002_000000907,C0050507,Brian,Hughes,brian.hughes.50507@retailverse.example,+44 7079218172,1975-01-28,NONE,N,2026-09-01 15:12:51,2026-09-01 15:12:51
SRC_CUSTOMER_B002_000000908,C0050508,Clive,Thomson,clive.thomson.50508@retailverse.example,+44 7139989827,1955-09-15,NONE,N,2026-09-01 07:00:50,2026-09-01 07:00:50
SRC_CUSTOMER_B002_000000909,C0050509,Judith,Pickering,judith.pickering.50509@retailverse.example,+44 7737897029,1983-07-18,SILVER,N,2026-09-03 23:22:52,2026-09-03 23:22:52
SRC_CUSTOMER_B002_000000910,C0050510,Dale,Warren,dale.warren.50510@retailverse.example,+44 7497663156,2002-03-03,NONE,N,2026-09-02 15:18:17,2026-09-02 15:18:17
SRC_CUSTOMER_B002_000000911,C0050511,Wendy,Fraser,wendy.fraser.50511@retailverse.example,+44 7377659834,1968-02-12,NONE,N,2026-09-01 05:31:41,2026-09-01 05:31:41
SRC_CUSTOMER_B002_000000912,C0050512,Frances,Stevens,frances.stevens.50512@retailverse.example,+44 7292521628,1958-05-11,NONE,Y,2025-11-10 21:38:23,2026-09-02 22:32:00
SRC_CUSTOMER_B002_000000913,C0050513,Elizabeth,Spencer,elizabeth.spencer.50513@retailverse.example,+44 7960676868,1968-06-26,NONE,Y,2026-09-03 15:39:18,2026-09-03 15:39:18
SRC_CUSTOMER_B002_000000914,C0050514,Mathew,Evans,mathew.evans.50514@retailverse.example,+44 7057751152,1996-08-20,BRONZE,Y,2026-09-01 08:35:31,2026-09-01 08:35:31
SRC_CUSTOMER_B002_000000915,C0050515,Glenn,Chandler,glenn.chandler.50515@retailverse.example,+44 7564791375,1956-02-02,BRONZE,Y,2026-09-03 19:41:12,2026-09-03 19:41:12
SRC_CUSTOMER_B002_000000916,C0050516,Julia,Dawson,julia.dawson.50516@retailverse.example,+44 7354503840,2004-06-18,BRONZE,Y,2026-09-03 12:05:33,2026-09-03 12:05:33
SRC_CUSTOMER_B002_000000917,C0050517,Harry,Parker,harry.parker.50517@retailverse.example,+44 7732331917,1969-11-08,BRONZE,N,2024-11-07 19:07:19,2026-09-03 09:38:56
SRC_CUSTOMER_B002_000000918,C0050518,Cheryl,Atkinson,cheryl.atkinson.50518@retailverse.example,+44 7945814089,1972-05-07,GOLD,Y,2026-09-03 12:49:30,2026-09-03 12:49:30
SRC_CUSTOMER_B002_000000919,C0050519,Donna,Webb,donna.webb.50519@retailverse.example,+44 7997368900,2003-07-13,SILVER,Y,2026-09-03 15:38:09,2026-09-03 15:38:09
SRC_CUSTOMER_B002_000000920,C0050520,Chloe,Lewis,chloe.lewis.50520@retailverse.example,+44 7503084571,1976-05-06,NONE,Y,2026-09-03 20:14:02,2026-09-03 20:14:02
SRC_CUSTOMER_B002_000000921,C0050521,Helen,Clark,helen.clark.50521@retailverse.example,+44 7701214358,2006-09-14,BRONZE,N,2026-09-02 18:38:56,2026-09-02 18:38:56
SRC_CUSTOMER_B002_000000922,C0050522,Joel,Bennett,joel.bennett.50522@retailverse.example,+44 7849271535,1971-05-11,NONE,Y,2026-09-02 19:22:46,2026-09-02 19:22:46
SRC_CUSTOMER_B002_000000923,C0050523,Katy,Lee,katy.lee.50523@retailverse.example,+44 7157622212,1947-07-05,BRONZE,N,2026-09-02 23:25:43,2026-09-02 23:25:43
SRC_CUSTOMER_B002_000000924,C0050524,Liam,Stewart,liam.stewart.50524@retailverse.example,+44 7390262942,1990-11-12,BRONZE,N,2026-09-02 11:36:43,2026-09-02 11:36:43
SRC_CUSTOMER_B002_000000925,C0050525,Joanna,Hurst,joanna.hurst.50525@retailverse.example,+44 7260192588,1973-05-04,BRONZE,Y,2026-09-03 16:04:57,2026-09-03 16:04:57
SRC_CUSTOMER_B002_000000926,C0050526,Frances,Bradley,frances.bradley.50526@retailverse.example,+44 7969366444,1979-07-11,SILVER,Y,2026-09-02 09:17:32,2026-09-02 09:17:32
SRC_CUSTOMER_B002_000000927,C0050527,Gerard,Miller,gerard.miller.50527@retailverse.example,+44 7915018347,2001-06-06,SILVER,Y,2026-09-03 03:38:02,2026-09-03 03:38:02
SRC_CUSTOMER_B002_000000928,C0050528,Robert,Turner,robert.turner.50528@retailverse.example,+44 7135359240,1983-08-27,BRONZE,Y,2026-09-01 16:42:35,2026-09-01 16:42:35
SRC_CUSTOMER_B002_000000929,C0050529,Elizabeth,Shaw,elizabeth.shaw.50529@retailverse.example,+44 7530777573,1956-09-17,NONE,Y,2026-09-03 02:17:24,2026-09-03 02:17:24
SRC_CUSTOMER_B002_000000930,C0050530,Lisa,Morris,lisa.morris.50530@retailverse.example,+44 7718925538,1981-03-14,NONE,N,2026-09-02 16:49:26,2026-09-02 16:49:26
SRC_CUSTOMER_B002_000000931,C0050531,Mathew,Lucas,mathew.lucas.50531@retailverse.example,+44 7495537198,1954-05-15,SILVER,N,2026-09-02 03:27:34,2026-09-02 03:27:34
SRC_CUSTOMER_B002_000000932,C0050532,Ruth,Hussain,ruth.hussain.50532@retailverse.example,+44 7377594433,1964-02-20,BRONZE,N,2026-09-02 18:36:00,2026-09-02 18:36:00
SRC_CUSTOMER_B002_000000933,C0050533,Hollie,Robinson,hollie.robinson.50533@retailverse.example,+44 7823034933,1993-08-17,NONE,N,2026-09-03 13:22:52,2026-09-03 13:22:52
SRC_CUSTOMER_B002_000000934,C0050534,Yvonne,Byrne,yvonne.byrne.50534@retailverse.example,+44 7330056572,1998-02-17,NONE,Y,2026-09-02 00:41:48,2026-09-02 00:41:48
SRC_CUSTOMER_B002_000000935,C0050535,Molly,Collins,molly.collins.50535@retailverse.example,+44 7570972492,1999-10-14,NONE,N,2026-09-03 08:18:56,2026-09-03 08:18:56
SRC_CUSTOMER_B002_000000936,C0050536,Charlene,Mills,charlene.mills.50536@retailverse.example,+44 7084669617,2000-11-28,NONE,Y,2026-09-01 13:58:46,2026-09-01 13:58:46
SRC_CUSTOMER_B002_000000937,C0050537,Beverley,Wright,beverley.wright.50537@retailverse.example,+44 7548314466,2003-03-07,SILVER,Y,2026-09-02 13:56:09,2026-09-02 13:56:09
SRC_CUSTOMER_B002_000000938,C0050538,George,Tomlinson,george.tomlinson.50538@retailverse.example,+44 7127632728,1977-12-20,NONE,N,2026-09-03 20:33:33,2026-09-03 20:33:33
SRC_CUSTOMER_B002_000000939,C0050539,Ronald,Carroll,ronald.carroll.50539@retailverse.example,+44 7497438748,2000-08-27,BRONZE,N,2024-05-11 20:32:46,2026-09-02 02:01:22
SRC_CUSTOMER_B002_000000940,C0050540,Catherine,Hancock,catherine.hancock.50540@retailverse.example,+44 7320598118,1984-03-18,NONE,Y,2026-09-02 14:34:06,2026-09-02 14:34:06
SRC_CUSTOMER_B002_000000941,C0050541,Alexandra,Doyle,alexandra.doyle.50541@retailverse.example,+44 7363194308,1949-03-12,NONE,N,2026-09-03 15:02:40,2026-09-03 15:02:40
SRC_CUSTOMER_B002_000000942,C0050542,Ben,Armstrong,ben.armstrong.50542@retailverse.example,+44 7606409312,1946-06-17,BRONZE,Y,2026-09-03 08:20:42,2026-09-03 08:20:42
SRC_CUSTOMER_B002_000000943,C0050543,Pauline,Watts,pauline.watts.50543@retailverse.example,+44 7911708936,2002-12-05,SILVER,Y,2026-09-02 14:01:56,2026-09-02 14:01:56
SRC_CUSTOMER_B002_000000944,C0050544,Christine,Stephenson,christine.stephenson.50544@retailverse.example,+44 7547178569,2004-05-14,BRONZE,N,2026-09-02 02:51:01,2026-09-02 02:51:01
SRC_CUSTOMER_B002_000000945,C0050545,Simon,Sinclair,simon.sinclair.50545@retailverse.example,+44 7541738805,1948-12-08,NONE,Y,2026-09-01 03:06:36,2026-09-01 03:06:36
SRC_CUSTOMER_B002_000000946,C0050546,Shannon,Phillips,shannon.phillips.50546@retailverse.example,+44 7405495909,1966-06-05,NONE,N,2026-09-03 09:26:13,2026-09-03 09:26:13
SRC_CUSTOMER_B002_000000947,C0050547,Jennifer,Barnes,jennifer.barnes.50547@retailverse.example,+44 7606251128,1974-09-02,BRONZE,Y,2026-09-01 02:48:09,2026-09-01 02:48:09
SRC_CUSTOMER_B002_000000948,C0050548,Molly,Hill,molly.hill.50548@retailverse.example,+44 7303307848,1965-08-30,GOLD,N,2025-11-25 19:33:12,2026-09-03 22:36:25
SRC_CUSTOMER_B002_000000949,C0050549,Carolyn,Chapman,carolyn.chapman.50549@retailverse.example,+44 7438407777,1972-03-03,BRONZE,N,2026-09-01 19:05:42,2026-09-01 19:05:42
SRC_CUSTOMER_B002_000000950,C0050550,Peter,Wall,peter.wall.50550@retailverse.example,+44 7035945995,1961-11-29,BRONZE,Y,2026-09-02 03:19:43,2026-09-02 03:19:43
SRC_CUSTOMER_B002_000000951,C0050551,Marion,Jones,marion.jones.50551@retailverse.example,+44 7664498316,1988-06-11,SILVER,Y,2026-09-02 03:08:07,2026-09-02 03:08:07
SRC_CUSTOMER_B002_000000952,C0050552,Liam,Cartwright,liam.cartwright.50552@retailverse.example,+44 7842494801,1997-02-26,BRONZE,N,2026-09-02 17:01:11,2026-09-02 17:01:11
SRC_CUSTOMER_B002_000000953,C0050553,Kevin,Harrison,kevin.harrison.50553@retailverse.example,+44 7040234797,1984-05-27,SILVER,Y,2026-09-03 02:50:18,2026-09-03 02:50:18
SRC_CUSTOMER_B002_000000954,C0050554,Kimberley,Allen,kimberley.allen.50554@retailverse.example,+44 7523432190,1973-07-19,NONE,Y,2026-09-03 23:06:05,2026-09-03 23:06:05
SRC_CUSTOMER_B002_000000955,C0050555,Garry,Hill,garry.hill.50555@retailverse.example,+44 7307954767,1983-07-26,NONE,Y,2026-09-02 00:18:20,2026-09-02 00:18:20
SRC_CUSTOMER_B002_000000956,C0050556,Allan,Fisher,allan.fisher.50556@retailverse.example,+44 7301490606,1998-07-08,SILVER,N,2026-09-01 20:57:35,2026-09-01 20:57:35
SRC_CUSTOMER_B002_000000957,C0050557,Joe,Adams,joe.adams.50557@retailverse.example,+44 7899917359,1989-02-18,BRONZE,Y,2026-09-01 22:47:53,2026-09-01 22:47:53
SRC_CUSTOMER_B002_000000958,C0050558,Angela,Webster,angela.webster.50558@retailverse.example,+44 7127243819,1964-12-03,NONE,Y,2026-09-02 12:24:11,2026-09-02 12:24:11
SRC_CUSTOMER_B002_000000959,C0050559,Joan,Francis,joan.francis.50559@retailverse.example,+44 7834394431,1956-04-13,NONE,Y,2026-09-01 01:23:35,2026-09-01 01:23:35
SRC_CUSTOMER_B002_000000960,C0050560,Russell,Cunningham,russell.cunningham.50560@retailverse.example,+44 7305887553,1997-03-31,SILVER,Y,2026-09-02 04:34:58,2026-09-02 04:34:58
SRC_CUSTOMER_B002_000000961,C0050561,Philip,May,philip.may.50561@retailverse.example,+44 7985144488,1947-02-20,NONE,Y,2026-09-03 00:14:21,2026-09-03 00:14:21
SRC_CUSTOMER_B002_000000962,C0050562,Danielle,Wright,danielle.wright.50562@retailverse.example,+44 7785673300,1991-11-08,NONE,N,2026-09-02 23:41:04,2026-09-02 23:41:04
SRC_CUSTOMER_B002_000000963,C0050563,Janet,Payne,janet.payne.50563@retailverse.example,+44 7603351954,2006-05-12,NONE,N,2026-09-02 05:56:34,2026-09-02 05:56:34
SRC_CUSTOMER_B002_000000964,C0050564,Bruce,Freeman,bruce.freeman.50564@retailverse.example,+44 7781632411,1963-05-31,SILVER,N,2026-09-01 08:51:16,2026-09-01 08:51:16
SRC_CUSTOMER_B002_000000965,C0050565,Christopher,Baker,christopher.baker.50565@retailverse.example,+44 7728491805,1991-01-31,NONE,Y,2026-09-03 09:44:01,2026-09-03 09:44:01
SRC_CUSTOMER_B002_000000966,C0050566,Jordan,Williams,jordan.williams.50566@retailverse.example,+44 7009965236,1981-07-22,BRONZE,Y,2026-09-03 04:36:04,2026-09-03 04:36:04
SRC_CUSTOMER_B002_000000967,C0050567,Arthur,Steele,arthur.steele.50567@retailverse.example,+44 7215138383,1971-07-10,GOLD,Y,2026-09-01 04:51:57,2026-09-01 04:51:57
SRC_CUSTOMER_B002_000000968,C0050568,Stewart,Stone,stewart.stone.50568@retailverse.example,+44 7138292719,1964-12-14,SILVER,Y,2026-09-01 02:10:29,2026-09-01 02:10:29
SRC_CUSTOMER_B002_000000969,C0050569,Ashleigh,Bull,ashleigh.bull.50569@retailverse.example,+44 7787537984,1991-12-28,BRONZE,N,2026-09-01 08:30:38,2026-09-01 08:30:38
SRC_CUSTOMER_B002_000000970,C0050570,Patricia,Cook,patricia.cook.50570@retailverse.example,+44 7918919267,1992-06-27,SILVER,Y,2026-09-03 17:10:18,2026-09-03 17:10:18
SRC_CUSTOMER_B002_000000971,C0050571,Rosemary,Davis,rosemary.davis.50571@retailverse.example,+44 7630167407,1962-06-10,NONE,Y,2026-09-02 19:54:20,2026-09-02 19:54:20
SRC_CUSTOMER_B002_000000972,C0050572,Marilyn,Curtis,marilyn.curtis.50572@retailverse.example,+44 7344465316,1966-01-28,NONE,Y,2026-09-02 14:07:12,2026-09-02 14:07:12
SRC_CUSTOMER_B002_000000973,C0050573,Robin,Daly,robin.daly.50573@retailverse.example,+44 7383741691,1950-03-25,NONE,N,2026-09-02 20:03:19,2026-09-02 20:03:19
SRC_CUSTOMER_B002_000000974,C0050574,Ian,McCarthy,ian.mccarthy.50574@retailverse.example,+44 7313853650,1969-06-08,SILVER,Y,2026-09-03 00:36:47,2026-09-03 00:36:47
SRC_CUSTOMER_B002_000000975,C0050575,Jade,Thomas,jade.thomas.50575@retailverse.example,+44 7961585952,1997-01-20,BRONZE,Y,2026-09-01 15:26:59,2026-09-01 15:26:59
SRC_CUSTOMER_B002_000000976,C0050576,Gareth,Walker,gareth.walker.50576@retailverse.example,+44 7935917787,1991-09-22,SILVER,Y,2026-09-01 17:47:16,2026-09-01 17:47:16
SRC_CUSTOMER_B002_000000977,C0050577,Claire,Nicholson,claire.nicholson.50577@retailverse.example,+44 7042018618,1990-03-03,NONE,N,2026-09-02 13:44:03,2026-09-02 13:44:03
SRC_CUSTOMER_B002_000000978,C0050578,Kate,Perkins,kate.perkins.50578@retailverse.example,+44 7580999232,1948-08-02,BRONZE,N,2026-09-03 09:09:46,2026-09-03 09:09:46
SRC_CUSTOMER_B002_000000979,C0050579,Lewis,Walton,lewis.walton.50579@retailverse.example,+44 7214898796,1952-10-26,GOLD,Y,2026-01-25 14:47:30,2026-09-02 19:55:48
SRC_CUSTOMER_B002_000000980,C0050580,Natalie,Long,natalie.long.50580@retailverse.example,+44 7035550552,1976-10-19,SILVER,N,2026-09-01 16:38:16,2026-09-01 16:38:16
SRC_CUSTOMER_B002_000000981,C0050581,Wayne,Cunningham,wayne.cunningham.50581@retailverse.example,+44 7674921679,1981-02-15,NONE,Y,2026-09-01 09:02:00,2026-09-01 09:02:00
SRC_CUSTOMER_B002_000000982,C0050582,Julie,Scott,julie.scott.50582@retailverse.example,+44 7252015936,1953-11-19,SILVER,Y,2026-09-01 02:37:29,2026-09-01 02:37:29
SRC_CUSTOMER_B002_000000983,C0050583,Carly,Jones,carly.jones.50583@retailverse.example,+44 7737736100,1976-11-19,BRONZE,N,2026-09-03 11:50:29,2026-09-03 11:50:29
SRC_CUSTOMER_B002_000000984,C0050584,Gail,Robinson,gail.robinson.50584@retailverse.example,+44 7193890368,1972-12-03,NONE,Y,2026-09-01 17:36:44,2026-09-01 17:36:44
SRC_CUSTOMER_B002_000000985,C0050585,Rachel,Cartwright,rachel.cartwright.50585@retailverse.example,+44 7265147960,1971-02-16,NONE,Y,2026-09-02 23:26:20,2026-09-02 23:26:20
SRC_CUSTOMER_B002_000000986,C0050586,Alan,Murray,alan.murray.50586@retailverse.example,+44 7697673415,1952-10-07,SILVER,Y,2025-08-26 16:08:33,2026-09-02 11:34:27
SRC_CUSTOMER_B002_000000987,C0050587,Amber,Smith,amber.smith.50587@retailverse.example,+44 7431562985,1976-12-25,NONE,Y,2026-09-03 12:29:42,2026-09-03 12:29:42
SRC_CUSTOMER_B002_000000988,C0050588,Joseph,Hughes,joseph.hughes.50588@retailverse.example,+44 7400184715,1957-09-18,SILVER,N,2026-09-01 02:55:59,2026-09-01 02:55:59
SRC_CUSTOMER_B002_000000989,C0050589,Derek,Wilson,derek.wilson.50589@retailverse.example,+44 7027980823,1970-04-06,NONE,N,2026-09-02 22:37:20,2026-09-02 22:37:20
SRC_CUSTOMER_B002_000000990,C0050590,Connor,Carter,connor.carter.50590@retailverse.example,+44 7762306116,1995-04-01,BRONZE,Y,2025-01-29 21:31:57,2026-09-02 22:39:19
SRC_CUSTOMER_B002_000000991,C0050591,Maurice,Benson,maurice.benson.50591@retailverse.example,+44 7090039015,1981-07-03,SILVER,Y,2026-09-02 01:22:18,2026-09-02 01:22:18
SRC_CUSTOMER_B002_000000992,C0050592,Conor,Clarke,conor.clarke.50592@retailverse.example,+44 7198847961,1989-02-23,NONE,N,2026-09-01 03:20:56,2026-09-01 03:20:56
SRC_CUSTOMER_B002_000000993,C0050593,Lisa,Pearce,lisa.pearce.50593@retailverse.example,+44 7409630795,1972-10-11,BRONZE,N,2026-09-02 16:51:35,2026-09-02 16:51:35
SRC_CUSTOMER_B002_000000994,C0050594,Stacey,Williamson,stacey.williamson.50594@retailverse.example,+44 7849037844,1985-10-20,NONE,N,2026-09-03 07:03:29,2026-09-03 07:03:29
SRC_CUSTOMER_B002_000000995,C0050595,Kerry,Dixon,kerry.dixon.50595@retailverse.example,+44 7461348931,1991-08-04,SILVER,N,2026-09-03 14:41:23,2026-09-03 14:41:23
SRC_CUSTOMER_B002_000000996,C0050596,Robin,Cooper,robin.cooper.50596@retailverse.example,+44 7556280532,1962-03-19,NONE,Y,2026-09-01 09:15:41,2026-09-01 09:15:41
SRC_CUSTOMER_B002_000000997,C0050597,Gillian,Gray,NOT-AN-EMAIL,+44 7913465877,1971-08-13,BRONZE,N,2026-09-03 22:49:21,2026-09-03 22:49:21
SRC_CUSTOMER_B002_000000998,C0050598,Martin,Anderson,martin.anderson.50598@retailverse.example,+44 7817477574,1992-02-29,NONE,Y,2026-06-20 14:12:22,2026-09-02 07:34:44
SRC_CUSTOMER_B002_000000999,C0050599,Andrea,Sims,andrea.sims.50599@retailverse.example,+44 7608501225,1978-06-26,SILVER,Y,2026-09-03 10:46:02,2026-09-03 10:46:02
SRC_CUSTOMER_B002_000001000,C0050600,Bradley,Austin,bradley.austin.50600@retailverse.example,+44 7215061376,1967-11-14,NONE,Y,2025-02-27 15:08:14,2026-09-03 00:12:43
SRC_CUSTOMER_B002_000001001,C0050601,Julie,Jones,julie.jones.50601@retailverse.example,+44 7715244483,1957-03-06,NONE,Y,2026-09-02 19:25:11,2026-09-02 19:25:11
SRC_CUSTOMER_B002_000001002,C0050602,Elliott,Jenkins,elliott.jenkins.50602@retailverse.example,+44 7882076493,1961-10-04,BRONZE,Y,2026-09-02 19:06:58,2026-09-02 19:06:58
SRC_CUSTOMER_B002_000001003,C0050603,Harriet,Pearce,harriet.pearce.50603@retailverse.example,+44 7135420550,1967-12-27,BRONZE,N,2026-09-02 08:33:31,2026-09-02 08:33:31
SRC_CUSTOMER_B002_000001004,C0050604,Gordon,Little,gordon.little.50604@retailverse.example,+44 7791971263,1951-05-30,SILVER,Y,2026-09-03 16:11:46,2026-09-03 16:11:46
SRC_CUSTOMER_B002_000001005,C0050605,Charlene,Davies,charlene.davies.50605@retailverse.example,+44 7244272221,1989-04-26,BRONZE,Y,2026-09-03 19:21:20,2026-09-03 19:21:20
SRC_CUSTOMER_B002_000001006,C0050606,Daniel,Willis,daniel.willis.50606@retailverse.example,+44 7994397435,1984-06-25,BRONZE,N,2024-09-15 12:13:55,2026-09-01 14:19:45
SRC_CUSTOMER_B002_000001007,C0050607,James,Collins,james.collins.50607@retailverse.example,+44 7738111551,1958-11-08,BRONZE,Y,2026-09-03 09:12:25,2026-09-03 09:12:25
SRC_CUSTOMER_B002_000001008,C0050608,Keith,Hudson,keith.hudson.50608@retailverse.example,+44 7213426979,1971-11-27,SILVER,Y,2026-09-02 19:56:48,2026-09-02 19:56:48
SRC_CUSTOMER_B002_000001009,C0050609,Norman,Kaur,norman.kaur.50609@retailverse.example,+44 7301473506,1953-05-20,BRONZE,N,2026-09-01 17:41:14,2026-09-01 17:41:14
SRC_CUSTOMER_B002_000001010,C0050610,Martyn,Francis,martyn.francis.50610@retailverse.example,+44 7621877808,1984-06-29,BRONZE,N,2026-09-01 09:17:02,2026-09-01 09:17:02
SRC_CUSTOMER_B002_000001011,C0050611,Bernard,Evans,bernard.evans.50611@retailverse.example,+44 7118212074,1956-06-13,NONE,N,2026-09-03 21:10:10,2026-09-03 21:10:10
SRC_CUSTOMER_B002_000001012,C0050612,Ruth,Young,ruth.young.50612@retailverse.example,+44 7339598093,1971-06-14,NONE,N,2026-09-01 12:09:59,2026-09-01 12:09:59
SRC_CUSTOMER_B002_000001013,C0050613,Allan,Hall,allan.hall.50613@retailverse.example,+44 7197737728,1967-08-18,NONE,Y,2026-09-02 20:17:16,2026-09-02 20:17:16
SRC_CUSTOMER_B002_000001014,C0050614,James,Dean,james.dean.50614@retailverse.example,+44 7244771814,1975-01-25,BRONZE,Y,2026-09-01 05:43:03,2026-09-01 05:43:03
SRC_CUSTOMER_B002_000001015,C0050615,Marian,Hawkins,marian.hawkins.50615@retailverse.example,+44 7947553490,1977-08-02,GOLD,Y,2026-09-02 02:38:31,2026-09-02 02:38:31
SRC_CUSTOMER_B002_000001016,C0050616,Howard,Andrews,howard.andrews.50616@retailverse.example,+44 7450986223,1974-07-13,NONE,N,2026-09-01 10:53:22,2026-09-01 10:53:22
SRC_CUSTOMER_B002_000001017,C0050617,Cameron,Burgess,cameron.burgess.50617@retailverse.example,+44 7663472579,1952-10-23,BRONZE,N,2026-09-03 23:23:17,2026-09-03 23:23:17
SRC_CUSTOMER_B002_000001018,C0050618,Arthur,Hill,arthur.hill.50618@retailverse.example,+44 7667147734,2003-12-29,SILVER,Y,2025-08-22 00:58:40,2026-09-01 18:53:39
SRC_CUSTOMER_B002_000001019,C0050619,Gillian,Bates,gillian.bates.50619@retailverse.example,+44 7895323077,1976-10-11,NONE,Y,2026-09-03 18:15:06,2026-09-03 18:15:06
SRC_CUSTOMER_B002_000001020,C0050620,Rachael,Howarth,rachael.howarth.50620@retailverse.example,+44 7107137285,1982-09-05,BRONZE,N,2024-06-03 02:38:12,2026-09-02 18:54:07
SRC_CUSTOMER_B002_000001021,C0050621,Paige,Nelson,paige.nelson.50621@retailverse.example,+44 7285579988,1962-05-05,BRONZE,N,2024-05-06 20:10:14,2026-09-03 03:34:30
SRC_CUSTOMER_B002_000001022,C0050622,Gerald,Edwards,gerald.edwards.50622@retailverse.example,+44 7205107995,2005-07-15,NONE,Y,2026-09-01 20:09:44,2026-09-01 20:09:44
SRC_CUSTOMER_B002_000001023,C0050623,Derek,Davies,derek.davies.50623@retailverse.example,+44 7017763074,1982-02-26,NONE,Y,2026-09-01 08:05:20,2026-09-01 08:05:20
SRC_CUSTOMER_B002_000001024,C0050624,Fiona,Taylor,fiona.taylor.50624@retailverse.example,+44 7698409005,1996-12-17,NONE,Y,2026-09-03 03:54:59,2026-09-03 03:54:59
SRC_CUSTOMER_B002_000001025,C0050625,Anna,Dawson,anna.dawson.50625@retailverse.example,+44 7818019181,1979-07-24,SILVER,N,2026-09-03 02:54:03,2026-09-03 02:54:03
SRC_CUSTOMER_B002_000001026,C0050626,Lawrence,Williams,lawrence.williams.50626@retailverse.example,+44 7657258359,1989-08-24,SILVER,Y,2026-09-01 04:09:55,2026-09-01 04:09:55
SRC_CUSTOMER_B002_000001027,C0050627,James,Taylor,james.taylor.50627@retailverse.example,+44 7112391955,1964-10-09,NONE,Y,2026-09-01 06:52:26,2026-09-01 06:52:26
SRC_CUSTOMER_B002_000001028,C0050628,Justin,Butler,justin.butler.50628@retailverse.example,+44 7326829732,2001-06-03,NONE,N,2026-09-01 23:46:12,2026-09-01 23:46:12
SRC_CUSTOMER_B002_000001029,C0050629,Kim,Farmer,kim.farmer.50629@retailverse.example,+44 7972763282,1964-11-03,BRONZE,N,2026-09-02 22:54:18,2026-09-02 22:54:18
SRC_CUSTOMER_B002_000001030,C0050630,Chloe,Watson,chloe.watson.50630@retailverse.example,+44 7474543793,1994-09-06,GOLD,Y,2026-09-02 08:22:31,2026-09-02 08:22:31
SRC_CUSTOMER_B002_000001031,C0050631,Garry,Bishop,garry.bishop.50631@retailverse.example,+44 7452339597,1993-03-15,BRONZE,Y,2026-09-02 16:07:24,2026-09-02 16:07:24
SRC_CUSTOMER_B002_000001032,C0050632,Daniel,Taylor,daniel.taylor.50632@retailverse.example,+44 7419531015,1959-06-15,NONE,N,2026-09-03 19:49:15,2026-09-03 19:49:15
SRC_CUSTOMER_B002_000001033,C0050633,Lauren,Dobson,lauren.dobson.50633@retailverse.example,+44 7164464262,1992-09-15,NONE,Y,2026-09-02 09:32:28,2026-09-02 09:32:28
SRC_CUSTOMER_B002_000001034,C0050634,Zoe,Davies,zoe.davies.50634@retailverse.example,+44 7251904507,1950-07-31,BRONZE,Y,2026-09-01 23:57:17,2026-09-01 23:57:17
SRC_CUSTOMER_B002_000001035,C0050635,Kathryn,Baxter,kathryn.baxter.50635@retailverse.example,+44 7801317796,1996-03-25,BRONZE,Y,2026-09-01 01:02:40,2026-09-01 01:02:40
SRC_CUSTOMER_B002_000001036,C0050636,Billy,Carr,billy.carr.50636@retailverse.example,+44 7734505804,1964-06-18,NONE,Y,2026-09-03 11:53:53,2026-09-03 11:53:53
SRC_CUSTOMER_B002_000001037,C0050637,Kathryn,Murphy,kathryn.murphy.50637@retailverse.example,+44 7802991413,1972-05-29,NONE,Y,2026-09-02 23:15:21,2026-09-02 23:15:21
SRC_CUSTOMER_B002_000001038,C0050638,Adrian,Frost,adrian.frost.50638@retailverse.example,+44 7180041277,2007-07-25,NONE,Y,2026-09-02 01:24:01,2026-09-02 01:24:01
SRC_CUSTOMER_B002_000001039,C0050639,Scott,Evans,scott.evans.50639@retailverse.example,+44 7744670289,1960-04-09,NONE,Y,2026-09-02 04:53:17,2026-09-02 04:53:17
SRC_CUSTOMER_B002_000001040,C0050640,Christopher,Hopkins,christopher.hopkins.50640@retailverse.example,+44 7640608932,1980-11-01,SILVER,Y,2026-09-01 17:04:23,2026-09-01 17:04:23
SRC_CUSTOMER_B002_000001041,C0050641,Lisa,Adams,lisa.adams.50641@retailverse.example,+44 7313820399,1963-04-24,GOLD,Y,2026-09-03 19:14:35,2026-09-03 19:14:35
SRC_CUSTOMER_B002_000001042,C0050642,David,Ross,david.ross.50642@retailverse.example,+44 7194838845,1964-05-21,BRONZE,Y,2026-09-03 10:27:40,2026-09-03 10:27:40
SRC_CUSTOMER_B002_000001043,C0050643,Marie,Phillips,marie.phillips.50643@retailverse.example,(0113) 555 0199,2007-05-04,NONE,N,2026-09-01 14:08:21,2026-09-01 14:08:21
SRC_CUSTOMER_B002_000001044,C0050644,Lorraine,Harris,lorraine.harris.50644@retailverse.example,+44 7821179098,1964-11-24,NONE,Y,2026-09-01 02:41:32,2026-09-01 02:41:32
SRC_CUSTOMER_B002_000001045,C0050645,Ian,Jones,ian.jones.50645@retailverse.example,+44 7171009520,1998-12-20,GOLD,N,2026-09-02 20:38:40,2026-09-02 20:38:40
SRC_CUSTOMER_B002_000001046,C0050646,John,Parry,john.parry.50646@retailverse.example,+44 7291853097,2001-10-08,BRONZE,N,2026-09-03 17:40:58,2026-09-03 17:40:58
SRC_CUSTOMER_B002_000001047,C0050647,Diane,Lamb,diane.lamb.50647@retailverse.example,+44 7234064651,1977-10-13,GOLD,Y,2025-03-24 05:37:48,2026-09-03 19:48:43
SRC_CUSTOMER_B002_000001048,C0050648,Elliot,Little,elliot.little.50648@retailverse.example,+44 7072822813,2001-11-04,SILVER,N,2026-09-01 19:48:12,2026-09-01 19:48:12
SRC_CUSTOMER_B002_000001049,C0050649,Carolyn,Lord,carolyn.lord.50649@retailverse.example,+44 7542361368,1972-10-21,NONE,Y,2026-09-02 09:02:08,2026-09-02 09:02:08
SRC_CUSTOMER_B002_000001050,C0050650,Simon,Hunt,simon.hunt.50650@retailverse.example,+44 7417279340,1989-12-10,SILVER,Y,2026-09-02 01:59:47,2026-09-02 01:59:47
SRC_CUSTOMER_B002_000001051,C0050651,Tracy,Wilson,tracy.wilson.50651@retailverse.example,+44 7078398075,1987-09-02,NONE,Y,2026-09-02 23:26:45,2026-09-02 23:26:45
SRC_CUSTOMER_B002_000001052,C0050652,Elaine,Evans,elaine.evans.50652@retailverse.example,+44 7317962289,2007-09-26,BRONZE,Y,2026-09-01 05:37:01,2026-09-01 05:37:01
SRC_CUSTOMER_B002_000001053,C0050653,Samuel,Smith,samuel.smith.50653@retailverse.example,+44 7290874852,1982-07-29,BRONZE,Y,2026-09-02 22:30:36,2026-09-02 22:30:36
SRC_CUSTOMER_B002_000001054,C0050654,Adam,Hussain,adam.hussain.50654@retailverse.example,+44 7260774502,1961-03-04,NONE,N,2026-09-01 22:15:24,2026-09-01 22:15:24
SRC_CUSTOMER_B002_000001055,C0050655,Billy,Perry,billy.perry.50655@retailverse.example,+44 7063218667,1945-12-22,GOLD,N,2026-09-01 21:25:34,2026-09-01 21:25:34
SRC_CUSTOMER_B002_000001056,C0050656,Charlene,Barlow,charlene.barlow.50656@retailverse.example,+44 7320595029,1954-12-08,NONE,N,2026-09-02 17:03:13,2026-09-02 17:03:13
SRC_CUSTOMER_B002_000001057,C0050657,Colin,Cunningham,colin.cunningham.50657@retailverse.example,+44 7831999571,1980-08-15,BRONZE,N,2026-09-01 05:41:26,2026-09-01 05:41:26
SRC_CUSTOMER_B002_000001058,C0050658,Bethany,Palmer,bethany.palmer.50658@retailverse.example,+44 7556235509,1950-02-20,NONE,Y,2026-09-01 02:16:19,2026-09-01 02:16:19
SRC_CUSTOMER_B002_000001059,C0050659,Lesley,James,lesley.james.50659@retailverse.example,+44 7073693530,1968-09-15,NONE,Y,2026-09-01 20:49:11,2026-09-01 20:49:11
SRC_CUSTOMER_B002_000001060,C0050660,Wendy,Walker,wendy.walker.50660@retailverse.example,+44 7446931365,1955-08-22,SILVER,Y,2026-09-01 05:20:50,2026-09-01 05:20:50
SRC_CUSTOMER_B002_000001061,C0050661,Kieran,Clarke,kieran.clarke.50661@retailverse.example,+44 7144927162,1994-05-31,SILVER,N,2026-09-03 08:37:51,2026-09-03 08:37:51
SRC_CUSTOMER_B002_000001062,C0050662,Howard,Francis,howard.francis.50662@retailverse.example,+44 7050714462,1988-11-11,BRONZE,N,2026-09-01 03:57:59,2026-09-01 03:57:59
SRC_CUSTOMER_B002_000001063,C0050663,Malcolm,Baxter,malcolm.baxter.50663@retailverse.example,+44 7861006552,1963-05-04,GOLD,N,2026-09-01 16:38:27,2026-09-01 16:38:27
SRC_CUSTOMER_B002_000001064,C0050664,Marie,Spencer,marie.spencer.50664@retailverse.example,+44 7140040718,1955-12-04,NONE,Y,2026-09-02 11:56:24,2026-09-02 11:56:24
SRC_CUSTOMER_B002_000001065,C0050665,William,Moore,william.moore.50665@retailverse.example,+44 7235280205,1947-03-09,BRONZE,Y,2026-09-03 04:01:52,2026-09-03 04:01:52
SRC_CUSTOMER_B002_000001066,C0050666,Ricky,Brookes,ricky.brookes.50666@retailverse.example,+44 7265722182,2000-07-31,NONE,Y,2026-09-03 23:26:42,2026-09-03 23:26:42
SRC_CUSTOMER_B002_000001067,C0050667,Trevor,Sims,trevor.sims.50667@retailverse.example,+44 7684505908,1999-05-19,SILVER,N,2024-07-25 07:06:53,2026-09-02 09:16:18
SRC_CUSTOMER_B002_000001068,C0050668,Gemma,Ward,gemma.ward.50668@retailverse.example,+44 7505794876,1996-06-08,NONE,N,2026-09-03 11:37:56,2026-09-03 11:37:56
SRC_CUSTOMER_B002_000001069,C0050669,Ashleigh,Bryan,ashleigh.bryan.50669@retailverse.example,+44 7652436213,1951-05-10,SILVER,Y,2026-09-03 10:54:16,2026-09-03 10:54:16
SRC_CUSTOMER_B002_000001070,C0050670,Timothy,Harris,timothy.harris.50670@retailverse.example,+44 7204019513,1969-12-15,NONE,Y,2026-09-02 17:58:50,2026-09-02 17:58:50
SRC_CUSTOMER_B002_000001071,C0050671,Jason,Tucker,jason.tucker.50671@retailverse.example,+44 7460595980,1966-07-25,BRONZE,N,2026-09-01 21:24:32,2026-09-01 21:24:32
SRC_CUSTOMER_B002_000001072,C0050672,Liam,Webster,liam.webster.50672@retailverse.example,+44 7775853409,1988-05-01,SILVER,Y,2026-09-01 23:50:20,2026-09-01 23:50:20
SRC_CUSTOMER_B002_000001073,C0050673,Dennis,George,dennis.george.50673@retailverse.example,+44 7113851862,1956-03-22,NONE,Y,2026-09-01 02:04:12,2026-09-01 02:04:12
SRC_CUSTOMER_B002_000001074,C0050674,Tony,James,tony.james.50674@retailverse.example,+44 7492153403,1963-03-07,BRONZE,N,2026-09-01 13:10:15,2026-09-01 13:10:15
SRC_CUSTOMER_B002_000001075,C0050675,Benjamin,Crawford,benjamin.crawford.50675@retailverse.example,+44 7018763882,1987-03-17,NONE,Y,2025-12-10 13:41:40,2026-09-03 02:14:27
SRC_CUSTOMER_B002_000001076,C0050676,Catherine,Jackson,catherine.jackson.50676@retailverse.example,+44 7839264439,1962-08-19,BRONZE,N,2026-09-01 14:10:52,2026-09-01 14:10:52
SRC_CUSTOMER_B002_000001077,C0050677,Marion,Jones,marion.jones.50677@retailverse.example,+44 7403158727,1974-10-21,NONE,Y,2026-09-02 03:12:29,2026-09-02 03:12:29
SRC_CUSTOMER_B002_000001078,C0050678,Harry,Harris,harry.harris.50678@retailverse.example,+44 7034788204,1952-08-18,BRONZE,N,2025-02-18 05:22:01,2026-09-03 17:23:34
SRC_CUSTOMER_B002_000001079,C0050679,Jonathan,Stephenson,jonathan.stephenson.50679@retailverse.example,+44 7226075737,1966-08-31,SILVER,Y,2026-09-01 19:35:17,2026-09-01 19:35:17
SRC_CUSTOMER_B002_000001080,C0050680,Paula,Williams,paula.williams.50680@retailverse.example,+44 7428906130,1984-04-09,SILVER,Y,2026-09-03 19:20:15,2026-09-03 19:20:15
SRC_CUSTOMER_B002_000001081,C0050681,Kirsty,Archer,kirsty.archer.50681@retailverse.example,+44 7348986872,1992-05-10,SILVER,N,2026-09-01 17:40:17,2026-09-01 17:40:17
SRC_CUSTOMER_B002_000001082,C0050682,Lisa,Turner,lisa.turner.50682@retailverse.example,+44 7449150370,1983-12-05,NONE,Y,2026-09-01 01:35:40,2026-09-01 01:35:40
SRC_CUSTOMER_B002_000001083,C0050683,Nicholas,Hurst,nicholas.hurst.50683@retailverse.example,+44 7777047715,1974-06-19,BRONZE,N,2026-09-03 08:21:32,2026-09-03 08:21:32
SRC_CUSTOMER_B002_000001084,C0050684,Antony,Atkins,antony.atkins.50684@retailverse.example,+44 7520341382,1949-05-25,NONE,Y,2026-09-02 03:30:11,2026-09-02 03:30:11
SRC_CUSTOMER_B002_000001085,C0050685,Harry,Whitehead,harry.whitehead.50685@retailverse.example,+44 7598283951,1987-03-24,NONE,Y,2026-09-02 06:00:20,2026-09-02 06:00:20
SRC_CUSTOMER_B002_000001086,C0050686,Conor,Browne,conor.browne.50686@retailverse.example,+44 7784292945,1974-03-27,SILVER,Y,2026-09-01 18:50:28,2026-09-01 18:50:28
SRC_CUSTOMER_B002_000001087,C0050687,Ross,Nicholls,ross.nicholls.50687@retailverse.example,+44 7007077974,1970-06-07,SILVER,N,2026-09-02 06:48:29,2026-09-02 06:48:29
SRC_CUSTOMER_B002_000001088,C0050688,Pauline,King,pauline.king.50688@retailverse.example,+44 7257047178,1991-12-10,NONE,Y,2026-09-03 01:47:53,2026-09-03 01:47:53
SRC_CUSTOMER_B002_000001089,C0050689,Hayley,Jones,hayley.jones.50689@retailverse.example,+44 7624351855,1966-06-12,BRONZE,N,2026-09-02 06:31:16,2026-09-02 06:31:16
SRC_CUSTOMER_B002_000001090,C0050690,Charlie,Davis,charlie.davis.50690@retailverse.example,+44 7026329257,1964-06-28,NONE,Y,2026-09-02 22:10:13,2026-09-02 22:10:13
SRC_CUSTOMER_B002_000001091,C0050691,Bernard,Turnbull,bernard.turnbull.50691@retailverse.example,+44 7402572479,1960-01-01,NONE,N,2026-09-03 03:40:48,2026-09-03 03:40:48
SRC_CUSTOMER_B002_000001092,C0050692,Harriet,Jenkins,harriet.jenkins.50692@retailverse.example,+44 7822395359,1998-02-03,BRONZE,Y,2026-09-03 13:24:09,2026-09-03 13:24:09
SRC_CUSTOMER_B002_000001093,C0050693,Linda,Palmer,linda.palmer.50693@retailverse.example,+44 7416640180,1950-07-01,BRONZE,N,2026-09-03 00:53:56,2026-09-03 00:53:56
SRC_CUSTOMER_B002_000001094,C0050694,Jill,Shaw,jill.shaw.50694@retailverse.example,+44 7298561684,2003-04-17,NONE,Y,2026-09-01 09:33:24,2026-09-01 09:33:24
SRC_CUSTOMER_B002_000001095,C0050695,Oliver,Little,oliver.little.50695@retailverse.example,+44 7764679965,1962-06-30,BRONZE,Y,2026-09-02 18:40:26,2026-09-02 18:40:26
SRC_CUSTOMER_B002_000001096,C0050696,Francis,Gibson,francis.gibson.50696@retailverse.example,+44 7919485512,1994-07-04,SILVER,N,2026-06-08 23:18:17,2026-09-03 19:18:09
SRC_CUSTOMER_B002_000001097,C0050697,Hayley,Khan,hayley.khan.50697@retailverse.example,+44 7511657989,1979-12-19,BRONZE,Y,2026-09-02 15:05:54,2026-09-02 15:05:54
SRC_CUSTOMER_B002_000001098,C0050698,Jessica,Dobson,jessica.dobson.50698@retailverse.example,+44 7327817933,1950-02-04,GOLD,Y,2026-09-01 07:26:35,2026-09-01 07:26:35
SRC_CUSTOMER_B002_000001099,C0050699,Michelle,Phillips,michelle.phillips.50699@retailverse.example,+44 7099866388,1990-02-16,NONE,Y,2026-09-02 18:10:40,2026-09-02 18:10:40
SRC_CUSTOMER_B002_000001100,C0050700,Cheryl,James,cheryl.james.50700@retailverse.example,+44 7680419349,1951-01-21,BRONZE,Y,2026-09-01 17:07:21,2026-09-01 17:07:21
SRC_CUSTOMER_B002_000001101,C0050701,Timothy,Fleming,timothy.fleming.50701@retailverse.example,+44 7280550442,1996-08-14,BRONZE,Y,2026-09-03 00:12:19,2026-09-03 00:12:19
SRC_CUSTOMER_B002_000001102,C0050702,Bryan,Smith,bryan.smith.50702@retailverse.example,+44 7744357580,1963-10-28,NONE,N,2026-09-03 23:07:15,2026-09-03 23:07:15
SRC_CUSTOMER_B002_000001103,C0050703,Lorraine,Smith,lorraine.smith.50703@retailverse.example,+44 7145524503,1988-06-28,NONE,N,2026-09-02 07:16:19,2026-09-02 07:16:19
SRC_CUSTOMER_B002_000001104,C0050704,Danny,Freeman,danny.freeman.50704@retailverse.example,+44 7592954589,1961-06-29,BRONZE,Y,2026-09-03 00:51:56,2026-09-03 00:51:56
SRC_CUSTOMER_B002_000001105,C0050705,Jonathan,Jones,jonathan.jones.50705@retailverse.example,+44 7236576079,1945-08-07,SILVER,Y,2026-09-03 12:00:28,2026-09-03 12:00:28
SRC_CUSTOMER_B002_000001106,C0050706,Pamela,Stokes,pamela.stokes.50706@retailverse.example,+44 7704765061,1954-06-23,GOLD,N,2026-09-01 21:28:12,2026-09-01 21:28:12
SRC_CUSTOMER_B002_000001107,C0050707,Sam,Oliver,sam.oliver.50707@retailverse.example,+44 7858762450,1971-06-22,NONE,Y,2026-09-03 23:42:03,2026-09-03 23:42:03
SRC_CUSTOMER_B002_000001108,C0050708,Leon,Morgan,leon.morgan.50708@retailverse.example,+44 7864573771,1998-09-08,BRONZE,Y,2026-09-01 10:27:37,2026-09-01 10:27:37
SRC_CUSTOMER_B002_000001109,C0050709,Vincent,Palmer,vincent.palmer.50709@retailverse.example,+44 7548653535,1991-05-05,BRONZE,N,2026-09-03 06:01:17,2026-09-03 06:01:17
SRC_CUSTOMER_B002_000001110,C0050710,Lindsey,Hooper,lindsey.hooper.50710@retailverse.example,+44 7970367819,1945-11-06,BRONZE,N,2026-09-03 07:13:59,2026-09-03 07:13:59
SRC_CUSTOMER_B002_000001111,C0050711,Emily,Brown,emily.brown.50711@retailverse.example,+44 7103206913,2000-01-09,BRONZE,N,2026-09-01 15:22:00,2026-09-01 15:22:00
SRC_CUSTOMER_B002_000001112,C0050712,Jemma,Smith,jemma.smith.50712@retailverse.example,+44 7049868403,1953-04-09,BRONZE,Y,2026-09-01 00:54:44,2026-09-01 00:54:44
SRC_CUSTOMER_B002_000001113,C0050713,Scott,Hill,scott.hill.50713@retailverse.example,+44 7546922991,1995-08-07,NONE,Y,2025-03-12 10:55:31,2026-09-03 13:54:02
SRC_CUSTOMER_B002_000001114,C0050714,Kieran,Cooke,kieran.cooke.50714@retailverse.example,+44 7745272237,1999-02-03,BRONZE,N,2026-09-01 20:42:20,2026-09-01 20:42:20
SRC_CUSTOMER_B002_000001115,C0050715,Shaun,Barrett,shaun.barrett.50715@retailverse.example,+44 7267759943,2004-09-14,NONE,Y,2026-09-02 00:44:19,2026-09-02 00:44:19
SRC_CUSTOMER_B002_000001116,C0050716,Wendy,Bruce,wendy.bruce.50716@retailverse.example,+44 7551132418,1973-01-02,NONE,Y,2026-09-03 23:07:29,2026-09-03 23:07:29
SRC_CUSTOMER_B002_000001117,C0050717,Linda,Gregory,linda.gregory.50717@retailverse.example,+44 7365119133,2001-05-10,GOLD,N,2026-09-03 13:52:20,2026-09-03 13:52:20
SRC_CUSTOMER_B002_000001118,C0050718,Carolyn,Hussain,carolyn.hussain.50718@retailverse.example,+44 7140140570,1980-03-31,GOLD,Y,2026-09-02 18:54:10,2026-09-02 18:54:10
SRC_CUSTOMER_B002_000001119,C0050719,Derek,O'Neill,derek.o'neill.50719@retailverse.example,+44 7514464091,1964-01-05,BRONZE,Y,2026-09-01 22:02:37,2026-09-01 22:02:37
SRC_CUSTOMER_B002_000001120,C0050720,Stewart,Wood,stewart.wood.50720@retailverse.example,+44 7130017143,2000-10-04,GOLD,N,2026-09-01 02:05:49,2026-09-01 02:05:49
SRC_CUSTOMER_B002_000001121,C0050721,Leah,Hill,leah.hill.50721@retailverse.example,+44 7025823563,1983-08-23,BRONZE,Y,2026-09-02 08:47:34,2026-09-02 08:47:34
SRC_CUSTOMER_B002_000001122,C0050722,Mohammed,Lyons,mohammed.lyons.50722@retailverse.example,+44 7231640400,1959-05-17,BRONZE,N,2026-09-01 22:15:58,2026-09-01 22:15:58
SRC_CUSTOMER_B002_000001123,C0050723,Glenn,Davis,glenn.davis.50723@retailverse.example,+44 7555550944,1995-05-30,BRONZE,Y,2026-09-03 16:43:22,2026-09-03 16:43:22
SRC_CUSTOMER_B002_000001124,C0050724,Mark,Anderson,mark.anderson.50724@retailverse.example,+44 7022149813,1997-11-25,NONE,N,2026-09-02 08:37:16,2026-09-02 08:37:16
SRC_CUSTOMER_B002_000001125,C0050725,Rebecca,Smith,rebecca.smith.50725@retailverse.example,+44 7134512524,1957-08-13,BRONZE,N,2026-09-01 21:15:21,2026-09-01 21:15:21
SRC_CUSTOMER_B002_000001126,C0050726,Ann,Read,ann.read.50726@retailverse.example,+44 7455487081,1959-03-23,NONE,Y,2026-09-02 07:22:01,2026-09-02 07:22:01
SRC_CUSTOMER_B002_000001127,C0050727,Dorothy,Gregory,dorothy.gregory.50727@retailverse.example,+44 7204699451,1956-08-15,BRONZE,Y,2026-09-01 03:00:57,2026-09-01 03:00:57
SRC_CUSTOMER_B002_000001128,C0050728,Jake,Sutton,jake.sutton.50728@retailverse.example,+44 7189655491,1977-03-28,NONE,Y,2026-09-03 10:31:01,2026-09-03 10:31:01
SRC_CUSTOMER_B002_000001129,C0050729,Lynne,Johnson,lynne.johnson.50729@retailverse.example,+44 7228552208,1952-06-10,BRONZE,N,2026-09-03 16:12:48,2026-09-03 16:12:48
SRC_CUSTOMER_B002_000001130,C0050730,Shannon,Cox,shannon.cox.50730@retailverse.example,+44 7296974101,1974-10-28,SILVER,Y,2026-09-01 18:05:04,2026-09-01 18:05:04
SRC_CUSTOMER_B002_000001131,C0050731,Patricia,Cooper,patricia.cooper.50731@retailverse.example,+44 7572628244,1962-09-21,GOLD,Y,2026-09-02 18:13:52,2026-09-02 18:13:52
SRC_CUSTOMER_B002_000001132,C0050732,Stacey,Anderson,stacey.anderson.50732@retailverse.example,+44 7076269597,1987-03-15,SILVER,Y,2026-09-02 11:17:10,2026-09-02 11:17:10
SRC_CUSTOMER_B002_000001133,C0050733,Connor,Bradley,connor.bradley.50733@retailverse.example,+44 7315470190,1972-07-17,BRONZE,N,2026-09-03 20:02:23,2026-09-03 20:02:23
SRC_CUSTOMER_B002_000001134,C0050734,Melanie,Harrison,melanie.harrison.50734@retailverse.example,+44 7883685720,1983-09-16,BRONZE,Y,2026-09-01 02:39:11,2026-09-01 02:39:11
SRC_CUSTOMER_B002_000001135,C0050735,Carole,Alexander,carole.alexander.50735@retailverse.example,+44 7695680654,2007-02-01,NONE,N,2026-09-01 08:46:02,2026-09-01 08:46:02
SRC_CUSTOMER_B002_000001136,C0050736,Abigail,Moran,abigail.moran.50736@retailverse.example,+44 7084555476,1999-01-06,NONE,N,2026-09-02 07:23:31,2026-09-02 07:23:31
SRC_CUSTOMER_B002_000001137,C0050737,Shannon,McLean,shannon.mclean.50737@retailverse.example,+44 7839806951,1999-02-17,BRONZE,Y,2026-09-01 11:28:48,2026-09-01 11:28:48
SRC_CUSTOMER_B002_000001138,C0050738,Francis,Fry,francis.fry.50738@retailverse.example,+44 7870543442,1962-10-02,BRONZE,N,2026-09-01 07:30:58,2026-09-01 07:30:58
SRC_CUSTOMER_B002_000001139,C0050739,Nicole,Davey,NOT-AN-EMAIL,+44 7580994189,1949-12-13,NONE,Y,2026-09-01 23:27:47,2026-09-01 23:27:47
SRC_CUSTOMER_B002_000001140,C0050740,Jade,Joyce,jade.joyce.50740@retailverse.example,+44 7325770518,1946-03-26,BRONZE,Y,2026-09-01 11:29:30,2026-09-01 11:29:30
SRC_CUSTOMER_B002_000001141,C0050741,Declan,Alexander,declan.alexander.50741@retailverse.example,+44 7036662184,2007-01-31,NONE,Y,2026-09-03 19:06:04,2026-09-03 19:06:04
SRC_CUSTOMER_B002_000001142,C0050742,Norman,Thompson,norman.thompson.50742@retailverse.example,+44 7898723112,2001-03-07,GOLD,Y,2026-09-01 06:22:34,2026-09-01 06:22:34
SRC_CUSTOMER_B002_000001143,C0050743,Owen,Norris,owen.norris.50743@retailverse.example,+44 7079117257,1967-09-08,NONE,N,2026-03-02 14:20:24,2026-09-03 15:07:35
SRC_CUSTOMER_B002_000001144,C0050744,Max,Ward,max.ward.50744@retailverse.example,+44 7073944834,1981-04-15,SILVER,Y,2026-09-01 05:46:35,2026-09-01 05:46:35
SRC_CUSTOMER_B002_000001145,C0050745,Elliott,Porter,elliott.porter.50745@retailverse.example,+44 7864077811,1955-11-14,SILVER,Y,2026-09-03 05:12:25,2026-09-03 05:12:25
SRC_CUSTOMER_B002_000001146,C0050746,Shirley,Walsh,shirley.walsh.50746@retailverse.example,+44 7561659966,1968-05-12,BRONZE,Y,2026-09-03 10:56:09,2026-09-03 10:56:09
SRC_CUSTOMER_B002_000001147,C0050747,Leanne,Barnes,leanne.barnes.50747@retailverse.example,+44 7872831303,1982-05-05,BRONZE,Y,2026-09-02 05:16:21,2026-09-02 05:16:21
SRC_CUSTOMER_B002_000001148,C0050748,Caroline,Whitehead,caroline.whitehead.50748@retailverse.example,+44 7622182477,1948-11-09,SILVER,Y,2025-09-29 19:10:31,2026-09-01 17:08:14
SRC_CUSTOMER_B002_000001149,C0050749,Rita,Mason,rita.mason.50749@retailverse.example,+44 7522336714,1967-02-10,NONE,Y,2026-09-01 10:09:41,2026-09-01 10:09:41
SRC_CUSTOMER_B002_000001150,C0050750,Nigel,Hall,nigel.hall.50750@retailverse.example,+44 7348518415,1951-05-27,BRONZE,N,2026-09-03 18:55:18,2026-09-03 18:55:18
SRC_CUSTOMER_B002_000001151,C0050751,Conor,Morgan,conor.morgan.50751@retailverse.example,+44 7319915854,1956-09-15,GOLD,Y,2026-09-02 07:19:53,2026-09-02 07:19:53
SRC_CUSTOMER_B002_000001152,C0050752,Oliver,Nash,oliver.nash.50752@retailverse.example,+44 7732237132,1961-10-03,BRONZE,N,2026-09-01 19:17:12,2026-09-01 19:17:12
SRC_CUSTOMER_B002_000001153,C0050753,Holly,Jones,holly.jones.50753@retailverse.example,+44 7256699786,1973-06-30,NONE,Y,2026-09-02 12:55:17,2026-09-02 12:55:17
SRC_CUSTOMER_B002_000001154,C0050754,Amelia,Holmes,amelia.holmes.50754@retailverse.example,+44 7406157670,1964-01-25,SILVER,Y,2026-09-02 18:24:20,2026-09-02 18:24:20
SRC_CUSTOMER_B002_000001155,C0050755,Nicole,Jones,nicole.jones.50755@retailverse.example,+44 7533261588,1956-06-01,SILVER,N,2026-09-02 12:30:46,2026-09-02 12:30:46
SRC_CUSTOMER_B002_000001156,C0050756,Mohammed,Ford,mohammed.ford.50756@retailverse.example,+44 7493659798,1984-03-28,NONE,N,2026-09-03 03:18:19,2026-09-03 03:18:19
SRC_CUSTOMER_B002_000001157,C0050757,Cameron,Ryan,cameron.ryan.50757@retailverse.example,+44 7081694777,1968-11-24,NONE,Y,2025-12-20 20:22:11,2026-09-03 13:41:31
SRC_CUSTOMER_B002_000001158,C0050758,Leonard,Jackson,leonard.jackson.50758@retailverse.example,+44 7526117635,1970-07-24,GOLD,Y,2026-09-02 12:58:30,2026-09-02 12:58:30
SRC_CUSTOMER_B002_000001159,C0050759,Lindsey,Smith,lindsey.smith.50759@retailverse.example,+44 7677547883,1964-05-03,NONE,N,2026-09-01 17:01:03,2026-09-01 17:01:03
SRC_CUSTOMER_B002_000001160,C0050760,Ben,Ahmed,ben.ahmed.50760@retailverse.example,+44 7654902130,1985-06-09,NONE,Y,2026-09-03 18:56:26,2026-09-03 18:56:26
SRC_CUSTOMER_B002_000001161,C0050761,Gillian,Carter,gillian.carter.50761@retailverse.example,+44 7262918997,1967-12-14,BRONZE,N,2026-09-01 16:16:12,2026-09-01 16:16:12
SRC_CUSTOMER_B002_000001162,C0050762,Jack,Wright,jack.wright.50762@retailverse.example,+44 7033117290,1945-08-07,NONE,Y,2025-02-23 15:51:10,2026-09-03 16:09:37
SRC_CUSTOMER_B002_000001163,C0050763,Jordan,Grant,jordan.grant.50763@retailverse.example,+44 7592944836,1979-12-11,SILVER,Y,2026-09-03 00:25:11,2026-09-03 00:25:11
SRC_CUSTOMER_B002_000001164,C0050764,Reece,Campbell,reece.campbell.50764@retailverse.example,+44 7848271887,1955-06-29,SILVER,Y,2024-06-01 15:07:57,2026-09-03 07:14:02
SRC_CUSTOMER_B002_000001165,C0050765,Tracy,Hughes,tracy.hughes.50765@retailverse.example,+44 7469666602,2001-11-04,SILVER,N,2026-09-02 22:16:02,2026-09-02 22:16:02
SRC_CUSTOMER_B002_000001166,C0050766,Peter,Taylor,peter.taylor.50766@retailverse.example,+44 7780163706,1969-04-17,NONE,Y,2026-09-01 02:11:04,2026-09-01 02:11:04
SRC_CUSTOMER_B002_000001167,C0050767,Lee,Pratt,lee.pratt.50767@retailverse.example,+44 7240587719,1963-02-11,NONE,Y,2026-09-01 23:30:42,2026-09-01 23:30:42
SRC_CUSTOMER_B002_000001168,C0050768,Suzanne,Robinson,suzanne.robinson.50768@retailverse.example,+44 7548637250,1949-10-27,NONE,N,2026-09-02 23:17:56,2026-09-02 23:17:56
SRC_CUSTOMER_B002_000001169,C0050769,Francis,Hopkins,francis.hopkins.50769@retailverse.example,+44 7304765189,2002-04-22,NONE,N,2026-09-02 21:10:28,2026-09-02 21:10:28
SRC_CUSTOMER_B002_000001170,C0050770,Deborah,Quinn,deborah.quinn.50770@retailverse.example,+44 7027098946,1954-09-06,SILVER,N,2026-09-01 15:21:04,2026-09-01 15:21:04
SRC_CUSTOMER_B002_000001171,C0050771,Garry,Watts,garry.watts.50771@retailverse.example,+44 7288388930,1975-09-26,GOLD,Y,2026-09-02 16:54:46,2026-09-02 16:54:46
SRC_CUSTOMER_B002_000001172,C0050772,Robin,Benson,robin.benson.50772@retailverse.example,+44 7898004498,2002-09-03,NONE,Y,2026-09-01 13:19:20,2026-09-01 13:19:20
SRC_CUSTOMER_B002_000001173,C0050773,Geoffrey,Knight,geoffrey.knight.50773@retailverse.example,+44 7270877288,1986-09-23,BRONZE,Y,2026-09-02 15:30:39,2026-09-02 15:30:39
SRC_CUSTOMER_B002_000001174,C0050774,Emily,Brown,emily.brown.50774@retailverse.example,+44 7403596015,1948-01-07,NONE,N,2026-09-02 03:23:16,2026-09-02 03:23:16
SRC_CUSTOMER_B002_000001175,C0050775,Samantha,Dean,samantha.dean.50775@retailverse.example,+44 7036777660,1976-03-15,BRONZE,Y,2024-06-05 00:24:14,2026-09-02 09:24:08
SRC_CUSTOMER_B002_000001176,C0050776,Lucy,Smith,lucy.smith.50776@retailverse.example,+44 7195545456,1973-06-23,BRONZE,Y,2026-09-03 05:40:24,2026-09-03 05:40:24
SRC_CUSTOMER_B002_000001177,C0050777,Bradley,Wilson,bradley.wilson.50777@retailverse.example,+44 7246861610,1951-01-30,NONE,N,2026-09-03 22:45:58,2026-09-03 22:45:58
SRC_CUSTOMER_B002_000001178,C0050778,Kimberley,Richards,kimberley.richards.50778@retailverse.example,+44 7966951754,1972-01-18,BRONZE,N,2026-09-01 06:03:47,2026-09-01 06:03:47
SRC_CUSTOMER_B002_000001179,C0050779,Abdul,Goodwin,abdul.goodwin.50779@retailverse.example,+44 7309964591,2000-12-03,NONE,N,2026-09-01 03:59:29,2026-09-01 03:59:29
SRC_CUSTOMER_B002_000001180,C0050780,Ann,Moore,ann.moore.50780@retailverse.example,+44 7263125726,1945-12-03,NONE,Y,2026-09-02 00:47:47,2026-09-02 00:47:47
SRC_CUSTOMER_B002_000001181,C0050781,Dawn,Barnes,dawn.barnes.50781@retailverse.example,+44 7890072428,2003-04-11,BRONZE,Y,2024-02-22 07:56:13,2026-09-03 08:02:59
SRC_CUSTOMER_B002_000001182,C0050782,Mark,Griffin,mark.griffin.50782@retailverse.example,+44 7222179856,1963-06-20,NONE,N,2026-09-03 00:25:16,2026-09-03 00:25:16
SRC_CUSTOMER_B002_000001183,C0050783,Frederick,Begum,frederick.begum.50783@retailverse.example,+44 7267011943,1983-12-02,SILVER,Y,2024-02-08 23:10:12,2026-09-01 15:33:12
SRC_CUSTOMER_B002_000001184,C0050784,Paige,Smith,paige.smith.50784@retailverse.example,+44 7719373623,1984-06-19,SILVER,Y,2026-09-01 03:57:59,2026-09-01 03:57:59
SRC_CUSTOMER_B002_000001185,C0050785,Philip,Potts,philip.potts.50785@retailverse.example,+44 7598265900,1958-08-27,BRONZE,N,2026-09-02 03:28:18,2026-09-02 03:28:18
SRC_CUSTOMER_B002_000001186,C0050786,Jake,Charlton,jake.charlton.50786@retailverse.example,+44 7319048603,1986-10-17,NONE,N,2026-09-03 01:17:19,2026-09-03 01:17:19
SRC_CUSTOMER_B002_000001187,C0050787,Paula,Simmons,paula.simmons.50787@retailverse.example,+44 7201769397,1962-02-02,BRONZE,Y,2026-09-02 17:56:35,2026-09-02 17:56:35
SRC_CUSTOMER_B002_000001188,C0050788,Katherine,Andrews,katherine.andrews.50788@retailverse.example,+44 7037638938,1998-11-12,NONE,Y,2026-09-02 15:50:01,2026-09-02 15:50:01
SRC_CUSTOMER_B002_000001189,C0050789,Lucy,Patel,lucy.patel.50789@retailverse.example,+44 7035194836,2004-10-23,SILVER,Y,2026-09-02 08:01:37,2026-09-02 08:01:37
SRC_CUSTOMER_B002_000001190,C0050790,Paula,Thompson,paula.thompson.50790@retailverse.example,+44 7137894986,1982-06-16,NONE,N,2026-09-02 00:40:23,2026-09-02 00:40:23
SRC_CUSTOMER_B002_000001191,C0050791,Jeffrey,Smith,jeffrey.smith.50791@retailverse.example,+44 7129855670,1993-06-11,SILVER,Y,2026-09-01 22:37:30,2026-09-01 22:37:30
SRC_CUSTOMER_B002_000001192,C0050792,Maurice,Hancock,maurice.hancock.50792@retailverse.example,+44 7227745902,1946-10-18,SILVER,Y,2026-09-02 12:08:01,2026-09-02 12:08:01
SRC_CUSTOMER_B002_000001193,C0050793,Carl,Wood,carl.wood.50793@retailverse.example,+44 7870227147,1954-01-11,BRONZE,Y,2025-01-05 22:30:03,2026-09-03 20:58:07
SRC_CUSTOMER_B002_000001194,C0050794,Lynn,Harris,lynn.harris.50794@retailverse.example,+44 7088476697,1981-03-27,NONE,Y,2026-09-01 05:25:06,2026-09-01 05:25:06
SRC_CUSTOMER_B002_000001195,C0050795,Aaron,Dickinson,aaron.dickinson.50795@retailverse.example,+44 7847185413,1971-07-26,NONE,N,2026-09-03 14:11:22,2026-09-03 14:11:22
SRC_CUSTOMER_B002_000001196,C0050796,Glenn,Webb,glenn.webb.50796@retailverse.example,+44 7607733268,1970-01-17,BRONZE,Y,2026-09-02 21:20:10,2026-09-02 21:20:10
SRC_CUSTOMER_B002_000001197,C0050797,Thomas,Jones,thomas.jones.50797@retailverse.example,+44 7519436476,1974-06-03,BRONZE,N,2026-09-03 19:15:13,2026-09-03 19:15:13
SRC_CUSTOMER_B002_000001198,C0050798,Patricia,McLean,patricia.mclean.50798@retailverse.example,+44 7750370710,1984-05-07,BRONZE,Y,2026-09-03 07:51:59,2026-09-03 07:51:59
SRC_CUSTOMER_B002_000001199,C0050799,Jeremy,Smith,jeremy.smith.50799@retailverse.example,+44 7312382298,2007-07-29,BRONZE,N,2026-09-01 06:33:04,2026-09-01 06:33:04
SRC_CUSTOMER_B002_000001200,C0050800,Paul,Taylor,paul.taylor.50800@retailverse.example,+44 7209202129,1951-05-14,GOLD,Y,2026-09-01 13:59:26,2026-09-01 13:59:26
SRC_CUSTOMER_B002_000001201,C0050801,Charles,Webb,charles.webb.50801@retailverse.example,+44 7058905918,2006-08-19,BRONZE,Y,2025-09-01 03:44:43,2026-09-03 23:06:08
SRC_CUSTOMER_B002_000001202,C0050802,Kirsty,Reynolds,kirsty.reynolds.50802@retailverse.example,+44 7143897369,1974-11-19,SILVER,N,2026-09-02 10:18:09,2026-09-02 10:18:09
SRC_CUSTOMER_B002_000001203,C0050803,Owen,Long,owen.long.50803@retailverse.example,+44 7434188489,2003-05-28,NONE,N,2026-09-03 05:31:40,2026-09-03 05:31:40
SRC_CUSTOMER_B002_000001204,C0050804,Stuart,Thomas,stuart.thomas.50804@retailverse.example,+44 7189592722,1963-05-20,NONE,N,2026-09-03 00:22:38,2026-09-03 00:22:38
SRC_CUSTOMER_B002_000001205,C0050805,Abbie,Edwards,abbie.edwards.50805@retailverse.example,+44 7759503620,1963-06-10,SILVER,Y,2026-09-01 18:42:42,2026-09-01 18:42:42
SRC_CUSTOMER_B002_000001206,C0050806,Karl,King,karl.king.50806@retailverse.example,+44 7667012123,1975-01-20,BRONZE,Y,2026-09-01 02:21:02,2026-09-01 02:21:02
SRC_CUSTOMER_B002_000001207,C0050807,Karen,Johnson,karen.johnson.50807@retailverse.example,+44 7990553151,1973-02-13,BRONZE,Y,2026-09-02 11:39:47,2026-09-02 11:39:47
SRC_CUSTOMER_B002_000001208,C0050808,Stanley,Rice,stanley.rice.50808@retailverse.example,+44 7395222522,1972-05-07,NONE,N,2026-09-03 12:27:09,2026-09-03 12:27:09
SRC_CUSTOMER_B002_000001209,C0050809,Natalie,Elliott,natalie.elliott.50809@retailverse.example,+44 7136811958,1998-08-07,BRONZE,Y,2026-09-03 08:37:55,2026-09-03 08:37:55
SRC_CUSTOMER_B002_000001210,C0050810,Nicola,Edwards,nicola.edwards.50810@retailverse.example,+44 7073979292,2002-03-08,NONE,Y,2026-09-02 02:09:45,2026-09-02 02:09:45
SRC_CUSTOMER_B002_000001211,C0050811,Caroline,Williams,caroline.williams.50811@retailverse.example,+44 7053360860,1952-03-02,NONE,N,2026-09-01 04:13:47,2026-09-01 04:13:47
SRC_CUSTOMER_B002_000001212,C0050812,Stacey,Begum,stacey.begum.50812@retailverse.example,+44 7454855803,1958-01-15,NONE,Y,2026-09-03 17:19:31,2026-09-03 17:19:31
SRC_CUSTOMER_B002_000001213,C0050813,Sandra,Cox,sandra.cox.50813@retailverse.example,+44 7537892105,1962-05-12,GOLD,Y,2026-09-02 06:16:32,2026-09-02 06:16:32
SRC_CUSTOMER_B002_000001214,C0050814,Colin,Barnes,colin.barnes.50814@retailverse.example,+44 7187399633,1956-02-20,NONE,N,2026-09-02 16:05:01,2026-09-02 16:05:01
SRC_CUSTOMER_B002_000001215,C0050815,Darren,Wilkinson,darren.wilkinson.50815@retailverse.example,+44 7975754352,1952-02-28,NONE,Y,2026-09-01 00:59:37,2026-09-01 00:59:37
SRC_CUSTOMER_B002_000001216,C0050816,Graham,Francis,graham.francis.50816@retailverse.example,+44 7973402540,2001-04-17,SILVER,Y,2026-09-01 16:12:43,2026-09-01 16:12:43
SRC_CUSTOMER_B002_000001217,C0050817,Leigh,Harris,leigh.harris.50817@retailverse.example,+44 7585207080,2006-01-21,NONE,Y,2026-09-02 22:27:19,2026-09-02 22:27:19
SRC_CUSTOMER_B002_000001218,C0050818,Tina,Stokes,tina.stokes.50818@retailverse.example,+44 7926814838,1945-05-26,SILVER,N,2026-09-01 08:54:38,2026-09-01 08:54:38
SRC_CUSTOMER_B002_000001219,C0050819,Judith,Allen,judith.allen.50819@retailverse.example,+44 7499125343,1949-07-17,SILVER,Y,2026-09-02 05:19:10,2026-09-02 05:19:10
SRC_CUSTOMER_B002_000001220,C0050820,Judith,Jones,judith.jones.50820@retailverse.example,+44 7855254122,1947-11-11,SILVER,N,2026-09-02 20:43:15,2026-09-02 20:43:15
SRC_CUSTOMER_B002_000001221,C0050821,Sylvia,Ellis,sylvia.ellis.50821@retailverse.example,+44 7173978098,1954-05-15,NONE,N,2026-09-01 23:53:34,2026-09-01 23:53:34
SRC_CUSTOMER_B002_000001222,C0050822,Toby,Murphy,toby.murphy.50822@retailverse.example,+44 7460546966,1959-12-22,NONE,Y,2026-09-01 18:25:41,2026-09-01 18:25:41
SRC_CUSTOMER_B002_000001223,C0050823,Louise,Wilkinson,louise.wilkinson.50823@retailverse.example,+44 7546172575,1981-07-20,BRONZE,N,2026-09-03 08:15:02,2026-09-03 08:15:02
SRC_CUSTOMER_B002_000001224,C0050824,Amy,Johnston,amy.johnston.50824@retailverse.example,+44 7599706449,1986-09-14,NONE,Y,2026-09-03 03:54:26,2026-09-03 03:54:26
SRC_CUSTOMER_B002_000001225,C0050825,Charlene,Leonard,charlene.leonard.50825@retailverse.example,+44 7160571581,1995-04-29,NONE,N,2026-09-03 00:47:23,2026-09-03 00:47:23
SRC_CUSTOMER_B002_000001226,C0050826,Raymond,Randall,raymond.randall.50826@retailverse.example,+44 7355728479,1993-01-31,BRONZE,Y,2026-09-02 09:06:38,2026-09-02 09:06:38
SRC_CUSTOMER_B002_000001227,C0050827,Shannon,Barnes,shannon.barnes.50827@retailverse.example,+44 7272837672,1988-06-21,BRONZE,N,2026-09-03 04:47:29,2026-09-03 04:47:29
SRC_CUSTOMER_B002_000001228,C0050828,Vincent,Francis,vincent.francis.50828@retailverse.example,+44 7183439093,1978-03-22,BRONZE,Y,2026-09-03 03:02:39,2026-09-03 03:02:39
SRC_CUSTOMER_B002_000001229,C0050829,Adrian,Wood,adrian.wood.50829@retailverse.example,+44 7468475206,1968-12-29,BRONZE,Y,2026-09-01 22:07:00,2026-09-01 22:07:00
SRC_CUSTOMER_B002_000001230,C0050830,Linda,Lewis,linda.lewis.50830@retailverse.example,+44 7045930875,1991-10-28,NONE,N,2026-09-02 07:59:32,2026-09-02 07:59:32
SRC_CUSTOMER_B002_000001231,C0050831,Marilyn,Cox,marilyn.cox.50831@retailverse.example,+44 7180985568,1962-07-03,BRONZE,N,2026-09-01 20:34:03,2026-09-01 20:34:03
SRC_CUSTOMER_B002_000001232,C0050832,Eric,Robinson,eric.robinson.50832@retailverse.example,+44 7978061655,1952-09-19,BRONZE,N,2026-09-02 12:10:16,2026-09-02 12:10:16
SRC_CUSTOMER_B002_000001233,C0050833,Gemma,Clements,gemma.clements.50833@retailverse.example,+44 7355579184,1985-09-05,NONE,Y,2026-09-01 14:02:39,2026-09-01 14:02:39
SRC_CUSTOMER_B002_000001234,C0050834,James,Reed,james.reed.50834@retailverse.example,+44 7519075283,2000-03-16,NONE,Y,2026-09-03 03:17:32,2026-09-03 03:17:32
SRC_CUSTOMER_B002_000001235,C0050835,Kim,Robinson,kim.robinson.50835@retailverse.example,+44 7537949496,2004-10-08,NONE,N,2026-09-01 09:04:37,2026-09-01 09:04:37
SRC_CUSTOMER_B002_000001236,C0050836,Sharon,Hutchinson,sharon.hutchinson.50836@retailverse.example,+44 7752852580,1993-10-25,NONE,Y,2026-09-01 01:34:19,2026-09-01 01:34:19
SRC_CUSTOMER_B002_000001237,C0050837,Grace,Perkins,grace.perkins.50837@retailverse.example,+44 7064963690,1999-09-26,NONE,Y,2026-09-01 06:56:15,2026-09-01 06:56:15
SRC_CUSTOMER_B002_000001238,C0050838,Matthew,Porter,matthew.porter.50838@retailverse.example,+44 7260550274,1980-12-21,NONE,Y,2026-09-03 14:36:44,2026-09-03 14:36:44
SRC_CUSTOMER_B002_000001239,C0050839,Sian,White,sian.white.50839@retailverse.example,+44 7094714162,2001-09-15,GOLD,Y,2026-09-03 07:23:25,2026-09-03 07:23:25
SRC_CUSTOMER_B002_000001240,C0050840,Justin,McDonald,justin.mcdonald.50840@retailverse.example,+44 7385920851,1978-09-20,BRONZE,Y,2026-09-03 21:43:16,2026-09-03 21:43:16
SRC_CUSTOMER_B002_000001241,C0050841,Frank,Clarke,frank.clarke.50841@retailverse.example,+44 7255827976,1987-07-30,NONE,Y,2026-09-01 15:25:11,2026-09-01 15:25:11
SRC_CUSTOMER_B002_000001242,C0050842,Benjamin,Morton,benjamin.morton.50842@retailverse.example,+44 7548596540,1989-05-14,GOLD,N,2026-09-01 16:33:40,2026-09-01 16:33:40
SRC_CUSTOMER_B002_000001243,C0050843,Samantha,Jones,samantha.jones.50843@retailverse.example,+44 7314877548,2004-01-08,BRONZE,N,2026-02-05 07:36:31,2026-09-01 17:30:52
SRC_CUSTOMER_B002_000001244,C0050844,Charlene,O'Connor,charlene.o'connor.50844@retailverse.example,+44 7455465245,1998-04-14,NONE,Y,2026-09-03 03:27:01,2026-09-03 03:27:01
SRC_CUSTOMER_B002_000001245,C0050845,Nicola,Green,nicola.green.50845@retailverse.example,+44 7095929582,1987-07-15,GOLD,Y,2026-09-01 00:44:43,2026-09-01 00:44:43
SRC_CUSTOMER_B002_000001246,C0050846,Martin,Gibson,martin.gibson.50846@retailverse.example,+44 7992464836,1974-04-09,BRONZE,Y,2026-09-02 17:45:35,2026-09-02 17:45:35
SRC_CUSTOMER_B002_000001247,C0050847,Mohammad,Powell,mohammad.powell.50847@retailverse.example,+44 7506001543,1969-10-22,SILVER,Y,2026-09-02 16:00:43,2026-09-02 16:00:43
SRC_CUSTOMER_B002_000001248,C0050848,Elizabeth,Wilkinson,elizabeth.wilkinson.50848@retailverse.example,+44 7405660470,1995-05-19,NONE,N,2026-09-01 06:54:28,2026-09-01 06:54:28
SRC_CUSTOMER_B002_000001249,C0050849,Rachel,Brown,rachel.brown.50849@retailverse.example,+44 7377791579,1963-06-29,NONE,Y,2026-09-03 16:15:17,2026-09-03 16:15:17
SRC_CUSTOMER_B002_000001250,C0050850,Benjamin,Lewis,benjamin.lewis.50850@retailverse.example,+44 7373339815,1962-05-05,NONE,Y,2026-09-03 11:14:21,2026-09-03 11:14:21
SRC_CUSTOMER_B002_000001251,C0050851,Julie,Hayward,julie.hayward.50851@retailverse.example,+44 7781360607,1971-09-17,NONE,N,2026-09-03 21:38:01,2026-09-03 21:38:01
SRC_CUSTOMER_B002_000001252,C0050852,Sian,Baxter,sian.baxter.50852@retailverse.example,+44 7578429428,1984-12-08,SILVER,Y,2026-09-02 12:45:07,2026-09-02 12:45:07
SRC_CUSTOMER_B002_000001253,C0050853,Martin,Lowe,martin.lowe.50853@retailverse.example,+44 7111065426,1996-09-23,SILVER,Y,2026-09-03 20:58:01,2026-09-03 20:58:01
SRC_CUSTOMER_B002_000001254,C0050854,Simon,Hooper,simon.hooper.50854@retailverse.example,+44 7084933458,1948-08-03,NONE,Y,2026-09-01 13:57:33,2026-09-01 13:57:33
SRC_CUSTOMER_B002_000001255,C0050855,Shane,Williams,shane.williams.50855@retailverse.example,+44 7604923267,1995-04-02,NONE,Y,2026-09-02 21:05:13,2026-09-02 21:05:13
SRC_CUSTOMER_B002_000001256,C0050856,Cameron,Walsh,cameron.walsh.50856@retailverse.example,+44 7460343128,1958-02-06,NONE,Y,2026-09-01 01:29:12,2026-09-01 01:29:12
SRC_CUSTOMER_B002_000001257,C0050857,Fiona,Fox,fiona.fox.50857@retailverse.example,+44 7468148876,1970-03-23,GOLD,Y,2026-09-03 02:00:37,2026-09-03 02:00:37
SRC_CUSTOMER_B002_000001258,C0050858,Gillian,Allen,gillian.allen.50858@retailverse.example,+44 7140725886,1974-06-17,NONE,Y,2026-09-01 00:05:08,2026-09-01 00:05:08
SRC_CUSTOMER_B002_000001259,C0050859,Cheryl,King,cheryl.king.50859@retailverse.example,+44 7413153604,2006-07-12,SILVER,Y,2026-09-03 07:48:13,2026-09-03 07:48:13
SRC_CUSTOMER_B002_000001260,C0050860,Andrea,Ward,andrea.ward.50860@retailverse.example,+44 7733333844,1999-02-06,GOLD,N,2026-09-02 04:39:37,2026-09-02 04:39:37
SRC_CUSTOMER_B002_000001261,C0050861,Clare,Farrell,clare.farrell.50861@retailverse.example,+44 7610577694,1964-05-05,BRONZE,Y,2026-09-02 16:24:15,2026-09-02 16:24:15
SRC_CUSTOMER_B002_000001262,C0050862,Wayne,Turner,wayne.turner.50862@retailverse.example,+44 7240368966,1946-01-24,NONE,Y,2026-09-03 21:24:09,2026-09-03 21:24:09
SRC_CUSTOMER_B002_000001263,C0050863,Oliver,Atkinson,oliver.atkinson.50863@retailverse.example,+44 7622103547,1957-10-01,NONE,Y,2026-09-01 18:11:08,2026-09-01 18:11:08
SRC_CUSTOMER_B002_000001264,C0050864,Sam,Pearce,sam.pearce.50864@retailverse.example,+44 7243382341,1970-03-16,NONE,N,2026-09-03 07:36:10,2026-09-03 07:36:10
SRC_CUSTOMER_B002_000001265,C0050865,Jasmine,Bell,jasmine.bell.50865@retailverse.example,+44 7699611245,1954-10-17,BRONZE,Y,2026-09-02 21:38:39,2026-09-02 21:38:39
SRC_CUSTOMER_B002_000001266,C0050866,Alexander,Roberts,alexander.roberts.50866@retailverse.example,+44 7758037718,2003-10-26,NONE,N,2026-09-03 19:19:08,2026-09-03 19:19:08
SRC_CUSTOMER_B002_000001267,C0050867,Danielle,Sinclair,danielle.sinclair.50867@retailverse.example,+44 7797575472,1988-06-12,BRONZE,Y,2026-09-03 18:52:35,2026-09-03 18:52:35
SRC_CUSTOMER_B002_000001268,C0050868,Carolyn,Taylor,carolyn.taylor.50868@retailverse.example,+44 7258313724,1947-06-01,SILVER,Y,2026-09-03 19:36:02,2026-09-03 19:36:02
SRC_CUSTOMER_B002_000001269,C0050869,Danny,Martin,danny.martin.50869@retailverse.example,+44 7563457694,1991-12-07,BRONZE,Y,2026-09-02 07:12:09,2026-09-02 07:12:09
SRC_CUSTOMER_B002_000001270,C0050870,Diane,Moss,diane.moss.50870@retailverse.example,+44 7747117741,1972-06-09,BRONZE,Y,2026-09-01 04:00:19,2026-09-01 04:00:19
SRC_CUSTOMER_B002_000001271,C0050871,Shane,Smith,shane.smith.50871@retailverse.example,+44 7995313390,1961-09-22,BRONZE,Y,2026-09-02 01:21:15,2026-09-02 01:21:15
SRC_CUSTOMER_B002_000001272,C0050872,Josh,Brookes,josh.brookes.50872@retailverse.example,+44 7340733452,1980-01-19,NONE,N,2026-09-02 01:36:16,2026-09-02 01:36:16
SRC_CUSTOMER_B002_000001273,C0050873,Andrea,Smith,andrea.smith.50873@retailverse.example,+44 7831219525,2001-10-19,NONE,Y,2026-09-03 11:12:41,2026-09-03 11:12:41
SRC_CUSTOMER_B002_000001274,C0050874,Maria,Giles,maria.giles.50874@retailverse.example,+44 7634939620,1996-12-15,NONE,Y,2026-09-01 05:27:40,2026-09-01 05:27:40
SRC_CUSTOMER_B002_000001275,C0050875,Jordan,Hall,jordan.hall.50875@retailverse.example,+44 7359937514,1983-04-13,SILVER,Y,2026-09-01 15:43:18,2026-09-01 15:43:18
SRC_CUSTOMER_B002_000001276,C0050876,Sylvia,Turnbull,sylvia.turnbull.50876@retailverse.example,+44 7658326291,1978-10-28,NONE,N,2026-09-02 08:25:47,2026-09-02 08:25:47
SRC_CUSTOMER_B002_000001277,C0050877,Melissa,Lee,melissa.lee.50877@retailverse.example,+44 7699056811,1961-07-04,BRONZE,N,2026-09-01 09:27:31,2026-09-01 09:27:31
SRC_CUSTOMER_B002_000001278,C0050878,Anne,Hughes,anne.hughes.50878@retailverse.example,+44 7986941384,1977-11-25,NONE,N,2026-09-02 11:19:21,2026-09-02 11:19:21
SRC_CUSTOMER_B002_000001279,C0050879,Cameron,Foster,cameron.foster.50879@retailverse.example,+44 7170690810,1947-11-13,BRONZE,Y,2026-09-02 00:32:30,2026-09-02 00:32:30
SRC_CUSTOMER_B002_000001280,C0050880,Martyn,Robertson,martyn.robertson.50880@retailverse.example,+44 7533864029,1997-01-02,BRONZE,Y,2026-09-01 10:37:08,2026-09-01 10:37:08
SRC_CUSTOMER_B002_000001281,C0050881,Harry,Smith,harry.smith.50881@retailverse.example,+44 7787657567,1970-08-28,NONE,N,2026-09-03 16:13:37,2026-09-03 16:13:37
SRC_CUSTOMER_B002_000001282,C0050882,Ryan,Smart,ryan.smart.50882@retailverse.example,+44 7172170499,1997-08-28,NONE,TRUE,2026-09-03 18:32:35,2026-09-03 18:32:35
SRC_CUSTOMER_B002_000001283,C0050883,Callum,Hewitt,callum.hewitt.50883@retailverse.example,+44 7194600768,1998-06-04,SILVER,N,2026-09-01 17:57:24,2026-09-01 17:57:24
SRC_CUSTOMER_B002_000001284,C0050884,Rosemary,Allen,rosemary.allen.50884@retailverse.example,+44 7946614321,1994-07-12,NONE,Y,2026-09-01 00:14:46,2026-09-01 00:14:46
SRC_CUSTOMER_B002_000001285,C0050885,Liam,Jackson,liam.jackson.50885@retailverse.example,+44 7228180674,1992-09-21,NONE,Y,2026-09-01 19:18:14,2026-09-01 19:18:14
SRC_CUSTOMER_B002_000001286,C0050886,Brenda,Hooper,brenda.hooper.50886@retailverse.example,+44 7958862249,1954-02-06,BRONZE,Y,2026-09-01 23:48:30,2026-09-01 23:48:30
SRC_CUSTOMER_B002_000001287,C0050887,Josephine,Holden,josephine.holden.50887@retailverse.example,+44 7763645433,1986-07-10,BRONZE,Y,2026-09-02 17:59:28,2026-09-02 17:59:28
SRC_CUSTOMER_B002_000001288,C0050888,Bryan,Fisher,bryan.fisher.50888@retailverse.example,+44 7477100221,1974-01-09,BRONZE,Y,2026-09-02 06:52:27,2026-09-02 06:52:27
SRC_CUSTOMER_B002_000001289,C0050889,Carl,Tucker,carl.tucker.50889@retailverse.example,+44 7419558558,2001-12-29,SILVER,Y,2026-09-03 07:06:47,2026-09-03 07:06:47
SRC_CUSTOMER_B002_000001290,C0050890,Allan,Nicholson,allan.nicholson.50890@retailverse.example,+44 7005785850,1974-04-30,BRONZE,Y,2026-09-01 02:03:00,2026-09-01 02:03:00
SRC_CUSTOMER_B002_000001291,C0050891,Frederick,Norton,frederick.norton.50891@retailverse.example,+44 7156996475,1992-03-05,SILVER,N,2026-09-01 05:46:38,2026-09-01 05:46:38
SRC_CUSTOMER_B002_000001292,C0050892,Nigel,Collins,nigel.collins.50892@retailverse.example,+44 7108310318,1962-11-23,NONE,Y,2026-09-02 06:12:51,2026-09-02 06:12:51
SRC_CUSTOMER_B002_000001293,C0050893,Martyn,Payne,martyn.payne.50893@retailverse.example,+44 7927900357,1972-07-22,SILVER,Y,2026-09-01 10:46:39,2026-09-01 10:46:39
SRC_CUSTOMER_B002_000001294,C0050894,Frank,Watson,frank.watson.50894@retailverse.example,+44 7740743472,1970-05-07,BRONZE,N,2026-09-01 15:08:04,2026-09-01 15:08:04
SRC_CUSTOMER_B002_000001295,C0050895,Lewis,Evans,lewis.evans.50895@retailverse.example,+44 7000110585,2002-10-19,NONE,Y,2026-09-01 02:10:14,2026-09-01 02:10:14
SRC_CUSTOMER_B002_000001296,C0050896,Jennifer,Jenkins,jennifer.jenkins.50896@retailverse.example,+44 7899952720,1994-01-16,NONE,N,2026-09-03 16:32:35,2026-09-03 16:32:35
SRC_CUSTOMER_B002_000001297,C0050897,Carly,Smith,carly.smith.50897@retailverse.example,+44 7153130446,1952-02-28,NONE,N,2026-09-02 03:24:28,2026-09-02 03:24:28
SRC_CUSTOMER_B002_000001298,C0050898,Melissa,Mills,melissa.mills.50898@retailverse.example,+44 7538068629,1976-03-06,NONE,N,2026-09-02 22:19:28,2026-09-02 22:19:28
SRC_CUSTOMER_B002_000001299,C0050899,Bethany,Collins,bethany.collins.50899@retailverse.example,+44 7509213339,1982-06-02,BRONZE,Y,2026-09-02 16:57:01,2026-09-02 16:57:01
SRC_CUSTOMER_B002_000001300,C0050900,William,Martin,william.martin.50900@retailverse.example,+44 7823540028,2005-04-22,NONE,Y,2026-09-01 18:31:28,2026-09-01 18:31:28
SRC_CUSTOMER_B002_000001301,C0050901,Sian,Bryant,sian.bryant.50901@retailverse.example,+44 7556477824,1976-12-21,NONE,Y,2026-09-03 11:01:22,2026-09-03 11:01:22
SRC_CUSTOMER_B002_000001302,C0050902,Abigail,Dickinson,abigail.dickinson.50902@retailverse.example,+44 7028739681,1966-04-10,NONE,Y,2026-09-02 13:46:47,2026-09-02 13:46:47
SRC_CUSTOMER_B002_000001303,C0050903,Jean,Clayton,jean.clayton.50903@retailverse.example,+44 7889941992,1973-04-01,BRONZE,Y,2026-09-03 04:02:42,2026-09-03 04:02:42
SRC_CUSTOMER_B002_000001304,C0050904,Jessica,Day,jessica.day.50904@retailverse.example,+44 7509622617,1958-01-16,BRONZE,N,2026-09-02 18:45:09,2026-09-02 18:45:09
SRC_CUSTOMER_B002_000001305,C0050905,Daniel,Taylor,daniel.taylor.50905@retailverse.example,+44 7781571338,1998-01-22,NONE,N,2026-09-02 12:05:24,2026-09-02 12:05:24
SRC_CUSTOMER_B002_000001306,C0050906,Marie,Daly,marie.daly.50906@retailverse.example,+44 7470368605,1970-01-13,BRONZE,Y,2026-09-02 20:36:58,2026-09-02 20:36:58
SRC_CUSTOMER_B002_000001307,C0050907,Aimee,Griffiths,aimee.griffiths.50907@retailverse.example,+44 7731831013,2004-10-16,NONE,Y,2026-09-03 02:08:52,2026-09-03 02:08:52
SRC_CUSTOMER_B002_000001308,C0050908,Timothy,Bryant,timothy.bryant.50908@retailverse.example,+44 7176860896,1983-04-25,BRONZE,Y,2026-09-01 13:41:51,2026-09-01 13:41:51
SRC_CUSTOMER_B002_000001309,C0050909,Frances,Lewis,frances.lewis.50909@retailverse.example,+44 7211548372,1958-08-16,NONE,Y,2026-09-02 19:31:43,2026-09-02 19:31:43
SRC_CUSTOMER_B002_000001310,C0050910,Michael,Holland,michael.holland.50910@retailverse.example,+44 7531774796,2002-05-02,SILVER,N,2026-09-02 21:22:41,2026-09-02 21:22:41
SRC_CUSTOMER_B002_000001311,C0050911,Philip,Yates,philip.yates.50911@retailverse.example,+44 7651550617,2001-02-09,SILVER,Y,2026-09-03 21:09:14,2026-09-03 21:09:14
SRC_CUSTOMER_B002_000001312,C0050912,William,Howard,william.howard.50912@retailverse.example,+44 7450868162,1959-07-03,SILVER,Y,2026-09-01 10:38:29,2026-09-01 10:38:29
SRC_CUSTOMER_B002_000001313,C0050913,Bryan,Allan,bryan.allan.50913@retailverse.example,+44 7511683079,1973-01-23,NONE,Y,2026-09-02 00:23:50,2026-09-02 00:23:50
SRC_CUSTOMER_B002_000001314,C0050914,Debra,Smith,debra.smith.50914@retailverse.example,+44 7572692661,1969-09-15,NONE,Y,2026-09-03 18:08:25,2026-09-03 18:08:25
SRC_CUSTOMER_B002_000001315,C0050915,Emma,Payne,emma.payne.50915@retailverse.example,+44 7945349879,1980-04-30,NONE,Y,2026-09-03 04:54:23,2026-09-03 04:54:23
SRC_CUSTOMER_B002_000001316,C0050916,Leanne,Todd,leanne.todd.50916@retailverse.example,+44 7196566401,1947-11-30,NONE,Y,2026-09-01 04:18:17,2026-09-01 04:18:17
SRC_CUSTOMER_B002_000001317,C0050917,Lucy,Davies,lucy.davies.50917@retailverse.example,+44 7996320367,1974-11-10,SILVER,N,2026-09-03 18:00:23,2026-09-03 18:00:23
SRC_CUSTOMER_B002_000001318,C0050918,Joanna,Jackson,joanna.jackson.50918@retailverse.example,+44 7229503324,1967-06-17,NONE,Y,2026-09-02 09:19:25,2026-09-02 09:19:25
SRC_CUSTOMER_B002_000001319,C0050919,Dennis,Cameron,dennis.cameron.50919@retailverse.example,+44 7528379849,1997-01-06,BRONZE,Y,2026-09-03 01:45:25,2026-09-03 01:45:25
SRC_CUSTOMER_B002_000001320,C0050920,Samantha,Ferguson,samantha.ferguson.50920@retailverse.example,+44 7439795160,1950-11-07,SILVER,N,2026-09-02 15:52:28,2026-09-02 15:52:28
SRC_CUSTOMER_B002_000001321,C0050921,Marilyn,Johnston,marilyn.johnston.50921@retailverse.example,+44 7821615915,1967-12-18,BRONZE,Y,2026-09-01 06:11:23,2026-09-01 06:11:23
SRC_CUSTOMER_B002_000001322,C0050922,Albert,Morris,albert.morris.50922@retailverse.example,+44 7745365130,1981-04-17,NONE,Y,2026-09-03 07:31:51,2026-09-03 07:31:51
SRC_CUSTOMER_B002_000001323,C0050923,Sharon,Peacock,sharon.peacock.50923@retailverse.example,+44 7672043483,1945-08-02,BRONZE,Y,2026-09-02 01:40:18,2026-09-02 01:40:18
SRC_CUSTOMER_B002_000001324,C0050924,Glenn,Owen,glenn.owen.50924@retailverse.example,+44 7892008801,1975-03-08,SILVER,Y,2026-09-02 10:44:19,2026-09-02 10:44:19
SRC_CUSTOMER_B002_000001325,C0050925,Chloe,Pearson,chloe.pearson.50925@retailverse.example,+44 7421093985,1976-02-21,SILVER,N,2026-09-03 09:56:32,2026-09-03 09:56:32
SRC_CUSTOMER_B002_000001326,C0050926,Lynda,Holmes,lynda.holmes.50926@retailverse.example,+44 7205233729,1966-04-29,NONE,Y,2026-09-02 22:28:48,2026-09-02 22:28:48
SRC_CUSTOMER_B002_000001327,C0050927,Carol,Spencer,carol.spencer.50927@retailverse.example,+44 7244022815,1964-03-02,NONE,N,2026-09-01 13:57:18,2026-09-01 13:57:18
SRC_CUSTOMER_B002_000001328,C0050928,Sian,Davis,sian.davis.50928@retailverse.example,+44 7393535676,1974-11-05,NONE,Y,2026-09-02 05:46:27,2026-09-02 05:46:27
SRC_CUSTOMER_B002_000001329,C0050929,Colin,Davison,colin.davison.50929@retailverse.example,+44 7243717214,2000-05-25,SILVER,Y,2026-09-02 09:34:41,2026-09-02 09:34:41
SRC_CUSTOMER_B002_000001330,C0050930,Cameron,Harrison,cameron.harrison.50930@retailverse.example,+44 7711136682,1991-09-20,NONE,Y,2024-12-17 06:26:04,2026-09-03 09:57:12
SRC_CUSTOMER_B002_000001331,C0050931,Jodie,Ahmed,jodie.ahmed.50931@retailverse.example,+44 7708614581,1953-05-27,NONE,Y,2026-09-01 16:44:50,2026-09-01 16:44:50
SRC_CUSTOMER_B002_000001332,C0050932,Bryan,Bentley,bryan.bentley.50932@retailverse.example,+44 7508072916,1961-10-27,BRONZE,Y,2026-09-02 20:27:50,2026-09-02 20:27:50
SRC_CUSTOMER_B002_000001333,C0050933,Stacey,Davies,stacey.davies.50933@retailverse.example,+44 7936729239,1975-07-05,GOLD,Y,2026-09-02 05:12:17,2026-09-02 05:12:17
SRC_CUSTOMER_B002_000001334,C0050934,Lee,Chadwick,lee.chadwick.50934@retailverse.example,+44 7996989976,1953-05-01,SILVER,N,2026-09-01 20:42:16,2026-09-01 20:42:16
SRC_CUSTOMER_B002_000001335,C0050935,Albert,Clarke,albert.clarke.50935@retailverse.example,+44 7302687013,1983-01-07,BRONZE,Y,2026-09-02 14:37:23,2026-09-02 14:37:23
SRC_CUSTOMER_B002_000001336,C0050936,Abigail,Kerr,abigail.kerr.50936@retailverse.example,+44 7152044095,1994-07-28,BRONZE,N,2026-09-01 01:13:10,2026-09-01 01:13:10
SRC_CUSTOMER_B002_000001337,C0050937,Adrian,Jones,adrian.jones.50937@retailverse.example,+44 7527618873,1994-07-15,NONE,Y,2026-09-03 08:12:05,2026-09-03 08:12:05
SRC_CUSTOMER_B002_000001338,C0050938,Irene,Little,irene.little.50938@retailverse.example,+44 7268385822,1975-11-21,NONE,Y,2026-09-03 03:36:05,2026-09-03 03:36:05
SRC_CUSTOMER_B002_000001339,C0050939,Pamela,Sims,pamela.sims.50939@retailverse.example,+44 7569641512,2005-12-31,SILVER,Y,2026-09-03 08:31:50,2026-09-03 08:31:50
SRC_CUSTOMER_B002_000001340,C0050940,Lesley,Todd,lesley.todd.50940@retailverse.example,+44 7101041816,1947-01-27,SILVER,N,2026-09-03 08:45:29,2026-09-03 08:45:29
SRC_CUSTOMER_B002_000001341,C0050941,James,Jennings,james.jennings.50941@retailverse.example,+44 7102407539,2005-07-28,NONE,Y,2026-09-02 15:56:28,2026-09-02 15:56:28
SRC_CUSTOMER_B002_000001342,C0050942,Stuart,Barnett,stuart.barnett.50942@retailverse.example,+44 7933479640,1958-04-15,NONE,Y,2026-09-01 17:58:10,2026-09-01 17:58:10
SRC_CUSTOMER_B002_000001343,C0050943,Bernard,Green,bernard.green.50943@retailverse.example,+44 7835867364,1982-04-03,NONE,Y,2026-09-03 18:49:59,2026-09-03 18:49:59
SRC_CUSTOMER_B002_000001344,C0050944,Sally,Lee,sally.lee.50944@retailverse.example,+44 7777491153,1989-01-07,NONE,Y,2026-09-01 11:52:01,2026-09-01 11:52:01
SRC_CUSTOMER_B002_000001345,C0050945,Gareth,O'Connor,gareth.o'connor.50945@retailverse.example,+44 7508914726,1990-07-23,BRONZE,Y,2026-09-02 14:41:05,2026-09-02 14:41:05
SRC_CUSTOMER_B002_000001346,C0050946,Robin,Hall,robin.hall.50946@retailverse.example,+44 7058807301,1989-12-12,BRONZE,N,2026-05-02 14:30:32,2026-09-03 02:47:25
SRC_CUSTOMER_B002_000001347,C0050947,Deborah,Goodwin,deborah.goodwin.50947@retailverse.example,+44 7596943877,1976-01-11,NONE,Y,2026-09-02 13:29:05,2026-09-02 13:29:05
SRC_CUSTOMER_B002_000001348,C0050948,Karen,Smith,karen.smith.50948@retailverse.example,+44 7088422937,1984-12-12,BRONZE,Y,2026-09-03 12:07:40,2026-09-03 12:07:40
SRC_CUSTOMER_B002_000001349,C0050949,Ricky,Bennett,ricky.bennett.50949@retailverse.example,+44 7175637895,1961-01-10,SILVER,N,2026-09-02 21:04:11,2026-09-02 21:04:11
SRC_CUSTOMER_B002_000001350,C0050950,Sara,Lynch,sara.lynch.50950@retailverse.example,+44 7016449600,1957-03-29,BRONZE,N,2026-09-03 17:18:04,2026-09-03 17:18:04
SRC_CUSTOMER_B002_000001351,C0050951,Elizabeth,Ward,elizabeth.ward.50951@retailverse.example,+44 7990299464,1989-04-09,NONE,Y,2026-09-02 08:31:31,2026-09-02 08:31:31
SRC_CUSTOMER_B002_000001352,C0050952,Marian,Smith,marian.smith.50952@retailverse.example,+44 7417506358,1974-03-12,BRONZE,Y,2026-09-03 11:48:56,2026-09-03 11:48:56
SRC_CUSTOMER_B002_000001353,C0050953,Marc,Wong,marc.wong.50953@retailverse.example,+44 7903620239,1992-11-15,NONE,N,2026-09-01 16:06:56,2026-09-01 16:06:56
SRC_CUSTOMER_B002_000001354,C0050954,Georgia,Harrison,georgia.harrison.50954@retailverse.example,+44 7616296900,1987-11-15,NONE,Y,2026-09-02 15:05:56,2026-09-02 15:05:56
SRC_CUSTOMER_B002_000001355,C0050955,Jemma,Shepherd,jemma.shepherd.50955@retailverse.example,+44 7568411538,1967-07-19,NONE,Y,2026-09-02 15:00:56,2026-09-02 15:00:56
SRC_CUSTOMER_B002_000001356,C0050956,Malcolm,Taylor,malcolm.taylor.50956@retailverse.example,+44 7620457006,1992-06-30,NONE,Y,2026-09-03 14:01:29,2026-09-03 14:01:29
SRC_CUSTOMER_B002_000001357,C0050957,Joan,Fox,joan.fox.50957@retailverse.example,+44 7313267238,1991-10-23,SILVER,N,2026-09-03 21:55:57,2026-09-03 21:55:57
SRC_CUSTOMER_B002_000001358,C0050958,Karen,Hughes,karen.hughes.50958@retailverse.example,+44 7723970833,1970-07-28,SILVER,Y,2026-09-02 08:18:54,2026-09-02 08:18:54
SRC_CUSTOMER_B002_000001359,C0050959,Kerry,Hughes,kerry.hughes.50959@retailverse.example,+44 7619106624,2007-05-29,BRONZE,N,2026-09-02 03:31:37,2026-09-02 03:31:37
SRC_CUSTOMER_B002_000001360,C0050960,Lauren,Campbell,lauren.campbell.50960@retailverse.example,+44 7558639011,1968-12-23,BRONZE,Y,2026-09-01 00:49:14,2026-09-01 00:49:14
SRC_CUSTOMER_B002_000001361,C0050961,Ronald,Simmons,ronald.simmons.50961@retailverse.example,+44 7875628957,1990-08-24,BRONZE,Y,2026-09-03 03:26:11,2026-09-03 03:26:11
SRC_CUSTOMER_B002_000001362,C0050962,Clare,Clements,clare.clements.50962@retailverse.example,+44 7851118088,1994-08-09,NONE,Y,2026-09-03 05:21:08,2026-09-03 05:21:08
SRC_CUSTOMER_B002_000001363,C0050963,Charles,Bailey,charles.bailey.50963@retailverse.example,+44 7213895573,1951-03-28,BRONZE,Y,2026-09-01 06:04:14,2026-09-01 06:04:14
SRC_CUSTOMER_B002_000001364,C0050964,Vanessa,Johnson,vanessa.johnson.50964@retailverse.example,+44 7998221105,1975-01-17,NONE,Y,2026-09-02 04:34:45,2026-09-02 04:34:45
SRC_CUSTOMER_B002_000001365,C0050965,Maureen,Moore,maureen.moore.50965@retailverse.example,+44 7331405465,1971-11-27,BRONZE,Y,2026-09-01 02:40:38,2026-09-01 02:40:38
SRC_CUSTOMER_B002_000001366,C0050966,Stewart,James,stewart.james.50966@retailverse.example,+44 7301523545,1970-03-18,BRONZE,Y,2026-09-02 05:59:04,2026-09-02 05:59:04
SRC_CUSTOMER_B002_000001367,C0050967,Marion,Hope,marion.hope.50967@retailverse.example,+44 7501593047,1951-05-20,BRONZE,N,2026-09-03 06:07:08,2026-09-03 06:07:08
SRC_CUSTOMER_B002_000001368,C0050968,Valerie,Robertson,valerie.robertson.50968@retailverse.example,+44 7067964843,1981-04-14,BRONZE,N,2026-09-03 10:33:49,2026-09-03 10:33:49
SRC_CUSTOMER_B002_000001369,C0050969,Chloe,Andrews,chloe.andrews.50969@retailverse.example,+44 7834222525,2007-01-01,BRONZE,Y,2026-09-02 17:23:57,2026-09-02 17:23:57
SRC_CUSTOMER_B002_000001370,C0050970,Conor,Jones,conor.jones.50970@retailverse.example,+44 7196591474,1966-01-28,NONE,Y,2026-09-03 23:38:47,2026-09-03 23:38:47
SRC_CUSTOMER_B002_000001371,C0050971,Katy,Holmes,katy.holmes.50971@retailverse.example,+44 7105354543,1968-08-24,BRONZE,N,2026-09-03 01:47:07,2026-09-03 01:47:07
SRC_CUSTOMER_B002_000001372,C0050972,Annette,Green,annette.green.50972@retailverse.example,+44 7691232221,1996-05-05,SILVER,N,2026-09-03 13:07:10,2026-09-03 13:07:10
SRC_CUSTOMER_B002_000001373,C0050973,Leah,Hughes,leah.hughes.50973@retailverse.example,+44 7344359121,1949-08-11,BRONZE,Y,2026-09-03 23:52:30,2026-09-03 23:52:30
SRC_CUSTOMER_B002_000001374,C0050974,Louis,Martin,louis.martin.50974@retailverse.example,+44 7248796908,1960-03-30,SILVER,Y,2026-09-02 13:51:46,2026-09-02 13:51:46
SRC_CUSTOMER_B002_000001375,C0050975,Steven,Scott,steven.scott.50975@retailverse.example,+44 7203852262,1950-10-17,NONE,N,2026-09-02 21:09:12,2026-09-02 21:09:12
SRC_CUSTOMER_B002_000001376,C0050976,Linda,Newman,linda.newman.50976@retailverse.example,+44 7516552517,2001-07-23,SILVER,Y,2026-09-01 20:45:10,2026-09-01 20:45:10
SRC_CUSTOMER_B002_000001377,C0050977,Kate,Green,kate.green.50977@retailverse.example,+44 7490681394,2001-08-16,GOLD,N,2026-09-03 10:09:26,2026-09-03 10:09:26
SRC_CUSTOMER_B002_000001378,C0050978,Suzanne,Anderson,suzanne.anderson.50978@retailverse.example,+44 7085382999,1986-06-26,SILVER,Y,2026-09-02 01:44:17,2026-09-02 01:44:17
SRC_CUSTOMER_B002_000001379,C0050979,Jamie,Haynes,jamie.haynes.50979@retailverse.example,+44 7561168055,1983-01-24,NONE,Y,2026-09-03 04:17:41,2026-09-03 04:17:41
SRC_CUSTOMER_B002_000001380,C0050980,Wayne,Lewis,wayne.lewis.50980@retailverse.example,+44 7176252056,1977-05-21,SILVER,Y,2026-09-03 22:58:40,2026-09-03 22:58:40
SRC_CUSTOMER_B002_000001381,C0050981,Maureen,Reeves,maureen.reeves.50981@retailverse.example,+44 7756464394,1955-05-12,GOLD,Y,2026-09-01 00:49:02,2026-09-01 00:49:02
SRC_CUSTOMER_B002_000001382,C0050982,June,Booth,june.booth.50982@retailverse.example,+44 7677140849,1967-08-18,SILVER,N,2026-09-01 07:14:04,2026-09-01 07:14:04
SRC_CUSTOMER_B002_000001383,C0050983,Claire,Hyde,claire.hyde.50983@retailverse.example,+44 7494268885,1987-03-10,SILVER,N,2026-09-01 16:53:58,2026-09-01 16:53:58
SRC_CUSTOMER_B002_000001384,C0050984,Gillian,Harvey,gillian.harvey.50984@retailverse.example,+44 7505385001,1975-02-09,NONE,Y,2026-09-02 11:50:28,2026-09-02 11:50:28
SRC_CUSTOMER_B002_000001385,C0050985,Eileen,Cartwright,eileen.cartwright.50985@retailverse.example,+44 7815550999,1997-03-20,SILVER,Y,2026-09-01 08:04:10,2026-09-01 08:04:10
SRC_CUSTOMER_B002_000001386,C0050986,Luke,Simpson,luke.simpson.50986@retailverse.example,+44 7107567379,1969-05-05,NONE,Y,2026-09-02 22:10:47,2026-09-02 22:10:47
SRC_CUSTOMER_B002_000001387,C0050987,Molly,Lewis,molly.lewis.50987@retailverse.example,+44 7853060857,1946-10-18,NONE,Y,2026-09-01 23:06:32,2026-09-01 23:06:32
SRC_CUSTOMER_B002_000001388,C0050988,Vanessa,Fuller,vanessa.fuller.50988@retailverse.example,+44 7758225657,1960-03-12,NONE,N,2026-09-01 20:33:29,2026-09-01 20:33:29
SRC_CUSTOMER_B002_000001389,C0050989,Danny,Perry,danny.perry.50989@retailverse.example,+44 7721237057,1982-08-07,BRONZE,Y,2026-09-01 11:32:16,2026-09-01 11:32:16
SRC_CUSTOMER_B002_000001390,C0050990,Charlene,Hayes,charlene.hayes.50990@retailverse.example,+44 7987310992,1978-03-12,NONE,Y,2026-09-01 09:20:01,2026-09-01 09:20:01
SRC_CUSTOMER_B002_000001391,C0050991,Mohamed,Stanley,mohamed.stanley.50991@retailverse.example,+44 7391874241,1995-08-25,GOLD,Y,2026-09-01 15:37:28,2026-09-01 15:37:28
SRC_CUSTOMER_B002_000001392,C0050992,Mark,Marshall,mark.marshall.50992@retailverse.example,+44 7316205773,1986-09-11,NONE,Y,2026-09-01 19:50:41,2026-09-01 19:50:41
SRC_CUSTOMER_B002_000001393,C0050993,Eileen,Coleman,eileen.coleman.50993@retailverse.example,+44 7619256669,1950-08-07,NONE,Y,2026-09-01 05:44:40,2026-09-01 05:44:40
SRC_CUSTOMER_B002_000001394,C0050994,Josephine,Harvey,josephine.harvey.50994@retailverse.example,+44 7627028289,1945-02-13,SILVER,N,2026-09-03 20:52:18,2026-09-03 20:52:18
SRC_CUSTOMER_B002_000001395,C0050995,Steven,Wilkinson,steven.wilkinson.50995@retailverse.example,+44 7462317431,1967-03-23,NONE,Y,2026-09-02 05:28:20,2026-09-02 05:28:20
SRC_CUSTOMER_B002_000001396,C0050996,Valerie,Robinson,valerie.robinson.50996@retailverse.example,+44 7641761620,2004-09-29,GOLD,Y,2026-09-02 23:49:52,2026-09-02 23:49:52
SRC_CUSTOMER_B002_000001397,C0050997,Danny,Foster,danny.foster.50997@retailverse.example,+44 7303204434,1973-04-15,BRONZE,N,2026-09-01 18:15:46,2026-09-01 18:15:46
SRC_CUSTOMER_B002_000001398,C0050998,Lindsey,Hall,lindsey.hall.50998@retailverse.example,+44 7162010923,1949-12-26,NONE,Y,2026-09-02 18:00:22,2026-09-02 18:00:22
SRC_CUSTOMER_B002_000001399,C0050999,Norman,Conway,norman.conway.50999@retailverse.example,+44 7889020001,1947-03-21,NONE,N,2026-09-01 23:41:32,2026-09-01 23:41:32
SRC_CUSTOMER_B002_000001400,C0051000,Albert,Newton,albert.newton.51000@retailverse.example,+44 7228691503,1973-10-22,NONE,N,2026-09-02 04:35:57,2026-09-02 04:35:57
SRC_CUSTOMER_B002_000001401,C0051001,Tina,Williams,tina.williams.51001@retailverse.example,+44 7371007810,1999-02-20,NONE,N,2026-09-01 08:28:59,2026-09-01 08:28:59
SRC_CUSTOMER_B002_000001402,C0051002,Judith,Smith,judith.smith.51002@retailverse.example,+44 7797847750,1970-05-10,BRONZE,Y,2026-09-01 03:00:58,2026-09-01 03:00:58
SRC_CUSTOMER_B002_000001403,C0051003,Kevin,Williams,kevin.williams.51003@retailverse.example,+44 7514331841,1964-03-04,NONE,N,2026-09-02 08:00:04,2026-09-02 08:00:04
SRC_CUSTOMER_B002_000001404,C0051004,Lisa,Ross,lisa.ross.51004@retailverse.example,+44 7554414614,1954-07-08,SILVER,Y,2026-09-03 17:35:27,2026-09-03 17:35:27
SRC_CUSTOMER_B002_000001405,C0051005,Dawn,Sharp,dawn.sharp.51005@retailverse.example,+44 7374940375,1985-04-17,BRONZE,Y,2026-09-03 05:54:28,2026-09-03 05:54:28
SRC_CUSTOMER_B002_000001406,C0051006,Damien,Thomas,damien.thomas.51006@retailverse.example,+44 7159262323,1997-07-23,SILVER,Y,2026-09-01 00:53:10,2026-09-01 00:53:10
SRC_CUSTOMER_B002_000001407,C0051007,Carly,Taylor,carly.taylor.51007@retailverse.example,+44 7100654642,1950-06-30,NONE,N,2026-09-03 17:30:39,2026-09-03 17:30:39
SRC_CUSTOMER_B002_000001408,C0051008,Marilyn,Thomas,marilyn.thomas.51008@retailverse.example,+44 7089988280,2003-09-11,BRONZE,Y,2026-09-03 01:51:30,2026-09-03 01:51:30
SRC_CUSTOMER_B002_000001409,C0051009,Kirsty,Cole,kirsty.cole.51009@retailverse.example,+44 7310829432,2005-12-04,NONE,Y,2024-07-13 23:16:04,2026-09-03 18:45:57
SRC_CUSTOMER_B002_000001410,C0051010,Raymond,Jennings,raymond.jennings.51010@retailverse.example,+44 7574247561,2007-03-05,BRONZE,N,2026-09-02 05:28:33,2026-09-02 05:28:33
SRC_CUSTOMER_B002_000001411,C0051011,Gregory,King,gregory.king.51011@retailverse.example,+44 7108165430,1999-02-25,NONE,N,2026-09-01 02:11:25,2026-09-01 02:11:25
SRC_CUSTOMER_B002_000001412,C0051012,Hazel,Singh,hazel.singh.51012@retailverse.example,+44 7381164165,1954-10-22,GOLD,N,2026-03-18 04:06:12,2026-09-01 19:41:32
SRC_CUSTOMER_B002_000001413,C0051013,Patrick,Taylor,patrick.taylor.51013@retailverse.example,+44 7498018388,1989-04-25,NONE,Y,2026-09-01 23:28:00,2026-09-01 23:28:00
SRC_CUSTOMER_B002_000001414,C0051014,Jessica,Ellis,jessica.ellis.51014@retailverse.example,+44 7467357197,1948-12-10,NONE,N,2026-09-03 22:45:48,2026-09-03 22:45:48
SRC_CUSTOMER_B002_000001415,C0051015,Hazel,Perry,hazel.perry.51015@retailverse.example,+44 7948017892,1984-11-12,SILVER,N,2026-09-01 19:52:11,2026-09-01 19:52:11
SRC_CUSTOMER_B002_000001416,C0051016,Beth,White,beth.white.51016@retailverse.example,+44 7821710890,1979-02-10,BRONZE,Y,2026-09-01 19:43:37,2026-09-01 19:43:37
SRC_CUSTOMER_B002_000001417,C0051017,Terence,O'Neill,terence.o'neill.51017@retailverse.example,+44 7134834981,1978-04-17,NONE,N,2026-09-02 19:43:15,2026-09-02 19:43:15
SRC_CUSTOMER_B002_000001418,C0051018,Vanessa,Taylor,vanessa.taylor.51018@retailverse.example,+44 7290808860,2005-05-09,GOLD,N,2026-09-02 12:25:43,2026-09-02 12:25:43
SRC_CUSTOMER_B002_000001419,C0051019,Karen,Richards,karen.richards.51019@retailverse.example,+44 7901629536,1991-02-22,NONE,Y,2026-09-03 21:07:04,2026-09-03 21:07:04
SRC_CUSTOMER_B002_000001420,C0051020,Ben,Brown,ben.brown.51020@retailverse.example,+44 7418526511,1960-05-01,NONE,Y,2026-09-01 06:42:28,2026-09-01 06:42:28
SRC_CUSTOMER_B002_000001421,C0051021,Sara,Smith,sara.smith.51021@retailverse.example,+44 7966046043,1975-08-12,SILVER,Y,2026-09-02 19:26:56,2026-09-02 19:26:56
SRC_CUSTOMER_B002_000001422,C0051022,Toby,Bell,toby.bell.51022@retailverse.example,+44 7608285889,1956-04-25,BRONZE,Y,2026-09-03 04:03:08,2026-09-03 04:03:08
SRC_CUSTOMER_B002_000001423,C0051023,Clifford,Taylor,clifford.taylor.51023@retailverse.example,+44 7489043373,1945-10-04,NONE,Y,2026-09-03 10:58:38,2026-09-03 10:58:38
SRC_CUSTOMER_B002_000001424,C0051024,Sian,Savage,sian.savage.51024@retailverse.example,+44 7251353695,1999-03-05,BRONZE,Y,2026-09-03 03:35:47,2026-09-03 03:35:47
SRC_CUSTOMER_B002_000001425,C0051025,Raymond,Ellis,raymond.ellis.51025@retailverse.example,+44 7161669276,1984-01-08,BRONZE,N,2026-09-02 05:58:44,2026-09-02 05:58:44
SRC_CUSTOMER_B002_000001426,C0051026,Sara,Gray,sara.gray.51026@retailverse.example,+44 7939248360,1947-08-07,NONE,Y,2026-09-01 01:10:46,2026-09-01 01:10:46
SRC_CUSTOMER_B002_000001427,C0051027,Grace,Hayes,grace.hayes.51027@retailverse.example,+44 7882988950,1966-12-16,NONE,Y,2026-09-01 12:58:21,2026-09-01 12:58:21
SRC_CUSTOMER_B002_000001428,C0051028,Sian,Harris,sian.harris.51028@retailverse.example,+44 7594473672,1952-01-21,NONE,N,2026-09-01 06:25:31,2026-09-01 06:25:31
SRC_CUSTOMER_B002_000001429,C0051029,Kim,Pickering,kim.pickering.51029@retailverse.example,+44 7134365331,1950-08-06,NONE,Y,2026-09-02 15:53:11,2026-09-02 15:53:11
SRC_CUSTOMER_B002_000001430,C0051030,Frank,Stone,frank.stone.51030@retailverse.example,+44 7436530035,2007-01-15,BRONZE,Y,2026-09-01 04:52:29,2026-09-01 04:52:29
SRC_CUSTOMER_B002_000001431,C0051031,Dominic,Jennings,dominic.jennings.51031@retailverse.example,+44 7055900254,1992-05-27,NONE,N,2026-09-01 01:54:27,2026-09-01 01:54:27
SRC_CUSTOMER_B002_000001432,C0051032,Rhys,Moore,rhys.moore.51032@retailverse.example,+44 7993969910,1995-10-06,BRONZE,Y,2026-09-02 03:43:56,2026-09-02 03:43:56
SRC_CUSTOMER_B002_000001433,C0051033,Chelsea,Cunningham,chelsea.cunningham.51033@retailverse.example,+44 7508141743,1991-01-04,NONE,N,2026-09-02 01:33:54,2026-09-02 01:33:54
SRC_CUSTOMER_B002_000001434,C0051034,Marie,Dale,marie.dale.51034@retailverse.example,+44 7054100175,2006-07-29,NONE,N,2026-09-02 00:38:21,2026-09-02 00:38:21
SRC_CUSTOMER_B002_000001435,C0051035,Bethany,Robinson,bethany.robinson.51035@retailverse.example,+44 7854852983,1953-07-12,BRONZE,Y,2026-09-03 06:59:16,2026-09-03 06:59:16
SRC_CUSTOMER_B002_000001436,C0051036,Michael,Smith,michael.smith.51036@retailverse.example,+44 7883954080,1999-02-18,SILVER,Y,2026-09-01 12:32:03,2026-09-01 12:32:03
SRC_CUSTOMER_B002_000001437,C0051037,Amanda,Jones,amanda.jones.51037@retailverse.example,+44 7063465567,1949-11-20,SILVER,Y,2025-12-08 14:20:38,2026-09-02 21:53:21
SRC_CUSTOMER_B002_000001438,C0051038,John,Patterson,john.patterson.51038@retailverse.example,+44 7068653515,1952-01-17,NONE,N,2026-09-02 18:46:51,2026-09-02 18:46:51
SRC_CUSTOMER_B002_000001439,C0051039,Brett,Wilson,brett.wilson.51039@retailverse.example,+44 7898581452,1967-07-14,SILVER,Y,2026-09-03 13:40:44,2026-09-03 13:40:44
SRC_CUSTOMER_B002_000001440,C0051040,Janet,Martin,janet.martin.51040@retailverse.example,+44 7900874173,1951-11-07,BRONZE,N,2026-09-01 21:26:39,2026-09-01 21:26:39
SRC_CUSTOMER_B002_000001441,C0051041,Gareth,Campbell,gareth.campbell.51041@retailverse.example,+44 7966487192,1948-07-08,SILVER,Y,2026-09-03 17:50:56,2026-09-03 17:50:56
SRC_CUSTOMER_B002_000001442,C0051042,Dawn,Saunders,dawn.saunders.51042@retailverse.example,+44 7996146740,2002-03-02,BRONZE,Y,2026-09-01 07:20:28,2026-09-01 07:20:28
SRC_CUSTOMER_B002_000001443,C0051043,Marcus,Herbert,marcus.herbert.51043@retailverse.example,+44 7940243024,1985-01-08,SILVER,Y,2026-09-01 18:03:44,2026-09-01 18:03:44
SRC_CUSTOMER_B002_000001444,C0051044,Henry,Jones,henry.jones.51044@retailverse.example,+44 7298409503,1966-10-07,SILVER,N,2026-09-02 01:52:19,2026-09-02 01:52:19
SRC_CUSTOMER_B002_000001445,C0051045,Conor,Skinner,conor.skinner.51045@retailverse.example,+44 7163020494,2001-09-27,GOLD,N,2026-09-03 14:51:22,2026-09-03 14:51:22
SRC_CUSTOMER_B002_000001446,C0051046,Shaun,Evans,shaun.evans.51046@retailverse.example,+44 7436013341,1990-02-24,SILVER,Y,2026-09-01 06:33:47,2026-09-01 06:33:47
SRC_CUSTOMER_B002_000001447,C0051047,Nicola,Reeves,nicola.reeves.51047@retailverse.example,+44 7335616448,1966-12-09,SILVER,Y,2026-09-01 03:14:45,2026-09-01 03:14:45
SRC_CUSTOMER_B002_000001448,C0051048,Ian,Newton,ian.newton.51048@retailverse.example,+44 7082412466,1969-12-23,NONE,N,2026-09-02 16:28:23,2026-09-02 16:28:23
SRC_CUSTOMER_B002_000001449,C0051049,Duncan,Carter,duncan.carter.51049@retailverse.example,+44 7181831298,1990-12-26,BRONZE,Y,2026-09-03 07:44:55,2026-09-03 07:44:55
SRC_CUSTOMER_B002_000001450,C0051050,Lydia,Brown,lydia.brown.51050@retailverse.example,+44 7503736917,1994-05-23,NONE,Y,2026-09-02 19:51:06,2026-09-02 19:51:06
SRC_CUSTOMER_B002_000001451,C0051051,Mathew,Page,mathew.page.51051@retailverse.example,+44 7507637018,1967-05-31,NONE,Y,2026-09-01 22:40:31,2026-09-01 22:40:31
SRC_CUSTOMER_B002_000001452,C0051052,Kim,Fry,kim.fry.51052@retailverse.example,+44 7630447907,2004-09-20,NONE,Y,2026-09-02 11:26:06,2026-09-02 11:26:06
SRC_CUSTOMER_B002_000001453,C0051053,Stacey,Birch,stacey.birch.51053@retailverse.example,+44 7442201236,1954-12-31,NONE,Y,2026-09-03 07:13:21,2026-09-03 07:13:21
SRC_CUSTOMER_B002_000001454,C0051054,Megan,Russell,megan.russell.51054@retailverse.example,+44 7791509290,1966-09-12,NONE,Y,2026-09-03 18:08:28,2026-09-03 18:08:28
SRC_CUSTOMER_B002_000001455,C0051055,Ronald,O'Neill,ronald.o'neill.51055@retailverse.example,+44 7858704037,1988-04-07,NONE,Y,2026-09-02 16:06:18,2026-09-02 16:06:18
SRC_CUSTOMER_B002_000001456,C0051056,Elliott,Gibson,elliott.gibson.51056@retailverse.example,+44 7197814381,1978-05-11,NONE,N,2026-09-01 01:54:00,2026-09-01 01:54:00
SRC_CUSTOMER_B002_000001457,C0051057,Jacob,Higgins,jacob.higgins.51057@retailverse.example,+44 7949656163,1945-12-13,SILVER,Y,2026-03-18 15:00:59,2026-09-02 07:01:46
SRC_CUSTOMER_B002_000001458,C0051058,Amy,Jones,amy.jones.51058@retailverse.example,+44 7700017950,1959-08-05,NONE,N,2026-09-02 17:12:33,2026-09-02 17:12:33
SRC_CUSTOMER_B002_000001459,C0051059,Hilary,Brooks,hilary.brooks.51059@retailverse.example,+44 7367828839,1948-06-25,BRONZE,Y,2026-09-03 02:37:31,2026-09-03 02:37:31
SRC_CUSTOMER_B002_000001460,C0051060,Julian,Evans,julian.evans.51060@retailverse.example,+44 7434679127,1980-12-31,NONE,N,2026-09-01 09:33:37,2026-09-01 09:33:37
SRC_CUSTOMER_B002_000001461,C0051061,Henry,Lawrence,henry.lawrence.51061@retailverse.example,+44 7585168067,1959-09-26,NONE,Y,2026-09-03 11:16:40,2026-09-03 11:16:40
SRC_CUSTOMER_B002_000001462,C0051062,Deborah,Barber,deborah.barber.51062@retailverse.example,+44 7329175801,1990-11-25,BRONZE,N,2026-09-01 14:55:49,2026-09-01 14:55:49
SRC_CUSTOMER_B002_000001463,C0051063,Josh,Bishop,josh.bishop.51063@retailverse.example,+44 7425977141,1997-02-11,NONE,Y,2026-09-02 01:52:53,2026-09-02 01:52:53
SRC_CUSTOMER_B002_000001464,C0051064,Hannah,Stokes,hannah.stokes.51064@retailverse.example,+44 7841630013,1949-08-22,NONE,N,2026-09-01 11:29:31,2026-09-01 11:29:31
SRC_CUSTOMER_B002_000001465,C0051065,Sharon,Gardner,sharon.gardner.51065@retailverse.example,+44 7535101698,1977-09-15,NONE,Y,2026-09-03 20:15:25,2026-09-03 20:15:25
SRC_CUSTOMER_B002_000001466,C0051066,Kelly,Jones,kelly.jones.51066@retailverse.example,+44 7460223536,1947-08-18,NONE,N,2026-09-02 13:46:38,2026-09-02 13:46:38
SRC_CUSTOMER_B002_000001467,C0051067,Kathryn,Coleman,kathryn.coleman.51067@retailverse.example,+44 7370583171,1966-04-27,NONE,Y,2026-09-02 13:28:02,2026-09-02 13:28:02
SRC_CUSTOMER_B002_000001468,C0051068,Elaine,Hancock,elaine.hancock.51068@retailverse.example,+44 7029270373,2000-08-14,NONE,Y,2026-09-03 04:28:38,2026-09-03 04:28:38
SRC_CUSTOMER_B002_000001469,C0051069,Carl,Watson,carl.watson.51069@retailverse.example,+44 7307519174,1993-08-17,NONE,N,2026-09-01 21:29:38,2026-09-01 21:29:38
SRC_CUSTOMER_B002_000001470,C0051070,Melanie,Cooper,melanie.cooper.51070@retailverse.example,+44 7485531833,1955-05-02,NONE,Y,2026-09-02 16:21:16,2026-09-02 16:21:16
SRC_CUSTOMER_B002_000001471,C0051071,Suzanne,Smith,suzanne.smith.51071@retailverse.example,+44 7189272045,1994-06-08,NONE,N,2026-09-02 00:14:24,2026-09-02 00:14:24
SRC_CUSTOMER_B002_000001472,C0051072,Victor,Hughes,victor.hughes.51072@retailverse.example,+44 7248256066,1972-06-03,SILVER,N,2026-09-02 22:56:08,2026-09-02 22:56:08
SRC_CUSTOMER_B002_000001473,C0051073,Jordan,Richards,jordan.richards.51073@retailverse.example,+44 7442410788,1966-08-14,SILVER,Y,2026-09-03 14:25:32,2026-09-03 14:25:32
SRC_CUSTOMER_B002_000001474,C0051074,Amelia,Bond,amelia.bond.51074@retailverse.example,+44 7316812465,1996-12-13,NONE,Y,2026-09-02 12:20:00,2026-09-02 12:20:00
SRC_CUSTOMER_B002_000001475,C0051075,Guy,Burrows,guy.burrows.51075@retailverse.example,+44 7547196954,1966-06-08,GOLD,N,2026-09-01 16:39:45,2026-09-01 16:39:45
SRC_CUSTOMER_B002_000001476,C0051076,Josephine,Howard,josephine.howard.51076@retailverse.example,+44 7620815383,1961-01-10,SILVER,Y,2026-09-03 07:02:46,2026-09-03 07:02:46
SRC_CUSTOMER_B002_000001477,C0051077,Hazel,Lane,hazel.lane.51077@retailverse.example,+44 7517232513,1951-09-05,NONE,Y,2026-09-02 06:19:45,2026-09-02 06:19:45
SRC_CUSTOMER_B002_000001478,C0051078,Jenna,Cooper,jenna.cooper.51078@retailverse.example,+44 7103616927,1964-10-18,SILVER,N,2026-09-02 21:20:04,2026-09-02 21:20:04
SRC_CUSTOMER_B002_000001479,C0051079,Natasha,Harper,natasha.harper.51079@retailverse.example,+44 7787677577,31/12/1988,NONE,Y,2026-09-03 07:00:44,2026-09-03 07:00:44
SRC_CUSTOMER_B002_000001480,C0051080,Robin,Nolan,robin.nolan.51080@retailverse.example,+44 7875368335,1998-02-18,GOLD,Y,2026-03-09 09:03:12,2026-09-02 08:32:09
SRC_CUSTOMER_B002_000001481,C0051081,Nicola,Johnson,nicola.johnson.51081@retailverse.example,+44 7651522237,2002-09-06,SILVER,Y,2026-09-03 04:14:01,2026-09-03 04:14:01
SRC_CUSTOMER_B002_000001482,C0051082,Donald,Cook,donald.cook.51082@retailverse.example,+44 7669096415,1970-12-09,GOLD,Y,2026-09-01 16:34:23,2026-09-01 16:34:23
SRC_CUSTOMER_B002_000001483,C0051083,Lydia,Reed,lydia.reed.51083@retailverse.example,+44 7993678645,1949-05-16,BRONZE,N,2026-09-02 11:02:55,2026-09-02 11:02:55
SRC_CUSTOMER_B002_000001484,C0051084,Leon,Taylor,leon.taylor.51084@retailverse.example,+44 7564703730,2005-11-22,BRONZE,Y,2026-09-02 02:28:41,2026-09-02 02:28:41
SRC_CUSTOMER_B002_000001485,C0051085,Barbara,Williams,barbara.williams.51085@retailverse.example,+44 7358182939,1945-11-19,NONE,Y,2026-09-02 23:22:01,2026-09-02 23:22:01
SRC_CUSTOMER_B002_000001486,C0051086,Roy,Edwards,roy.edwards.51086@retailverse.example,+44 7396296087,1986-11-13,SILVER,Y,2024-07-14 03:51:10,2026-09-03 21:45:46
SRC_CUSTOMER_B002_000001487,C0051087,Jamie,Jones,jamie.jones.51087@retailverse.example,+44 7157929860,1962-06-11,SILVER,Y,2026-09-02 21:57:26,2026-09-02 21:57:26
SRC_CUSTOMER_B002_000001488,C0051088,Julian,Kirby,julian.kirby.51088@retailverse.example,+44 7613971137,1950-03-09,BRONZE,Y,2026-09-02 22:44:59,2026-09-02 22:44:59
SRC_CUSTOMER_B002_000001489,C0051089,Craig,Phillips,craig.phillips.51089@retailverse.example,+44 7633952561,1971-03-28,BRONZE,N,2026-09-03 07:57:40,2026-09-03 07:57:40
SRC_CUSTOMER_B002_000001490,C0051090,Guy,Waters,guy.waters.51090@retailverse.example,+44 7850446730,1984-10-22,GOLD,Y,2026-09-02 08:55:21,2026-09-02 08:55:21
SRC_CUSTOMER_B002_000001491,C0051091,Catherine,Franklin,catherine.franklin.51091@retailverse.example,+44 7309979713,1983-10-16,BRONZE,Y,2026-09-03 14:04:23,2026-09-03 14:04:23
SRC_CUSTOMER_B002_000001492,C0051092,Kathryn,Ali,kathryn.ali.51092@retailverse.example,+44 7789220870,2003-08-02,NONE,Y,2026-09-03 12:37:14,2026-09-03 12:37:14
SRC_CUSTOMER_B002_000001493,C0051093,Daniel,Wade,daniel.wade.51093@retailverse.example,+44 7002320624,1955-07-29,NONE,N,2025-10-20 08:38:02,2026-09-02 10:22:34
SRC_CUSTOMER_B002_000001494,C0051094,Leonard,Cook,leonard.cook.51094@retailverse.example,+44 7028231568,1965-03-13,NONE,N,2026-09-01 21:51:44,2026-09-01 21:51:44
SRC_CUSTOMER_B002_000001495,C0051095,Bernard,Thompson,bernard.thompson.51095@retailverse.example,+44 7596587406,1958-03-27,SILVER,N,2026-09-02 18:32:41,2026-09-02 18:32:41
SRC_CUSTOMER_B002_000001496,C0051096,Craig,Roberts,craig.roberts.51096@retailverse.example,+44 7066287167,2001-05-29,BRONZE,N,2026-09-01 13:35:43,2026-09-01 13:35:43
SRC_CUSTOMER_B002_000001497,C0051097,Gillian,Little,gillian.little.51097@retailverse.example,+44 7200118324,1963-07-31,NONE,N,2026-09-01 13:36:39,2026-09-01 13:36:39
SRC_CUSTOMER_B002_000001498,C0051098,Tom,Jones,tom.jones.51098@retailverse.example,+44 7495899193,1993-06-15,SILVER,Y,2026-09-03 20:38:18,2026-09-03 20:38:18
SRC_CUSTOMER_B002_000001499,C0051099,Joanna,Newton,joanna.newton.51099@retailverse.example,+44 7737762856,2004-09-03,GOLD,Y,2026-09-03 04:11:51,2026-09-03 04:11:51
SRC_CUSTOMER_B002_000001500,C0051100,Amy,Ward,amy.ward.51100@retailverse.example,+44 7647806487,1989-02-06,NONE,N,2026-09-01 17:22:39,2026-09-01 17:22:39
SRC_CUSTOMER_B002_000001501,C0051101,Abbie,Hughes,abbie.hughes.51101@retailverse.example,+44 7305949079,1948-03-31,SILVER,Y,2026-09-03 16:16:24,2026-09-03 16:16:24
SRC_CUSTOMER_B002_000001502,C0051102,Graeme,Jarvis,graeme.jarvis.51102@retailverse.example,+44 7534167037,1956-08-08,NONE,N,2026-09-01 06:03:35,2026-09-01 06:03:35
SRC_CUSTOMER_B002_000001503,C0051103,Graeme,Khan,graeme.khan.51103@retailverse.example,+44 7408656289,1980-09-27,BRONZE,N,2026-09-03 16:28:22,2026-09-03 16:28:22
SRC_CUSTOMER_B002_000001504,C0051104,Dylan,Wood,dylan.wood.51104@retailverse.example,+44 7785364561,1968-08-06,NONE,Y,2026-09-01 12:34:10,2026-09-01 12:34:10
SRC_CUSTOMER_B002_000001505,C0051105,Elliott,Mason,elliott.mason.51105@retailverse.example,+44 7995745216,1960-10-10,BRONZE,N,2026-09-02 04:58:08,2026-09-02 04:58:08
SRC_CUSTOMER_B002_000001506,C0051106,Sara,King,sara.king.51106@retailverse.example,+44 7322364171,1956-03-22,NONE,Y,2026-09-03 12:34:49,2026-09-03 12:34:49
SRC_CUSTOMER_B002_000001507,C0051107,Rachael,Sanderson,NOT-AN-EMAIL,+44 7859630335,1996-08-04,SILVER,Y,2026-09-03 12:35:41,2026-09-03 12:35:41
SRC_CUSTOMER_B002_000001508,C0051108,Deborah,Martin,deborah.martin.51108@retailverse.example,+44 7115721852,1997-12-09,BRONZE,Y,2026-09-02 05:36:32,2026-09-02 05:36:32
SRC_CUSTOMER_B002_000001509,C0051109,Gemma,Watson,gemma.watson.51109@retailverse.example,+44 7621062464,2002-03-19,BRONZE,Y,2026-09-03 02:13:38,2026-09-03 02:13:38
SRC_CUSTOMER_B002_000001510,C0051110,Hannah,Rogers,hannah.rogers.51110@retailverse.example,+44 7085224758,1963-01-21,NONE,Y,2026-09-03 20:44:49,2026-09-03 20:44:49
SRC_CUSTOMER_B002_000001511,C0051111,Barry,Jordan,barry.jordan.51111@retailverse.example,+44 7659990881,1972-04-19,NONE,Y,2026-09-01 06:40:38,2026-09-01 06:40:38
SRC_CUSTOMER_B002_000001512,C0051112,Sharon,Davidson,sharon.davidson.51112@retailverse.example,+44 7349879142,1978-07-13,BRONZE,Y,2026-09-03 12:09:52,2026-09-03 12:09:52
SRC_CUSTOMER_B002_000001513,C0051113,Kerry,Reid,kerry.reid.51113@retailverse.example,+44 7431084234,2003-04-01,SILVER,N,2026-09-01 22:14:51,2026-09-01 22:14:51
SRC_CUSTOMER_B002_000001514,C0051114,Holly,Frost,holly.frost.51114@retailverse.example,+44 7894953564,1991-03-16,BRONZE,Y,2026-09-01 06:37:58,2026-09-01 06:37:58
SRC_CUSTOMER_B002_000001515,C0051115,Matthew,Clements,matthew.clements.51115@retailverse.example,+44 7278016530,1958-09-22,BRONZE,Y,2026-09-03 01:30:52,2026-09-03 01:30:52
SRC_CUSTOMER_B002_000001516,C0051116,Neil,Newman,neil.newman.51116@retailverse.example,+44 7039184323,1995-03-29,BRONZE,Y,2026-09-01 23:25:34,2026-09-01 23:25:34
SRC_CUSTOMER_B002_000001517,C0051117,Dorothy,Faulkner,dorothy.faulkner.51117@retailverse.example,+44 7587226273,1986-10-17,BRONZE,N,2026-09-03 08:05:24,2026-09-03 08:05:24
SRC_CUSTOMER_B002_000001518,C0051118,Diana,Jackson,diana.jackson.51118@retailverse.example,+44 7966052635,1986-02-05,NONE,Y,2026-09-01 00:25:53,2026-09-01 00:25:53
SRC_CUSTOMER_B002_000001519,C0051119,Derek,Hamilton,derek.hamilton.51119@retailverse.example,+44 7308364721,1951-11-13,BRONZE,Y,2026-09-02 05:56:05,2026-09-02 05:56:05
SRC_CUSTOMER_B002_000001520,C0051120,Antony,Davis,antony.davis.51120@retailverse.example,+44 7412708102,2000-05-24,SILVER,Y,2026-09-01 20:26:06,2026-09-01 20:26:06
SRC_CUSTOMER_B002_000001521,C0051121,Kirsty,Ward,kirsty.ward.51121@retailverse.example,+44 7427100918,1956-12-11,BRONZE,N,2026-09-02 10:20:52,2026-09-02 10:20:52
SRC_CUSTOMER_B002_000001522,C0051122,Mark,Jackson,mark.jackson.51122@retailverse.example,+44 7720934360,1948-02-05,NONE,Y,2026-09-03 09:42:57,2026-09-03 09:42:57
SRC_CUSTOMER_B002_000001523,C0051123,Lee,Dobson,lee.dobson.51123@retailverse.example,+44 7229285286,2003-09-17,NONE,N,2026-09-02 13:40:21,2026-09-02 13:40:21
SRC_CUSTOMER_B002_000001524,C0051124,Hollie,Marshall,hollie.marshall.51124@retailverse.example,+44 7192926623,2002-07-22,SILVER,Y,2026-09-01 12:21:38,2026-09-01 12:21:38
SRC_CUSTOMER_B002_000001525,C0051125,Gerald,Davies,gerald.davies.51125@retailverse.example,+44 7289408518,1963-01-24,BRONZE,N,2026-09-01 05:21:25,2026-09-01 05:21:25
SRC_CUSTOMER_B002_000001526,C0051126,Ruth,Baker,ruth.baker.51126@retailverse.example,+44 7956622247,1951-04-20,NONE,N,2026-09-03 02:50:32,2026-09-03 02:50:32
SRC_CUSTOMER_B002_000001527,C0051127,Graeme,Khan,graeme.khan.51127@retailverse.example,+44 7580058463,1981-08-02,NONE,N,2026-09-01 00:49:09,2026-09-01 00:49:09
SRC_CUSTOMER_B002_000001528,C0051128,Samuel,Winter,samuel.winter.51128@retailverse.example,+44 7858024354,1971-05-23,NONE,Y,2026-09-01 02:40:45,2026-09-01 02:40:45
SRC_CUSTOMER_B002_000001529,C0051129,Gemma,Smith,gemma.smith.51129@retailverse.example,+44 7147352625,1957-07-30,SILVER,Y,2026-09-01 08:15:59,2026-09-01 08:15:59
SRC_CUSTOMER_B002_000001530,C0051130,Naomi,Page,naomi.page.51130@retailverse.example,+44 7614391298,1955-06-02,SILVER,Y,2026-02-07 12:49:45,2026-09-03 17:38:55
SRC_CUSTOMER_B002_000001531,C0051131,Janice,Parker,janice.parker.51131@retailverse.example,+44 7512886405,2004-04-25,NONE,Y,2026-09-01 03:24:51,2026-09-01 03:24:51
SRC_CUSTOMER_B002_000001532,C0051132,Paula,Smith,paula.smith.51132@retailverse.example,+44 7803643663,1946-11-09,BRONZE,Y,2026-09-02 21:19:57,2026-09-02 21:19:57
SRC_CUSTOMER_B002_000001533,C0051133,Connor,Singh,connor.singh.51133@retailverse.example,+44 7300433066,1984-09-25,NONE,Y,2026-09-01 12:32:10,2026-09-01 12:32:10
SRC_CUSTOMER_B002_000001534,C0051134,Lauren,Hutchinson,lauren.hutchinson.51134@retailverse.example,+44 7102809058,1952-03-15,NONE,N,2026-09-01 18:02:07,2026-09-01 18:02:07
SRC_CUSTOMER_B002_000001535,C0051135,Gavin,Nicholls,gavin.nicholls.51135@retailverse.example,+44 7242794618,1980-01-14,SILVER,Y,2025-07-19 23:28:03,2026-09-01 12:25:20
SRC_CUSTOMER_B002_000001536,C0051136,Antony,Barber,antony.barber.51136@retailverse.example,+44 7398348149,1946-03-24,NONE,Y,2026-09-01 02:05:21,2026-09-01 02:05:21
SRC_CUSTOMER_B002_000001537,C0051137,Rachael,Pearson,rachael.pearson.51137@retailverse.example,+44 7476195403,2001-12-19,NONE,Y,2026-09-03 02:24:05,2026-09-03 02:24:05
SRC_CUSTOMER_B002_000001538,C0051138,Guy,Price,guy.price.51138@retailverse.example,+44 7842509710,1945-09-17,BRONZE,N,2026-09-02 01:41:00,2026-09-02 01:41:00
SRC_CUSTOMER_B002_000001539,C0051139,Rebecca,Wilson,rebecca.wilson.51139@retailverse.example,+44 7689897459,1968-07-21,BRONZE,Y,2026-09-02 09:59:17,2026-09-02 09:59:17
SRC_CUSTOMER_B002_000001540,C0051140,Marilyn,Pearson,marilyn.pearson.51140@retailverse.example,+44 7038017662,1969-06-29,GOLD,Y,2026-09-02 06:54:21,2026-09-02 06:54:21
SRC_CUSTOMER_B002_000001541,C0051141,Janice,Brown,janice.brown.51141@retailverse.example,+44 7961753572,1999-03-08,NONE,Y,2026-09-02 17:28:53,2026-09-02 17:28:53
SRC_CUSTOMER_B002_000001542,C0051142,Daniel,Jones,daniel.jones.51142@retailverse.example,+44 7620296273,1992-01-09,NONE,Y,2026-09-02 05:20:57,2026-09-02 05:20:57
SRC_CUSTOMER_B002_000001543,C0051143,Sophie,Ryan,sophie.ryan.51143@retailverse.example,+44 7184190461,1948-05-16,BRONZE,N,2026-09-03 13:23:43,2026-09-03 13:23:43
SRC_CUSTOMER_B002_000001544,C0051144,Anna,White,anna.white.51144@retailverse.example,+44 7523637177,1997-04-23,NONE,Y,2026-09-02 07:21:33,2026-09-02 07:21:33
SRC_CUSTOMER_B002_000001545,C0051145,Heather,Evans,heather.evans.51145@retailverse.example,+44 7872372279,1991-11-19,SILVER,N,2026-09-01 19:09:11,2026-09-01 19:09:11
SRC_CUSTOMER_B002_000001546,C0051146,Sam,Shaw,sam.shaw.51146@retailverse.example,+44 7401574286,1955-05-24,GOLD,N,2026-09-03 18:50:30,2026-09-03 18:50:30
SRC_CUSTOMER_B002_000001547,C0051147,Kathleen,Hope,kathleen.hope.51147@retailverse.example,+44 7364403558,1948-01-11,SILVER,N,2026-09-01 12:56:53,2026-09-01 12:56:53
SRC_CUSTOMER_B002_000001548,C0051148,Elliot,Mellor,elliot.mellor.51148@retailverse.example,+44 7120032211,1978-05-19,BRONZE,Y,2026-01-30 05:14:27,2026-09-03 16:02:33
SRC_CUSTOMER_B002_000001549,C0051149,Liam,Norris,liam.norris.51149@retailverse.example,+44 7269043698,1964-08-31,BRONZE,N,2026-09-03 15:40:23,2026-09-03 15:40:23
SRC_CUSTOMER_B002_000001550,C0051150,Jane,Richardson,jane.richardson.51150@retailverse.example,+44 7729527493,2007-02-16,BRONZE,Y,2026-09-03 18:57:28,2026-09-03 18:57:28
SRC_CUSTOMER_B002_000001551,C0051151,Lisa,Thomas,lisa.thomas.51151@retailverse.example,+44 7151276608,1987-04-19,NONE,Y,2026-09-01 08:33:45,2026-09-01 08:33:45
SRC_CUSTOMER_B002_000001552,C0051152,Sam,Atkinson,sam.atkinson.51152@retailverse.example,+44 7183964911,1991-01-06,NONE,Y,2026-09-01 22:19:14,2026-09-01 22:19:14
SRC_CUSTOMER_B002_000001553,C0051153,Katy,Kelly,katy.kelly.51153@retailverse.example,+44 7451624790,1988-06-21,SILVER,Y,2026-09-01 05:46:59,2026-09-01 05:46:59
SRC_CUSTOMER_B002_000001554,C0051154,Helen,Sharpe,helen.sharpe.51154@retailverse.example,+44 7310156301,1969-06-26,BRONZE,N,2026-09-02 02:03:23,2026-09-02 02:03:23
SRC_CUSTOMER_B002_000001555,C0051155,Jeremy,Burgess,jeremy.burgess.51155@retailverse.example,+44 7248066420,1958-11-03,BRONZE,N,2026-09-01 12:46:58,2026-09-01 12:46:58
SRC_CUSTOMER_B002_000001556,C0051156,Jane,Fisher,jane.fisher.51156@retailverse.example,+44 7828082473,1980-03-02,NONE,Y,2026-09-02 02:14:29,2026-09-02 02:14:29
SRC_CUSTOMER_B002_000001557,C0051157,Angela,Jackson,angela.jackson.51157@retailverse.example,+44 7959842322,1967-03-01,NONE,Y,2026-09-02 16:56:22,2026-09-02 16:56:22
SRC_CUSTOMER_B002_000001558,C0051158,Adrian,Smith,adrian.smith.51158@retailverse.example,+44 7093716629,1996-06-18,BRONZE,N,2026-09-02 18:19:08,2026-09-02 18:19:08
SRC_CUSTOMER_B002_000001559,C0051159,Martin,Smith,martin.smith.51159@retailverse.example,+44 7581546611,1964-01-20,BRONZE,N,2026-09-01 02:36:28,2026-09-01 02:36:28
SRC_CUSTOMER_B002_000001560,C0051160,Jane,Sullivan,jane.sullivan.51160@retailverse.example,+44 7270401283,2006-04-13,NONE,Y,2026-09-02 07:58:34,2026-09-02 07:58:34
SRC_CUSTOMER_B002_000001561,C0051161,Ian,Morton,ian.morton.51161@retailverse.example,+44 7777480152,1974-07-14,GOLD,Y,2026-09-01 11:46:27,2026-09-01 11:46:27
SRC_CUSTOMER_B002_000001562,C0051162,Ruth,Wilson,ruth.wilson.51162@retailverse.example,+44 7415316748,1979-07-17,NONE,Y,2026-09-03 16:09:10,2026-09-03 16:09:10
SRC_CUSTOMER_B002_000001563,C0051163,Rebecca,West,rebecca.west.51163@retailverse.example,+44 7742799257,1947-04-03,BRONZE,Y,2026-09-02 05:11:30,2026-09-02 05:11:30
SRC_CUSTOMER_B002_000001564,C0051164,Jane,Shaw,jane.shaw.51164@retailverse.example,+44 7078534467,1960-03-23,GOLD,Y,2026-09-03 15:05:48,2026-09-03 15:05:48
SRC_CUSTOMER_B002_000001565,C0051165,Ricky,Kent,ricky.kent.51165@retailverse.example,+44 7325779545,2003-01-20,BRONZE,N,2026-09-03 19:19:47,2026-09-03 19:19:47
SRC_CUSTOMER_B002_000001566,C0051166,John,Jennings,john.jennings.51166@retailverse.example,+44 7985677702,1958-12-09,NONE,N,2026-09-01 02:47:47,2026-09-01 02:47:47
SRC_CUSTOMER_B002_000001567,C0051167,Ross,Turner,ross.turner.51167@retailverse.example,+44 7740312538,2001-07-30,SILVER,N,2026-09-02 22:10:47,2026-09-02 22:10:47
SRC_CUSTOMER_B002_000001568,C0051168,Jemma,Ball,jemma.ball.51168@retailverse.example,+44 7242699345,1966-03-26,NONE,Y,2025-10-18 21:17:16,2026-09-03 02:48:06
SRC_CUSTOMER_B002_000001569,C0051169,Margaret,Harris,margaret.harris.51169@retailverse.example,+44 7961356447,1982-06-19,GOLD,N,2026-09-02 22:15:05,2026-09-02 22:15:05
SRC_CUSTOMER_B002_000001570,C0051170,Mohammad,Wood,mohammad.wood.51170@retailverse.example,+44 7617539360,1968-10-13,BRONZE,N,2026-09-01 14:17:59,2026-09-01 14:17:59
SRC_CUSTOMER_B002_000001571,C0051171,Clifford,Williams,clifford.williams.51171@retailverse.example,+44 7057980166,1984-06-30,NONE,Y,2026-09-03 00:56:03,2026-09-03 00:56:03
SRC_CUSTOMER_B002_000001572,C0051172,Reece,Wilson,reece.wilson.51172@retailverse.example,+44 7786030230,1945-11-14,NONE,Y,2026-09-03 11:16:44,2026-09-03 11:16:44
SRC_CUSTOMER_B002_000001573,C0051173,Tom,Gill,tom.gill.51173@retailverse.example,+44 7124774177,1962-02-17,NONE,N,2026-09-02 12:04:05,2026-09-02 12:04:05
SRC_CUSTOMER_B002_000001574,C0051174,Georgina,Payne,georgina.payne.51174@retailverse.example,+44 7143362726,1997-04-24,NONE,Y,2026-09-02 19:59:10,2026-09-02 19:59:10
SRC_CUSTOMER_B002_000001575,C0051175,Julie,Hughes,julie.hughes.51175@retailverse.example,+44 7404822772,1964-01-11,NONE,Y,2026-09-01 04:57:42,2026-09-01 04:57:42
SRC_CUSTOMER_B002_000001576,C0051176,Sian,Hutchinson,sian.hutchinson.51176@retailverse.example,+44 7177871102,1946-03-19,NONE,Y,2026-09-01 00:48:35,2026-09-01 00:48:35
SRC_CUSTOMER_B002_000001577,C0051177,Tony,Carter,tony.carter.51177@retailverse.example,+44 7157689410,1973-11-02,NONE,Y,2026-09-01 01:55:43,2026-09-01 01:55:43
SRC_CUSTOMER_B002_000001578,C0051178,Geoffrey,Harvey,geoffrey.harvey.51178@retailverse.example,+44 7941422825,2006-04-09,NONE,Y,2026-09-01 08:21:54,2026-09-01 08:21:54
SRC_CUSTOMER_B002_000001579,C0051179,Michelle,Andrews,michelle.andrews.51179@retailverse.example,+44 7383356866,1965-09-23,NONE,N,2026-09-01 06:14:38,2026-09-01 06:14:38
SRC_CUSTOMER_B002_000001580,C0051180,Iain,Walsh,iain.walsh.51180@retailverse.example,+44 7675998871,1981-03-29,BRONZE,N,2024-08-21 17:24:40,2026-09-03 20:54:28
SRC_CUSTOMER_B002_000001581,C0051181,Andrew,Dean,andrew.dean.51181@retailverse.example,+44 7925376856,1963-08-30,NONE,Y,2026-09-03 01:05:51,2026-09-03 01:05:51
SRC_CUSTOMER_B002_000001582,C0051182,Carolyn,Gallagher,carolyn.gallagher.51182@retailverse.example,+44 7820943027,1954-04-09,NONE,Y,2026-09-03 09:06:10,2026-09-03 09:06:10
SRC_CUSTOMER_B002_000001583,C0051183,Teresa,Hammond,teresa.hammond.51183@retailverse.example,+44 7510598210,1972-04-03,NONE,N,2026-09-01 20:20:50,2026-09-01 20:20:50
SRC_CUSTOMER_B002_000001584,C0051184,Sian,Nash,sian.nash.51184@retailverse.example,+44 7177775972,1987-03-28,GOLD,N,2026-09-03 10:19:10,2026-09-03 10:19:10
SRC_CUSTOMER_B002_000001585,C0051185,Eileen,Roberts,eileen.roberts.51185@retailverse.example,+44 7780571832,1960-09-21,BRONZE,N,2026-09-03 08:00:07,2026-09-03 08:00:07
SRC_CUSTOMER_B002_000001586,C0051186,Geoffrey,Wood,geoffrey.wood.51186@retailverse.example,+44 7711297598,1949-07-21,NONE,Y,2026-09-03 10:26:13,2026-09-03 10:26:13
SRC_CUSTOMER_B002_000001587,C0051187,Elizabeth,Williams,elizabeth.williams.51187@retailverse.example,+44 7916415657,1989-01-28,BRONZE,N,2026-09-03 12:14:54,2026-09-03 12:14:54
SRC_CUSTOMER_B002_000001588,C0051188,George,Rice,george.rice.51188@retailverse.example,+44 7189015994,1968-12-29,NONE,Y,2026-09-03 04:19:23,2026-09-03 04:19:23
SRC_CUSTOMER_B002_000001589,C0051189,Lynne,Smith,lynne.smith.51189@retailverse.example,+44 7901877929,2002-11-02,NONE,Y,2026-09-02 20:30:39,2026-09-02 20:30:39
SRC_CUSTOMER_B002_000001590,C0051190,Olivia,Mahmood,olivia.mahmood.51190@retailverse.example,+44 7853259122,1951-03-11,BRONZE,Y,2026-09-02 11:53:41,2026-09-02 11:53:41
SRC_CUSTOMER_B002_000001591,C0051191,Natalie,Barker,natalie.barker.51191@retailverse.example,+44 7708190250,2003-12-02,NONE,Y,2026-09-02 12:58:39,2026-09-02 12:58:39
SRC_CUSTOMER_B002_000001592,C0051192,Elliot,Pearson,elliot.pearson.51192@retailverse.example,+44 7256606978,1976-09-12,NONE,Y,2026-09-01 07:48:45,2026-09-01 07:48:45
SRC_CUSTOMER_B002_000001593,C0051193,Teresa,James,teresa.james.51193@retailverse.example,+44 7383104183,1955-09-23,SILVER,Y,2026-09-01 23:30:08,2026-09-01 23:30:08
SRC_CUSTOMER_B002_000001594,C0051194,Philip,Watson,philip.watson.51194@retailverse.example,+44 7212449015,1995-04-09,NONE,Y,2026-09-03 16:39:39,2026-09-03 16:39:39
SRC_CUSTOMER_B002_000001595,C0051195,Lynn,Cox,lynn.cox.51195@retailverse.example,+44 7587147363,1952-06-20,NONE,Y,2026-09-01 02:39:56,2026-09-01 02:39:56
SRC_CUSTOMER_B002_000001596,C0051196,Anthony,Smith,anthony.smith.51196@retailverse.example,+44 7124542652,1970-10-13,BRONZE,Y,2026-09-02 18:16:32,2026-09-02 18:16:32
SRC_CUSTOMER_B002_000001597,C0051197,Aaron,Jackson,aaron.jackson.51197@retailverse.example,+44 7955397515,1970-12-30,BRONZE,Y,2026-09-02 21:01:18,2026-09-02 21:01:18
SRC_CUSTOMER_B002_000001598,C0051198,Natasha,Harrison,natasha.harrison.51198@retailverse.example,+44 7876760637,1965-01-27,NONE,Y,2026-09-03 21:34:25,2026-09-03 21:34:25
SRC_CUSTOMER_B002_000001599,C0051199,Alexander,Jones,alexander.jones.51199@retailverse.example,+44 7904536205,1945-11-15,SILVER,N,2026-09-01 12:58:30,2026-09-01 12:58:30
SRC_CUSTOMER_B002_000001600,C0051200,Martin,Jones,martin.jones.51200@retailverse.example,+44 7981340654,1971-11-09,NONE,N,2026-09-01 08:05:36,2026-09-01 08:05:36
SRC_CUSTOMER_B002_000001601,C0051201,Michelle,Hayes,michelle.hayes.51201@retailverse.example,+44 7798649555,1988-12-26,NONE,Y,2026-09-01 16:15:19,2026-09-01 16:15:19
SRC_CUSTOMER_B002_000001602,C0051202,Declan,Jones,declan.jones.51202@retailverse.example,+44 7774252963,1999-04-18,NONE,N,2025-10-21 09:42:41,2026-09-01 18:25:38
SRC_CUSTOMER_B002_000001603,C0051203,Jason,O'Donnell,jason.o'donnell.51203@retailverse.example,+44 7732320412,1989-02-09,SILVER,Y,2026-09-01 20:38:13,2026-09-01 20:38:13
SRC_CUSTOMER_B002_000001604,C0051204,Anne,Brown,anne.brown.51204@retailverse.example,+44 7933229232,1955-04-22,NONE,Y,2026-09-02 17:48:07,2026-09-02 17:48:07
SRC_CUSTOMER_B002_000001605,C0051205,Joanne,Holden,joanne.holden.51205@retailverse.example,+44 7355904304,1966-07-30,BRONZE,Y,2026-09-01 23:39:34,2026-09-01 23:39:34
SRC_CUSTOMER_B002_000001606,C0051206,Sian,Chapman,sian.chapman.51206@retailverse.example,+44 7018687287,1994-03-22,SILVER,Y,2026-09-01 14:09:10,2026-09-01 14:09:10
SRC_CUSTOMER_B002_000001607,C0051207,Carly,French,carly.french.51207@retailverse.example,+44 7916484131,1995-09-11,SILVER,N,2024-02-11 11:45:02,2026-09-03 11:19:33
SRC_CUSTOMER_B002_000001608,C0051208,Mohamed,Young,mohamed.young.51208@retailverse.example,+44 7830340147,1981-02-04,SILVER,N,2026-06-07 03:56:23,2026-09-03 01:01:24
SRC_CUSTOMER_B002_000001609,C0051209,Adrian,Peters,adrian.peters.51209@retailverse.example,+44 7224561225,1983-10-28,BRONZE,Y,2026-09-03 08:54:13,2026-09-03 08:54:13
SRC_CUSTOMER_B002_000001610,C0051210,Glen,Robinson,glen.robinson.51210@retailverse.example,+44 7329410088,1971-03-18,NONE,N,2026-09-03 12:54:06,2026-09-03 12:54:06
SRC_CUSTOMER_B002_000001611,C0051211,Richard,Short,richard.short.51211@retailverse.example,+44 7388889007,1980-02-10,BRONZE,Y,2026-09-01 10:11:33,2026-09-01 10:11:33
SRC_CUSTOMER_B002_000001612,C0051212,Donna,Taylor,donna.taylor.51212@retailverse.example,+44 7228084099,1952-07-15,SILVER,Y,2026-09-01 02:58:42,2026-09-01 02:58:42
SRC_CUSTOMER_B002_000001613,C0051213,Martyn,North,martyn.north.51213@retailverse.example,+44 7351687592,1969-05-13,SILVER,N,2026-09-02 11:42:32,2026-09-02 11:42:32
SRC_CUSTOMER_B002_000001614,C0051214,Albert,Mann,albert.mann.51214@retailverse.example,+44 7448668851,1988-01-16,NONE,Y,2026-09-02 15:47:28,2026-09-02 15:47:28
SRC_CUSTOMER_B002_000001615,C0051215,Darren,Bailey,darren.bailey.51215@retailverse.example,+44 7832015865,2002-12-16,SILVER,N,2026-09-01 11:19:43,2026-09-01 11:19:43
SRC_CUSTOMER_B002_000001616,C0051216,Stuart,Taylor,stuart.taylor.51216@retailverse.example,+44 7758446955,2002-07-26,NONE,Y,2026-09-03 09:16:10,2026-09-03 09:16:10
SRC_CUSTOMER_B002_000001617,C0051217,Richard,Green,richard.green.51217@retailverse.example,+44 7052987744,1953-09-01,NONE,Y,2026-09-01 07:02:37,2026-09-01 07:02:37
SRC_CUSTOMER_B002_000001618,C0051218,Ann,White,ann.white.51218@retailverse.example,+44 7487424536,1970-03-28,NONE,Y,2026-09-01 07:07:54,2026-09-01 07:07:54
SRC_CUSTOMER_B002_000001619,C0051219,Dominic,Fletcher,dominic.fletcher.51219@retailverse.example,+44 7141418114,1980-11-22,BRONZE,Y,2026-09-01 17:51:56,2026-09-01 17:51:56
SRC_CUSTOMER_B002_000001620,C0051220,Maurice,Saunders,maurice.saunders.51220@retailverse.example,+44 7718211118,1970-01-08,BRONZE,N,2026-09-03 20:42:25,2026-09-03 20:42:25
SRC_CUSTOMER_B002_000001621,C0051221,Kayleigh,Williams,kayleigh.williams.51221@retailverse.example,+44 7099823177,1956-03-03,BRONZE,N,2026-09-03 06:07:17,2026-09-03 06:07:17
SRC_CUSTOMER_B002_000001622,C0051222,Alan,Nash,alan.nash.51222@retailverse.example,+44 7173448941,2006-07-23,SILVER,Y,2026-09-01 03:54:03,2026-09-01 03:54:03
SRC_CUSTOMER_B002_000001623,C0051223,Antony,Hayes,antony.hayes.51223@retailverse.example,+44 7368959864,2004-12-21,NONE,Y,2026-09-02 11:08:34,2026-09-02 11:08:34
SRC_CUSTOMER_B002_000001624,C0051224,Timothy,Chapman,timothy.chapman.51224@retailverse.example,+44 7398613587,1967-06-24,NONE,Y,2026-09-02 23:40:30,2026-09-02 23:40:30
SRC_CUSTOMER_B002_000001625,C0051225,Mohammed,Stokes,mohammed.stokes.51225@retailverse.example,+44 7231520499,1948-11-14,NONE,Y,2026-09-03 15:22:10,2026-09-03 15:22:10
SRC_CUSTOMER_B002_000001626,C0051226,Joanne,Wilson,joanne.wilson.51226@retailverse.example,+44 7650529960,1955-12-05,NONE,Y,2026-09-01 05:30:04,2026-09-01 05:30:04
SRC_CUSTOMER_B002_000001627,C0051227,Dean,Griffin,dean.griffin.51227@retailverse.example,+44 7600882773,1950-04-28,NONE,Y,2026-09-02 10:51:26,2026-09-02 10:51:26
SRC_CUSTOMER_B002_000001628,C0051228,Gordon,Horton,gordon.horton.51228@retailverse.example,+44 7800236038,1983-09-30,BRONZE,Y,2026-09-02 05:35:01,2026-09-02 05:35:01
SRC_CUSTOMER_B002_000001629,C0051229,Bethan,Mason,bethan.mason.51229@retailverse.example,+44 7739021506,1966-12-17,NONE,Y,2026-09-01 08:03:17,2026-09-01 08:03:17
SRC_CUSTOMER_B002_000001630,C0051230,Alison,Fletcher,alison.fletcher.51230@retailverse.example,+44 7190617513,1987-07-10,BRONZE,N,2026-09-02 04:02:20,2026-09-02 04:02:20
SRC_CUSTOMER_B002_000001631,C0051231,Megan,Gibson,megan.gibson.51231@retailverse.example,+44 7158805745,1975-10-09,NONE,N,2026-09-01 01:42:13,2026-09-01 01:42:13
SRC_CUSTOMER_B002_000001632,C0051232,Janet,Macdonald,janet.macdonald.51232@retailverse.example,+44 7321126286,1962-12-17,SILVER,N,2026-09-01 06:26:47,2026-09-01 06:26:47
SRC_CUSTOMER_B002_000001633,C0051233,Louis,Shepherd,louis.shepherd.51233@retailverse.example,+44 7048443364,1984-08-21,NONE,N,2026-09-01 01:45:12,2026-09-01 01:45:12
SRC_CUSTOMER_B002_000001634,C0051234,Natasha,Lambert,natasha.lambert.51234@retailverse.example,+44 7828726079,1973-08-14,NONE,Y,2026-09-03 05:31:16,2026-09-03 05:31:16
SRC_CUSTOMER_B002_000001635,C0051235,Mandy,Williams,mandy.williams.51235@retailverse.example,+44 7454209402,1988-02-20,NONE,N,2026-09-03 23:05:40,2026-09-03 23:05:40
SRC_CUSTOMER_B002_000001636,C0051236,Laura,Simpson,laura.simpson.51236@retailverse.example,+44 7761235837,1955-02-10,NONE,Y,2026-09-01 17:07:11,2026-09-01 17:07:11
SRC_CUSTOMER_B002_000001637,C0051237,Howard,Smith,howard.smith.51237@retailverse.example,+44 7332818013,1988/12/31,NONE,Y,2026-09-03 11:00:22,2026-09-03 11:00:22
SRC_CUSTOMER_B002_000001638,C0051238,Patrick,Morris,patrick.morris.51238@retailverse.example,+44 7991312538,1999-09-16,NONE,Y,2026-09-03 12:28:37,2026-09-03 12:28:37
SRC_CUSTOMER_B002_000001639,C0051239,Mitchell,Bartlett,mitchell.bartlett.51239@retailverse.example,+44 7229232530,1978-06-13,NONE,N,2026-09-03 14:26:21,2026-09-03 14:26:21
SRC_CUSTOMER_B002_000001640,C0051240,Terence,Knight,terence.knight.51240@retailverse.example,+44 7191607728,1976-10-06,NONE,N,2026-09-03 01:07:15,2026-09-03 01:07:15
SRC_CUSTOMER_B002_000001641,C0051241,Geraldine,Cook,geraldine.cook.51241@retailverse.example,+44 7965429931,1977-12-17,NONE,N,2026-09-03 12:10:22,2026-09-03 12:10:22
SRC_CUSTOMER_B002_000001642,C0051242,Amy,Webster,amy.webster.51242@retailverse.example,+44 7264873938,1971-05-20,NONE,N,2026-09-02 14:47:05,2026-09-02 14:47:05
SRC_CUSTOMER_B002_000001643,C0051243,Carly,Walker,carly.walker.51243@retailverse.example,+44 7736297285,1959-01-17,BRONZE,N,2024-01-04 03:30:36,2026-09-02 23:03:23
SRC_CUSTOMER_B002_000001644,C0051244,Sophie,Summers,sophie.summers.51244@retailverse.example,+44 7249018233,1993-07-25,BRONZE,N,2026-03-15 19:54:12,2026-09-02 06:14:09
SRC_CUSTOMER_B002_000001645,C0051245,Diana,Collins,diana.collins.51245@retailverse.example,+44 7132373829,1969-01-13,SILVER,Y,2026-02-16 06:57:28,2026-09-02 17:01:41
SRC_CUSTOMER_B002_000001646,C0051246,Roy,Pickering,roy.pickering.51246@retailverse.example,+44 7923234979,1951-12-30,NONE,Y,2026-09-02 10:08:50,2026-09-02 10:08:50
SRC_CUSTOMER_B002_000001647,C0051247,Pauline,Davies,pauline.davies.51247@retailverse.example,+44 7897857637,1965-09-05,NONE,Y,2026-09-02 06:36:20,2026-09-02 06:36:20
SRC_CUSTOMER_B002_000001648,C0051248,Stephanie,Thompson,stephanie.thompson.51248@retailverse.example,+44 7584759089,1969-01-17,NONE,Y,2026-09-03 09:44:57,2026-09-03 09:44:57
SRC_CUSTOMER_B002_000001649,C0051249,Alan,Wong,alan.wong.51249@retailverse.example,+44 7676467465,1967-11-07,BRONZE,Y,2026-09-01 14:22:55,2026-09-01 14:22:55
SRC_CUSTOMER_B002_000001650,C0051250,Olivia,Clarke,olivia.clarke.51250@retailverse.example,+44 7152685520,2007-08-08,SILVER,Y,2026-09-01 08:57:43,2026-09-01 08:57:43
SRC_CUSTOMER_B002_000001651,C0051251,Peter,Clarke,peter.clarke.51251@retailverse.example,+44 7114425063,1959-11-20,BRONZE,Y,2026-09-01 06:07:47,2026-09-01 06:07:47
SRC_CUSTOMER_B002_000001652,C0051252,Natasha,Williams,natasha.williams.51252@retailverse.example,+44 7381370208,1987-05-28,SILVER,N,2026-09-02 20:26:43,2026-09-02 20:26:43
SRC_CUSTOMER_B002_000001653,C0051253,Donna,Jones,donna.jones.51253@retailverse.example,+44 7939421617,1962-05-29,BRONZE,Y,2025-11-16 17:53:54,2026-09-03 18:48:15
SRC_CUSTOMER_B002_000001654,C0051254,Carole,Webster,carole.webster.51254@retailverse.example,+44 7398064087,1977-10-19,NONE,N,2026-09-01 10:25:18,2026-09-01 10:25:18
SRC_CUSTOMER_B002_000001655,C0051255,Elaine,Evans,elaine.evans.51255@retailverse.example,+44 7357975916,1975-02-09,BRONZE,N,2026-09-02 13:18:02,2026-09-02 13:18:02
SRC_CUSTOMER_B002_000001656,C0051256,Tom,Begum,tom.begum.51256@retailverse.example,+44 7286732953,1975-12-07,NONE,Y,2026-09-01 06:45:26,2026-09-01 06:45:26
SRC_CUSTOMER_B002_000001657,C0051257,Barry,Cross,barry.cross.51257@retailverse.example,+44 7164465982,2001-08-26,NONE,Y,2026-09-01 18:20:55,2026-09-01 18:20:55
SRC_CUSTOMER_B002_000001658,C0051258,Grace,Davis,grace.davis.51258@retailverse.example,+44 7571729001,1946-09-21,NONE,Y,2026-09-02 16:30:57,2026-09-02 16:30:57
SRC_CUSTOMER_B002_000001659,C0051259,Damien,Williams,damien.williams.51259@retailverse.example,+44 7728929605,1991-11-15,SILVER,Y,2026-09-02 19:26:01,2026-09-02 19:26:01
SRC_CUSTOMER_B002_000001660,C0051260,Jacob,Baker,jacob.baker.51260@retailverse.example,07700 900123,2003-01-26,GOLD,N,2026-09-02 01:04:56,2026-09-02 01:04:56
SRC_CUSTOMER_B002_000001661,C0051261,Simon,Patel,simon.patel.51261@retailverse.example,+44 7895729352,1981-01-28,BRONZE,N,2026-09-03 19:41:56,2026-09-03 19:41:56
SRC_CUSTOMER_B002_000001662,C0051262,Roger,Chapman,roger.chapman.51262@retailverse.example,+44 7972912162,1974-11-02,BRONZE,Y,2026-09-02 15:38:18,2026-09-02 15:38:18
SRC_CUSTOMER_B002_000001663,C0051263,Bethan,Williams,bethan.williams.51263@retailverse.example,+44 7133130102,1948-01-31,SILVER,Y,2026-09-03 14:51:05,2026-09-03 14:51:05
SRC_CUSTOMER_B002_000001664,C0051264,Catherine,Mills,catherine.mills.51264@retailverse.example,+44 7359192334,1959-05-27,NONE,N,2026-09-01 12:45:41,2026-09-01 12:45:41
SRC_CUSTOMER_B002_000001665,C0051265,Geraldine,Long,geraldine.long.51265@retailverse.example,+44 7859088746,1963-02-01,BRONZE,N,2026-09-02 07:19:40,2026-09-02 07:19:40
SRC_CUSTOMER_B002_000001666,C0051266,Stephen,Moran,stephen.moran.51266@retailverse.example,+44 7357131914,1960-08-24,GOLD,N,2026-09-01 00:42:10,2026-09-01 00:42:10
SRC_CUSTOMER_B002_000001667,C0051267,Mandy,Clarke,mandy.clarke.51267@retailverse.example,+44 7394444994,1963-07-24,BRONZE,Y,2026-09-01 18:21:29,2026-09-01 18:21:29
SRC_CUSTOMER_B002_000001668,C0051268,Annette,Whittaker,annette.whittaker.51268@retailverse.example,+44 7054882672,1999-07-30,BRONZE,Y,2026-09-01 01:18:12,2026-09-01 01:18:12
SRC_CUSTOMER_B002_000001669,C0051269,Martyn,Cooke,martyn.cooke.51269@retailverse.example,+44 7793866722,1949-04-08,NONE,Y,2026-09-01 17:38:01,2026-09-01 17:38:01
SRC_CUSTOMER_B002_000001670,C0051270,Jason,Jones,jason.jones.51270@retailverse.example,+44 7138664290,1993-05-02,NONE,Y,2026-09-03 06:13:01,2026-09-03 06:13:01
SRC_CUSTOMER_B002_000001671,C0051271,Carly,Brown,carly.brown.51271@retailverse.example,+44 7347149021,2002-04-07,BRONZE,Y,2024-02-27 15:45:05,2026-09-03 10:18:49
SRC_CUSTOMER_B002_000001672,C0051272,Pamela,Turner,pamela.turner.51272@retailverse.example,+44 7702592486,1986-04-07,SILVER,Y,2026-09-01 04:47:02,2026-09-01 04:47:02
SRC_CUSTOMER_B002_000001673,C0051273,Mohamed,Dunn,mohamed.dunn.51273@retailverse.example,+44 7075576578,2002-08-11,GOLD,N,2026-09-02 05:34:28,2026-09-02 05:34:28
SRC_CUSTOMER_B002_000001674,C0051274,Valerie,Harris,valerie.harris.51274@retailverse.example,+44 7768069733,1989-05-25,BRONZE,Y,2026-09-03 03:16:34,2026-09-03 03:16:34
SRC_CUSTOMER_B002_000001675,C0051275,Sian,Brown,sian.brown.51275@retailverse.example,+44 7233618647,1992-12-01,NONE,Y,2026-09-03 07:52:43,2026-09-03 07:52:43
SRC_CUSTOMER_B002_000001676,C0051276,Shane,Booth,shane.booth.51276@retailverse.example,+44 7077742719,1961-06-17,BRONZE,Y,2024-06-10 11:56:07,2026-09-03 00:34:30
SRC_CUSTOMER_B002_000001677,C0051277,Lisa,Taylor,lisa.taylor.51277@retailverse.example,+44 7886941103,2005-05-04,NONE,Y,2026-09-02 05:20:32,2026-09-02 05:20:32
SRC_CUSTOMER_B002_000001678,C0051278,Nicole,Hill,nicole.hill.51278@retailverse.example,+44 7080203908,1997-04-19,NONE,Y,2026-09-01 17:42:32,2026-09-01 17:42:32
SRC_CUSTOMER_B002_000001679,C0051279,Timothy,Gallagher,timothy.gallagher.51279@retailverse.example,+44 7465524506,1987-07-13,BRONZE,Y,2026-09-03 18:12:08,2026-09-03 18:12:08
SRC_CUSTOMER_B002_000001680,C0051280,Cameron,Field,cameron.field.51280@retailverse.example,+44 7155511021,1993-01-23,NONE,N,2026-09-02 04:23:22,2026-09-02 04:23:22
SRC_CUSTOMER_B002_000001681,C0051281,Wendy,Preston,wendy.preston.51281@retailverse.example,+44 7946587718,1966-12-16,NONE,N,2026-09-01 12:44:20,2026-09-01 12:44:20
SRC_CUSTOMER_B002_000001682,C0051282,Bethan,Osborne,bethan.osborne.51282@retailverse.example,+44 7467112417,1952-05-08,NONE,Y,2026-09-01 06:15:02,2026-09-01 06:15:02
SRC_CUSTOMER_B002_000001683,C0051283,Eileen,Adams,eileen.adams.51283@retailverse.example,+44 7115541467,1987-04-06,BRONZE,Y,2026-09-02 03:49:39,2026-09-02 03:49:39
SRC_CUSTOMER_B002_000001684,C0051284,Frank,Murray,frank.murray.51284@retailverse.example,+44 7807509336,1971-08-16,NONE,Y,2026-09-01 10:32:15,2026-09-01 10:32:15
SRC_CUSTOMER_B002_000001685,C0051285,Ben,Clements,ben.clements.51285@retailverse.example,+44 7310684939,1970-02-15,NONE,Y,2026-09-03 05:20:51,2026-09-03 05:20:51
SRC_CUSTOMER_B002_000001686,C0051286,Eric,Miller,eric.miller.51286@retailverse.example,+44 7010745922,1953-09-11,NONE,Y,2026-09-03 03:58:01,2026-09-03 03:58:01
SRC_CUSTOMER_B002_000001687,C0051287,James,Cooper,james.cooper.51287@retailverse.example,+44 7646141747,2006-08-21,SILVER,Y,2026-09-02 07:32:46,2026-09-02 07:32:46
SRC_CUSTOMER_B002_000001688,C0051288,Ann,Dixon,ann.dixon.51288@retailverse.example,+44 7494830546,1984-09-26,NONE,N,2025-01-01 02:48:03,2026-09-02 23:29:32
SRC_CUSTOMER_B002_000001689,C0051289,Howard,Thomas,howard.thomas.51289@retailverse.example,+44 7162761493,1978-11-11,BRONZE,N,2026-09-02 08:45:12,2026-09-02 08:45:12
SRC_CUSTOMER_B002_000001690,C0051290,Rosemary,Wood,rosemary.wood.51290@retailverse.example,+44 7328121923,1969-02-21,BRONZE,Y,2026-09-03 16:36:55,2026-09-03 16:36:55
SRC_CUSTOMER_B002_000001691,C0051291,Vanessa,Evans,vanessa.evans.51291@retailverse.example,+44 7781190947,1971-04-07,SILVER,Y,2026-09-01 11:48:46,2026-09-01 11:48:46
SRC_CUSTOMER_B002_000001692,C0051292,Leigh,Moss,leigh.moss.51292@retailverse.example,+44 7876463917,1954-11-15,NONE,N,2026-09-02 02:41:13,2026-09-02 02:41:13
SRC_CUSTOMER_B002_000001693,C0051293,Clare,Wright,clare.wright.51293@retailverse.example,+44 7089859992,1957-06-14,NONE,Y,2026-09-03 01:05:24,2026-09-03 01:05:24
SRC_CUSTOMER_B002_000001694,C0051294,Holly,Berry,holly.berry.51294@retailverse.example,+44 7673744238,1978-06-10,NONE,N,2026-09-03 20:41:13,2026-09-03 20:41:13
SRC_CUSTOMER_B002_000001695,C0051295,George,Ali,george.ali.51295@retailverse.example,+44 7371844119,1952-06-05,BRONZE,Y,2026-09-02 03:28:23,2026-09-02 03:28:23
SRC_CUSTOMER_B002_000001696,C0051296,Duncan,Mason,duncan.mason.51296@retailverse.example,+44 7029497019,1965-12-22,NONE,N,2026-09-03 18:01:57,2026-09-03 18:01:57
SRC_CUSTOMER_B002_000001697,C0051297,Geraldine,Rhodes,geraldine.rhodes.51297@retailverse.example,+44 7097451245,1952-03-26,SILVER,Y,2026-09-01 12:37:37,2026-09-01 12:37:37
SRC_CUSTOMER_B002_000001698,C0051298,Jordan,Bird,jordan.bird.51298@retailverse.example,+44 7553268098,1958-05-23,NONE,Y,2026-09-03 02:11:25,2026-09-03 02:11:25
SRC_CUSTOMER_B002_000001699,C0051299,Garry,Peters,garry.peters.51299@retailverse.example,+44 7326459040,1963-10-09,NONE,N,2026-09-02 10:57:39,2026-09-02 10:57:39
SRC_CUSTOMER_B002_000001700,C0051300,Deborah,Newman,deborah.newman.51300@retailverse.example,+44 7715822217,1963-03-09,SILVER,Y,2026-09-02 00:22:07,2026-09-02 00:22:07
DEF_CUSTOMER_DUP_B002_001,C0050909,Frances,Lewis,frances.lewis.50909@retailverse.example,+44 7211548372,1958-08-16,NONE,Y,2026-09-02 19:31:43,2026-09-02 19:31:43
DEF_CUSTOMER_DUP_B002_002,C0013986,Elliot,Martin,elliot.martin.13986@retailverse.example,+44 7839588959,1982-05-11,BRONZE,N,2026-05-28 20:12:11,2026-09-01 00:00:00
DEF_CUSTOMER_NULLKEY_B002_001,,Karen,West,karen.west.50420@retailverse.example,+44 7709270220,1969-08-26,BRONZE,N,2026-09-03 06:30:54,2026-09-03 06:30:54
