source_record_id,return_item_id,return_id,order_item_id,product_id,quantity,refund_amount,return_reason,created_at,updated_at
SRC_RETURN_ITEM_B002_000000001,RI0000036460,R000022006,OI0000000590,P000028,3,1453.56,LATE_DELIVERY,2025-07-04 05:11:42,2025-07-04 05:11:42
SRC_RETURN_ITEM_B002_000000002,RI0000036461,R000022653,OI0000000896,P000252,2,2253.55,LATE_DELIVERY,2026-01-26 11:10:46,2026-01-26 11:10:46
SRC_RETURN_ITEM_B002_000000003,RI0000036462,R000022653,OI0000000893,P000207,1,472.54,DAMAGED,2026-01-26 11:10:46,2026-01-26 11:10:46
SRC_RETURN_ITEM_B002_000000004,RI0000036463,R000022794,OI0000001364,P000341,1,907.36,SIZE_FIT,2025-01-05 07:27:28,2025-01-05 07:27:28
SRC_RETURN_ITEM_B002_000000005,RI0000036464,R000022794,OI0000001365,P000017,1,503.54,LATE_DELIVERY,2025-01-05 07:27:28,2025-01-05 07:27:28
SRC_RETURN_ITEM_B002_000000006,RI0000036465,R000022579,OI0000001552,P000311,1,582.23,LATE_DELIVERY,2024-04-22 12:03:34,2024-04-22 12:03:34
SRC_RETURN_ITEM_B002_000000007,RI0000036466,R000022579,OI0000001553,P000053,1,896.06,UNWANTED,2024-04-22 12:03:34,2024-04-22 12:03:34
SRC_RETURN_ITEM_B002_000000008,RI0000036467,R000021488,OI0000001685,P000494,1,776.65,DEFECTIVE,2024-04-09 03:10:52,2024-04-09 03:10:52
SRC_RETURN_ITEM_B002_000000009,RI0000036468,R000022265,OI0000001794,P000306,1,1043.64,SIZE_FIT,2026-09-15 04:21:49,2026-09-15 04:21:49
SRC_RETURN_ITEM_B002_000000010,RI0000036469,R000022265,OI0000001796,P000061,1,620.92,SIZE_FIT,2026-09-15 04:21:49,2026-09-15 04:21:49
SRC_RETURN_ITEM_B002_000000011,RI0000036470,R000021592,OI0000002246,P000474,1,622.04,WRONG_ITEM,2025-12-03 04:35:33,2025-12-03 04:35:33
SRC_RETURN_ITEM_B002_000000012,RI0000036471,R000021929,OI0000002560,P000004,1,256.84,LATE_DELIVERY,2024-11-25 02:01:09,2024-11-25 02:01:09
SRC_RETURN_ITEM_B002_000000013,RI0000036472,R000022522,OI0000002593,P000108,1,480.24,DAMAGED,2026-03-10 03:42:25,2026-03-10 03:42:25
SRC_RETURN_ITEM_B002_000000014,RI0000036473,R000022522,OI0000002592,P000416,1,921.08,DAMAGED,2026-03-10 03:42:25,2026-03-10 03:42:25
SRC_RETURN_ITEM_B002_000000015,RI0000036474,R000022752,OI0000003284,P000249,2,2211.89,LATE_DELIVERY,2025-06-17 04:34:18,2025-06-17 04:34:18
SRC_RETURN_ITEM_B002_000000016,RI0000036475,R000021335,OI0000003532,P000475,1,975.88,UNWANTED,2024-01-29 06:37:32,2024-01-29 06:37:32
SRC_RETURN_ITEM_B002_000000017,RI0000036476,R000021335,OI0000003530,P000066,3,1026.22,SIZE_FIT,2024-01-29 06:37:32,2024-01-29 06:37:32
SRC_RETURN_ITEM_B002_000000018,RI0000036477,R000022643,OI0000003955,P000368,1,563.34,UNWANTED,2024-03-14 09:56:47,2024-03-14 09:56:47
SRC_RETURN_ITEM_B002_000000019,RI0000036478,R000021810,OI0000004321,P000031,1,794.38,SIZE_FIT,2024-10-28 21:20:12,2024-10-28 21:20:12
SRC_RETURN_ITEM_B002_000000020,RI0000036479,R000021810,OI0000004319,P000026,1,1048.19,UNWANTED,2024-10-28 21:20:12,2024-10-28 21:20:12
SRC_RETURN_ITEM_B002_000000021,RI0000036480,R000022228,OI0000004597,P000242,1,354.62,DEFECTIVE,2025-07-17 16:39:52,2025-07-17 16:39:52
SRC_RETURN_ITEM_B002_000000022,RI0000036481,R000022415,OI0000004639,P000294,2,788.14,DAMAGED,2025-11-02 18:15:44,2025-11-02 18:15:44
SRC_RETURN_ITEM_B002_000000023,RI0000036482,R000022691,OI0000004767,P000103,1,138.71,DEFECTIVE,2024-08-12 11:37:40,2024-08-12 11:37:40
SRC_RETURN_ITEM_B002_000000024,RI0000036483,R000022691,OI0000004765,P000310,1,676.38,DEFECTIVE,2024-08-12 11:37:40,2024-08-12 11:37:40
SRC_RETURN_ITEM_B002_000000025,RI0000036484,R000021674,OI0000004978,P000055,1,585.34,LATE_DELIVERY,2025-10-23 15:13:07,2025-10-23 15:13:07
SRC_RETURN_ITEM_B002_000000026,RI0000036485,R000021674,OI0000004975,P000265,1,379.63,DAMAGED,2025-10-23 15:13:07,2025-10-23 15:13:07
SRC_RETURN_ITEM_B002_000000027,RI0000036486,R000021673,OI0000005215,P000198,1,975.43,SIZE_FIT,2026-09-29 03:11:12,2026-09-29 03:11:12
SRC_RETURN_ITEM_B002_000000028,RI0000036487,R000021673,OI0000005216,P000074,2,1412.81,SIZE_FIT,2026-09-29 03:11:12,2026-09-29 03:11:12
SRC_RETURN_ITEM_B002_000000029,RI0000036488,R000021673,OI0000005217,P000124,1,537.92,LATE_DELIVERY,2026-09-29 03:11:12,2026-09-29 03:11:12
SRC_RETURN_ITEM_B002_000000030,RI0000036489,R000022736,OI0000005480,P000065,3,2087.75,UNWANTED,2025-08-26 12:13:44,2025-08-26 12:13:44
SRC_RETURN_ITEM_B002_000000031,RI0000036490,R000022736,OI0000005482,P000489,1,352.19,SIZE_FIT,2025-08-26 12:13:44,2025-08-26 12:13:44
SRC_RETURN_ITEM_B002_000000032,RI0000036491,R000022736,OI0000005481,P000466,1,376.16,UNWANTED,2025-08-26 12:13:44,2025-08-26 12:13:44
SRC_RETURN_ITEM_B002_000000033,RI0000036492,R000022273,OI0000005655,P000043,1,251.70,UNWANTED,2026-03-07 11:55:59,2026-03-07 11:55:59
SRC_RETURN_ITEM_B002_000000034,RI0000036493,R000022273,OI0000005656,P000309,1,20.89,DAMAGED,2026-03-07 11:55:59,2026-03-07 11:55:59
SRC_RETURN_ITEM_B002_000000035,RI0000036494,R000021564,OI0000005826,P000304,1,496.22,DEFECTIVE,2025-04-14 07:54:44,2025-04-14 07:54:44
SRC_RETURN_ITEM_B002_000000036,RI0000036495,R000022761,OI0000006070,P000269,1,808.49,UNWANTED,2026-08-06 21:19:39,2026-08-06 21:19:39
SRC_RETURN_ITEM_B002_000000037,RI0000036496,R000022761,OI0000006071,P000244,1,673.10,SIZE_FIT,2026-08-06 21:19:39,2026-08-06 21:19:39
SRC_RETURN_ITEM_B002_000000038,RI0000036497,R000022704,OI0000006088,P000301,1,100.79,DEFECTIVE,2024-12-14 05:19:51,2024-12-14 05:19:51
SRC_RETURN_ITEM_B002_000000039,RI0000036498,R000022704,OI0000006089,P000187,1,315.71,DEFECTIVE,2024-12-14 05:19:51,2024-12-14 05:19:51
SRC_RETURN_ITEM_B002_000000040,RI0000036499,R000022704,OI0000006090,P000113,1,244.01,LATE_DELIVERY,2024-12-14 05:19:51,2024-12-14 05:19:51
SRC_RETURN_ITEM_B002_000000041,RI0000036500,R000022739,OI0000006278,P000349,1,376.78,LATE_DELIVERY,2025-08-11 12:02:10,2025-08-11 12:02:10
SRC_RETURN_ITEM_B002_000000042,RI0000036501,R000022739,OI0000006277,P000413,1,83.71,DEFECTIVE,2025-08-11 12:02:10,2025-08-11 12:02:10
SRC_RETURN_ITEM_B002_000000043,RI0000036502,R000021628,OI0000006559,P000075,2,1917.11,WRONG_ITEM,2024-05-13 13:48:48,2024-05-13 13:48:48
SRC_RETURN_ITEM_B002_000000044,RI0000036503,R000021628,OI0000006558,P000082,2,452.83,DAMAGED,2024-05-13 13:48:48,2024-05-13 13:48:48
SRC_RETURN_ITEM_B002_000000045,RI0000036504,R000021493,OI0000006571,P000069,1,228.97,DEFECTIVE,2026-05-07 15:55:15,2026-05-07 15:55:15
SRC_RETURN_ITEM_B002_000000046,RI0000036505,R000021493,OI0000006572,P000172,1,825.24,LATE_DELIVERY,2026-05-07 15:55:15,2026-05-07 15:55:15
SRC_RETURN_ITEM_B002_000000047,RI0000036506,R000022542,OI0000006965,P000413,1,88.12,DAMAGED,2024-11-21 09:29:27,2024-11-21 09:29:27
SRC_RETURN_ITEM_B002_000000048,RI0000036507,R000022542,OI0000006964,P000116,2,568.13,SIZE_FIT,2024-11-21 09:29:27,2024-11-21 09:29:27
SRC_RETURN_ITEM_B002_000000049,RI0000036508,R000022542,OI0000006963,P000074,1,706.40,DAMAGED,2024-11-21 09:29:27,2024-11-21 09:29:27
SRC_RETURN_ITEM_B002_000000050,RI0000036509,R000021629,OI0000007135,P000375,1,543.46,DEFECTIVE,2025-10-15 04:05:00,2025-10-15 04:05:00
SRC_RETURN_ITEM_B002_000000051,RI0000036510,R000021629,OI0000007134,P000252,1,1126.78,LATE_DELIVERY,2025-10-15 04:05:00,2025-10-15 04:05:00
SRC_RETURN_ITEM_B002_000000052,RI0000036511,R000021629,OI0000007138,P000343,1,1176.77,DAMAGED,2025-10-15 04:05:00,2025-10-15 04:05:00
SRC_RETURN_ITEM_B002_000000053,RI0000036512,R000021946,OI0000007457,P000371,1,626.78,DAMAGED,2024-05-31 17:07:43,2024-05-31 17:07:43
SRC_RETURN_ITEM_B002_000000054,RI0000036513,R000022370,OI0000007498,P000123,1,882.91,WRONG_ITEM,2024-05-17 08:39:52,2024-05-17 08:39:52
SRC_RETURN_ITEM_B002_000000055,RI0000036514,R000022370,OI0000007497,P000315,2,1656.88,UNWANTED,2024-05-17 08:39:52,2024-05-17 08:39:52
SRC_RETURN_ITEM_B002_000000056,RI0000036515,R000022075,OI0000007527,P000483,2,1600.13,UNWANTED,2024-12-12 05:40:14,2024-12-12 05:40:14
SRC_RETURN_ITEM_B002_000000057,RI0000036516,R000022075,OI0000007526,P000307,1,85.18,DEFECTIVE,2024-12-12 05:40:14,2024-12-12 05:40:14
SRC_RETURN_ITEM_B002_000000058,RI0000036517,R000022075,OI0000007524,P000463,2,1450.73,LATE_DELIVERY,2024-12-12 05:40:14,2024-12-12 05:40:14
SRC_RETURN_ITEM_B002_000000059,RI0000036518,R000021727,OI0000007692,P000234,1,1103.33,SIZE_FIT,2026-07-08 07:13:17,2026-07-08 07:13:17
SRC_RETURN_ITEM_B002_000000060,RI0000036519,R000021727,OI0000007691,P000291,1,732.94,WRONG_ITEM,2026-07-08 07:13:17,2026-07-08 07:13:17
SRC_RETURN_ITEM_B002_000000061,RI0000036520,R000022557,OI0000007876,P000169,1,901.00,DEFECTIVE,2024-08-09 01:57:36,2024-08-09 01:57:36
SRC_RETURN_ITEM_B002_000000062,RI0000036521,R000022557,OI0000007877,P000306,1,1043.64,UNWANTED,2024-08-09 01:57:36,2024-08-09 01:57:36
SRC_RETURN_ITEM_B002_000000063,RI0000036522,R000021835,OI0000008556,P000297,1,476.56,UNWANTED,2025-12-12 15:46:36,2025-12-12 15:46:36
SRC_RETURN_ITEM_B002_000000064,RI0000036523,R000021835,OI0000008558,P000280,3,2639.70,WRONG_ITEM,2025-12-12 15:46:36,2025-12-12 15:46:36
SRC_RETURN_ITEM_B002_000000065,RI0000036524,R000021835,OI0000008557,P000463,2,1450.73,SIZE_FIT,2025-12-12 15:46:36,2025-12-12 15:46:36
SRC_RETURN_ITEM_B002_000000066,RI0000036525,R000022201,OI0000009498,P000068,1,610.85,SIZE_FIT,2024-04-17 07:30:39,2024-04-17 07:30:39
SRC_RETURN_ITEM_B002_000000067,RI0000036526,R000022201,OI0000009497,P000361,1,494.66,DAMAGED,2024-04-17 07:30:39,2024-04-17 07:30:39
SRC_RETURN_ITEM_B002_000000068,RI0000036527,R000021411,OI0000010103,P000159,1,35.62,SIZE_FIT,2026-08-17 11:28:34,2026-08-17 11:28:34
SRC_RETURN_ITEM_B002_000000069,RI0000036528,R000021411,OI0000010102,P000055,1,650.38,LATE_DELIVERY,2026-08-17 11:28:34,2026-08-17 11:28:34
SRC_RETURN_ITEM_B002_000000070,RI0000036529,R000022069,OI0000010190,P000315,2,1840.97,DEFECTIVE,2026-07-19 22:24:28,2026-07-19 22:24:28
SRC_RETURN_ITEM_B002_000000071,RI0000036530,R000022753,OI0000010668,P000203,1,789.52,DAMAGED,2025-09-15 07:29:55,2025-09-15 07:29:55
SRC_RETURN_ITEM_B002_000000072,RI0000036531,R000022753,OI0000010669,P000381,3,1669.03,UNWANTED,2025-09-15 07:29:55,2025-09-15 07:29:55
SRC_RETURN_ITEM_B002_000000073,RI0000036532,R000021555,OI0000011018,P000054,2,152.99,UNWANTED,2024-04-25 09:54:21,2024-04-25 09:54:21
SRC_RETURN_ITEM_B002_000000074,RI0000036533,R000021555,OI0000011015,P000423,1,757.72,UNWANTED,2024-04-25 09:54:21,2024-04-25 09:54:21
SRC_RETURN_ITEM_B002_000000075,RI0000036534,R000021555,OI0000011017,P000492,1,691.69,DAMAGED,2024-04-25 09:54:21,2024-04-25 09:54:21
SRC_RETURN_ITEM_B002_000000076,RI0000036535,R000022377,OI0000011894,P000447,1,1096.60,SIZE_FIT,2024-08-22 06:38:06,2024-08-22 06:38:06
SRC_RETURN_ITEM_B002_000000077,RI0000036536,R000022377,OI0000011891,P000240,2,1622.95,SIZE_FIT,2024-08-22 06:38:06,2024-08-22 06:38:06
SRC_RETURN_ITEM_B002_000000078,RI0000036537,R000022377,OI0000011895,P000297,1,476.56,SIZE_FIT,2024-08-22 06:38:06,2024-08-22 06:38:06
SRC_RETURN_ITEM_B002_000000079,RI0000036538,R000021997,OI0000012164,P000252,1,1126.78,DAMAGED,2025-01-03 06:43:38,2025-01-03 06:43:38
SRC_RETURN_ITEM_B002_000000080,RI0000036539,R000021930,OI0000012540,P000273,1,426.98,LATE_DELIVERY,2024-07-22 05:28:38,2024-07-22 05:28:38
SRC_RETURN_ITEM_B002_000000081,RI0000036540,R000021936,OI0000012627,P000020,1,354.89,DAMAGED,2025-09-22 12:20:50,2025-09-22 12:20:50
SRC_RETURN_ITEM_B002_000000082,RI0000036541,R000022598,OI0000013223,P000438,1,989.00,UNWANTED,2025-03-31 21:33:08,2025-03-31 21:33:08
SRC_RETURN_ITEM_B002_000000083,RI0000036542,R000022598,OI0000013228,P000061,2,1241.83,DAMAGED,2025-03-31 21:33:08,2025-03-31 21:33:08
SRC_RETURN_ITEM_B002_000000084,RI0000036543,R000022598,OI0000013227,P000023,1,185.59,DAMAGED,2025-03-31 21:33:08,2025-03-31 21:33:08
SRC_RETURN_ITEM_B002_000000085,RI0000036544,R000022014,OI0000013658,P000172,1,1031.56,SIZE_FIT,2026-01-31 23:06:47,2026-01-31 23:06:47
SRC_RETURN_ITEM_B002_000000086,RI0000036545,R000022014,OI0000013656,P000177,1,591.73,WRONG_ITEM,2026-01-31 23:06:47,2026-01-31 23:06:47
SRC_RETURN_ITEM_B002_000000087,RI0000036546,R000022014,OI0000013657,P000018,2,926.37,SIZE_FIT,2026-01-31 23:06:47,2026-01-31 23:06:47
SRC_RETURN_ITEM_B002_000000088,RI0000036547,R000021402,OI0000013751,P000228,1,798.89,DAMAGED,2024-04-13 02:31:17,2024-04-13 02:31:17
SRC_RETURN_ITEM_B002_000000089,RI0000036548,R000022570,OI0000013779,P000314,1,402.88,DAMAGED,2026-06-05 21:25:16,2026-06-05 21:25:16
SRC_RETURN_ITEM_B002_000000090,RI0000036549,R000022227,OI0000013902,P000194,1,1047.12,UNWANTED,2026-06-29 14:02:05,2026-06-29 14:02:05
SRC_RETURN_ITEM_B002_000000091,RI0000036550,R000022227,OI0000013901,P000086,1,884.47,LATE_DELIVERY,2026-06-29 14:02:05,2026-06-29 14:02:05
SRC_RETURN_ITEM_B002_000000092,RI0000036551,R000021541,OI0000013904,P000480,1,538.32,DAMAGED,2024-11-24 23:03:15,2024-11-24 23:03:15
SRC_RETURN_ITEM_B002_000000093,RI0000036552,R000021342,OI0000013918,P000031,2,1672.37,DEFECTIVE,2024-06-19 13:45:54,2024-06-19 13:45:54
SRC_RETURN_ITEM_B002_000000094,RI0000036553,R000021342,OI0000013916,P000021,1,228.98,SIZE_FIT,2024-06-19 13:45:54,2024-06-19 13:45:54
SRC_RETURN_ITEM_B002_000000095,RI0000036554,R000021342,OI0000013917,P000149,2,374.86,DAMAGED,2024-06-19 13:45:54,2024-06-19 13:45:54
SRC_RETURN_ITEM_B002_000000096,RI0000036555,R000021907,OI0000014112,P000222,1,755.10,SIZE_FIT,2025-01-09 13:59:33,2025-01-09 13:59:33
SRC_RETURN_ITEM_B002_000000097,RI0000036556,R000022514,OI0000014170,P000494,1,873.73,LATE_DELIVERY,2026-06-15 19:48:21,2026-06-15 19:48:21
SRC_RETURN_ITEM_B002_000000098,RI0000036557,R000022229,OI0000014395,P000401,1,310.44,DAMAGED,2025-11-12 06:25:08,2025-11-12 06:25:08
SRC_RETURN_ITEM_B002_000000099,RI0000036558,R000022229,OI0000014396,P000226,1,800.11,DEFECTIVE,2025-11-12 06:25:08,2025-11-12 06:25:08
SRC_RETURN_ITEM_B002_000000100,RI0000036559,R000022346,OI0000014454,P000187,1,268.36,DEFECTIVE,2024-11-25 17:41:19,2024-11-25 17:41:19
SRC_RETURN_ITEM_B002_000000101,RI0000036560,R000022346,OI0000014453,P000450,1,1143.54,UNWANTED,2024-11-25 17:41:19,2024-11-25 17:41:19
SRC_RETURN_ITEM_B002_000000102,RI0000036561,R000021706,OI0000014555,P000199,1,559.96,LATE_DELIVERY,2026-07-23 20:07:08,2026-07-23 20:07:08
SRC_RETURN_ITEM_B002_000000103,RI0000036562,R000021706,OI0000014554,P000429,3,3086.23,UNWANTED,2026-07-23 20:07:08,2026-07-23 20:07:08
SRC_RETURN_ITEM_B002_000000104,RI0000036563,R000022451,OI0000014561,P000358,1,22.02,DEFECTIVE,2025-02-04 09:04:54,2025-02-04 09:04:54
SRC_RETURN_ITEM_B002_000000105,RI0000036564,R000022451,OI0000014563,P000175,1,1064.35,UNWANTED,2025-02-04 09:04:54,2025-02-04 09:04:54
SRC_RETURN_ITEM_B002_000000106,RI0000036565,R000022451,OI0000014562,P000169,1,1001.10,DAMAGED,2025-02-04 09:04:54,2025-02-04 09:04:54
SRC_RETURN_ITEM_B002_000000107,RI0000036566,R000021384,OI0000014992,P000013,1,1179.42,DAMAGED,2025-07-14 22:38:47,2025-07-14 22:38:47
SRC_RETURN_ITEM_B002_000000108,RI0000036567,R000022513,OI0000015665,P000349,1,396.60,SIZE_FIT,2026-04-23 00:18:39,2026-04-23 00:18:39
SRC_RETURN_ITEM_B002_000000109,RI0000036568,R000022513,OI0000015666,P000328,2,1213.55,WRONG_ITEM,2026-04-23 00:18:39,2026-04-23 00:18:39
SRC_RETURN_ITEM_B002_000000110,RI0000036569,R000022513,OI0000015668,P000120,1,289.55,DAMAGED,2026-04-23 00:18:39,2026-04-23 00:18:39
SRC_RETURN_ITEM_B002_000000111,RI0000036570,R000022788,OI0000015738,P000281,1,482.65,UNWANTED,2025-01-31 13:21:53,2025-01-31 13:21:53
SRC_RETURN_ITEM_B002_000000112,RI0000036571,R000022788,OI0000015739,P000458,1,822.78,UNWANTED,2025-01-31 13:21:53,2025-01-31 13:21:53
SRC_RETURN_ITEM_B002_000000113,RI0000036572,R000022577,OI0000015846,P000220,1,788.50,SIZE_FIT,2025-09-17 12:01:06,2025-09-17 12:01:06
SRC_RETURN_ITEM_B002_000000114,RI0000036573,R000022577,OI0000015844,P000177,1,525.98,UNWANTED,2025-09-17 12:01:06,2025-09-17 12:01:06
SRC_RETURN_ITEM_B002_000000115,RI0000036574,R000022577,OI0000015847,P000264,1,523.75,LATE_DELIVERY,2025-09-17 12:01:06,2025-09-17 12:01:06
SRC_RETURN_ITEM_B002_000000116,RI0000036575,R000021694,OI0000016187,P000367,1,310.68,UNWANTED,2025-08-11 22:18:36,2025-08-11 22:18:36
SRC_RETURN_ITEM_B002_000000117,RI0000036576,R000021694,OI0000016188,P000493,1,663.50,SIZE_FIT,2025-08-11 22:18:36,2025-08-11 22:18:36
SRC_RETURN_ITEM_B002_000000118,RI0000036577,R000022336,OI0000016506,P000029,1,1161.94,LATE_DELIVERY,2025-07-01 11:54:46,2025-07-01 11:54:46
SRC_RETURN_ITEM_B002_000000119,RI0000036578,R000022336,OI0000016507,P000128,1,1189.69,DAMAGED,2025-07-01 11:54:46,2025-07-01 11:54:46
SRC_RETURN_ITEM_B002_000000120,RI0000036579,R000021923,OI0000016519,P000325,1,756.74,UNWANTED,2026-05-10 01:38:34,2026-05-10 01:38:34
SRC_RETURN_ITEM_B002_000000121,RI0000036580,R000021897,OI0000016701,P000321,1,32.00,SIZE_FIT,2024-05-16 07:51:44,2024-05-16 07:51:44
SRC_RETURN_ITEM_B002_000000122,RI0000036581,R000021897,OI0000016702,P000255,2,1648.80,WRONG_ITEM,2024-05-16 07:51:44,2024-05-16 07:51:44
SRC_RETURN_ITEM_B002_000000123,RI0000036582,R000022199,OI0000016898,P000013,1,1179.42,SIZE_FIT,2026-02-18 06:22:32,2026-02-18 06:22:32
SRC_RETURN_ITEM_B002_000000124,RI0000036583,R000021851,OI0000016973,P000043,1,296.11,WRONG_ITEM,2026-01-22 09:51:22,2026-01-22 09:51:22
SRC_RETURN_ITEM_B002_000000125,RI0000036584,R000021845,OI0000017095,P000451,1,1102.13,DEFECTIVE,2025-09-29 04:22:17,2025-09-29 04:22:17
SRC_RETURN_ITEM_B002_000000126,RI0000036585,R000022498,OI0000017198,P000449,3,461.36,DEFECTIVE,2025-07-03 22:16:29,2025-07-03 22:16:29
SRC_RETURN_ITEM_B002_000000127,RI0000036586,R000022190,OI0000017507,P000045,2,2140.37,SIZE_FIT,2024-07-20 20:45:35,2024-07-20 20:45:35
SRC_RETURN_ITEM_B002_000000128,RI0000036587,R000022139,OI0000017664,P000049,1,1021.14,SIZE_FIT,2024-10-28 01:57:12,2024-10-28 01:57:12
SRC_RETURN_ITEM_B002_000000129,RI0000036588,R000021853,OI0000017971,P000409,1,108.67,SIZE_FIT,2025-08-20 09:38:41,2025-08-20 09:38:41
SRC_RETURN_ITEM_B002_000000130,RI0000036589,R000021853,OI0000017970,P000100,1,182.82,DEFECTIVE,2025-08-20 09:38:41,2025-08-20 09:38:41
SRC_RETURN_ITEM_B002_000000131,RI0000036590,R000021853,OI0000017969,P000418,1,1065.66,DEFECTIVE,2025-08-20 09:38:41,2025-08-20 09:38:41
SRC_RETURN_ITEM_B002_000000132,RI0000036591,R000022128,OI0000018281,P000270,1,1163.72,SIZE_FIT,2025-05-18 06:15:52,2025-05-18 06:15:52
SRC_RETURN_ITEM_B002_000000133,RI0000036592,R000021837,OI0000018648,P000016,2,967.39,WRONG_ITEM,2024-02-20 02:54:48,2024-02-20 02:54:48
SRC_RETURN_ITEM_B002_000000134,RI0000036593,R000022635,OI0000018662,P000311,1,646.92,DEFECTIVE,2024-11-30 10:29:34,2024-11-30 10:29:34
SRC_RETURN_ITEM_B002_000000135,RI0000036594,R000021481,OI0000018871,P000389,3,353.74,DEFECTIVE,2024-02-01 12:52:50,2024-02-01 12:52:50
SRC_RETURN_ITEM_B002_000000136,RI0000036595,R000021481,OI0000018870,P000356,2,368.91,UNWANTED,2024-02-01 12:52:50,2024-02-01 12:52:50
SRC_RETURN_ITEM_B002_000000137,RI0000036596,R000022401,OI0000018927,P000277,2,2119.85,DEFECTIVE,2025-10-15 23:40:47,2025-10-15 23:40:47
SRC_RETURN_ITEM_B002_000000138,RI0000036597,R000022401,OI0000018926,P000408,2,123.41,DAMAGED,2025-10-15 23:40:47,2025-10-15 23:40:47
SRC_RETURN_ITEM_B002_000000139,RI0000036598,R000022401,OI0000018929,P000086,2,1768.94,LATE_DELIVERY,2025-10-15 23:40:47,2025-10-15 23:40:47
SRC_RETURN_ITEM_B002_000000140,RI0000036599,R000022644,OI0000019125,P000455,1,295.13,DEFECTIVE,2024-11-27 02:15:40,2024-11-27 02:15:40
SRC_RETURN_ITEM_B002_000000141,RI0000036600,R000022713,OI0000019357,P000156,1,753.43,WRONG_ITEM,2026-04-04 20:08:57,2026-04-04 20:08:57
SRC_RETURN_ITEM_B002_000000142,RI0000036601,R000022160,OI0000019670,P000226,1,800.11,DEFECTIVE,2026-06-06 09:11:04,2026-06-06 09:11:04
SRC_RETURN_ITEM_B002_000000143,RI0000036602,R000022101,OI0000019726,P000435,2,2030.19,LATE_DELIVERY,2024-05-04 09:24:17,2024-05-04 09:24:17
SRC_RETURN_ITEM_B002_000000144,RI0000036603,R000022101,OI0000019724,P000120,1,304.79,WRONG_ITEM,2024-05-04 09:24:17,2024-05-04 09:24:17
SRC_RETURN_ITEM_B002_000000145,RI0000036604,R000022101,OI0000019725,P000115,1,499.91,UNWANTED,2024-05-04 09:24:17,2024-05-04 09:24:17
SRC_RETURN_ITEM_B002_000000146,RI0000036605,R000021860,OI0000019729,P000023,1,185.59,DEFECTIVE,2026-08-26 15:35:59,2026-08-26 15:35:59
SRC_RETURN_ITEM_B002_000000147,RI0000036606,R000021565,OI0000019761,P000111,2,142.56,DAMAGED,2025-11-13 19:33:20,2025-11-13 19:33:20
SRC_RETURN_ITEM_B002_000000148,RI0000036607,R000021565,OI0000019762,P000108,1,505.52,SIZE_FIT,2025-11-13 19:33:20,2025-11-13 19:33:20
SRC_RETURN_ITEM_B002_000000149,RI0000036608,R000021565,OI0000019760,P000082,1,203.77,UNWANTED,2025-11-13 19:33:20,2025-11-13 19:33:20
SRC_RETURN_ITEM_B002_000000150,RI0000036609,R000021636,OI0000020083,P000489,1,371.76,LATE_DELIVERY,2025-05-16 09:06:09,2025-05-16 09:06:09
SRC_RETURN_ITEM_B002_000000151,RI0000036610,R000021636,OI0000020082,P000073,1,815.51,DAMAGED,2025-05-16 09:06:09,2025-05-16 09:06:09
SRC_RETURN_ITEM_B002_000000152,RI0000036611,R000021655,OI0000020576,P000127,2,316.10,SIZE_FIT,2024-07-09 17:01:40,2024-07-09 17:01:40
SRC_RETURN_ITEM_B002_000000153,RI0000036612,R000021655,OI0000020575,P000232,1,852.96,LATE_DELIVERY,2024-07-09 17:01:40,2024-07-09 17:01:40
SRC_RETURN_ITEM_B002_000000154,RI0000036613,R000021655,OI0000020577,P000190,1,362.41,DEFECTIVE,2024-07-09 17:01:40,2024-07-09 17:01:40
SRC_RETURN_ITEM_B002_000000155,RI0000036614,R000021982,OI0000020658,P000103,1,138.71,DEFECTIVE,2026-07-18 06:45:50,2026-07-18 06:45:50
SRC_RETURN_ITEM_B002_000000156,RI0000036615,R000021448,OI0000020897,P000048,1,275.80,UNWANTED,2026-09-21 06:35:34,2026-09-21 06:35:34
SRC_RETURN_ITEM_B002_000000157,RI0000036616,R000022328,OI0000021030,P000302,2,9.46,SIZE_FIT,2024-09-27 01:47:05,2024-09-27 01:47:05
SRC_RETURN_ITEM_B002_000000158,RI0000036617,R000022328,OI0000021031,P000209,1,659.28,WRONG_ITEM,2024-09-27 01:47:05,2024-09-27 01:47:05
SRC_RETURN_ITEM_B002_000000159,RI0000036618,R000021883,OI0000021049,P000144,3,2953.62,DAMAGED,2024-03-31 22:21:42,2024-03-31 22:21:42
SRC_RETURN_ITEM_B002_000000160,RI0000036619,R000021883,OI0000021048,P000071,2,489.91,WRONG_ITEM,2024-03-31 22:21:42,2024-03-31 22:21:42
SRC_RETURN_ITEM_B002_000000161,RI0000036620,R000021883,OI0000021047,P000205,2,509.47,WRONG_ITEM,2024-03-31 22:21:42,2024-03-31 22:21:42
SRC_RETURN_ITEM_B002_000000162,RI0000036621,R000021562,OI0000021541,P000368,1,594.64,WRONG_ITEM,2024-04-25 05:52:31,2024-04-25 05:52:31
SRC_RETURN_ITEM_B002_000000163,RI0000036622,R000021742,OI0000021734,P000470,1,1045.54,DAMAGED,2024-02-01 03:00:59,2024-02-01 03:00:59
SRC_RETURN_ITEM_B002_000000164,RI0000036623,R000021855,OI0000022461,P000429,1,1143.05,DAMAGED,2025-11-06 12:05:21,2025-11-06 12:05:21
SRC_RETURN_ITEM_B002_000000165,RI0000036624,R000021855,OI0000022462,P000057,1,184.90,DEFECTIVE,2025-11-06 12:05:21,2025-11-06 12:05:21
SRC_RETURN_ITEM_B002_000000166,RI0000036625,R000021692,OI0000022950,P000072,1,916.30,SIZE_FIT,2025-09-19 19:08:04,2025-09-19 19:08:04
SRC_RETURN_ITEM_B002_000000167,RI0000036626,R000021692,OI0000022949,P000006,2,1595.60,WRONG_ITEM,2025-09-19 19:08:04,2025-09-19 19:08:04
SRC_RETURN_ITEM_B002_000000168,RI0000036627,R000022263,OI0000022990,P000308,1,63.37,DAMAGED,2025-02-24 17:24:45,2025-02-24 17:24:45
SRC_RETURN_ITEM_B002_000000169,RI0000036628,R000021920,OI0000023117,P000168,1,739.88,DEFECTIVE,2024-07-16 10:16:43,2024-07-16 10:16:43
SRC_RETURN_ITEM_B002_000000170,RI0000036629,R000021920,OI0000023118,P000476,1,445.98,WRONG_ITEM,2024-07-16 10:16:43,2024-07-16 10:16:43
SRC_RETURN_ITEM_B002_000000171,RI0000036630,R000022187,OI0000023201,P000237,1,753.50,LATE_DELIVERY,2025-06-04 18:13:44,2025-06-04 18:13:44
SRC_RETURN_ITEM_B002_000000172,RI0000036631,R000022187,OI0000023202,P000384,1,317.32,DAMAGED,2025-06-04 18:13:44,2025-06-04 18:13:44
SRC_RETURN_ITEM_B002_000000173,RI0000036632,R000021367,OI0000023697,P000286,1,251.58,DEFECTIVE,2025-12-21 03:14:43,2025-12-21 03:14:43
SRC_RETURN_ITEM_B002_000000174,RI0000036633,R000021367,OI0000023695,P000131,1,878.24,LATE_DELIVERY,2025-12-21 03:14:43,2025-12-21 03:14:43
SRC_RETURN_ITEM_B002_000000175,RI0000036634,R000021367,OI0000023696,P000033,1,857.18,WRONG_ITEM,2025-12-21 03:14:43,2025-12-21 03:14:43
SRC_RETURN_ITEM_B002_000000176,RI0000036635,R000022261,OI0000024077,P000457,1,812.04,SIZE_FIT,2025-02-13 08:23:49,2025-02-13 08:23:49
SRC_RETURN_ITEM_B002_000000177,RI0000036636,R000022261,OI0000024075,P000203,3,2105.36,WRONG_ITEM,2025-02-13 08:23:49,2025-02-13 08:23:49
SRC_RETURN_ITEM_B002_000000178,RI0000036637,R000022261,OI0000024076,P000477,3,3509.71,UNWANTED,2025-02-13 08:23:49,2025-02-13 08:23:49
SRC_RETURN_ITEM_B002_000000179,RI0000036638,R000022472,OI0000024543,P000132,2,991.20,UNWANTED,2024-07-06 18:40:42,2024-07-06 18:40:42
SRC_RETURN_ITEM_B002_000000180,RI0000036639,R000021702,OI0000024751,P000293,1,246.19,SIZE_FIT,2025-05-27 11:21:14,2025-05-27 11:21:14
SRC_RETURN_ITEM_B002_000000181,RI0000036640,R000021315,OI0000024912,P000210,1,980.86,SIZE_FIT,2026-08-29 08:04:22,2026-08-29 08:04:22
SRC_RETURN_ITEM_B002_000000182,RI0000036641,R000021315,OI0000024911,P000271,2,2333.83,DAMAGED,2026-08-29 08:04:22,2026-08-29 08:04:22
SRC_RETURN_ITEM_B002_000000183,RI0000036642,R000021545,OI0000025315,P000153,1,170.12,DAMAGED,2024-04-10 23:36:42,2024-04-10 23:36:42
SRC_RETURN_ITEM_B002_000000184,RI0000036643,R000021568,OI0000025701,P000386,2,879.50,DAMAGED,2026-06-01 19:15:15,2026-06-01 19:15:15
SRC_RETURN_ITEM_B002_000000185,RI0000036644,R000021568,OI0000025702,P000165,1,165.78,LATE_DELIVERY,2026-06-01 19:15:15,2026-06-01 19:15:15
SRC_RETURN_ITEM_B002_000000186,RI0000036645,R000021568,OI0000025703,P000025,1,964.52,UNWANTED,2026-06-01 19:15:15,2026-06-01 19:15:15
SRC_RETURN_ITEM_B002_000000187,RI0000036646,R000021590,OI0000025848,P000335,1,819.48,SIZE_FIT,2024-05-01 01:09:14,2024-05-01 01:09:14
SRC_RETURN_ITEM_B002_000000188,RI0000036647,R000021590,OI0000025850,P000036,1,986.86,LATE_DELIVERY,2024-05-01 01:09:14,2024-05-01 01:09:14
SRC_RETURN_ITEM_B002_000000189,RI0000036648,R000021590,OI0000025849,P000288,1,585.40,DEFECTIVE,2024-05-01 01:09:14,2024-05-01 01:09:14
SRC_RETURN_ITEM_B002_000000190,RI0000036649,R000022667,OI0000025977,P000141,1,346.76,WRONG_ITEM,2025-03-13 22:41:11,2025-03-13 22:41:11
SRC_RETURN_ITEM_B002_000000191,RI0000036650,R000021538,OI0000026066,P000138,2,1668.74,DAMAGED,2024-10-21 04:26:36,2024-10-21 04:26:36
SRC_RETURN_ITEM_B002_000000192,RI0000036651,R000022096,OI0000026291,P000485,1,208.70,LATE_DELIVERY,2025-12-10 22:08:20,2025-12-10 22:08:20
SRC_RETURN_ITEM_B002_000000193,RI0000036652,R000022096,OI0000026290,P000371,1,626.78,UNWANTED,2025-12-10 22:08:20,2025-12-10 22:08:20
SRC_RETURN_ITEM_B002_000000194,RI0000036653,R000021373,OI0000027019,P000261,1,674.40,UNWANTED,2025-02-18 15:22:23,2025-02-18 15:22:23
SRC_RETURN_ITEM_B002_000000195,RI0000036654,R000021373,OI0000027020,P000034,1,878.36,UNWANTED,2025-02-18 15:22:23,2025-02-18 15:22:23
SRC_RETURN_ITEM_B002_000000196,RI0000036655,R000021373,OI0000027021,P000477,1,1169.90,DAMAGED,2025-02-18 15:22:23,2025-02-18 15:22:23
SRC_RETURN_ITEM_B002_000000197,RI0000036656,R000022208,OI0000027114,P000435,1,812.08,LATE_DELIVERY,2024-02-24 19:21:28,2024-02-24 19:21:28
SRC_RETURN_ITEM_B002_000000198,RI0000036657,R000022208,OI0000027113,P000178,1,265.55,SIZE_FIT,2024-02-24 19:21:28,2024-02-24 19:21:28
SRC_RETURN_ITEM_B002_000000199,RI0000036658,R000022208,OI0000027115,P000054,2,161.04,DAMAGED,2024-02-24 19:21:28,2024-02-24 19:21:28
SRC_RETURN_ITEM_B002_000000200,RI0000036659,R000022497,OI0000027769,P000009,1,878.65,DAMAGED,2025-10-27 10:20:13,2025-10-27 10:20:13
SRC_RETURN_ITEM_B002_000000201,RI0000036660,R000021894,OI0000027803,P000321,1,35.77,SIZE_FIT,2024-02-29 22:12:52,2024-02-29 22:12:52
SRC_RETURN_ITEM_B002_000000202,RI0000036661,R000022776,OI0000028166,P000368,1,625.93,LATE_DELIVERY,2025-02-17 15:02:15,2025-02-17 15:02:15
SRC_RETURN_ITEM_B002_000000203,RI0000036662,R000021452,OI0000028269,P000437,1,719.09,DEFECTIVE,2025-04-29 01:26:24,2025-04-29 01:26:24
SRC_RETURN_ITEM_B002_000000204,RI0000036663,R000021452,OI0000028268,P000381,1,528.53,LATE_DELIVERY,2025-04-29 01:26:24,2025-04-29 01:26:24
SRC_RETURN_ITEM_B002_000000205,RI0000036664,R000022675,OI0000028926,P000124,1,638.78,SIZE_FIT,2024-04-23 23:33:03,2024-04-23 23:33:03
SRC_RETURN_ITEM_B002_000000206,RI0000036665,R000022675,OI0000028925,P000436,1,50.62,DEFECTIVE,2024-04-23 23:33:03,2024-04-23 23:33:03
SRC_RETURN_ITEM_B002_000000207,RI0000036666,R000022571,OI0000029201,P000416,1,1023.43,DEFECTIVE,2025-02-15 11:56:07,2025-02-15 11:56:07
SRC_RETURN_ITEM_B002_000000208,RI0000036667,R000022046,OI0000029550,P000172,1,1031.56,DEFECTIVE,2025-08-23 14:11:47,2025-08-23 14:11:47
SRC_RETURN_ITEM_B002_000000209,RI0000036668,R000022046,OI0000029549,P000273,2,853.97,WRONG_ITEM,2025-08-23 14:11:47,2025-08-23 14:11:47
SRC_RETURN_ITEM_B002_000000210,RI0000036669,R000022369,OI0000029615,P000297,1,428.90,DAMAGED,2024-09-14 18:58:54,2024-09-14 18:58:54
SRC_RETURN_ITEM_B002_000000211,RI0000036670,R000022710,OI0000029788,P000115,1,472.14,WRONG_ITEM,2026-03-24 15:55:16,2026-03-24 15:55:16
SRC_RETURN_ITEM_B002_000000212,RI0000036671,R000021613,OI0000030034,P000204,3,2921.18,DAMAGED,2024-11-08 02:38:06,2024-11-08 02:38:06
SRC_RETURN_ITEM_B002_000000213,RI0000036672,R000021613,OI0000030036,P000412,1,672.60,LATE_DELIVERY,2024-11-08 02:38:06,2024-11-08 02:38:06
SRC_RETURN_ITEM_B002_000000214,RI0000036673,R000021334,OI0000030336,P000425,2,335.96,WRONG_ITEM,2026-03-03 22:52:13,2026-03-03 22:52:13
SRC_RETURN_ITEM_B002_000000215,RI0000036674,R000021575,OI0000030538,P000466,1,357.36,SIZE_FIT,2024-05-07 19:38:43,2024-05-07 19:38:43
SRC_RETURN_ITEM_B002_000000216,RI0000036675,R000021575,OI0000030537,P000481,1,218.83,WRONG_ITEM,2024-05-07 19:38:43,2024-05-07 19:38:43
SRC_RETURN_ITEM_B002_000000217,RI0000036676,R000022387,OI0000030711,P000234,1,937.83,SIZE_FIT,2026-07-11 20:48:12,2026-07-11 20:48:12
SRC_RETURN_ITEM_B002_000000218,RI0000036677,R000022387,OI0000030712,P000396,1,340.80,WRONG_ITEM,2026-07-11 20:48:12,2026-07-11 20:48:12
SRC_RETURN_ITEM_B002_000000219,RI0000036678,R000021733,OI0000030744,P000429,1,1143.05,UNWANTED,2025-01-11 15:38:31,2025-01-11 15:38:31
SRC_RETURN_ITEM_B002_000000220,RI0000036679,R000021733,OI0000030743,P000345,1,1152.72,UNWANTED,2025-01-11 15:38:31,2025-01-11 15:38:31
SRC_RETURN_ITEM_B002_000000221,RI0000036680,R000022248,OI0000030911,P000221,2,1219.99,DEFECTIVE,2025-04-02 21:51:44,2025-04-02 21:51:44
SRC_RETURN_ITEM_B002_000000222,RI0000036681,R000022248,OI0000030910,P000142,1,628.07,UNWANTED,2025-04-02 21:51:44,2025-04-02 21:51:44
SRC_RETURN_ITEM_B002_000000223,RI0000036682,R000021573,OI0000031336,P000202,1,221.46,LATE_DELIVERY,2024-04-12 08:14:58,2024-04-12 08:14:58
SRC_RETURN_ITEM_B002_000000224,RI0000036683,R000021887,OI0000031562,P000112,1,765.30,WRONG_ITEM,2025-02-11 11:54:48,2025-02-11 11:54:48
SRC_RETURN_ITEM_B002_000000225,RI0000036684,R000021950,OI0000031884,P000181,1,1115.72,UNWANTED,2025-04-13 10:43:29,2025-04-13 10:43:29
SRC_RETURN_ITEM_B002_000000226,RI0000036685,R000022725,OI0000031889,P000103,1,138.71,DAMAGED,2026-02-17 23:24:53,2026-02-17 23:24:53
SRC_RETURN_ITEM_B002_000000227,RI0000036686,R000022725,OI0000031886,P000157,1,144.04,DAMAGED,2026-02-17 23:24:53,2026-02-17 23:24:53
SRC_RETURN_ITEM_B002_000000228,RI0000036687,R000022725,OI0000031890,P000244,1,673.10,SIZE_FIT,2026-02-17 23:24:53,2026-02-17 23:24:53
SRC_RETURN_ITEM_B002_000000229,RI0000036688,R000021302,OI0000031986,P000329,1,817.68,WRONG_ITEM,2026-02-25 18:39:42,2026-02-25 18:39:42
SRC_RETURN_ITEM_B002_000000230,RI0000036689,R000021818,OI0000031990,P000459,1,631.99,SIZE_FIT,2025-12-05 18:25:34,2025-12-05 18:25:34
SRC_RETURN_ITEM_B002_000000231,RI0000036690,R000021818,OI0000031989,P000332,1,299.65,SIZE_FIT,2025-12-05 18:25:34,2025-12-05 18:25:34
SRC_RETURN_ITEM_B002_000000232,RI0000036691,R000021818,OI0000031991,P000322,1,17.63,DEFECTIVE,2025-12-05 18:25:34,2025-12-05 18:25:34
SRC_RETURN_ITEM_B002_000000233,RI0000036692,R000022432,OI0000032134,P000061,2,1241.83,SIZE_FIT,2026-06-06 10:51:55,2026-06-06 10:51:55
SRC_RETURN_ITEM_B002_000000234,RI0000036693,R000022432,OI0000032135,P000006,1,938.59,DEFECTIVE,2026-06-06 10:51:55,2026-06-06 10:51:55
SRC_RETURN_ITEM_B002_000000235,RI0000036694,R000022399,OI0000032224,P000006,1,938.59,UNWANTED,2025-10-16 19:07:07,2025-10-16 19:07:07
SRC_RETURN_ITEM_B002_000000236,RI0000036695,R000022399,OI0000032223,P000306,1,991.46,DEFECTIVE,2025-10-16 19:07:07,2025-10-16 19:07:07
SRC_RETURN_ITEM_B002_000000237,RI0000036696,R000022399,OI0000032225,P000149,2,356.11,DEFECTIVE,2025-10-16 19:07:07,2025-10-16 19:07:07
SRC_RETURN_ITEM_B002_000000238,RI0000036697,R000022550,OI0000032431,P000462,1,1126.13,SIZE_FIT,2026-03-16 07:55:58,2026-03-16 07:55:58
SRC_RETURN_ITEM_B002_000000239,RI0000036698,R000022550,OI0000032432,P000482,1,248.81,WRONG_ITEM,2026-03-16 07:55:58,2026-03-16 07:55:58
SRC_RETURN_ITEM_B002_000000240,RI0000036699,R000022550,OI0000032429,P000456,1,636.11,SIZE_FIT,2026-03-16 07:55:58,2026-03-16 07:55:58
SRC_RETURN_ITEM_B002_000000241,RI0000036700,R000022471,OI0000032583,P000407,1,974.10,SIZE_FIT,2024-10-18 11:49:22,2024-10-18 11:49:22
SRC_RETURN_ITEM_B002_000000242,RI0000036701,R000022289,OI0000033060,P000167,1,470.84,DEFECTIVE,2024-03-11 14:15:00,2024-03-11 14:15:00
SRC_RETURN_ITEM_B002_000000243,RI0000036702,R000022010,OI0000033105,P000011,1,700.04,UNWANTED,2024-10-20 21:49:27,2024-10-20 21:49:27
SRC_RETURN_ITEM_B002_000000244,RI0000036703,R000022010,OI0000033106,P000068,1,580.31,SIZE_FIT,2024-10-20 21:49:27,2024-10-20 21:49:27
SRC_RETURN_ITEM_B002_000000245,RI0000036704,R000021348,OI0000033181,P000423,1,757.72,DEFECTIVE,2025-12-02 03:10:27,2025-12-02 03:10:27
SRC_RETURN_ITEM_B002_000000246,RI0000036705,R000021348,OI0000033182,P000200,1,238.75,UNWANTED,2025-12-02 03:10:27,2025-12-02 03:10:27
SRC_RETURN_ITEM_B002_000000247,RI0000036706,R000021348,OI0000033180,P000359,1,215.32,LATE_DELIVERY,2025-12-02 03:10:27,2025-12-02 03:10:27
SRC_RETURN_ITEM_B002_000000248,RI0000036707,R000021973,OI0000033223,P000256,1,887.15,SIZE_FIT,2024-07-04 09:39:45,2024-07-04 09:39:45
SRC_RETURN_ITEM_B002_000000249,RI0000036708,R000021973,OI0000033224,P000469,1,439.26,DAMAGED,2024-07-04 09:39:45,2024-07-04 09:39:45
SRC_RETURN_ITEM_B002_000000250,RI0000036709,R000021449,OI0000033588,P000007,1,168.12,DEFECTIVE,2025-12-04 07:40:13,2025-12-04 07:40:13
SRC_RETURN_ITEM_B002_000000251,RI0000036710,R000021978,OI0000033656,P000279,1,1026.80,UNWANTED,2024-07-28 02:14:06,2024-07-28 02:14:06
SRC_RETURN_ITEM_B002_000000252,RI0000036711,R000021589,OI0000033784,P000236,1,404.10,DEFECTIVE,2026-08-23 09:00:32,2026-08-23 09:00:32
SRC_RETURN_ITEM_B002_000000253,RI0000036712,R000021589,OI0000033783,P000416,1,921.08,SIZE_FIT,2026-08-23 09:00:32,2026-08-23 09:00:32
SRC_RETURN_ITEM_B002_000000254,RI0000036713,R000022632,OI0000034220,P000290,2,325.43,UNWANTED,2026-09-10 23:31:58,2026-09-10 23:31:58
SRC_RETURN_ITEM_B002_000000255,RI0000036714,R000022650,OI0000034792,P000111,1,71.28,UNWANTED,2025-07-11 03:19:30,2025-07-11 03:19:30
SRC_RETURN_ITEM_B002_000000256,RI0000036715,R000021343,OI0000034857,P000271,1,1166.92,UNWANTED,2025-07-29 19:46:02,2025-07-29 19:46:02
SRC_RETURN_ITEM_B002_000000257,RI0000036716,R000021378,OI0000035035,P000363,1,967.52,SIZE_FIT,2025-11-15 18:36:22,2025-11-15 18:36:22
SRC_RETURN_ITEM_B002_000000258,RI0000036717,R000021378,OI0000035037,P000419,2,1543.91,UNWANTED,2025-11-15 18:36:22,2025-11-15 18:36:22
SRC_RETURN_ITEM_B002_000000259,RI0000036718,R000021378,OI0000035034,P000309,1,20.89,WRONG_ITEM,2025-11-15 18:36:22,2025-11-15 18:36:22
SRC_RETURN_ITEM_B002_000000260,RI0000036719,R000022351,OI0000035220,P000230,2,1636.54,WRONG_ITEM,2026-09-10 07:46:16,2026-09-10 07:46:16
SRC_RETURN_ITEM_B002_000000261,RI0000036720,R000022207,OI0000035244,P000282,1,1067.69,WRONG_ITEM,2026-09-08 15:47:38,2026-09-08 15:47:38
SRC_RETURN_ITEM_B002_000000262,RI0000036721,R000022207,OI0000035245,P000446,1,83.45,WRONG_ITEM,2026-09-08 15:47:38,2026-09-08 15:47:38
SRC_RETURN_ITEM_B002_000000263,RI0000036722,R000022207,OI0000035243,P000065,2,1322.24,WRONG_ITEM,2026-09-08 15:47:38,2026-09-08 15:47:38
SRC_RETURN_ITEM_B002_000000264,RI0000036723,R000022541,OI0000036147,P000328,1,574.84,UNWANTED,2024-11-28 10:32:38,2024-11-28 10:32:38
SRC_RETURN_ITEM_B002_000000265,RI0000036724,R000022541,OI0000036145,P000246,1,41.78,SIZE_FIT,2024-11-28 10:32:38,2024-11-28 10:32:38
SRC_RETURN_ITEM_B002_000000266,RI0000036725,R000022541,OI0000036146,P000241,2,19.78,LATE_DELIVERY,2024-11-28 10:32:38,2024-11-28 10:32:38
SRC_RETURN_ITEM_B002_000000267,RI0000036726,R000022061,OI0000036684,P000192,1,202.13,DEFECTIVE,2025-09-19 02:33:22,2025-09-19 02:33:22
SRC_RETURN_ITEM_B002_000000268,RI0000036727,R000022002,OI0000036807,P000103,1,138.71,UNWANTED,2026-01-09 08:54:38,2026-01-09 08:54:38
SRC_RETURN_ITEM_B002_000000269,RI0000036728,R000022002,OI0000036809,P000307,1,85.18,LATE_DELIVERY,2026-01-09 08:54:38,2026-01-09 08:54:38
SRC_RETURN_ITEM_B002_000000270,RI0000036729,R000022002,OI0000036808,P000343,1,1176.77,LATE_DELIVERY,2026-01-09 08:54:38,2026-01-09 08:54:38
SRC_RETURN_ITEM_B002_000000271,RI0000036730,R000022103,OI0000036968,P000167,2,800.43,WRONG_ITEM,2024-12-01 11:45:18,2024-12-01 11:45:18
SRC_RETURN_ITEM_B002_000000272,RI0000036731,R000022103,OI0000036971,P000446,1,79.27,SIZE_FIT,2024-12-01 11:45:18,2024-12-01 11:45:18
SRC_RETURN_ITEM_B002_000000273,RI0000036732,R000021725,OI0000037592,P000219,1,194.39,LATE_DELIVERY,2024-12-06 08:58:06,2024-12-06 08:58:06
SRC_RETURN_ITEM_B002_000000274,RI0000036733,R000021725,OI0000037591,P000483,3,2400.19,WRONG_ITEM,2024-12-06 08:58:06,2024-12-06 08:58:06
SRC_RETURN_ITEM_B002_000000275,RI0000036734,R000021725,OI0000037593,P000047,1,269.66,LATE_DELIVERY,2024-12-06 08:58:06,2024-12-06 08:58:06
SRC_RETURN_ITEM_B002_000000276,RI0000036735,R000022253,OI0000037648,P000474,1,622.04,DAMAGED,2024-12-05 06:47:58,2024-12-05 06:47:58
SRC_RETURN_ITEM_B002_000000277,RI0000036736,R000022253,OI0000037646,P000249,1,1105.94,UNWANTED,2024-12-05 06:47:58,2024-12-05 06:47:58
SRC_RETURN_ITEM_B002_000000278,RI0000036737,R000022505,OI0000037704,P000180,2,167.40,UNWANTED,2024-08-08 20:44:48,2024-08-08 20:44:48
SRC_RETURN_ITEM_B002_000000279,RI0000036738,R000022505,OI0000037705,P000025,3,2893.57,LATE_DELIVERY,2024-08-08 20:44:48,2024-08-08 20:44:48
SRC_RETURN_ITEM_B002_000000280,RI0000036739,R000021838,OI0000037841,P000271,1,1166.92,LATE_DELIVERY,2026-05-18 23:42:18,2026-05-18 23:42:18
SRC_RETURN_ITEM_B002_000000281,RI0000036740,R000021838,OI0000037843,P000103,1,138.71,WRONG_ITEM,2026-05-18 23:42:18,2026-05-18 23:42:18
SRC_RETURN_ITEM_B002_000000282,RI0000036741,R000021838,OI0000037842,P000213,1,1023.18,WRONG_ITEM,2026-05-18 23:42:18,2026-05-18 23:42:18
SRC_RETURN_ITEM_B002_000000283,RI0000036742,R000021637,OI0000037940,P000402,1,1051.90,WRONG_ITEM,2025-01-29 08:09:38,2025-01-29 08:09:38
SRC_RETURN_ITEM_B002_000000284,RI0000036743,R000021637,OI0000037941,P000346,2,1805.64,DEFECTIVE,2025-01-29 08:09:38,2025-01-29 08:09:38
SRC_RETURN_ITEM_B002_000000285,RI0000036744,R000021637,OI0000037939,P000102,1,867.16,LATE_DELIVERY,2025-01-29 08:09:38,2025-01-29 08:09:38
SRC_RETURN_ITEM_B002_000000286,RI0000036745,R000022757,OI0000038398,P000462,1,1069.82,SIZE_FIT,2026-02-02 22:36:20,2026-02-02 22:36:20
SRC_RETURN_ITEM_B002_000000287,RI0000036746,R000022431,OI0000038534,P000176,1,929.53,SIZE_FIT,2026-09-02 13:43:58,2026-09-02 13:43:58
SRC_RETURN_ITEM_B002_000000288,RI0000036747,R000022431,OI0000038532,P000272,2,1678.13,DEFECTIVE,2026-09-02 13:43:58,2026-09-02 13:43:58
SRC_RETURN_ITEM_B002_000000289,RI0000036748,R000022504,OI0000038773,P000318,1,506.88,LATE_DELIVERY,2025-05-14 18:03:53,2025-05-14 18:03:53
SRC_RETURN_ITEM_B002_000000290,RI0000036749,R000022504,OI0000038774,P000253,1,1092.26,WRONG_ITEM,2025-05-14 18:03:53,2025-05-14 18:03:53
SRC_RETURN_ITEM_B002_000000291,RI0000036750,R000022504,OI0000038775,P000283,1,1101.46,UNWANTED,2025-05-14 18:03:53,2025-05-14 18:03:53
SRC_RETURN_ITEM_B002_000000292,RI0000036751,R000022592,OI0000038991,P000407,2,1753.39,WRONG_ITEM,2025-11-13 03:13:28,2025-11-13 03:13:28
SRC_RETURN_ITEM_B002_000000293,RI0000036752,R000022178,OI0000039225,P000267,1,569.96,DEFECTIVE,2026-06-23 00:54:47,2026-06-23 00:54:47
SRC_RETURN_ITEM_B002_000000294,RI0000036753,R000022178,OI0000039226,P000357,1,135.72,DEFECTIVE,2026-06-23 00:54:47,2026-06-23 00:54:47
SRC_RETURN_ITEM_B002_000000295,RI0000036754,R000022178,OI0000039227,P000148,2,736.27,LATE_DELIVERY,2026-06-23 00:54:47,2026-06-23 00:54:47
SRC_RETURN_ITEM_B002_000000296,RI0000036755,R000021300,OI0000039805,P000009,1,834.72,DEFECTIVE,2025-04-18 07:07:32,2025-04-18 07:07:32
SRC_RETURN_ITEM_B002_000000297,RI0000036756,R000021300,OI0000039804,P000428,1,937.58,WRONG_ITEM,2025-04-18 07:07:32,2025-04-18 07:07:32
SRC_RETURN_ITEM_B002_000000298,RI0000036757,R000021483,OI0000040147,P000229,1,242.34,WRONG_ITEM,2024-09-18 04:09:34,2024-09-18 04:09:34
SRC_RETURN_ITEM_B002_000000299,RI0000036758,R000021483,OI0000040145,P000024,1,939.94,UNWANTED,2024-09-18 04:09:34,2024-09-18 04:09:34
SRC_RETURN_ITEM_B002_000000300,RI0000036759,R000022741,OI0000040152,P000102,1,780.44,SIZE_FIT,2025-08-14 08:35:10,2025-08-14 08:35:10
SRC_RETURN_ITEM_B002_000000301,RI0000036760,R000021966,OI0000040338,P000471,1,850.18,WRONG_ITEM,2025-12-27 14:02:34,2025-12-27 14:02:34
SRC_RETURN_ITEM_B002_000000302,RI0000036761,R000021495,OI0000040451,P000156,1,793.09,SIZE_FIT,2026-09-03 18:34:32,2026-09-03 18:34:32
SRC_RETURN_ITEM_B002_000000303,RI0000036762,R000022376,OI0000040481,P000224,2,2171.33,DAMAGED,2024-08-06 01:07:55,2024-08-06 01:07:55
SRC_RETURN_ITEM_B002_000000304,RI0000036763,R000022758,OI0000040598,P000354,1,1065.90,WRONG_ITEM,2026-07-06 20:24:56,2026-07-06 20:24:56
SRC_RETURN_ITEM_B002_000000305,RI0000036764,R000022693,OI0000040863,P000096,1,167.01,LATE_DELIVERY,2025-06-05 00:36:40,2025-06-05 00:36:40
SRC_RETURN_ITEM_B002_000000306,RI0000036765,R000022708,OI0000040924,P000075,1,1065.06,SIZE_FIT,2026-08-20 09:12:58,2026-08-20 09:12:58
SRC_RETURN_ITEM_B002_000000307,RI0000036766,R000021514,OI0000041421,P000155,1,716.98,DEFECTIVE,2025-09-22 09:58:47,2025-09-22 09:58:47
SRC_RETURN_ITEM_B002_000000308,RI0000036767,R000022403,OI0000041738,P000176,1,929.53,LATE_DELIVERY,2024-06-19 23:28:09,2024-06-19 23:28:09
SRC_RETURN_ITEM_B002_000000309,RI0000036768,R000022403,OI0000041739,P000266,1,809.71,LATE_DELIVERY,2024-06-19 23:28:09,2024-06-19 23:28:09
SRC_RETURN_ITEM_B002_000000310,RI0000036769,R000022568,OI0000041836,P000293,1,273.55,DAMAGED,2025-04-11 03:11:43,2025-04-11 03:11:43
SRC_RETURN_ITEM_B002_000000311,RI0000036770,R000022568,OI0000041835,P000258,1,30.08,LATE_DELIVERY,2025-04-11 03:11:43,2025-04-11 03:11:43
SRC_RETURN_ITEM_B002_000000312,RI0000036771,R000022568,OI0000041837,P000271,1,991.88,DEFECTIVE,2025-04-11 03:11:43,2025-04-11 03:11:43
SRC_RETURN_ITEM_B002_000000313,RI0000036772,R000022157,OI0000042077,P000225,1,968.05,WRONG_ITEM,2025-03-15 19:30:10,2025-03-15 19:30:10
SRC_RETURN_ITEM_B002_000000314,RI0000036773,R000021626,OI0000042761,P000104,1,383.83,DEFECTIVE,2024-08-10 22:17:28,2024-08-10 22:17:28
SRC_RETURN_ITEM_B002_000000315,RI0000036774,R000022161,OI0000043250,P000233,1,831.91,UNWANTED,2026-05-22 07:03:02,2026-05-22 07:03:02
SRC_RETURN_ITEM_B002_000000316,RI0000036775,R000022569,OI0000043721,P000158,1,287.50,LATE_DELIVERY,2025-05-23 20:59:30,2025-05-23 20:59:30
SRC_RETURN_ITEM_B002_000000317,RI0000036776,R000022569,OI0000043720,P000176,2,1766.11,DEFECTIVE,2025-05-23 20:59:30,2025-05-23 20:59:30
SRC_RETURN_ITEM_B002_000000318,RI0000036777,R000022357,OI0000044032,P000233,1,744.35,LATE_DELIVERY,2024-12-10 09:04:51,2024-12-10 09:04:51
SRC_RETURN_ITEM_B002_000000319,RI0000036778,R000022357,OI0000044031,P000244,1,673.10,WRONG_ITEM,2024-12-10 09:04:51,2024-12-10 09:04:51
SRC_RETURN_ITEM_B002_000000320,RI0000036779,R000021678,OI0000044046,P000003,1,444.25,UNWANTED,2025-09-10 02:21:44,2025-09-10 02:21:44
SRC_RETURN_ITEM_B002_000000321,RI0000036780,R000021678,OI0000044048,P000426,1,126.83,SIZE_FIT,2025-09-10 02:21:44,2025-09-10 02:21:44
SRC_RETURN_ITEM_B002_000000322,RI0000036781,R000021678,OI0000044045,P000449,1,145.69,UNWANTED,2025-09-10 02:21:44,2025-09-10 02:21:44
SRC_RETURN_ITEM_B002_000000323,RI0000036782,R000021664,OI0000044410,P000285,2,1699.03,SIZE_FIT,2024-07-12 16:06:32,2024-07-12 16:06:32
SRC_RETURN_ITEM_B002_000000324,RI0000036783,R000022547,OI0000044496,P000145,1,960.59,LATE_DELIVERY,2026-05-22 22:14:40,2026-05-22 22:14:40
SRC_RETURN_ITEM_B002_000000325,RI0000036784,R000022547,OI0000044497,P000341,1,907.36,SIZE_FIT,2026-05-22 22:14:40,2026-05-22 22:14:40
SRC_RETURN_ITEM_B002_000000326,RI0000036785,R000022447,OI0000044795,P000021,1,228.98,DEFECTIVE,2025-02-17 21:42:48,2025-02-17 21:42:48
SRC_RETURN_ITEM_B002_000000327,RI0000036786,R000022447,OI0000044794,P000230,1,777.36,DEFECTIVE,2025-02-17 21:42:48,2025-02-17 21:42:48
SRC_RETURN_ITEM_B002_000000328,RI0000036787,R000022447,OI0000044796,P000048,1,262.01,DEFECTIVE,2025-02-17 21:42:48,2025-02-17 21:42:48
SRC_RETURN_ITEM_B002_000000329,RI0000036788,R000021504,OI0000044823,P000430,1,34.31,DEFECTIVE,2024-09-25 19:36:59,2024-09-25 19:36:59
SRC_RETURN_ITEM_B002_000000330,RI0000036789,R000022381,OI0000045221,P000081,1,183.60,DEFECTIVE,2024-03-15 01:21:02,2024-03-15 01:21:02
SRC_RETURN_ITEM_B002_000000331,RI0000036790,R000022381,OI0000045219,P000187,1,315.71,WRONG_ITEM,2024-03-15 01:21:02,2024-03-15 01:21:02
SRC_RETURN_ITEM_B002_000000332,RI0000036791,R000022519,OI0000045523,P000450,1,1086.36,DEFECTIVE,2026-02-09 08:00:13,2026-02-09 08:00:13
SRC_RETURN_ITEM_B002_000000333,RI0000036792,R000022519,OI0000045522,P000087,1,417.98,LATE_DELIVERY,2026-02-09 08:00:13,2026-02-09 08:00:13
SRC_RETURN_ITEM_B002_000000334,RI0000036793,R000022519,OI0000045521,P000096,2,352.58,LATE_DELIVERY,2026-02-09 08:00:13,2026-02-09 08:00:13
SRC_RETURN_ITEM_B002_000000335,RI0000036794,R000021788,OI0000045575,P000494,1,873.73,SIZE_FIT,2025-05-21 20:24:30,2025-05-21 20:24:30
SRC_RETURN_ITEM_B002_000000336,RI0000036795,R000021747,OI0000045758,P000036,2,1875.02,DEFECTIVE,2024-02-11 12:09:31,2024-02-11 12:09:31
SRC_RETURN_ITEM_B002_000000337,RI0000036796,R000022594,OI0000045806,P000129,1,1011.72,LATE_DELIVERY,2026-04-28 03:20:48,2026-04-28 03:20:48
SRC_RETURN_ITEM_B002_000000338,RI0000036797,R000022612,OI0000046019,P000330,1,1165.82,DEFECTIVE,2026-02-11 21:19:50,2026-02-11 21:19:50
SRC_RETURN_ITEM_B002_000000339,RI0000036798,R000022612,OI0000046020,P000459,1,631.99,UNWANTED,2026-02-11 21:19:50,2026-02-11 21:19:50
SRC_RETURN_ITEM_B002_000000340,RI0000036799,R000022454,OI0000046705,P000326,1,52.33,SIZE_FIT,2024-04-17 16:46:12,2024-04-17 16:46:12
SRC_RETURN_ITEM_B002_000000341,RI0000036800,R000022067,OI0000046762,P000055,1,650.38,LATE_DELIVERY,2024-02-27 16:28:19,2024-02-27 16:28:19
SRC_RETURN_ITEM_B002_000000342,RI0000036801,R000022133,OI0000047271,P000357,1,135.72,UNWANTED,2024-03-04 15:46:20,2024-03-04 15:46:20
SRC_RETURN_ITEM_B002_000000343,RI0000036802,R000022133,OI0000047272,P000192,1,212.76,SIZE_FIT,2024-03-04 15:46:20,2024-03-04 15:46:20
SRC_RETURN_ITEM_B002_000000344,RI0000036803,R000022133,OI0000047270,P000431,1,60.80,DAMAGED,2024-03-04 15:46:20,2024-03-04 15:46:20
SRC_RETURN_ITEM_B002_000000345,RI0000036804,R000021306,OI0000047691,P000415,1,1118.39,WRONG_ITEM,2026-05-04 02:20:19,2026-05-04 02:20:19
SRC_RETURN_ITEM_B002_000000346,RI0000036805,R000021306,OI0000047693,P000483,1,800.06,UNWANTED,2026-05-04 02:20:19,2026-05-04 02:20:19
SRC_RETURN_ITEM_B002_000000347,RI0000036806,R000021306,OI0000047692,P000481,1,218.83,DAMAGED,2026-05-04 02:20:19,2026-05-04 02:20:19
SRC_RETURN_ITEM_B002_000000348,RI0000036807,R000021767,OI0000047881,P000486,1,252.95,WRONG_ITEM,2024-08-04 08:24:02,2024-08-04 08:24:02
SRC_RETURN_ITEM_B002_000000349,RI0000036808,R000021767,OI0000047884,P000431,1,60.80,SIZE_FIT,2024-08-04 08:24:02,2024-08-04 08:24:02
SRC_RETURN_ITEM_B002_000000350,RI0000036809,R000021767,OI0000047883,P000385,1,91.84,WRONG_ITEM,2024-08-04 08:24:02,2024-08-04 08:24:02
SRC_RETURN_ITEM_B002_000000351,RI0000036810,R000021621,OI0000048074,P000396,1,400.94,UNWANTED,2025-09-26 15:09:28,2025-09-26 15:09:28
SRC_RETURN_ITEM_B002_000000352,RI0000036811,R000021621,OI0000048076,P000239,1,746.75,LATE_DELIVERY,2025-09-26 15:09:28,2025-09-26 15:09:28
SRC_RETURN_ITEM_B002_000000353,RI0000036812,R000022797,OI0000048394,P000306,1,1043.64,SIZE_FIT,2025-06-12 23:51:15,2025-06-12 23:51:15
SRC_RETURN_ITEM_B002_000000354,RI0000036813,R000022797,OI0000048393,P000448,3,313.61,SIZE_FIT,2025-06-12 23:51:15,2025-06-12 23:51:15
SRC_RETURN_ITEM_B002_000000355,RI0000036814,R000021338,OI0000048536,P000412,1,672.60,DAMAGED,2025-02-10 22:55:09,2025-02-10 22:55:09
SRC_RETURN_ITEM_B002_000000356,RI0000036815,R000021338,OI0000048534,P000173,1,391.72,SIZE_FIT,2025-02-10 22:55:09,2025-02-10 22:55:09
SRC_RETURN_ITEM_B002_000000357,RI0000036816,R000021338,OI0000048535,P000279,2,2053.61,UNWANTED,2025-02-10 22:55:09,2025-02-10 22:55:09
SRC_RETURN_ITEM_B002_000000358,RI0000036817,R000022583,OI0000048675,P000112,1,765.30,LATE_DELIVERY,2026-08-10 16:11:59,2026-08-10 16:11:59
SRC_RETURN_ITEM_B002_000000359,RI0000036818,R000022583,OI0000048672,P000154,1,10.19,WRONG_ITEM,2026-08-10 16:11:59,2026-08-10 16:11:59
SRC_RETURN_ITEM_B002_000000360,RI0000036819,R000021462,OI0000048695,P000387,1,1145.21,WRONG_ITEM,2025-06-07 20:22:31,2025-06-07 20:22:31
SRC_RETURN_ITEM_B002_000000361,RI0000036820,R000021462,OI0000048696,P000434,1,779.42,SIZE_FIT,2025-06-07 20:22:31,2025-06-07 20:22:31
SRC_RETURN_ITEM_B002_000000362,RI0000036821,R000022729,OI0000048803,P000457,1,771.43,DEFECTIVE,2024-12-12 16:08:09,2024-12-12 16:08:09
SRC_RETURN_ITEM_B002_000000363,RI0000036822,R000022729,OI0000048805,P000261,1,674.40,LATE_DELIVERY,2024-12-12 16:08:09,2024-12-12 16:08:09
SRC_RETURN_ITEM_B002_000000364,RI0000036823,R000022729,OI0000048807,P000082,1,226.42,UNWANTED,2024-12-12 16:08:09,2024-12-12 16:08:09
SRC_RETURN_ITEM_B002_000000365,RI0000036824,R000022657,OI0000049528,P000221,1,610.00,UNWANTED,2025-05-06 08:47:17,2025-05-06 08:47:17
SRC_RETURN_ITEM_B002_000000366,RI0000036825,R000022657,OI0000049524,P000149,1,178.06,LATE_DELIVERY,2025-05-06 08:47:17,2025-05-06 08:47:17
SRC_RETURN_ITEM_B002_000000367,RI0000036826,R000022657,OI0000049526,P000060,1,827.18,WRONG_ITEM,2025-05-06 08:47:17,2025-05-06 08:47:17
SRC_RETURN_ITEM_B002_000000368,RI0000036827,R000021956,OI0000049612,P000327,2,802.82,UNWANTED,2024-06-02 16:46:05,2024-06-02 16:46:05
SRC_RETURN_ITEM_B002_000000369,RI0000036828,R000021956,OI0000049614,P000378,2,1939.71,UNWANTED,2024-06-02 16:46:05,2024-06-02 16:46:05
SRC_RETURN_ITEM_B002_000000370,RI0000036829,R000021956,OI0000049613,P000080,1,607.28,SIZE_FIT,2024-06-02 16:46:05,2024-06-02 16:46:05
SRC_RETURN_ITEM_B002_000000371,RI0000036830,R000021496,OI0000050028,P000372,2,2106.10,WRONG_ITEM,2024-08-20 20:46:45,2024-08-20 20:46:45
SRC_RETURN_ITEM_B002_000000372,RI0000036831,R000021496,OI0000050027,P000351,2,1630.13,DEFECTIVE,2024-08-20 20:46:45,2024-08-20 20:46:45
SRC_RETURN_ITEM_B002_000000373,RI0000036832,R000021496,OI0000050026,P000186,2,298.21,SIZE_FIT,2024-08-20 20:46:45,2024-08-20 20:46:45
SRC_RETURN_ITEM_B002_000000374,RI0000036833,R000022309,OI0000050643,P000296,2,884.76,SIZE_FIT,2024-09-03 11:27:45,2024-09-03 11:27:45
SRC_RETURN_ITEM_B002_000000375,RI0000036834,R000022309,OI0000050645,P000041,2,28.38,UNWANTED,2024-09-03 11:27:45,2024-09-03 11:27:45
SRC_RETURN_ITEM_B002_000000376,RI0000036835,R000022784,OI0000050822,P000181,1,1115.72,UNWANTED,2026-08-25 05:17:11,2026-08-25 05:17:11
SRC_RETURN_ITEM_B002_000000377,RI0000036836,R000022784,OI0000050823,P000279,1,1026.80,LATE_DELIVERY,2026-08-25 05:17:11,2026-08-25 05:17:11
SRC_RETURN_ITEM_B002_000000378,RI0000036837,R000021537,OI0000051059,P000310,1,751.54,UNWANTED,2026-06-26 20:43:12,2026-06-26 20:43:12
SRC_RETURN_ITEM_B002_000000379,RI0000036838,R000021947,OI0000051249,P000221,1,549.00,SIZE_FIT,2025-10-28 05:20:04,2025-10-28 05:20:04
SRC_RETURN_ITEM_B002_000000380,RI0000036839,R000021850,OI0000051473,P000185,1,833.28,WRONG_ITEM,2026-03-18 06:02:06,2026-03-18 06:02:06
SRC_RETURN_ITEM_B002_000000381,RI0000036840,R000021850,OI0000051472,P000066,1,324.97,UNWANTED,2026-03-18 06:02:06,2026-03-18 06:02:06
SRC_RETURN_ITEM_B002_000000382,RI0000036841,R000021850,OI0000051475,P000446,3,250.34,DAMAGED,2026-03-18 06:02:06,2026-03-18 06:02:06
SRC_RETURN_ITEM_B002_000000383,RI0000036842,R000022677,OI0000051841,P000229,1,269.27,WRONG_ITEM,2025-07-04 15:33:17,2025-07-04 15:33:17
SRC_RETURN_ITEM_B002_000000384,RI0000036843,R000022271,OI0000051852,P000008,1,182.12,SIZE_FIT,2025-11-28 08:15:11,2025-11-28 08:15:11
SRC_RETURN_ITEM_B002_000000385,RI0000036844,R000022271,OI0000051853,P000057,2,369.79,LATE_DELIVERY,2025-11-28 08:15:11,2025-11-28 08:15:11
SRC_RETURN_ITEM_B002_000000386,RI0000036845,R000022271,OI0000051851,P000218,1,717.60,WRONG_ITEM,2025-11-28 08:15:11,2025-11-28 08:15:11
SRC_RETURN_ITEM_B002_000000387,RI0000036846,R000022473,OI0000052139,P000122,1,913.26,WRONG_ITEM,2026-09-07 09:15:24,2026-09-07 09:15:24
SRC_RETURN_ITEM_B002_000000388,RI0000036847,R000022473,OI0000052142,P000121,3,2731.52,WRONG_ITEM,2026-09-07 09:15:24,2026-09-07 09:15:24
SRC_RETURN_ITEM_B002_000000389,RI0000036848,R000022473,OI0000052140,P000026,1,1164.65,DAMAGED,2026-09-07 09:15:24,2026-09-07 09:15:24
SRC_RETURN_ITEM_B002_000000390,RI0000036849,R000021425,OI0000052179,P000176,1,836.58,SIZE_FIT,2024-05-22 11:02:33,2024-05-22 11:02:33
SRC_RETURN_ITEM_B002_000000391,RI0000036850,R000022655,OI0000052401,P000108,1,480.25,UNWANTED,2026-04-07 13:14:56,2026-04-07 13:14:56
SRC_RETURN_ITEM_B002_000000392,RI0000036851,R000022655,OI0000052405,P000321,2,75.31,UNWANTED,2026-04-07 13:14:56,2026-04-07 13:14:56
SRC_RETURN_ITEM_B002_000000393,RI0000036852,R000022795,OI0000052588,P000189,1,224.20,SIZE_FIT,2026-06-17 21:17:26,2026-06-17 21:17:26
SRC_RETURN_ITEM_B002_000000394,RI0000036853,R000022433,OI0000052641,P000199,1,559.96,UNWANTED,2024-12-25 18:53:19,2024-12-25 18:53:19
SRC_RETURN_ITEM_B002_000000395,RI0000036854,R000022433,OI0000052642,P000432,1,1025.64,DAMAGED,2024-12-25 18:53:19,2024-12-25 18:53:19
SRC_RETURN_ITEM_B002_000000396,RI0000036855,R000021685,OI0000052871,P000088,1,523.91,DEFECTIVE,2026-02-08 02:58:20,2026-02-08 02:58:20
SRC_RETURN_ITEM_B002_000000397,RI0000036856,R000022125,OI0000052948,P000080,1,539.81,SIZE_FIT,2024-06-25 16:09:18,2024-06-25 16:09:18
SRC_RETURN_ITEM_B002_000000398,RI0000036857,R000022125,OI0000052950,P000402,1,894.11,WRONG_ITEM,2024-06-25 16:09:18,2024-06-25 16:09:18
SRC_RETURN_ITEM_B002_000000399,RI0000036858,R000022125,OI0000052949,P000319,1,18.28,LATE_DELIVERY,2024-06-25 16:09:18,2024-06-25 16:09:18
SRC_RETURN_ITEM_B002_000000400,RI0000036859,R000021560,OI0000053042,P000253,1,928.43,LATE_DELIVERY,2024-12-23 04:40:47,2024-12-23 04:40:47
SRC_RETURN_ITEM_B002_000000401,RI0000036860,R000021482,OI0000053510,P000161,2,1310.88,WRONG_ITEM,2026-01-29 02:38:32,2026-01-29 02:38:32
SRC_RETURN_ITEM_B002_000000402,RI0000036861,R000021482,OI0000053509,P000423,2,1288.12,UNWANTED,2026-01-29 02:38:32,2026-01-29 02:38:32
SRC_RETURN_ITEM_B002_000000403,RI0000036862,R000021482,OI0000053508,P000098,1,663.66,UNWANTED,2026-01-29 02:38:32,2026-01-29 02:38:32
SRC_RETURN_ITEM_B002_000000404,RI0000036863,R000022110,OI0000053851,P000068,1,610.85,DAMAGED,2025-01-01 10:38:25,2025-01-01 10:38:25
SRC_RETURN_ITEM_B002_000000405,RI0000036864,R000022110,OI0000053850,P000282,1,1067.69,SIZE_FIT,2025-01-01 10:38:25,2025-01-01 10:38:25
SRC_RETURN_ITEM_B002_000000406,RI0000036865,R000021745,OI0000054286,P000386,1,439.75,WRONG_ITEM,2025-05-06 17:40:39,2025-05-06 17:40:39
SRC_RETURN_ITEM_B002_000000407,RI0000036866,R000021745,OI0000054284,P000484,1,370.00,LATE_DELIVERY,2025-05-06 17:40:39,2025-05-06 17:40:39
SRC_RETURN_ITEM_B002_000000408,RI0000036867,R000022495,OI0000055058,P000107,1,134.23,DEFECTIVE,2024-10-29 10:36:57,2024-10-29 10:36:57
SRC_RETURN_ITEM_B002_000000409,RI0000036868,R000022567,OI0000055143,P000347,2,907.92,DAMAGED,2024-11-27 01:12:37,2024-11-27 01:12:37
SRC_RETURN_ITEM_B002_000000410,RI0000036869,R000022173,OI0000055188,P000477,2,2339.81,LATE_DELIVERY,2025-12-09 14:03:27,2025-12-09 14:03:27
SRC_RETURN_ITEM_B002_000000411,RI0000036870,R000022173,OI0000055187,P000344,1,396.17,UNWANTED,2025-12-09 14:03:27,2025-12-09 14:03:27
SRC_RETURN_ITEM_B002_000000412,RI0000036871,R000022789,OI0000055386,P000214,2,1811.33,LATE_DELIVERY,2025-11-20 16:38:48,2025-11-20 16:38:48
SRC_RETURN_ITEM_B002_000000413,RI0000036872,R000022789,OI0000055385,P000488,1,525.16,SIZE_FIT,2025-11-20 16:38:48,2025-11-20 16:38:48
SRC_RETURN_ITEM_B002_000000414,RI0000036873,R000022212,OI0000055519,P000189,1,250.57,SIZE_FIT,2025-10-24 05:10:11,2025-10-24 05:10:11
SRC_RETURN_ITEM_B002_000000415,RI0000036874,R000022762,OI0000055667,P000256,1,842.80,DEFECTIVE,2024-08-28 15:29:56,2024-08-28 15:29:56
SRC_RETURN_ITEM_B002_000000416,RI0000036875,R000022762,OI0000055670,P000162,1,123.90,WRONG_ITEM,2024-08-28 15:29:56,2024-08-28 15:29:56
SRC_RETURN_ITEM_B002_000000417,RI0000036876,R000022392,OI0000055846,P000160,1,280.32,SIZE_FIT,2025-07-12 11:55:59,2025-07-12 11:55:59
SRC_RETURN_ITEM_B002_000000418,RI0000036877,R000021382,OI0000055948,P000322,1,19.58,DAMAGED,2025-05-04 14:34:38,2025-05-04 14:34:38
SRC_RETURN_ITEM_B002_000000419,RI0000036878,R000022180,OI0000056291,P000500,1,58.26,DEFECTIVE,2025-07-19 19:06:14,2025-07-19 19:06:14
SRC_RETURN_ITEM_B002_000000420,RI0000036879,R000021740,OI0000056423,P000492,2,1314.22,DAMAGED,2024-04-16 11:02:10,2024-04-16 11:02:10
SRC_RETURN_ITEM_B002_000000421,RI0000036880,R000021740,OI0000056424,P000106,1,958.37,LATE_DELIVERY,2024-04-16 11:02:10,2024-04-16 11:02:10
SRC_RETURN_ITEM_B002_000000422,RI0000036881,R000021740,OI0000056425,P000236,1,404.11,SIZE_FIT,2024-04-16 11:02:10,2024-04-16 11:02:10
SRC_RETURN_ITEM_B002_000000423,RI0000036882,R000022663,OI0000056931,P000244,1,673.10,WRONG_ITEM,2025-09-17 06:38:18,2025-09-17 06:38:18
SRC_RETURN_ITEM_B002_000000424,RI0000036883,R000022652,OI0000057583,P000241,2,24.72,WRONG_ITEM,2025-01-31 11:23:37,2025-01-31 11:23:37
SRC_RETURN_ITEM_B002_000000425,RI0000036884,R000021520,OI0000057669,P000347,2,907.92,DEFECTIVE,2025-02-18 20:15:49,2025-02-18 20:15:49
SRC_RETURN_ITEM_B002_000000426,RI0000036885,R000022119,OI0000057775,P000026,1,1106.42,LATE_DELIVERY,2024-08-30 14:53:31,2024-08-30 14:53:31
SRC_RETURN_ITEM_B002_000000427,RI0000036886,R000022119,OI0000057776,P000239,1,840.08,DAMAGED,2024-08-30 14:53:31,2024-08-30 14:53:31
SRC_RETURN_ITEM_B002_000000428,RI0000036887,R000022119,OI0000057777,P000491,1,1093.80,LATE_DELIVERY,2024-08-30 14:53:31,2024-08-30 14:53:31
SRC_RETURN_ITEM_B002_000000429,RI0000036888,R000022188,OI0000057841,P000494,1,970.81,DEFECTIVE,2024-03-09 19:23:06,2024-03-09 19:23:06
SRC_RETURN_ITEM_B002_000000430,RI0000036889,R000022188,OI0000057840,P000149,1,178.06,DEFECTIVE,2024-03-09 19:23:06,2024-03-09 19:23:06
SRC_RETURN_ITEM_B002_000000431,RI0000036890,R000022188,OI0000057842,P000056,1,332.14,WRONG_ITEM,2024-03-09 19:23:06,2024-03-09 19:23:06
SRC_RETURN_ITEM_B002_000000432,RI0000036891,R000021776,OI0000057927,P000463,2,1450.73,DEFECTIVE,2026-01-16 02:57:47,2026-01-16 02:57:47
SRC_RETURN_ITEM_B002_000000433,RI0000036892,R000021776,OI0000057925,P000342,1,475.48,DAMAGED,2026-01-16 02:57:47,2026-01-16 02:57:47
SRC_RETURN_ITEM_B002_000000434,RI0000036893,R000021892,OI0000058168,P000090,1,576.37,DAMAGED,2026-06-25 12:41:47,2026-06-25 12:41:47
SRC_RETURN_ITEM_B002_000000435,RI0000036894,R000022439,OI0000058819,P000150,1,510.53,LATE_DELIVERY,2026-05-10 04:36:07,2026-05-10 04:36:07
SRC_RETURN_ITEM_B002_000000436,RI0000036895,R000022411,OI0000058890,P000196,1,98.45,DEFECTIVE,2024-11-14 01:14:15,2024-11-14 01:14:15
SRC_RETURN_ITEM_B002_000000437,RI0000036896,R000022474,OI0000059010,P000013,1,1061.48,LATE_DELIVERY,2024-06-01 22:07:03,2024-06-01 22:07:03
SRC_RETURN_ITEM_B002_000000438,RI0000036897,R000022474,OI0000059007,P000497,1,342.49,DEFECTIVE,2024-06-01 22:07:03,2024-06-01 22:07:03
SRC_RETURN_ITEM_B002_000000439,RI0000036898,R000022474,OI0000059008,P000038,2,525.13,DEFECTIVE,2024-06-01 22:07:03,2024-06-01 22:07:03
SRC_RETURN_ITEM_B002_000000440,RI0000036899,R000022107,OI0000059189,P000450,1,1143.54,DEFECTIVE,2024-11-17 05:26:24,2024-11-17 05:26:24
SRC_RETURN_ITEM_B002_000000441,RI0000036900,R000021708,OI0000059609,P000353,1,918.26,UNWANTED,2025-06-15 05:06:07,2025-06-15 05:06:07
SRC_RETURN_ITEM_B002_000000442,RI0000036901,R000021708,OI0000059610,P000367,1,310.68,LATE_DELIVERY,2025-06-15 05:06:07,2025-06-15 05:06:07
SRC_RETURN_ITEM_B002_000000443,RI0000036902,R000021611,OI0000059691,P000248,2,1189.23,SIZE_FIT,2024-05-12 18:32:17,2024-05-12 18:32:17
SRC_RETURN_ITEM_B002_000000444,RI0000036903,R000021611,OI0000059692,P000256,1,709.72,LATE_DELIVERY,2024-05-12 18:32:17,2024-05-12 18:32:17
SRC_RETURN_ITEM_B002_000000445,RI0000036904,R000021611,OI0000059688,P000201,2,1040.43,LATE_DELIVERY,2024-05-12 18:32:17,2024-05-12 18:32:17
SRC_RETURN_ITEM_B002_000000446,RI0000036905,R000022277,OI0000059701,P000463,1,725.36,DEFECTIVE,2026-10-13 14:08:51,2026-10-13 14:08:51
SRC_RETURN_ITEM_B002_000000447,RI0000036906,R000022666,OI0000059734,P000252,2,2253.55,UNWANTED,2024-07-13 09:43:35,2024-07-13 09:43:35
SRC_RETURN_ITEM_B002_000000448,RI0000036907,R000022245,OI0000060529,P000036,1,937.51,SIZE_FIT,2025-05-23 08:26:54,2025-05-23 08:26:54
SRC_RETURN_ITEM_B002_000000449,RI0000036908,R000021671,OI0000061895,P000466,1,376.16,LATE_DELIVERY,2025-11-11 00:34:17,2025-11-11 00:34:17
SRC_RETURN_ITEM_B002_000000450,RI0000036909,R000021671,OI0000061897,P000126,1,916.07,UNWANTED,2025-11-11 00:34:17,2025-11-11 00:34:17
SRC_RETURN_ITEM_B002_000000451,RI0000036910,R000021413,OI0000061996,P000422,1,113.14,WRONG_ITEM,2025-08-30 04:50:20,2025-08-30 04:50:20
SRC_RETURN_ITEM_B002_000000452,RI0000036911,R000021413,OI0000061995,P000296,1,442.38,UNWANTED,2025-08-30 04:50:20,2025-08-30 04:50:20
SRC_RETURN_ITEM_B002_000000453,RI0000036912,R000022689,OI0000062200,P000352,2,1008.80,DEFECTIVE,2025-08-30 02:56:51,2025-08-30 02:56:51
SRC_RETURN_ITEM_B002_000000454,RI0000036913,R000022689,OI0000062201,P000471,2,1530.31,SIZE_FIT,2025-08-30 02:56:51,2025-08-30 02:56:51
SRC_RETURN_ITEM_B002_000000455,RI0000036914,R000022444,OI0000062258,P000234,1,1103.33,DAMAGED,2024-04-15 07:07:56,2024-04-15 07:07:56
SRC_RETURN_ITEM_B002_000000456,RI0000036915,R000022444,OI0000062253,P000122,1,964.00,LATE_DELIVERY,2024-04-15 07:07:56,2024-04-15 07:07:56
SRC_RETURN_ITEM_B002_000000457,RI0000036916,R000022444,OI0000062256,P000262,2,49.91,DEFECTIVE,2024-04-15 07:07:56,2024-04-15 07:07:56
SRC_RETURN_ITEM_B002_000000458,RI0000036917,R000021684,OI0000062334,P000375,2,1086.91,DAMAGED,2024-05-12 02:45:39,2024-05-12 02:45:39
SRC_RETURN_ITEM_B002_000000459,RI0000036918,R000021311,OI0000062915,P000053,1,806.46,DAMAGED,2024-07-28 22:11:36,2024-07-28 22:11:36
SRC_RETURN_ITEM_B002_000000460,RI0000036919,R000022222,OI0000063276,P000418,1,1065.66,DEFECTIVE,2025-03-08 05:27:10,2025-03-08 05:27:10
SRC_RETURN_ITEM_B002_000000461,RI0000036920,R000022222,OI0000063275,P000371,1,626.78,UNWANTED,2025-03-08 05:27:10,2025-03-08 05:27:10
SRC_RETURN_ITEM_B002_000000462,RI0000036921,R000022213,OI0000063391,P000238,1,646.62,SIZE_FIT,2025-08-04 16:35:06,2025-08-04 16:35:06
SRC_RETURN_ITEM_B002_000000463,RI0000036922,R000021764,OI0000063530,P000292,1,60.07,WRONG_ITEM,2024-06-26 11:41:51,2024-06-26 11:41:51
SRC_RETURN_ITEM_B002_000000464,RI0000036923,R000022004,OI0000063797,P000314,1,402.88,LATE_DELIVERY,2025-07-24 03:07:22,2025-07-24 03:07:22
SRC_RETURN_ITEM_B002_000000465,RI0000036924,R000021332,OI0000064457,P000395,1,153.13,DEFECTIVE,2024-04-22 18:03:02,2024-04-22 18:03:02
SRC_RETURN_ITEM_B002_000000466,RI0000036925,R000022176,OI0000064701,P000278,1,99.59,SIZE_FIT,2024-05-05 11:29:26,2024-05-05 11:29:26
SRC_RETURN_ITEM_B002_000000467,RI0000036926,R000021620,OI0000065036,P000431,1,60.80,DAMAGED,2025-12-01 09:23:01,2025-12-01 09:23:01
SRC_RETURN_ITEM_B002_000000468,RI0000036927,R000021376,OI0000065461,P000446,2,166.89,LATE_DELIVERY,2024-08-11 11:04:24,2024-08-11 11:04:24
SRC_RETURN_ITEM_B002_000000469,RI0000036928,R000021864,OI0000065796,P000499,1,738.98,WRONG_ITEM,2024-03-05 00:23:52,2024-03-05 00:23:52
SRC_RETURN_ITEM_B002_000000470,RI0000036929,R000021884,OI0000065839,P000226,1,800.11,LATE_DELIVERY,2026-09-20 16:26:09,2026-09-20 16:26:09
SRC_RETURN_ITEM_B002_000000471,RI0000036930,R000021884,OI0000065840,P000204,1,1081.92,SIZE_FIT,2026-09-20 16:26:09,2026-09-20 16:26:09
SRC_RETURN_ITEM_B002_000000472,RI0000036931,R000022443,OI0000066268,P000203,1,877.24,LATE_DELIVERY,2026-04-07 12:48:25,2026-04-07 12:48:25
SRC_RETURN_ITEM_B002_000000473,RI0000036932,R000022443,OI0000066269,P000301,1,106.38,DEFECTIVE,2026-04-07 12:48:25,2026-04-07 12:48:25
SRC_RETURN_ITEM_B002_000000474,RI0000036933,R000021945,OI0000066395,P000269,1,646.79,WRONG_ITEM,2024-03-28 08:05:16,2024-03-28 08:05:16
SRC_RETURN_ITEM_B002_000000475,RI0000036934,R000022553,OI0000066865,P000071,2,489.91,WRONG_ITEM,2024-03-27 16:38:37,2024-03-27 16:38:37
SRC_RETURN_ITEM_B002_000000476,RI0000036935,R000022553,OI0000066868,P000459,1,750.48,UNWANTED,2024-03-27 16:38:37,2024-03-27 16:38:37
SRC_RETURN_ITEM_B002_000000477,RI0000036936,R000021572,OI0000066893,P000237,1,753.50,DEFECTIVE,2025-10-04 07:12:56,2025-10-04 07:12:56
SRC_RETURN_ITEM_B002_000000478,RI0000036937,R000021508,OI0000066945,P000096,1,185.57,SIZE_FIT,2024-03-06 07:52:41,2024-03-06 07:52:41
SRC_RETURN_ITEM_B002_000000479,RI0000036938,R000022255,OI0000066978,P000445,1,357.38,UNWANTED,2025-12-03 13:40:30,2025-12-03 13:40:30
SRC_RETURN_ITEM_B002_000000480,RI0000036939,R000022347,OI0000067110,P000257,1,290.57,LATE_DELIVERY,2024-02-01 05:17:09,2024-02-01 05:17:09
SRC_RETURN_ITEM_B002_000000481,RI0000036940,R000022714,OI0000067228,P000457,1,812.04,DEFECTIVE,2025-12-03 01:05:22,2025-12-03 01:05:22
SRC_RETURN_ITEM_B002_000000482,RI0000036941,R000022714,OI0000067230,P000460,1,395.77,UNWANTED,2025-12-03 01:05:22,2025-12-03 01:05:22
SRC_RETURN_ITEM_B002_000000483,RI0000036942,R000022320,OI0000067468,P000072,1,916.30,UNWANTED,2025-09-25 09:32:08,2025-09-25 09:32:08
SRC_RETURN_ITEM_B002_000000484,RI0000036943,R000022581,OI0000067498,P000025,3,2604.22,DAMAGED,2025-07-05 22:23:49,2025-07-05 22:23:49
SRC_RETURN_ITEM_B002_000000485,RI0000036944,R000022581,OI0000067496,P000392,1,81.72,WRONG_ITEM,2025-07-05 22:23:49,2025-07-05 22:23:49
SRC_RETURN_ITEM_B002_000000486,RI0000036945,R000022581,OI0000067495,P000485,3,500.89,UNWANTED,2025-07-05 22:23:49,2025-07-05 22:23:49
SRC_RETURN_ITEM_B002_000000487,RI0000036946,R000021984,OI0000067539,P000164,1,1156.49,UNWANTED,2026-01-28 00:48:22,2026-01-28 00:48:22
SRC_RETURN_ITEM_B002_000000488,RI0000036947,R000022019,OI0000067742,P000302,1,4.73,WRONG_ITEM,2024-06-12 03:19:14,2024-06-12 03:19:14
SRC_RETURN_ITEM_B002_000000489,RI0000036948,R000022019,OI0000067744,P000491,1,1093.80,WRONG_ITEM,2024-06-12 03:19:14,2024-06-12 03:19:14
SRC_RETURN_ITEM_B002_000000490,RI0000036949,R000022019,OI0000067741,P000386,1,439.75,SIZE_FIT,2024-06-12 03:19:14,2024-06-12 03:19:14
SRC_RETURN_ITEM_B002_000000491,RI0000036950,R000022298,OI0000067762,P000093,1,762.52,UNWANTED,2025-07-20 10:01:45,2025-07-20 10:01:45
SRC_RETURN_ITEM_B002_000000492,RI0000036951,R000022298,OI0000067759,P000321,1,33.89,DEFECTIVE,2025-07-20 10:01:45,2025-07-20 10:01:45
SRC_RETURN_ITEM_B002_000000493,RI0000036952,R000021931,OI0000067920,P000472,2,1780.32,LATE_DELIVERY,2026-02-23 13:39:31,2026-02-23 13:39:31
SRC_RETURN_ITEM_B002_000000494,RI0000036953,R000021931,OI0000067922,P000465,2,1262.39,WRONG_ITEM,2026-02-23 13:39:31,2026-02-23 13:39:31
SRC_RETURN_ITEM_B002_000000495,RI0000036954,R000021931,OI0000067921,P000144,3,2805.94,DAMAGED,2026-02-23 13:39:31,2026-02-23 13:39:31
SRC_RETURN_ITEM_B002_000000496,RI0000036955,R000022745,OI0000068300,P000297,1,428.90,DAMAGED,2024-12-09 20:13:23,2024-12-09 20:13:23
SRC_RETURN_ITEM_B002_000000497,RI0000036956,R000021859,OI0000068367,P000444,2,766.61,DEFECTIVE,2026-08-10 06:23:30,2026-08-10 06:23:30
SRC_RETURN_ITEM_B002_000000498,RI0000036957,R000021859,OI0000068366,P000195,1,787.21,DAMAGED,2026-08-10 06:23:30,2026-08-10 06:23:30
SRC_RETURN_ITEM_B002_000000499,RI0000036958,R000022462,OI0000068800,P000041,4,66.77,DAMAGED,2024-01-22 10:44:59,2024-01-22 10:44:59
SRC_RETURN_ITEM_B002_000000500,RI0000036959,R000022462,OI0000068796,P000141,1,294.74,SIZE_FIT,2024-01-22 10:44:59,2024-01-22 10:44:59
SRC_RETURN_ITEM_B002_000000501,RI0000036960,R000021910,OI0000069053,P000404,2,892.23,DEFECTIVE,2024-10-21 23:24:05,2024-10-21 23:24:05
SRC_RETURN_ITEM_B002_000000502,RI0000036961,R000022615,OI0000069117,P000158,1,319.44,DEFECTIVE,2024-09-23 10:27:18,2024-09-23 10:27:18
SRC_RETURN_ITEM_B002_000000503,RI0000036962,R000022615,OI0000069116,P000016,1,483.70,DEFECTIVE,2024-09-23 10:27:18,2024-09-23 10:27:18
SRC_RETURN_ITEM_B002_000000504,RI0000036963,R000022791,OI0000069335,P000405,1,856.31,DAMAGED,2025-11-18 12:03:58,2025-11-18 12:03:58
SRC_RETURN_ITEM_B002_000000505,RI0000036964,R000022313,OI0000069351,P000480,1,430.66,UNWANTED,2025-03-01 23:15:43,2025-03-01 23:15:43
SRC_RETURN_ITEM_B002_000000506,RI0000036965,R000021807,OI0000069352,P000421,1,374.59,SIZE_FIT,2026-09-05 10:35:00,2026-09-05 10:35:00
SRC_RETURN_ITEM_B002_000000507,RI0000036966,R000022086,OI0000069353,P000083,2,758.57,WRONG_ITEM,2026-04-15 10:28:35,2026-04-15 10:28:35
SRC_RETURN_ITEM_B002_000000508,RI0000036967,R000021726,OI0000069392,P000150,2,970.01,UNWANTED,2025-11-24 23:33:42,2025-11-24 23:33:42
SRC_RETURN_ITEM_B002_000000509,RI0000036968,R000022039,OI0000069861,P000057,1,147.91,LATE_DELIVERY,2024-06-29 04:31:16,2024-06-29 04:31:16
SRC_RETURN_ITEM_B002_000000510,RI0000036969,R000022039,OI0000069860,P000008,1,172.01,UNWANTED,2024-06-29 04:31:16,2024-06-29 04:31:16
SRC_RETURN_ITEM_B002_000000511,RI0000036970,R000021675,OI0000070296,P000231,1,648.04,SIZE_FIT,2025-01-19 19:43:33,2025-01-19 19:43:33
SRC_RETURN_ITEM_B002_000000512,RI0000036971,R000021392,OI0000070521,P000482,1,248.81,DEFECTIVE,2024-09-28 00:33:51,2024-09-28 00:33:51
SRC_RETURN_ITEM_B002_000000513,RI0000036972,R000021392,OI0000070523,P000104,1,383.83,DEFECTIVE,2024-09-28 00:33:51,2024-09-28 00:33:51
SRC_RETURN_ITEM_B002_000000514,RI0000036973,R000021492,OI0000071068,P000216,1,864.71,WRONG_ITEM,2024-10-25 13:43:59,2024-10-25 13:43:59
SRC_RETURN_ITEM_B002_000000515,RI0000036974,R000022344,OI0000071120,P000048,1,220.64,DEFECTIVE,2024-12-10 00:55:33,2024-12-10 00:55:33
SRC_RETURN_ITEM_B002_000000516,RI0000036975,R000022344,OI0000071118,P000226,1,640.09,DEFECTIVE,2024-12-10 00:55:33,2024-12-10 00:55:33
SRC_RETURN_ITEM_B002_000000517,RI0000036976,R000022052,OI0000071229,P000261,2,1348.80,SIZE_FIT,2024-11-02 03:16:53,2024-11-02 03:16:53
SRC_RETURN_ITEM_B002_000000518,RI0000036977,R000022052,OI0000071228,P000283,1,1159.43,SIZE_FIT,2024-11-02 03:16:53,2024-11-02 03:16:53
SRC_RETURN_ITEM_B002_000000519,RI0000036978,R000022052,OI0000071226,P000454,2,542.35,LATE_DELIVERY,2024-11-02 03:16:53,2024-11-02 03:16:53
SRC_RETURN_ITEM_B002_000000520,RI0000036979,R000022321,OI0000071784,P000224,1,1085.66,DAMAGED,2025-12-18 09:19:04,2025-12-18 09:19:04
SRC_RETURN_ITEM_B002_000000521,RI0000036980,R000022321,OI0000071785,P000063,2,1640.73,WRONG_ITEM,2025-12-18 09:19:04,2025-12-18 09:19:04
SRC_RETURN_ITEM_B002_000000522,RI0000036981,R000022705,OI0000072087,P000323,1,650.44,WRONG_ITEM,2024-02-25 19:47:24,2024-02-25 19:47:24
SRC_RETURN_ITEM_B002_000000523,RI0000036982,R000022544,OI0000072915,P000139,1,789.98,SIZE_FIT,2025-08-21 21:46:57,2025-08-21 21:46:57
SRC_RETURN_ITEM_B002_000000524,RI0000036983,R000022544,OI0000072914,P000442,1,658.07,DEFECTIVE,2025-08-21 21:46:57,2025-08-21 21:46:57
SRC_RETURN_ITEM_B002_000000525,RI0000036984,R000022544,OI0000072916,P000286,1,251.58,UNWANTED,2025-08-21 21:46:57,2025-08-21 21:46:57
SRC_RETURN_ITEM_B002_000000526,RI0000036985,R000022050,OI0000073126,P000480,1,538.32,LATE_DELIVERY,2025-03-28 18:41:03,2025-03-28 18:41:03
SRC_RETURN_ITEM_B002_000000527,RI0000036986,R000021375,OI0000074101,P000389,1,105.50,UNWANTED,2025-04-04 08:36:45,2025-04-04 08:36:45
SRC_RETURN_ITEM_B002_000000528,RI0000036987,R000021375,OI0000074103,P000277,1,1118.81,LATE_DELIVERY,2025-04-04 08:36:45,2025-04-04 08:36:45
SRC_RETURN_ITEM_B002_000000529,RI0000036988,R000021375,OI0000074100,P000104,1,307.07,LATE_DELIVERY,2025-04-04 08:36:45,2025-04-04 08:36:45
SRC_RETURN_ITEM_B002_000000530,RI0000036989,R000022005,OI0000074731,P000327,1,401.41,SIZE_FIT,2024-02-05 20:42:09,2024-02-05 20:42:09
SRC_RETURN_ITEM_B002_000000531,RI0000036990,R000022005,OI0000074729,P000138,1,667.50,LATE_DELIVERY,2024-02-05 20:42:09,2024-02-05 20:42:09
SRC_RETURN_ITEM_B002_000000532,RI0000036991,R000022060,OI0000075546,P000390,2,1769.18,SIZE_FIT,2024-03-13 18:46:43,2024-03-13 18:46:43
SRC_RETURN_ITEM_B002_000000533,RI0000036992,R000022166,OI0000075594,P000134,4,3016.90,DAMAGED,2025-10-03 12:51:55,2025-10-03 12:51:55
SRC_RETURN_ITEM_B002_000000534,RI0000036993,R000022166,OI0000075595,P000018,1,463.19,DAMAGED,2025-10-03 12:51:55,2025-10-03 12:51:55
SRC_RETURN_ITEM_B002_000000535,RI0000036994,R000021722,OI0000075673,P000257,3,917.57,DAMAGED,2024-08-21 21:01:42,2024-08-21 21:01:42
SRC_RETURN_ITEM_B002_000000536,RI0000036995,R000021722,OI0000075674,P000336,1,213.94,DAMAGED,2024-08-21 21:01:42,2024-08-21 21:01:42
SRC_RETURN_ITEM_B002_000000537,RI0000036996,R000021630,OI0000075867,P000177,2,1314.96,UNWANTED,2024-10-15 04:03:27,2024-10-15 04:03:27
SRC_RETURN_ITEM_B002_000000538,RI0000036997,R000021630,OI0000075865,P000105,2,183.25,SIZE_FIT,2024-10-15 04:03:27,2024-10-15 04:03:27
SRC_RETURN_ITEM_B002_000000539,RI0000036998,R000021630,OI0000075866,P000494,1,922.27,SIZE_FIT,2024-10-15 04:03:27,2024-10-15 04:03:27
SRC_RETURN_ITEM_B002_000000540,RI0000036999,R000021600,OI0000076155,P000306,1,1043.64,LATE_DELIVERY,2025-12-15 00:55:10,2025-12-15 00:55:10
SRC_RETURN_ITEM_B002_000000541,RI0000037000,R000021600,OI0000076152,P000482,1,248.81,SIZE_FIT,2025-12-15 00:55:10,2025-12-15 00:55:10
SRC_RETURN_ITEM_B002_000000542,RI0000037001,R000021600,OI0000076156,P000485,1,208.70,DEFECTIVE,2025-12-15 00:55:10,2025-12-15 00:55:10
SRC_RETURN_ITEM_B002_000000543,RI0000037002,R000022350,OI0000076669,P000013,1,1179.42,LATE_DELIVERY,2024-12-14 17:58:57,2024-12-14 17:58:57
SRC_RETURN_ITEM_B002_000000544,RI0000037003,R000022464,OI0000077058,P000077,1,27.80,UNWANTED,2024-05-13 13:47:09,2024-05-13 13:47:09
SRC_RETURN_ITEM_B002_000000545,RI0000037004,R000022464,OI0000077060,P000140,1,103.73,UNWANTED,2024-05-13 13:47:09,2024-05-13 13:47:09
SRC_RETURN_ITEM_B002_000000546,RI0000037005,R000022464,OI0000077059,P000238,1,760.73,LATE_DELIVERY,2024-05-13 13:47:09,2024-05-13 13:47:09
SRC_RETURN_ITEM_B002_000000547,RI0000037006,R000022159,OI0000077313,P000339,1,491.93,UNWANTED,2024-04-04 06:13:29,2024-04-04 06:13:29
SRC_RETURN_ITEM_B002_000000548,RI0000037007,R000021556,OI0000077348,P000347,1,453.96,LATE_DELIVERY,2026-01-03 17:16:40,2026-01-03 17:16:40
SRC_RETURN_ITEM_B002_000000549,RI0000037008,R000022418,OI0000077521,P000404,1,446.11,UNWANTED,2025-04-26 19:16:35,2025-04-26 19:16:35
SRC_RETURN_ITEM_B002_000000550,RI0000037009,R000021471,OI0000077648,P000289,1,826.73,SIZE_FIT,2025-12-30 12:16:20,2025-12-30 12:16:20
SRC_RETURN_ITEM_B002_000000551,RI0000037010,R000022054,OI0000078141,P000193,1,108.38,DAMAGED,2024-12-16 20:58:09,2024-12-16 20:58:09
SRC_RETURN_ITEM_B002_000000552,RI0000037011,R000022054,OI0000078140,P000006,1,938.59,LATE_DELIVERY,2024-12-16 20:58:09,2024-12-16 20:58:09
SRC_RETURN_ITEM_B002_000000553,RI0000037012,R000021430,OI0000078218,P000055,1,585.34,LATE_DELIVERY,2025-03-13 13:40:07,2025-03-13 13:40:07
SRC_RETURN_ITEM_B002_000000554,RI0000037013,R000021802,OI0000078761,P000341,1,771.25,DEFECTIVE,2026-03-03 07:31:34,2026-03-03 07:31:34
SRC_RETURN_ITEM_B002_000000555,RI0000037014,R000021802,OI0000078762,P000466,3,1128.49,WRONG_ITEM,2026-03-03 07:31:34,2026-03-03 07:31:34
SRC_RETURN_ITEM_B002_000000556,RI0000037015,R000022193,OI0000078936,P000253,2,2184.53,SIZE_FIT,2026-08-28 21:08:20,2026-08-28 21:08:20
SRC_RETURN_ITEM_B002_000000557,RI0000037016,R000021870,OI0000079007,P000435,1,862.82,SIZE_FIT,2025-04-16 17:55:32,2025-04-16 17:55:32
SRC_RETURN_ITEM_B002_000000558,RI0000037017,R000022723,OI0000079020,P000373,1,872.83,WRONG_ITEM,2024-12-30 12:50:36,2024-12-30 12:50:36
SRC_RETURN_ITEM_B002_000000559,RI0000037018,R000022723,OI0000079021,P000027,1,716.56,SIZE_FIT,2024-12-30 12:50:36,2024-12-30 12:50:36
SRC_RETURN_ITEM_B002_000000560,RI0000037019,R000021578,OI0000079132,P000436,1,50.62,DAMAGED,2025-08-26 20:23:46,2025-08-26 20:23:46
SRC_RETURN_ITEM_B002_000000561,RI0000037020,R000021578,OI0000079133,P000058,1,583.99,SIZE_FIT,2025-08-26 20:23:46,2025-08-26 20:23:46
SRC_RETURN_ITEM_B002_000000562,RI0000037021,R000021881,OI0000079197,P000083,1,379.28,SIZE_FIT,2026-04-26 23:08:43,2026-04-26 23:08:43
SRC_RETURN_ITEM_B002_000000563,RI0000037022,R000021779,OI0000079264,P000271,1,1108.57,SIZE_FIT,2025-05-29 19:48:04,2025-05-29 19:48:04
SRC_RETURN_ITEM_B002_000000564,RI0000037023,R000021779,OI0000079263,P000106,1,958.37,UNWANTED,2025-05-29 19:48:04,2025-05-29 19:48:04
SRC_RETURN_ITEM_B002_000000565,RI0000037024,R000022315,OI0000079376,P000001,1,232.42,LATE_DELIVERY,2026-05-28 21:42:05,2026-05-28 21:42:05
SRC_RETURN_ITEM_B002_000000566,RI0000037025,R000022427,OI0000079389,P000258,1,30.08,LATE_DELIVERY,2024-02-17 06:56:31,2024-02-17 06:56:31
SRC_RETURN_ITEM_B002_000000567,RI0000037026,R000022183,OI0000079488,P000094,1,127.70,SIZE_FIT,2026-01-17 20:23:20,2026-01-17 20:23:20
SRC_RETURN_ITEM_B002_000000568,RI0000037027,R000022183,OI0000079487,P000372,1,1053.05,UNWANTED,2026-01-17 20:23:20,2026-01-17 20:23:20
SRC_RETURN_ITEM_B002_000000569,RI0000037028,R000021309,OI0000079514,P000149,2,374.86,DAMAGED,2026-07-29 06:45:00,2026-07-29 06:45:00
SRC_RETURN_ITEM_B002_000000570,RI0000037029,R000021309,OI0000079515,P000156,1,793.09,LATE_DELIVERY,2026-07-29 06:45:00,2026-07-29 06:45:00
SRC_RETURN_ITEM_B002_000000571,RI0000037030,R000021512,OI0000079703,P000413,4,352.46,UNWANTED,2026-08-29 02:18:27,2026-08-29 02:18:27
SRC_RETURN_ITEM_B002_000000572,RI0000037031,R000021512,OI0000079702,P000303,1,675.66,DAMAGED,2026-08-29 02:18:27,2026-08-29 02:18:27
SRC_RETURN_ITEM_B002_000000573,RI0000037032,R000022259,OI0000079796,P000183,1,1022.88,DAMAGED,2026-03-26 00:44:25,2026-03-26 00:44:25
SRC_RETURN_ITEM_B002_000000574,RI0000037033,R000022259,OI0000079797,P000138,3,2503.12,WRONG_ITEM,2026-03-26 00:44:25,2026-03-26 00:44:25
SRC_RETURN_ITEM_B002_000000575,RI0000037034,R000021349,OI0000080214,P000298,1,95.00,SIZE_FIT,2026-01-22 16:24:18,2026-01-22 16:24:18
SRC_RETURN_ITEM_B002_000000576,RI0000037035,R000022200,OI0000080463,P000257,1,290.56,DAMAGED,2024-08-16 08:31:00,2024-08-16 08:31:00
SRC_RETURN_ITEM_B002_000000577,RI0000037036,R000022200,OI0000080465,P000458,1,868.49,DEFECTIVE,2024-08-16 08:31:00,2024-08-16 08:31:00
SRC_RETURN_ITEM_B002_000000578,RI0000037037,R000021680,OI0000080589,P000451,1,1102.13,DEFECTIVE,2024-12-29 23:13:00,2024-12-29 23:13:00
SRC_RETURN_ITEM_B002_000000579,RI0000037038,R000021524,OI0000081113,P000384,1,352.57,DAMAGED,2024-05-10 20:03:43,2024-05-10 20:03:43
SRC_RETURN_ITEM_B002_000000580,RI0000037039,R000021524,OI0000081114,P000404,2,847.61,WRONG_ITEM,2024-05-10 20:03:43,2024-05-10 20:03:43
SRC_RETURN_ITEM_B002_000000581,RI0000037040,R000021499,OI0000081504,P000056,1,415.18,DAMAGED,2026-04-05 06:48:23,2026-04-05 06:48:23
SRC_RETURN_ITEM_B002_000000582,RI0000037041,R000022022,OI0000081662,P000164,2,1966.03,DEFECTIVE,2025-11-17 18:50:57,2025-11-17 18:50:57
SRC_RETURN_ITEM_B002_000000583,RI0000037042,R000022378,OI0000081772,P000342,1,475.48,DEFECTIVE,2024-11-08 09:18:21,2024-11-08 09:18:21
SRC_RETURN_ITEM_B002_000000584,RI0000037043,R000021961,OI0000081932,P000087,2,928.85,DAMAGED,2025-11-29 12:48:00,2025-11-29 12:48:00
SRC_RETURN_ITEM_B002_000000585,RI0000037044,R000022726,OI0000082717,P000284,1,925.31,UNWANTED,2024-05-14 03:24:42,2024-05-14 03:24:42
SRC_RETURN_ITEM_B002_000000586,RI0000037045,R000021587,OI0000082773,P000304,3,1751.36,DAMAGED,2026-03-10 02:57:39,2026-03-10 02:57:39
SRC_RETURN_ITEM_B002_000000587,RI0000037046,R000021587,OI0000082774,P000387,1,1145.21,DAMAGED,2026-03-10 02:57:39,2026-03-10 02:57:39
SRC_RETURN_ITEM_B002_000000588,RI0000037047,R000021741,OI0000082829,P000307,1,85.18,SIZE_FIT,2024-09-18 16:03:13,2024-09-18 16:03:13
SRC_RETURN_ITEM_B002_000000589,RI0000037048,R000021895,OI0000083307,P000392,1,81.72,UNWANTED,2025-05-10 08:37:12,2025-05-10 08:37:12
SRC_RETURN_ITEM_B002_000000590,RI0000037049,R000021895,OI0000083305,P000356,1,175.22,UNWANTED,2025-05-10 08:37:12,2025-05-10 08:37:12
SRC_RETURN_ITEM_B002_000000591,RI0000037050,R000021693,OI0000083576,P000381,1,445.08,WRONG_ITEM,2026-07-26 11:39:13,2026-07-26 11:39:13
SRC_RETURN_ITEM_B002_000000592,RI0000037051,R000021693,OI0000083577,P000083,1,379.28,LATE_DELIVERY,2026-07-26 11:39:13,2026-07-26 11:39:13
SRC_RETURN_ITEM_B002_000000593,RI0000037052,R000022385,OI0000083710,P000344,1,316.93,LATE_DELIVERY,2024-09-11 16:17:52,2024-09-11 16:17:52
SRC_RETURN_ITEM_B002_000000594,RI0000037053,R000022018,OI0000083788,P000348,1,21.23,UNWANTED,2024-11-28 13:01:25,2024-11-28 13:01:25
SRC_RETURN_ITEM_B002_000000595,RI0000037054,R000022018,OI0000083789,P000319,3,54.83,DAMAGED,2024-11-28 13:01:25,2024-11-28 13:01:25
SRC_RETURN_ITEM_B002_000000596,RI0000037055,R000021965,OI0000083882,P000245,1,991.97,WRONG_ITEM,2024-06-21 01:42:14,2024-06-21 01:42:14
SRC_RETURN_ITEM_B002_000000597,RI0000037056,R000022156,OI0000083958,P000025,2,1832.59,SIZE_FIT,2024-10-16 06:59:10,2024-10-16 06:59:10
SRC_RETURN_ITEM_B002_000000598,RI0000037057,R000022156,OI0000083957,P000021,1,228.98,DAMAGED,2024-10-16 06:59:10,2024-10-16 06:59:10
SRC_RETURN_ITEM_B002_000000599,RI0000037058,R000022687,OI0000084419,P000296,1,442.38,UNWANTED,2024-04-21 20:14:47,2024-04-21 20:14:47
SRC_RETURN_ITEM_B002_000000600,RI0000037059,R000021586,OI0000084507,P000189,1,250.57,DEFECTIVE,2024-04-02 04:58:56,2024-04-02 04:58:56
SRC_RETURN_ITEM_B002_000000601,RI0000037060,R000021640,OI0000084680,P000028,2,915.20,LATE_DELIVERY,2024-05-27 09:16:21,2024-05-27 09:16:21
SRC_RETURN_ITEM_B002_000000602,RI0000037061,R000021314,OI0000084984,P000030,1,882.54,SIZE_FIT,2026-02-03 00:13:48,2026-02-03 00:13:48
SRC_RETURN_ITEM_B002_000000603,RI0000037062,R000021325,OI0000085131,P000154,1,9.17,SIZE_FIT,2024-10-22 03:09:15,2024-10-22 03:09:15
SRC_RETURN_ITEM_B002_000000604,RI0000037063,R000021710,OI0000085242,P000293,1,273.55,SIZE_FIT,2024-11-16 05:23:58,2024-11-16 05:23:58
SRC_RETURN_ITEM_B002_000000605,RI0000037064,R000021710,OI0000085241,P000165,2,414.46,DAMAGED,2024-11-16 05:23:58,2024-11-16 05:23:58
SRC_RETURN_ITEM_B002_000000606,RI0000037065,R000022240,OI0000085576,P000089,2,1535.18,WRONG_ITEM,2024-04-14 09:23:40,2024-04-14 09:23:40
SRC_RETURN_ITEM_B002_000000607,RI0000037066,R000021641,OI0000085848,P000481,2,437.67,LATE_DELIVERY,2024-07-02 02:04:22,2024-07-02 02:04:22
SRC_RETURN_ITEM_B002_000000608,RI0000037067,R000022625,OI0000085851,P000031,1,836.18,DAMAGED,2026-01-08 11:52:01,2026-01-08 11:52:01
SRC_RETURN_ITEM_B002_000000609,RI0000037068,R000022645,OI0000085878,P000008,1,202.36,LATE_DELIVERY,2024-07-31 23:17:45,2024-07-31 23:17:45
SRC_RETURN_ITEM_B002_000000610,RI0000037069,R000022645,OI0000085880,P000340,2,2209.56,SIZE_FIT,2024-07-31 23:17:45,2024-07-31 23:17:45
SRC_RETURN_ITEM_B002_000000611,RI0000037070,R000022645,OI0000085879,P000123,2,1589.24,WRONG_ITEM,2024-07-31 23:17:45,2024-07-31 23:17:45
SRC_RETURN_ITEM_B002_000000612,RI0000037071,R000022094,OI0000085969,P000211,1,160.22,UNWANTED,2025-11-16 12:40:38,2025-11-16 12:40:38
SRC_RETURN_ITEM_B002_000000613,RI0000037072,R000021455,OI0000086384,P000207,1,525.04,SIZE_FIT,2025-02-11 08:01:04,2025-02-11 08:01:04
SRC_RETURN_ITEM_B002_000000614,RI0000037073,R000021434,OI0000086573,P000055,1,650.38,SIZE_FIT,2025-04-16 06:25:36,2025-04-16 06:25:36
SRC_RETURN_ITEM_B002_000000615,RI0000037074,R000022116,OI0000087302,P000472,1,890.16,SIZE_FIT,2024-03-27 06:37:17,2024-03-27 06:37:17
SRC_RETURN_ITEM_B002_000000616,RI0000037075,R000022116,OI0000087301,P000129,1,1011.72,LATE_DELIVERY,2024-03-27 06:37:17,2024-03-27 06:37:17
SRC_RETURN_ITEM_B002_000000617,RI0000037076,R000022116,OI0000087303,P000443,1,304.45,SIZE_FIT,2024-03-27 06:37:17,2024-03-27 06:37:17
SRC_RETURN_ITEM_B002_000000618,RI0000037077,R000022337,OI0000087340,P000316,1,421.12,UNWANTED,2026-01-02 11:22:39,2026-01-02 11:22:39
SRC_RETURN_ITEM_B002_000000619,RI0000037078,R000021442,OI0000087928,P000305,1,875.89,SIZE_FIT,2025-09-15 03:18:13,2025-09-15 03:18:13
SRC_RETURN_ITEM_B002_000000620,RI0000037079,R000021442,OI0000087926,P000312,1,316.72,DEFECTIVE,2025-09-15 03:18:13,2025-09-15 03:18:13
SRC_RETURN_ITEM_B002_000000621,RI0000037080,R000021442,OI0000087925,P000478,1,404.77,WRONG_ITEM,2025-09-15 03:18:13,2025-09-15 03:18:13
SRC_RETURN_ITEM_B002_000000622,RI0000037081,R000022507,OI0000088000,P000075,1,1065.06,DAMAGED,2025-01-23 16:01:40,2025-01-23 16:01:40
SRC_RETURN_ITEM_B002_000000623,RI0000037082,R000022295,OI0000088138,P000177,1,657.48,DAMAGED,2026-07-16 14:38:36,2026-07-16 14:38:36
SRC_RETURN_ITEM_B002_000000624,RI0000037083,R000022312,OI0000088242,P000183,1,1022.88,DAMAGED,2024-02-04 13:18:04,2024-02-04 13:18:04
SRC_RETURN_ITEM_B002_000000625,RI0000037084,R000022312,OI0000088241,P000125,1,819.59,LATE_DELIVERY,2024-02-04 13:18:04,2024-02-04 13:18:04
SRC_RETURN_ITEM_B002_000000626,RI0000037085,R000022499,OI0000088330,P000256,2,1774.30,DEFECTIVE,2025-01-29 03:17:40,2025-01-29 03:17:40
SRC_RETURN_ITEM_B002_000000627,RI0000037086,R000022035,OI0000088776,P000172,1,1031.56,UNWANTED,2024-09-15 00:46:13,2024-09-15 00:46:13
SRC_RETURN_ITEM_B002_000000628,RI0000037087,R000021937,OI0000089248,P000117,1,751.84,WRONG_ITEM,2025-12-15 10:41:38,2025-12-15 10:41:38
SRC_RETURN_ITEM_B002_000000629,RI0000037088,R000022697,OI0000089578,P000008,1,161.88,WRONG_ITEM,2026-03-03 23:23:19,2026-03-03 23:23:19
SRC_RETURN_ITEM_B002_000000630,RI0000037089,R000022697,OI0000089577,P000343,1,1176.77,UNWANTED,2026-03-03 23:23:19,2026-03-03 23:23:19
SRC_RETURN_ITEM_B002_000000631,RI0000037090,R000022084,OI0000089833,P000093,1,897.07,UNWANTED,2025-02-04 21:08:51,2025-02-04 21:08:51
SRC_RETURN_ITEM_B002_000000632,RI0000037091,R000022084,OI0000089834,P000383,1,200.95,LATE_DELIVERY,2025-02-04 21:08:51,2025-02-04 21:08:51
SRC_RETURN_ITEM_B002_000000633,RI0000037092,R000022390,OI0000090519,P000260,1,958.61,SIZE_FIT,2025-08-07 14:42:39,2025-08-07 14:42:39
SRC_RETURN_ITEM_B002_000000634,RI0000037093,R000022390,OI0000090517,P000423,1,606.17,SIZE_FIT,2025-08-07 14:42:39,2025-08-07 14:42:39
SRC_RETURN_ITEM_B002_000000635,RI0000037094,R000021324,OI0000090767,P000390,1,796.13,LATE_DELIVERY,2026-02-10 09:16:20,2026-02-10 09:16:20
SRC_RETURN_ITEM_B002_000000636,RI0000037095,R000021570,OI0000090780,P000364,1,426.66,DAMAGED,2025-12-26 21:57:13,2025-12-26 21:57:13
SRC_RETURN_ITEM_B002_000000637,RI0000037096,R000022688,OI0000090858,P000412,1,672.60,WRONG_ITEM,2026-06-01 17:20:28,2026-06-01 17:20:28
SRC_RETURN_ITEM_B002_000000638,RI0000037097,R000022688,OI0000090857,P000483,1,760.06,UNWANTED,2026-06-01 17:20:28,2026-06-01 17:20:28
SRC_RETURN_ITEM_B002_000000639,RI0000037098,R000022688,OI0000090856,P000036,1,986.86,LATE_DELIVERY,2026-06-01 17:20:28,2026-06-01 17:20:28
SRC_RETURN_ITEM_B002_000000640,RI0000037099,R000022049,OI0000091194,P000440,1,55.82,DEFECTIVE,2026-09-30 00:18:54,2026-09-30 00:18:54
SRC_RETURN_ITEM_B002_000000641,RI0000037100,R000022049,OI0000091195,P000341,1,907.36,DEFECTIVE,2026-09-30 00:18:54,2026-09-30 00:18:54
SRC_RETURN_ITEM_B002_000000642,RI0000037101,R000021543,OI0000091434,P000499,1,738.98,WRONG_ITEM,2026-08-23 00:57:29,2026-08-23 00:57:29
SRC_RETURN_ITEM_B002_000000643,RI0000037102,R000022137,OI0000091727,P000457,1,812.04,DEFECTIVE,2024-07-17 16:46:43,2024-07-17 16:46:43
SRC_RETURN_ITEM_B002_000000644,RI0000037103,R000022137,OI0000091726,P000062,1,780.28,DEFECTIVE,2024-07-17 16:46:43,2024-07-17 16:46:43
SRC_RETURN_ITEM_B002_000000645,RI0000037104,R000022137,OI0000091724,P000234,1,1103.33,DEFECTIVE,2024-07-17 16:46:43,2024-07-17 16:46:43
SRC_RETURN_ITEM_B002_000000646,RI0000037105,R000021409,OI0000091735,P000154,1,9.17,LATE_DELIVERY,2025-07-31 10:54:29,2025-07-31 10:54:29
SRC_RETURN_ITEM_B002_000000647,RI0000037106,R000021668,OI0000092430,P000160,1,280.32,WRONG_ITEM,2025-09-22 09:17:31,2025-09-22 09:17:31
SRC_RETURN_ITEM_B002_000000648,RI0000037107,R000021558,OI0000092596,P000425,1,197.63,WRONG_ITEM,2024-06-10 13:15:49,2024-06-10 13:15:49
SRC_RETURN_ITEM_B002_000000649,RI0000037108,R000021558,OI0000092599,P000033,1,952.43,DAMAGED,2024-06-10 13:15:49,2024-06-10 13:15:49
SRC_RETURN_ITEM_B002_000000650,RI0000037109,R000021444,OI0000092671,P000422,1,113.14,WRONG_ITEM,2025-07-20 21:35:45,2025-07-20 21:35:45
SRC_RETURN_ITEM_B002_000000651,RI0000037110,R000021913,OI0000093107,P000298,2,190.01,SIZE_FIT,2024-04-18 10:33:36,2024-04-18 10:33:36
SRC_RETURN_ITEM_B002_000000652,RI0000037111,R000021913,OI0000093108,P000384,1,352.57,WRONG_ITEM,2024-04-18 10:33:36,2024-04-18 10:33:36
SRC_RETURN_ITEM_B002_000000653,RI0000037112,R000021313,OI0000093144,P000303,1,675.66,UNWANTED,2026-07-23 09:52:30,2026-07-23 09:52:30
SRC_RETURN_ITEM_B002_000000654,RI0000037113,R000021516,OI0000093310,P000075,2,1704.09,LATE_DELIVERY,2025-10-11 23:41:55,2025-10-11 23:41:55
SRC_RETURN_ITEM_B002_000000655,RI0000037114,R000022607,OI0000093640,P000067,1,1186.13,WRONG_ITEM,2026-05-19 04:56:34,2026-05-19 04:56:34
SRC_RETURN_ITEM_B002_000000656,RI0000037115,R000022476,OI0000094034,P000081,1,193.26,LATE_DELIVERY,2025-01-31 21:22:41,2025-01-31 21:22:41
SRC_RETURN_ITEM_B002_000000657,RI0000037116,R000022476,OI0000094033,P000412,1,597.86,DEFECTIVE,2025-01-31 21:22:41,2025-01-31 21:22:41
SRC_RETURN_ITEM_B002_000000658,RI0000037117,R000021391,OI0000094412,P000213,1,969.34,WRONG_ITEM,2026-08-03 23:45:28,2026-08-03 23:45:28
SRC_RETURN_ITEM_B002_000000659,RI0000037118,R000021391,OI0000094410,P000277,1,1177.69,SIZE_FIT,2026-08-03 23:45:28,2026-08-03 23:45:28
SRC_RETURN_ITEM_B002_000000660,RI0000037119,R000021752,OI0000094572,P000491,1,1039.11,DEFECTIVE,2025-07-03 06:56:34,2025-07-03 06:56:34
SRC_RETURN_ITEM_B002_000000661,RI0000037120,R000022616,OI0000094695,P000199,1,559.96,UNWANTED,2024-05-02 01:28:33,2024-05-02 01:28:33
SRC_RETURN_ITEM_B002_000000662,RI0000037121,R000022616,OI0000094696,P000065,1,661.12,SIZE_FIT,2024-05-02 01:28:33,2024-05-02 01:28:33
SRC_RETURN_ITEM_B002_000000663,RI0000037122,R000021986,OI0000094896,P000281,1,482.65,UNWANTED,2025-10-07 09:30:31,2025-10-07 09:30:31
SRC_RETURN_ITEM_B002_000000664,RI0000037123,R000022194,OI0000094904,P000033,2,1714.37,WRONG_ITEM,2024-07-17 05:09:32,2024-07-17 05:09:32
SRC_RETURN_ITEM_B002_000000665,RI0000037124,R000022194,OI0000094903,P000018,1,463.19,SIZE_FIT,2024-07-17 05:09:32,2024-07-17 05:09:32
SRC_RETURN_ITEM_B002_000000666,RI0000037125,R000022772,OI0000094932,P000166,2,957.17,SIZE_FIT,2026-06-15 04:26:17,2026-06-15 04:26:17
SRC_RETURN_ITEM_B002_000000667,RI0000037126,R000022772,OI0000094933,P000331,1,308.14,UNWANTED,2026-06-15 04:26:17,2026-06-15 04:26:17
SRC_RETURN_ITEM_B002_000000668,RI0000037127,R000021854,OI0000095065,P000440,1,55.82,DEFECTIVE,2025-02-19 22:12:48,2025-02-19 22:12:48
SRC_RETURN_ITEM_B002_000000669,RI0000037128,R000021365,OI0000095469,P000118,2,415.99,WRONG_ITEM,2025-09-12 06:50:36,2025-09-12 06:50:36
SRC_RETURN_ITEM_B002_000000670,RI0000037129,R000022580,OI0000095530,P000419,1,857.72,SIZE_FIT,2026-07-20 02:55:46,2026-07-20 02:55:46
SRC_RETURN_ITEM_B002_000000671,RI0000037130,R000022580,OI0000095531,P000292,1,60.07,WRONG_ITEM,2026-07-20 02:55:46,2026-07-20 02:55:46
SRC_RETURN_ITEM_B002_000000672,RI0000037131,R000021394,OI0000095541,P000004,3,811.04,DEFECTIVE,2025-12-18 18:07:24,2025-12-18 18:07:24
SRC_RETURN_ITEM_B002_000000673,RI0000037132,R000021394,OI0000095540,P000010,1,1141.21,LATE_DELIVERY,2025-12-18 18:07:24,2025-12-18 18:07:24
SRC_RETURN_ITEM_B002_000000674,RI0000037133,R000021394,OI0000095539,P000411,1,686.35,UNWANTED,2025-12-18 18:07:24,2025-12-18 18:07:24
SRC_RETURN_ITEM_B002_000000675,RI0000037134,R000022080,OI0000095824,P000458,2,1828.39,UNWANTED,2024-03-05 17:55:10,2024-03-05 17:55:10
SRC_RETURN_ITEM_B002_000000676,RI0000037135,R000021949,OI0000095884,P000300,2,2264.43,UNWANTED,2024-04-23 13:38:28,2024-04-23 13:38:28
SRC_RETURN_ITEM_B002_000000677,RI0000037136,R000021949,OI0000095885,P000148,1,368.14,UNWANTED,2024-04-23 13:38:28,2024-04-23 13:38:28
SRC_RETURN_ITEM_B002_000000678,RI0000037137,R000022224,OI0000095912,P000364,2,810.65,UNWANTED,2025-02-12 11:43:46,2025-02-12 11:43:46
SRC_RETURN_ITEM_B002_000000679,RI0000037138,R000022382,OI0000096132,P000317,2,1998.67,DEFECTIVE,2024-01-28 03:59:28,2024-01-28 03:59:28
SRC_RETURN_ITEM_B002_000000680,RI0000037139,R000022382,OI0000096134,P000386,2,791.56,LATE_DELIVERY,2024-01-28 03:59:28,2024-01-28 03:59:28
SRC_RETURN_ITEM_B002_000000681,RI0000037140,R000022382,OI0000096135,P000239,1,933.43,LATE_DELIVERY,2024-01-28 03:59:28,2024-01-28 03:59:28
SRC_RETURN_ITEM_B002_000000682,RI0000037141,R000022781,OI0000096182,P000481,1,186.01,SIZE_FIT,2025-06-30 12:24:27,2025-06-30 12:24:27
SRC_RETURN_ITEM_B002_000000683,RI0000037142,R000022781,OI0000096180,P000342,1,475.48,LATE_DELIVERY,2025-06-30 12:24:27,2025-06-30 12:24:27
SRC_RETURN_ITEM_B002_000000684,RI0000037143,R000022149,OI0000096183,P000119,1,258.16,SIZE_FIT,2025-07-13 22:32:24,2025-07-13 22:32:24
SRC_RETURN_ITEM_B002_000000685,RI0000037144,R000021327,OI0000096707,P000381,2,1057.06,UNWANTED,2026-08-20 07:00:44,2026-08-20 07:00:44
SRC_RETURN_ITEM_B002_000000686,RI0000037145,R000021919,OI0000096713,P000228,1,756.84,DAMAGED,2025-09-19 04:01:26,2025-09-19 04:01:26
SRC_RETURN_ITEM_B002_000000687,RI0000037146,R000021919,OI0000096712,P000113,2,488.01,DAMAGED,2025-09-19 04:01:26,2025-09-19 04:01:26
SRC_RETURN_ITEM_B002_000000688,RI0000037147,R000022749,OI0000096990,P000233,1,875.70,DEFECTIVE,2025-12-21 16:20:33,2025-12-21 16:20:33
SRC_RETURN_ITEM_B002_000000689,RI0000037148,R000022526,OI0000097077,P000052,1,1037.89,DAMAGED,2025-04-06 01:41:33,2025-04-06 01:41:33
SRC_RETURN_ITEM_B002_000000690,RI0000037149,R000022526,OI0000097079,P000223,2,727.69,LATE_DELIVERY,2025-04-06 01:41:33,2025-04-06 01:41:33
SRC_RETURN_ITEM_B002_000000691,RI0000037150,R000022526,OI0000097078,P000127,1,134.34,SIZE_FIT,2025-04-06 01:41:33,2025-04-06 01:41:33
SRC_RETURN_ITEM_B002_000000692,RI0000037151,R000021719,OI0000097184,P000371,1,626.78,WRONG_ITEM,2025-02-12 07:16:44,2025-02-12 07:16:44
SRC_RETURN_ITEM_B002_000000693,RI0000037152,R000021719,OI0000097185,P000470,1,888.71,WRONG_ITEM,2025-02-12 07:16:44,2025-02-12 07:16:44
SRC_RETURN_ITEM_B002_000000694,RI0000037153,R000022250,OI0000097186,P000399,1,247.00,SIZE_FIT,2024-11-14 15:15:27,2024-11-14 15:15:27
SRC_RETURN_ITEM_B002_000000695,RI0000037154,R000022799,OI0000097303,P000436,1,53.28,WRONG_ITEM,2025-01-13 20:48:05,2025-01-13 20:48:05
SRC_RETURN_ITEM_B002_000000696,RI0000037155,R000022073,OI0000097568,P000338,1,812.28,SIZE_FIT,2024-09-12 03:16:38,2024-09-12 03:16:38
SRC_RETURN_ITEM_B002_000000697,RI0000037156,R000022112,OI0000097782,P000295,1,1083.98,UNWANTED,2026-06-01 13:04:55,2026-06-01 13:04:55
SRC_RETURN_ITEM_B002_000000698,RI0000037157,R000022112,OI0000097779,P000484,1,370.00,WRONG_ITEM,2026-06-01 13:04:55,2026-06-01 13:04:55
SRC_RETURN_ITEM_B002_000000699,RI0000037158,R000022112,OI0000097780,P000221,1,487.99,SIZE_FIT,2026-06-01 13:04:55,2026-06-01 13:04:55
SRC_RETURN_ITEM_B002_000000700,RI0000037159,R000021697,OI0000098445,P000149,1,168.68,DAMAGED,2025-08-26 18:30:28,2025-08-26 18:30:28
SRC_RETURN_ITEM_B002_000000701,RI0000037160,R000021697,OI0000098446,P000372,2,2106.10,SIZE_FIT,2025-08-26 18:30:28,2025-08-26 18:30:28
SRC_RETURN_ITEM_B002_000000702,RI0000037161,R000021544,OI0000098886,P000440,1,55.82,DAMAGED,2026-01-13 16:10:24,2026-01-13 16:10:24
SRC_RETURN_ITEM_B002_000000703,RI0000037162,R000021380,OI0000098964,P000007,1,197.78,SIZE_FIT,2026-01-12 09:19:04,2026-01-12 09:19:04
SRC_RETURN_ITEM_B002_000000704,RI0000037163,R000021380,OI0000098967,P000279,1,1026.80,SIZE_FIT,2026-01-12 09:19:04,2026-01-12 09:19:04
SRC_RETURN_ITEM_B002_000000705,RI0000037164,R000021380,OI0000098968,P000058,1,583.99,UNWANTED,2026-01-12 09:19:04,2026-01-12 09:19:04
SRC_RETURN_ITEM_B002_000000706,RI0000037165,R000022363,OI0000099058,P000123,1,882.91,DEFECTIVE,2025-04-11 00:16:58,2025-04-11 00:16:58
SRC_RETURN_ITEM_B002_000000707,RI0000037166,R000022363,OI0000099057,P000157,1,128.88,LATE_DELIVERY,2025-04-11 00:16:58,2025-04-11 00:16:58
SRC_RETURN_ITEM_B002_000000708,RI0000037167,R000021386,OI0000099116,P000062,1,780.28,LATE_DELIVERY,2024-03-28 06:37:07,2024-03-28 06:37:07
SRC_RETURN_ITEM_B002_000000709,RI0000037168,R000021386,OI0000099115,P000099,1,668.03,DAMAGED,2024-03-28 06:37:07,2024-03-28 06:37:07
SRC_RETURN_ITEM_B002_000000710,RI0000037169,R000021698,OI0000099245,P000449,1,153.78,DEFECTIVE,2024-04-05 11:18:37,2024-04-05 11:18:37
SRC_RETURN_ITEM_B002_000000711,RI0000037170,R000021793,OI0000099327,P000483,1,640.05,DAMAGED,2025-11-28 12:33:31,2025-11-28 12:33:31
SRC_RETURN_ITEM_B002_000000712,RI0000037171,R000021793,OI0000099326,P000105,2,183.25,WRONG_ITEM,2025-11-28 12:33:31,2025-11-28 12:33:31
SRC_RETURN_ITEM_B002_000000713,RI0000037172,R000021310,OI0000099581,P000481,1,218.83,UNWANTED,2026-03-18 10:48:19,2026-03-18 10:48:19
SRC_RETURN_ITEM_B002_000000714,RI0000037173,R000021310,OI0000099583,P000372,3,3001.19,DAMAGED,2026-03-18 10:48:19,2026-03-18 10:48:19
SRC_RETURN_ITEM_B002_000000715,RI0000037174,R000021480,OI0000099649,P000438,1,989.00,UNWANTED,2024-09-06 04:43:27,2024-09-06 04:43:27
SRC_RETURN_ITEM_B002_000000716,RI0000037175,R000021599,OI0000099690,P000413,1,88.12,DEFECTIVE,2024-06-17 18:24:14,2024-06-17 18:24:14
SRC_RETURN_ITEM_B002_000000717,RI0000037176,R000021841,OI0000100101,P000171,2,523.63,DAMAGED,2025-01-14 13:08:46,2025-01-14 13:08:46
SRC_RETURN_ITEM_B002_000000718,RI0000037177,R000021841,OI0000100100,P000112,1,688.77,DAMAGED,2025-01-14 13:08:46,2025-01-14 13:08:46
SRC_RETURN_ITEM_B002_000000719,RI0000037178,R000021303,OI0000100764,P000498,1,773.24,DEFECTIVE,2026-05-15 03:05:15,2026-05-15 03:05:15
SRC_RETURN_ITEM_B002_000000720,RI0000037179,R000021303,OI0000100763,P000259,1,103.09,SIZE_FIT,2026-05-15 03:05:15,2026-05-15 03:05:15
SRC_RETURN_ITEM_B002_000000721,RI0000037180,R000021749,OI0000101026,P000464,1,159.61,LATE_DELIVERY,2025-03-29 23:49:08,2025-03-29 23:49:08
SRC_RETURN_ITEM_B002_000000722,RI0000037181,R000021749,OI0000101023,P000315,1,920.48,WRONG_ITEM,2025-03-29 23:49:08,2025-03-29 23:49:08
SRC_RETURN_ITEM_B002_000000723,RI0000037182,R000022195,OI0000101088,P000295,1,1029.78,LATE_DELIVERY,2025-03-22 23:12:35,2025-03-22 23:12:35
SRC_RETURN_ITEM_B002_000000724,RI0000037183,R000021477,OI0000101721,P000400,2,439.01,SIZE_FIT,2025-05-04 01:14:29,2025-05-04 01:14:29
SRC_RETURN_ITEM_B002_000000725,RI0000037184,R000021477,OI0000101720,P000128,1,1130.21,WRONG_ITEM,2025-05-04 01:14:29,2025-05-04 01:14:29
SRC_RETURN_ITEM_B002_000000726,RI0000037185,R000021477,OI0000101719,P000141,1,312.08,WRONG_ITEM,2025-05-04 01:14:29,2025-05-04 01:14:29
SRC_RETURN_ITEM_B002_000000727,RI0000037186,R000021535,OI0000101881,P000377,1,804.26,DEFECTIVE,2026-04-02 06:11:10,2026-04-02 06:11:10
SRC_RETURN_ITEM_B002_000000728,RI0000037187,R000021535,OI0000101880,P000276,1,1138.12,SIZE_FIT,2026-04-02 06:11:10,2026-04-02 06:11:10
SRC_RETURN_ITEM_B002_000000729,RI0000037188,R000021316,OI0000102071,P000361,1,465.57,DEFECTIVE,2026-02-16 03:58:44,2026-02-16 03:58:44
SRC_RETURN_ITEM_B002_000000730,RI0000037189,R000021316,OI0000102072,P000436,2,106.56,DAMAGED,2026-02-16 03:58:44,2026-02-16 03:58:44
SRC_RETURN_ITEM_B002_000000731,RI0000037190,R000021316,OI0000102070,P000356,1,166.01,LATE_DELIVERY,2026-02-16 03:58:44,2026-02-16 03:58:44
SRC_RETURN_ITEM_B002_000000732,RI0000037191,R000021732,OI0000102359,P000315,1,920.48,WRONG_ITEM,2024-06-23 01:21:07,2024-06-23 01:21:07
SRC_RETURN_ITEM_B002_000000733,RI0000037192,R000021732,OI0000102361,P000387,1,973.43,WRONG_ITEM,2024-06-23 01:21:07,2024-06-23 01:21:07
SRC_RETURN_ITEM_B002_000000734,RI0000037193,R000021746,OI0000102366,P000475,1,829.50,DEFECTIVE,2024-11-30 08:17:50,2024-11-30 08:17:50
SRC_RETURN_ITEM_B002_000000735,RI0000037194,R000021746,OI0000102365,P000139,1,789.98,WRONG_ITEM,2024-11-30 08:17:50,2024-11-30 08:17:50
SRC_RETURN_ITEM_B002_000000736,RI0000037195,R000022609,OI0000102766,P000397,2,843.67,WRONG_ITEM,2026-08-08 02:11:01,2026-08-08 02:11:01
SRC_RETURN_ITEM_B002_000000737,RI0000037196,R000022393,OI0000102853,P000167,3,1412.54,UNWANTED,2024-11-21 04:09:07,2024-11-21 04:09:07
SRC_RETURN_ITEM_B002_000000738,RI0000037197,R000022393,OI0000102855,P000366,1,984.53,WRONG_ITEM,2024-11-21 04:09:07,2024-11-21 04:09:07
SRC_RETURN_ITEM_B002_000000739,RI0000037198,R000022393,OI0000102857,P000133,1,667.28,LATE_DELIVERY,2024-11-21 04:09:07,2024-11-21 04:09:07
SRC_RETURN_ITEM_B002_000000740,RI0000037199,R000022388,OI0000103268,P000243,1,842.50,UNWANTED,2024-06-13 19:31:31,2024-06-13 19:31:31
SRC_RETURN_ITEM_B002_000000741,RI0000037200,R000022388,OI0000103270,P000233,1,875.70,UNWANTED,2024-06-13 19:31:31,2024-06-13 19:31:31
SRC_RETURN_ITEM_B002_000000742,RI0000037201,R000022388,OI0000103269,P000443,1,304.45,DEFECTIVE,2024-06-13 19:31:31,2024-06-13 19:31:31
SRC_RETURN_ITEM_B002_000000743,RI0000037202,R000022170,OI0000103447,P000402,1,1051.90,DEFECTIVE,2026-10-04 17:30:50,2026-10-04 17:30:50
SRC_RETURN_ITEM_B002_000000744,RI0000037203,R000021456,OI0000103512,P000422,1,107.48,UNWANTED,2024-06-30 11:16:17,2024-06-30 11:16:17
SRC_RETURN_ITEM_B002_000000745,RI0000037204,R000022031,OI0000103977,P000203,1,833.38,DEFECTIVE,2026-03-08 19:23:17,2026-03-08 19:23:17
SRC_RETURN_ITEM_B002_000000746,RI0000037205,R000022031,OI0000103976,P000403,3,2747.92,WRONG_ITEM,2026-03-08 19:23:17,2026-03-08 19:23:17
SRC_RETURN_ITEM_B002_000000747,RI0000037206,R000022355,OI0000104450,P000317,1,1116.90,UNWANTED,2026-04-15 07:32:30,2026-04-15 07:32:30
SRC_RETURN_ITEM_B002_000000748,RI0000037207,R000022656,OI0000104946,P000278,2,224.08,LATE_DELIVERY,2026-04-29 13:36:23,2026-04-29 13:36:23
SRC_RETURN_ITEM_B002_000000749,RI0000037208,R000022065,OI0000105288,P000500,1,58.26,WRONG_ITEM,2025-07-07 08:35:47,2025-07-07 08:35:47
SRC_RETURN_ITEM_B002_000000750,RI0000037209,R000022740,OI0000105420,P000436,1,53.28,LATE_DELIVERY,2026-01-21 22:40:35,2026-01-21 22:40:35
SRC_RETURN_ITEM_B002_000000751,RI0000037210,R000021505,OI0000105690,P000230,1,818.27,UNWANTED,2026-08-25 10:49:33,2026-08-25 10:49:33
SRC_RETURN_ITEM_B002_000000752,RI0000037211,R000022285,OI0000106007,P000262,1,26.27,WRONG_ITEM,2026-01-22 09:32:25,2026-01-22 09:32:25
SRC_RETURN_ITEM_B002_000000753,RI0000037212,R000021904,OI0000106018,P000235,1,434.28,SIZE_FIT,2025-07-27 03:49:18,2025-07-27 03:49:18
SRC_RETURN_ITEM_B002_000000754,RI0000037213,R000021506,OI0000106111,P000057,1,184.90,WRONG_ITEM,2026-01-31 17:22:18,2026-01-31 17:22:18
SRC_RETURN_ITEM_B002_000000755,RI0000037214,R000021506,OI0000106110,P000433,2,1807.25,SIZE_FIT,2026-01-31 17:22:18,2026-01-31 17:22:18
SRC_RETURN_ITEM_B002_000000756,RI0000037215,R000021825,OI0000106413,P000423,1,757.72,SIZE_FIT,2024-06-09 03:15:43,2024-06-09 03:15:43
SRC_RETURN_ITEM_B002_000000757,RI0000037216,R000022036,OI0000106466,P000310,1,638.81,LATE_DELIVERY,2026-05-16 19:04:46,2026-05-16 19:04:46
SRC_RETURN_ITEM_B002_000000758,RI0000037217,R000021899,OI0000107997,P000011,1,700.04,UNWANTED,2024-02-16 14:02:02,2024-02-16 14:02:02
SRC_RETURN_ITEM_B002_000000759,RI0000037218,R000021361,OI0000108245,P000063,2,1476.66,DAMAGED,2026-08-24 08:17:05,2026-08-24 08:17:05
SRC_RETURN_ITEM_B002_000000760,RI0000037219,R000021970,OI0000108298,P000263,1,754.90,LATE_DELIVERY,2026-04-09 20:06:45,2026-04-09 20:06:45
SRC_RETURN_ITEM_B002_000000761,RI0000037220,R000022408,OI0000108370,P000250,1,260.03,WRONG_ITEM,2025-07-18 11:49:46,2025-07-18 11:49:46
SRC_RETURN_ITEM_B002_000000762,RI0000037221,R000022671,OI0000108704,P000003,2,710.80,SIZE_FIT,2026-08-24 15:27:35,2026-08-24 15:27:35
SRC_RETURN_ITEM_B002_000000763,RI0000037222,R000022671,OI0000108705,P000462,1,1013.52,WRONG_ITEM,2026-08-24 15:27:35,2026-08-24 15:27:35
SRC_RETURN_ITEM_B002_000000764,RI0000037223,R000022356,OI0000109345,P000082,1,226.42,DEFECTIVE,2026-03-26 06:09:49,2026-03-26 06:09:49
SRC_RETURN_ITEM_B002_000000765,RI0000037224,R000022356,OI0000109344,P000490,1,675.22,LATE_DELIVERY,2026-03-26 06:09:49,2026-03-26 06:09:49
SRC_RETURN_ITEM_B002_000000766,RI0000037225,R000021408,OI0000109534,P000047,1,269.66,UNWANTED,2024-08-24 18:53:30,2024-08-24 18:53:30
SRC_RETURN_ITEM_B002_000000767,RI0000037226,R000021408,OI0000109536,P000070,2,1021.44,WRONG_ITEM,2024-08-24 18:53:30,2024-08-24 18:53:30
SRC_RETURN_ITEM_B002_000000768,RI0000037227,R000022239,OI0000109565,P000378,1,921.36,SIZE_FIT,2025-10-05 10:04:19,2025-10-05 10:04:19
SRC_RETURN_ITEM_B002_000000769,RI0000037228,R000022239,OI0000109567,P000014,2,1799.26,LATE_DELIVERY,2025-10-05 10:04:19,2025-10-05 10:04:19
SRC_RETURN_ITEM_B002_000000770,RI0000037229,R000022239,OI0000109566,P000462,1,1126.13,SIZE_FIT,2025-10-05 10:04:19,2025-10-05 10:04:19
SRC_RETURN_ITEM_B002_000000771,RI0000037230,R000021826,OI0000109667,P000243,1,991.18,LATE_DELIVERY,2026-04-29 21:39:50,2026-04-29 21:39:50
SRC_RETURN_ITEM_B002_000000772,RI0000037231,R000021826,OI0000109666,P000177,1,657.48,DEFECTIVE,2026-04-29 21:39:50,2026-04-29 21:39:50
SRC_RETURN_ITEM_B002_000000773,RI0000037232,R000021826,OI0000109668,P000386,1,351.80,DEFECTIVE,2026-04-29 21:39:50,2026-04-29 21:39:50
SRC_RETURN_ITEM_B002_000000774,RI0000037233,R000022435,OI0000109777,P000476,1,469.45,WRONG_ITEM,2025-12-01 11:17:52,2025-12-01 11:17:52
SRC_RETURN_ITEM_B002_000000775,RI0000037234,R000022770,OI0000109890,P000443,2,548.02,DEFECTIVE,2025-02-02 21:49:09,2025-02-02 21:49:09
SRC_RETURN_ITEM_B002_000000776,RI0000037235,R000022442,OI0000110287,P000111,1,60.59,DEFECTIVE,2024-05-26 08:36:20,2024-05-26 08:36:20
SRC_RETURN_ITEM_B002_000000777,RI0000037236,R000022442,OI0000110286,P000142,2,1256.14,UNWANTED,2024-05-26 08:36:20,2024-05-26 08:36:20
SRC_RETURN_ITEM_B002_000000778,RI0000037237,R000022590,OI0000110493,P000447,3,3289.78,WRONG_ITEM,2026-05-30 06:20:32,2026-05-30 06:20:32
SRC_RETURN_ITEM_B002_000000779,RI0000037238,R000022590,OI0000110494,P000355,1,4.99,LATE_DELIVERY,2026-05-30 06:20:32,2026-05-30 06:20:32
SRC_RETURN_ITEM_B002_000000780,RI0000037239,R000021607,OI0000110569,P000225,1,968.05,WRONG_ITEM,2024-05-17 20:40:45,2024-05-17 20:40:45
SRC_RETURN_ITEM_B002_000000781,RI0000037240,R000021607,OI0000110570,P000343,1,1117.93,DAMAGED,2024-05-17 20:40:45,2024-05-17 20:40:45
SRC_RETURN_ITEM_B002_000000782,RI0000037241,R000022400,OI0000111078,P000384,3,1057.72,DEFECTIVE,2025-03-08 14:04:29,2025-03-08 14:04:29
SRC_RETURN_ITEM_B002_000000783,RI0000037242,R000022400,OI0000111077,P000464,1,199.51,DAMAGED,2025-03-08 14:04:29,2025-03-08 14:04:29
SRC_RETURN_ITEM_B002_000000784,RI0000037243,R000021832,OI0000111183,P000332,1,268.10,LATE_DELIVERY,2025-12-12 11:25:36,2025-12-12 11:25:36
SRC_RETURN_ITEM_B002_000000785,RI0000037244,R000021832,OI0000111181,P000171,1,275.59,WRONG_ITEM,2025-12-12 11:25:36,2025-12-12 11:25:36
SRC_RETURN_ITEM_B002_000000786,RI0000037245,R000021832,OI0000111180,P000222,1,717.35,DAMAGED,2025-12-12 11:25:36,2025-12-12 11:25:36
SRC_RETURN_ITEM_B002_000000787,RI0000037246,R000022175,OI0000111243,P000350,2,1397.71,LATE_DELIVERY,2026-03-22 00:26:10,2026-03-22 00:26:10
SRC_RETURN_ITEM_B002_000000788,RI0000037247,R000022175,OI0000111242,P000015,1,726.55,LATE_DELIVERY,2026-03-22 00:26:10,2026-03-22 00:26:10
SRC_RETURN_ITEM_B002_000000789,RI0000037248,R000022780,OI0000111436,P000200,1,265.28,UNWANTED,2024-07-12 22:16:19,2024-07-12 22:16:19
SRC_RETURN_ITEM_B002_000000790,RI0000037249,R000022780,OI0000111438,P000018,1,463.19,SIZE_FIT,2024-07-12 22:16:19,2024-07-12 22:16:19
SRC_RETURN_ITEM_B002_000000791,RI0000037250,R000022780,OI0000111437,P000428,1,796.94,SIZE_FIT,2024-07-12 22:16:19,2024-07-12 22:16:19
SRC_RETURN_ITEM_B002_000000792,RI0000037251,R000021510,OI0000111486,P000164,1,1156.49,DAMAGED,2025-12-06 01:20:26,2025-12-06 01:20:26
SRC_RETURN_ITEM_B002_000000793,RI0000037252,R000021510,OI0000111487,P000429,1,1143.05,LATE_DELIVERY,2025-12-06 01:20:26,2025-12-06 01:20:26
SRC_RETURN_ITEM_B002_000000794,RI0000037253,R000021510,OI0000111485,P000204,2,1947.46,DAMAGED,2025-12-06 01:20:26,2025-12-06 01:20:26
SRC_RETURN_ITEM_B002_000000795,RI0000037254,R000022155,OI0000111814,P000141,3,1040.29,DAMAGED,2024-06-01 00:09:27,2024-06-01 00:09:27
SRC_RETURN_ITEM_B002_000000796,RI0000037255,R000022155,OI0000111816,P000468,1,877.64,DEFECTIVE,2024-06-01 00:09:27,2024-06-01 00:09:27
SRC_RETURN_ITEM_B002_000000797,RI0000037256,R000022155,OI0000111815,P000106,1,958.37,DAMAGED,2024-06-01 00:09:27,2024-06-01 00:09:27
SRC_RETURN_ITEM_B002_000000798,RI0000037257,R000022045,OI0000112163,P000046,1,394.10,DEFECTIVE,2024-05-13 17:23:53,2024-05-13 17:23:53
SRC_RETURN_ITEM_B002_000000799,RI0000037258,R000022045,OI0000112164,P000045,1,1070.18,DAMAGED,2024-05-13 17:23:53,2024-05-13 17:23:53
SRC_RETURN_ITEM_B002_000000800,RI0000037259,R000022045,OI0000112162,P000127,2,316.11,SIZE_FIT,2024-05-13 17:23:53,2024-05-13 17:23:53
SRC_RETURN_ITEM_B002_000000801,RI0000037260,R000021774,OI0000112362,P000211,1,160.22,DEFECTIVE,2025-01-18 01:34:30,2025-01-18 01:34:30
SRC_RETURN_ITEM_B002_000000802,RI0000037261,R000021670,OI0000112608,P000336,1,213.94,UNWANTED,2026-01-10 22:16:02,2026-01-10 22:16:02
SRC_RETURN_ITEM_B002_000000803,RI0000037262,R000021670,OI0000112606,P000477,3,3509.71,SIZE_FIT,2026-01-10 22:16:02,2026-01-10 22:16:02
SRC_RETURN_ITEM_B002_000000804,RI0000037263,R000021670,OI0000112607,P000364,1,426.66,UNWANTED,2026-01-10 22:16:02,2026-01-10 22:16:02
SRC_RETURN_ITEM_B002_000000805,RI0000037264,R000021571,OI0000112829,P000247,1,484.10,LATE_DELIVERY,2024-08-29 16:54:11,2024-08-29 16:54:11
SRC_RETURN_ITEM_B002_000000806,RI0000037265,R000021812,OI0000113121,P000364,3,1279.98,WRONG_ITEM,2024-04-14 18:14:37,2024-04-14 18:14:37
SRC_RETURN_ITEM_B002_000000807,RI0000037266,R000021523,OI0000113153,P000177,2,1314.96,WRONG_ITEM,2026-06-16 01:55:24,2026-06-16 01:55:24
SRC_RETURN_ITEM_B002_000000808,RI0000037267,R000021523,OI0000113154,P000372,1,1000.39,DAMAGED,2026-06-16 01:55:24,2026-06-16 01:55:24
SRC_RETURN_ITEM_B002_000000809,RI0000037268,R000021476,OI0000113254,P000294,1,354.66,UNWANTED,2024-05-07 00:41:18,2024-05-07 00:41:18
SRC_RETURN_ITEM_B002_000000810,RI0000037269,R000021476,OI0000113253,P000169,2,2002.20,DAMAGED,2024-05-07 00:41:18,2024-05-07 00:41:18
SRC_RETURN_ITEM_B002_000000811,RI0000037270,R000022549,OI0000113261,P000343,1,1176.77,DEFECTIVE,2026-01-16 03:52:21,2026-01-16 03:52:21
SRC_RETURN_ITEM_B002_000000812,RI0000037271,R000022549,OI0000113262,P000361,1,581.96,UNWANTED,2026-01-16 03:52:21,2026-01-16 03:52:21
SRC_RETURN_ITEM_B002_000000813,RI0000037272,R000021705,OI0000113351,P000207,2,1050.07,UNWANTED,2026-02-05 19:17:47,2026-02-05 19:17:47
SRC_RETURN_ITEM_B002_000000814,RI0000037273,R000021371,OI0000113435,P000029,1,1161.94,DAMAGED,2025-12-03 06:36:46,2025-12-03 06:36:46
SRC_RETURN_ITEM_B002_000000815,RI0000037274,R000021371,OI0000113437,P000349,1,396.60,UNWANTED,2025-12-03 06:36:46,2025-12-03 06:36:46
SRC_RETURN_ITEM_B002_000000816,RI0000037275,R000021371,OI0000113436,P000381,1,556.34,DAMAGED,2025-12-03 06:36:46,2025-12-03 06:36:46
SRC_RETURN_ITEM_B002_000000817,RI0000037276,R000022111,OI0000113697,P000393,1,5.76,UNWANTED,2026-01-12 07:22:13,2026-01-12 07:22:13
SRC_RETURN_ITEM_B002_000000818,RI0000037277,R000022111,OI0000113695,P000439,1,498.54,UNWANTED,2026-01-12 07:22:13,2026-01-12 07:22:13
SRC_RETURN_ITEM_B002_000000819,RI0000037278,R000022284,OI0000113990,P000271,1,991.88,LATE_DELIVERY,2026-04-07 10:32:03,2026-04-07 10:32:03
SRC_RETURN_ITEM_B002_000000820,RI0000037279,R000022284,OI0000113993,P000469,2,976.13,DEFECTIVE,2026-04-07 10:32:03,2026-04-07 10:32:03
SRC_RETURN_ITEM_B002_000000821,RI0000037280,R000022072,OI0000114224,P000384,1,352.57,UNWANTED,2025-10-01 18:58:56,2025-10-01 18:58:56
SRC_RETURN_ITEM_B002_000000822,RI0000037281,R000022373,OI0000114783,P000405,1,856.31,UNWANTED,2025-01-25 09:28:21,2025-01-25 09:28:21
SRC_RETURN_ITEM_B002_000000823,RI0000037282,R000022373,OI0000114784,P000397,1,444.04,DEFECTIVE,2025-01-25 09:28:21,2025-01-25 09:28:21
SRC_RETURN_ITEM_B002_000000824,RI0000037283,R000021681,OI0000115308,P000180,1,83.70,DEFECTIVE,2025-02-02 10:01:58,2025-02-02 10:01:58
SRC_RETURN_ITEM_B002_000000825,RI0000037284,R000021681,OI0000115306,P000319,2,36.55,DEFECTIVE,2025-02-02 10:01:58,2025-02-02 10:01:58
SRC_RETURN_ITEM_B002_000000826,RI0000037285,R000021681,OI0000115307,P000302,1,4.98,UNWANTED,2025-02-02 10:01:58,2025-02-02 10:01:58
SRC_RETURN_ITEM_B002_000000827,RI0000037286,R000021801,OI0000115874,P000450,1,1143.54,WRONG_ITEM,2025-12-17 19:44:43,2025-12-17 19:44:43
SRC_RETURN_ITEM_B002_000000828,RI0000037287,R000021319,OI0000116345,P000067,1,1008.21,WRONG_ITEM,2026-01-08 13:32:10,2026-01-08 13:32:10
SRC_RETURN_ITEM_B002_000000829,RI0000037288,R000021319,OI0000116344,P000355,1,4.74,UNWANTED,2026-01-08 13:32:10,2026-01-08 13:32:10
SRC_RETURN_ITEM_B002_000000830,RI0000037289,R000021980,OI0000116425,P000405,1,856.31,SIZE_FIT,2025-03-05 02:36:15,2025-03-05 02:36:15
SRC_RETURN_ITEM_B002_000000831,RI0000037290,R000021980,OI0000116424,P000353,1,918.26,DEFECTIVE,2025-03-05 02:36:15,2025-03-05 02:36:15
SRC_RETURN_ITEM_B002_000000832,RI0000037291,R000022308,OI0000116775,P000438,1,989.00,UNWANTED,2026-04-09 06:48:27,2026-04-09 06:48:27
SRC_RETURN_ITEM_B002_000000833,RI0000037292,R000022578,OI0000116823,P000180,1,71.15,DEFECTIVE,2024-09-18 22:53:34,2024-09-18 22:53:34
SRC_RETURN_ITEM_B002_000000834,RI0000037293,R000022578,OI0000116825,P000344,2,673.49,UNWANTED,2024-09-18 22:53:34,2024-09-18 22:53:34
SRC_RETURN_ITEM_B002_000000835,RI0000037294,R000021683,OI0000117080,P000485,1,177.40,SIZE_FIT,2026-03-16 06:09:54,2026-03-16 06:09:54
SRC_RETURN_ITEM_B002_000000836,RI0000037295,R000021784,OI0000117343,P000362,1,186.70,WRONG_ITEM,2025-02-27 08:00:19,2025-02-27 08:00:19
SRC_RETURN_ITEM_B002_000000837,RI0000037296,R000021784,OI0000117342,P000043,1,296.11,UNWANTED,2025-02-27 08:00:19,2025-02-27 08:00:19
SRC_RETURN_ITEM_B002_000000838,RI0000037297,R000021784,OI0000117341,P000288,1,497.59,UNWANTED,2025-02-27 08:00:19,2025-02-27 08:00:19
SRC_RETURN_ITEM_B002_000000839,RI0000037298,R000021580,OI0000117384,P000321,3,112.96,DEFECTIVE,2025-12-08 02:55:54,2025-12-08 02:55:54
SRC_RETURN_ITEM_B002_000000840,RI0000037299,R000021580,OI0000117385,P000337,1,800.48,DEFECTIVE,2025-12-08 02:55:54,2025-12-08 02:55:54
SRC_RETURN_ITEM_B002_000000841,RI0000037300,R000022605,OI0000118010,P000095,2,1134.17,DEFECTIVE,2026-02-21 00:15:32,2026-02-21 00:15:32
SRC_RETURN_ITEM_B002_000000842,RI0000037301,R000021301,OI0000118352,P000116,2,568.13,WRONG_ITEM,2025-01-31 20:21:39,2025-01-31 20:21:39
SRC_RETURN_ITEM_B002_000000843,RI0000037302,R000021301,OI0000118353,P000262,1,26.27,DEFECTIVE,2025-01-31 20:21:39,2025-01-31 20:21:39
SRC_RETURN_ITEM_B002_000000844,RI0000037303,R000021796,OI0000118430,P000071,1,244.96,WRONG_ITEM,2025-01-31 19:26:23,2025-01-31 19:26:23
SRC_RETURN_ITEM_B002_000000845,RI0000037304,R000021618,OI0000118620,P000086,3,2520.74,DAMAGED,2026-08-11 18:10:34,2026-08-11 18:10:34
SRC_RETURN_ITEM_B002_000000846,RI0000037305,R000021618,OI0000118622,P000398,1,1092.34,DAMAGED,2026-08-11 18:10:34,2026-08-11 18:10:34
SRC_RETURN_ITEM_B002_000000847,RI0000037306,R000021618,OI0000118621,P000132,1,550.67,LATE_DELIVERY,2026-08-11 18:10:34,2026-08-11 18:10:34
SRC_RETURN_ITEM_B002_000000848,RI0000037307,R000021542,OI0000118766,P000021,1,228.98,SIZE_FIT,2026-01-20 04:56:10,2026-01-20 04:56:10
SRC_RETURN_ITEM_B002_000000849,RI0000037308,R000021542,OI0000118767,P000434,1,779.42,SIZE_FIT,2026-01-20 04:56:10,2026-01-20 04:56:10
SRC_RETURN_ITEM_B002_000000850,RI0000037309,R000021542,OI0000118762,P000465,1,631.20,DAMAGED,2026-01-20 04:56:10,2026-01-20 04:56:10
SRC_RETURN_ITEM_B002_000000851,RI0000037310,R000021511,OI0000118882,P000073,2,1716.86,DEFECTIVE,2025-01-16 13:23:48,2025-01-16 13:23:48
SRC_RETURN_ITEM_B002_000000852,RI0000037311,R000021511,OI0000118883,P000190,1,362.41,DAMAGED,2025-01-16 13:23:48,2025-01-16 13:23:48
SRC_RETURN_ITEM_B002_000000853,RI0000037312,R000021816,OI0000119142,P000088,1,445.32,DAMAGED,2024-12-26 00:28:27,2024-12-26 00:28:27
SRC_RETURN_ITEM_B002_000000854,RI0000037313,R000021816,OI0000119144,P000336,2,427.87,WRONG_ITEM,2024-12-26 00:28:27,2024-12-26 00:28:27
SRC_RETURN_ITEM_B002_000000855,RI0000037314,R000021816,OI0000119143,P000174,1,615.25,DEFECTIVE,2024-12-26 00:28:27,2024-12-26 00:28:27
SRC_RETURN_ITEM_B002_000000856,RI0000037315,R000022389,OI0000119259,P000345,2,2305.44,UNWANTED,2026-02-26 15:00:40,2026-02-26 15:00:40
SRC_RETURN_ITEM_B002_000000857,RI0000037316,R000022310,OI0000119369,P000247,1,484.10,DEFECTIVE,2024-12-24 15:09:57,2024-12-24 15:09:57
SRC_RETURN_ITEM_B002_000000858,RI0000037317,R000022310,OI0000119371,P000473,1,341.65,DEFECTIVE,2024-12-24 15:09:57,2024-12-24 15:09:57
SRC_RETURN_ITEM_B002_000000859,RI0000037318,R000022516,OI0000119483,P000097,1,557.90,DAMAGED,2024-08-29 09:41:51,2024-08-29 09:41:51
SRC_RETURN_ITEM_B002_000000860,RI0000037319,R000022516,OI0000119481,P000418,1,1012.38,SIZE_FIT,2024-08-29 09:41:51,2024-08-29 09:41:51
SRC_RETURN_ITEM_B002_000000861,RI0000037320,R000021424,OI0000119764,P000240,1,770.90,LATE_DELIVERY,2025-10-19 15:14:49,2025-10-19 15:14:49
SRC_RETURN_ITEM_B002_000000862,RI0000037321,R000021889,OI0000120199,P000244,1,673.10,DEFECTIVE,2026-02-05 12:22:38,2026-02-05 12:22:38
SRC_RETURN_ITEM_B002_000000863,RI0000037322,R000022606,OI0000121170,P000070,1,567.47,UNWANTED,2025-11-24 08:06:48,2025-11-24 08:06:48
SRC_RETURN_ITEM_B002_000000864,RI0000037323,R000022007,OI0000121277,P000448,1,110.04,UNWANTED,2024-05-09 21:52:01,2024-05-09 21:52:01
SRC_RETURN_ITEM_B002_000000865,RI0000037324,R000022007,OI0000121275,P000468,1,877.64,UNWANTED,2024-05-09 21:52:01,2024-05-09 21:52:01
SRC_RETURN_ITEM_B002_000000866,RI0000037325,R000022007,OI0000121274,P000105,1,101.81,DAMAGED,2024-05-09 21:52:01,2024-05-09 21:52:01
SRC_RETURN_ITEM_B002_000000867,RI0000037326,R000021935,OI0000121654,P000052,1,1037.89,DEFECTIVE,2026-01-10 23:29:13,2026-01-10 23:29:13
SRC_RETURN_ITEM_B002_000000868,RI0000037327,R000021935,OI0000121653,P000036,1,986.86,DAMAGED,2026-01-10 23:29:13,2026-01-10 23:29:13
SRC_RETURN_ITEM_B002_000000869,RI0000037328,R000022774,OI0000121885,P000083,1,360.32,DEFECTIVE,2024-06-07 15:30:34,2024-06-07 15:30:34
SRC_RETURN_ITEM_B002_000000870,RI0000037329,R000022774,OI0000121888,P000055,1,650.38,UNWANTED,2024-06-07 15:30:34,2024-06-07 15:30:34
SRC_RETURN_ITEM_B002_000000871,RI0000037330,R000022774,OI0000121889,P000183,1,1022.88,DEFECTIVE,2024-06-07 15:30:34,2024-06-07 15:30:34
SRC_RETURN_ITEM_B002_000000872,RI0000037331,R000022754,OI0000122079,P000100,3,548.46,LATE_DELIVERY,2025-07-15 15:20:46,2025-07-15 15:20:46
SRC_RETURN_ITEM_B002_000000873,RI0000037332,R000022754,OI0000122075,P000148,1,368.14,SIZE_FIT,2025-07-15 15:20:46,2025-07-15 15:20:46
SRC_RETURN_ITEM_B002_000000874,RI0000037333,R000022754,OI0000122076,P000080,1,674.76,DEFECTIVE,2025-07-15 15:20:46,2025-07-15 15:20:46
SRC_RETURN_ITEM_B002_000000875,RI0000037334,R000022503,OI0000122767,P000355,1,4.74,SIZE_FIT,2025-09-27 21:29:44,2025-09-27 21:29:44
SRC_RETURN_ITEM_B002_000000876,RI0000037335,R000022503,OI0000122771,P000169,4,4004.40,DAMAGED,2025-09-27 21:29:44,2025-09-27 21:29:44
SRC_RETURN_ITEM_B002_000000877,RI0000037336,R000022503,OI0000122770,P000226,2,1440.20,DEFECTIVE,2025-09-27 21:29:44,2025-09-27 21:29:44
SRC_RETURN_ITEM_B002_000000878,RI0000037337,R000021469,OI0000123357,P000095,1,567.08,DEFECTIVE,2025-04-09 23:07:24,2025-04-09 23:07:24
SRC_RETURN_ITEM_B002_000000879,RI0000037338,R000021469,OI0000123356,P000417,1,1016.42,DEFECTIVE,2025-04-09 23:07:24,2025-04-09 23:07:24
SRC_RETURN_ITEM_B002_000000880,RI0000037339,R000021926,OI0000124075,P000002,1,455.29,DAMAGED,2026-04-11 03:06:44,2026-04-11 03:06:44
SRC_RETURN_ITEM_B002_000000881,RI0000037340,R000021661,OI0000124329,P000400,2,521.32,LATE_DELIVERY,2025-10-22 01:19:10,2025-10-22 01:19:10
SRC_RETURN_ITEM_B002_000000882,RI0000037341,R000021661,OI0000124334,P000068,1,610.85,DAMAGED,2025-10-22 01:19:10,2025-10-22 01:19:10
SRC_RETURN_ITEM_B002_000000883,RI0000037342,R000022768,OI0000124445,P000419,1,686.18,LATE_DELIVERY,2025-01-13 02:55:05,2025-01-13 02:55:05
SRC_RETURN_ITEM_B002_000000884,RI0000037343,R000022768,OI0000124444,P000135,2,2397.07,SIZE_FIT,2025-01-13 02:55:05,2025-01-13 02:55:05
SRC_RETURN_ITEM_B002_000000885,RI0000037344,R000022768,OI0000124442,P000416,2,2046.86,WRONG_ITEM,2025-01-13 02:55:05,2025-01-13 02:55:05
SRC_RETURN_ITEM_B002_000000886,RI0000037345,R000021688,OI0000124707,P000003,1,444.25,DAMAGED,2026-07-14 00:31:46,2026-07-14 00:31:46
SRC_RETURN_ITEM_B002_000000887,RI0000037346,R000022048,OI0000125053,P000073,1,858.43,LATE_DELIVERY,2026-01-18 02:28:47,2026-01-18 02:28:47
SRC_RETURN_ITEM_B002_000000888,RI0000037347,R000022048,OI0000125055,P000365,1,753.05,DEFECTIVE,2026-01-18 02:28:47,2026-01-18 02:28:47
SRC_RETURN_ITEM_B002_000000889,RI0000037348,R000021754,OI0000125207,P000113,1,231.80,SIZE_FIT,2025-04-25 23:49:21,2025-04-25 23:49:21
SRC_RETURN_ITEM_B002_000000890,RI0000037349,R000021754,OI0000125206,P000349,1,376.78,UNWANTED,2025-04-25 23:49:21,2025-04-25 23:49:21
SRC_RETURN_ITEM_B002_000000891,RI0000037350,R000022648,OI0000125847,P000052,1,934.10,DAMAGED,2026-05-21 11:53:54,2026-05-21 11:53:54
SRC_RETURN_ITEM_B002_000000892,RI0000037351,R000021531,OI0000126127,P000290,2,342.55,UNWANTED,2024-03-05 12:16:03,2024-03-05 12:16:03
SRC_RETURN_ITEM_B002_000000893,RI0000037352,R000021502,OI0000126472,P000470,2,2091.07,SIZE_FIT,2026-03-05 14:13:59,2026-03-05 14:13:59
SRC_RETURN_ITEM_B002_000000894,RI0000037353,R000022214,OI0000126517,P000439,1,553.93,DAMAGED,2024-12-05 01:48:01,2024-12-05 01:48:01
SRC_RETURN_ITEM_B002_000000895,RI0000037354,R000022214,OI0000126521,P000195,1,747.85,UNWANTED,2024-12-05 01:48:01,2024-12-05 01:48:01
SRC_RETURN_ITEM_B002_000000896,RI0000037355,R000021501,OI0000126894,P000181,1,1115.72,DAMAGED,2026-03-24 20:47:56,2026-03-24 20:47:56
SRC_RETURN_ITEM_B002_000000897,RI0000037356,R000021501,OI0000126895,P000069,1,228.97,DAMAGED,2026-03-24 20:47:56,2026-03-24 20:47:56
SRC_RETURN_ITEM_B002_000000898,RI0000037357,R000021474,OI0000127205,P000220,1,709.64,DEFECTIVE,2025-12-30 11:33:18,2025-12-30 11:33:18
SRC_RETURN_ITEM_B002_000000899,RI0000037358,R000021869,OI0000127356,P000109,1,500.86,DAMAGED,2026-02-10 22:10:00,2026-02-10 22:10:00
SRC_RETURN_ITEM_B002_000000900,RI0000037359,R000021366,OI0000128690,P000025,1,964.52,LATE_DELIVERY,2024-11-27 01:56:02,2024-11-27 01:56:02
SRC_RETURN_ITEM_B002_000000901,RI0000037360,R000021366,OI0000128694,P000376,1,937.58,DAMAGED,2024-11-27 01:56:02,2024-11-27 01:56:02
SRC_RETURN_ITEM_B002_000000902,RI0000037361,R000021811,OI0000128699,P000208,1,1030.52,SIZE_FIT,2026-08-19 21:19:17,2026-08-19 21:19:17
SRC_RETURN_ITEM_B002_000000903,RI0000037362,R000021811,OI0000128698,P000152,1,200.82,SIZE_FIT,2026-08-19 21:19:17,2026-08-19 21:19:17
SRC_RETURN_ITEM_B002_000000904,RI0000037363,R000021654,OI0000128726,P000254,1,1035.86,DAMAGED,2024-05-25 19:11:35,2024-05-25 19:11:35
SRC_RETURN_ITEM_B002_000000905,RI0000037364,R000022490,OI0000128811,P000352,2,896.72,LATE_DELIVERY,2024-03-07 14:26:15,2024-03-07 14:26:15
SRC_RETURN_ITEM_B002_000000906,RI0000037365,R000021339,OI0000129258,P000026,1,1106.41,SIZE_FIT,2025-12-11 08:49:49,2025-12-11 08:49:49
SRC_RETURN_ITEM_B002_000000907,RI0000037366,R000021339,OI0000129257,P000147,1,216.11,DAMAGED,2025-12-11 08:49:49,2025-12-11 08:49:49
SRC_RETURN_ITEM_B002_000000908,RI0000037367,R000021359,OI0000129271,P000370,3,1543.07,SIZE_FIT,2026-09-09 16:20:18,2026-09-09 16:20:18
SRC_RETURN_ITEM_B002_000000909,RI0000037368,R000021359,OI0000129270,P000129,1,859.97,LATE_DELIVERY,2026-09-09 16:20:18,2026-09-09 16:20:18
SRC_RETURN_ITEM_B002_000000910,RI0000037369,R000022095,OI0000129344,P000065,1,626.32,LATE_DELIVERY,2024-05-03 20:55:25,2024-05-03 20:55:25
SRC_RETURN_ITEM_B002_000000911,RI0000037370,R000022095,OI0000129345,P000190,1,362.41,LATE_DELIVERY,2024-05-03 20:55:25,2024-05-03 20:55:25
SRC_RETURN_ITEM_B002_000000912,RI0000037371,R000022095,OI0000129343,P000122,2,2029.46,SIZE_FIT,2024-05-03 20:55:25,2024-05-03 20:55:25
SRC_RETURN_ITEM_B002_000000913,RI0000037372,R000021407,OI0000129517,P000425,3,592.88,UNWANTED,2024-07-24 14:34:08,2024-07-24 14:34:08
SRC_RETURN_ITEM_B002_000000914,RI0000037373,R000021407,OI0000129518,P000478,1,404.77,LATE_DELIVERY,2024-07-24 14:34:08,2024-07-24 14:34:08
SRC_RETURN_ITEM_B002_000000915,RI0000037374,R000021407,OI0000129516,P000153,2,340.25,DEFECTIVE,2024-07-24 14:34:08,2024-07-24 14:34:08
SRC_RETURN_ITEM_B002_000000916,RI0000037375,R000022124,OI0000129640,P000427,1,705.18,DAMAGED,2025-10-18 09:47:30,2025-10-18 09:47:30
SRC_RETURN_ITEM_B002_000000917,RI0000037376,R000022124,OI0000129639,P000375,1,543.46,WRONG_ITEM,2025-10-18 09:47:30,2025-10-18 09:47:30
SRC_RETURN_ITEM_B002_000000918,RI0000037377,R000021652,OI0000129696,P000123,1,882.91,UNWANTED,2025-08-31 16:38:59,2025-08-31 16:38:59
SRC_RETURN_ITEM_B002_000000919,RI0000037378,R000022257,OI0000129768,P000053,1,716.86,WRONG_ITEM,2024-08-30 06:16:50,2024-08-30 06:16:50
SRC_RETURN_ITEM_B002_000000920,RI0000037379,R000021465,OI0000129853,P000344,2,752.72,LATE_DELIVERY,2026-08-14 04:13:00,2026-08-14 04:13:00
SRC_RETURN_ITEM_B002_000000921,RI0000037380,R000021465,OI0000129854,P000318,1,596.33,SIZE_FIT,2026-08-14 04:13:00,2026-08-14 04:13:00
SRC_RETURN_ITEM_B002_000000922,RI0000037381,R000021465,OI0000129852,P000199,1,559.96,WRONG_ITEM,2026-08-14 04:13:00,2026-08-14 04:13:00
SRC_RETURN_ITEM_B002_000000923,RI0000037382,R000021360,OI0000129867,P000035,1,1010.94,DAMAGED,2025-11-08 15:45:47,2025-11-08 15:45:47
SRC_RETURN_ITEM_B002_000000924,RI0000037383,R000022331,OI0000129938,P000056,1,415.18,SIZE_FIT,2024-07-07 02:55:51,2024-07-07 02:55:51
SRC_RETURN_ITEM_B002_000000925,RI0000037384,R000022727,OI0000130044,P000125,1,862.73,LATE_DELIVERY,2025-01-05 15:56:32,2025-01-05 15:56:32
SRC_RETURN_ITEM_B002_000000926,RI0000037385,R000021646,OI0000130058,P000347,1,453.96,DAMAGED,2026-08-10 10:11:09,2026-08-10 10:11:09
SRC_RETURN_ITEM_B002_000000927,RI0000037386,R000021646,OI0000130057,P000352,1,560.45,LATE_DELIVERY,2026-08-10 10:11:09,2026-08-10 10:11:09
SRC_RETURN_ITEM_B002_000000928,RI0000037387,R000021646,OI0000130056,P000151,1,13.66,SIZE_FIT,2026-08-10 10:11:09,2026-08-10 10:11:09
SRC_RETURN_ITEM_B002_000000929,RI0000037388,R000022202,OI0000130372,P000268,2,1362.70,DAMAGED,2024-08-13 03:57:30,2024-08-13 03:57:30
SRC_RETURN_ITEM_B002_000000930,RI0000037389,R000022512,OI0000130838,P000237,1,753.50,UNWANTED,2025-05-24 08:45:51,2025-05-24 08:45:51
SRC_RETURN_ITEM_B002_000000931,RI0000037390,R000022512,OI0000130837,P000277,1,1177.69,LATE_DELIVERY,2025-05-24 08:45:51,2025-05-24 08:45:51
SRC_RETURN_ITEM_B002_000000932,RI0000037391,R000022205,OI0000130935,P000158,1,303.47,SIZE_FIT,2024-09-09 12:08:13,2024-09-09 12:08:13
SRC_RETURN_ITEM_B002_000000933,RI0000037392,R000021357,OI0000130992,P000181,2,2231.45,SIZE_FIT,2026-04-22 22:56:18,2026-04-22 22:56:18
SRC_RETURN_ITEM_B002_000000934,RI0000037393,R000021357,OI0000130993,P000385,1,87.24,WRONG_ITEM,2026-04-22 22:56:18,2026-04-22 22:56:18
SRC_RETURN_ITEM_B002_000000935,RI0000037394,R000022621,OI0000131315,P000102,1,693.72,DAMAGED,2025-10-14 17:38:49,2025-10-14 17:38:49
SRC_RETURN_ITEM_B002_000000936,RI0000037395,R000022621,OI0000131314,P000289,1,826.73,DAMAGED,2025-10-14 17:38:49,2025-10-14 17:38:49
SRC_RETURN_ITEM_B002_000000937,RI0000037396,R000022621,OI0000131316,P000007,2,395.57,DEFECTIVE,2025-10-14 17:38:49,2025-10-14 17:38:49
SRC_RETURN_ITEM_B002_000000938,RI0000037397,R000021478,OI0000131353,P000206,1,802.68,UNWANTED,2024-06-17 08:56:27,2024-06-17 08:56:27
SRC_RETURN_ITEM_B002_000000939,RI0000037398,R000022601,OI0000132874,P000472,1,890.16,SIZE_FIT,2025-08-22 09:42:08,2025-08-22 09:42:08
SRC_RETURN_ITEM_B002_000000940,RI0000037399,R000022601,OI0000132873,P000407,1,876.69,UNWANTED,2025-08-22 09:42:08,2025-08-22 09:42:08
SRC_RETURN_ITEM_B002_000000941,RI0000037400,R000022787,OI0000133045,P000143,1,1108.21,WRONG_ITEM,2024-10-04 09:33:54,2024-10-04 09:33:54
SRC_RETURN_ITEM_B002_000000942,RI0000037401,R000022787,OI0000133044,P000118,2,374.39,WRONG_ITEM,2024-10-04 09:33:54,2024-10-04 09:33:54
SRC_RETURN_ITEM_B002_000000943,RI0000037402,R000022017,OI0000133526,P000160,1,252.29,DAMAGED,2026-02-26 23:08:24,2026-02-26 23:08:24
SRC_RETURN_ITEM_B002_000000944,RI0000037403,R000022017,OI0000133524,P000409,2,217.35,UNWANTED,2026-02-26 23:08:24,2026-02-26 23:08:24
SRC_RETURN_ITEM_B002_000000945,RI0000037404,R000021983,OI0000133545,P000383,1,190.91,SIZE_FIT,2024-11-15 03:47:19,2024-11-15 03:47:19
SRC_RETURN_ITEM_B002_000000946,RI0000037405,R000022686,OI0000133590,P000486,1,266.26,UNWANTED,2024-09-30 14:56:47,2024-09-30 14:56:47
SRC_RETURN_ITEM_B002_000000947,RI0000037406,R000022143,OI0000133903,P000469,1,488.06,LATE_DELIVERY,2025-09-18 10:48:19,2025-09-18 10:48:19
SRC_RETURN_ITEM_B002_000000948,RI0000037407,R000022143,OI0000133904,P000088,1,471.52,DEFECTIVE,2025-09-18 10:48:19,2025-09-18 10:48:19
SRC_RETURN_ITEM_B002_000000949,RI0000037408,R000022063,OI0000134026,P000135,1,1198.54,WRONG_ITEM,2024-09-19 01:01:53,2024-09-19 01:01:53
SRC_RETURN_ITEM_B002_000000950,RI0000037409,R000022063,OI0000134025,P000087,1,464.42,WRONG_ITEM,2024-09-19 01:01:53,2024-09-19 01:01:53
SRC_RETURN_ITEM_B002_000000951,RI0000037410,R000022063,OI0000134024,P000406,1,1143.32,WRONG_ITEM,2024-09-19 01:01:53,2024-09-19 01:01:53
SRC_RETURN_ITEM_B002_000000952,RI0000037411,R000021657,OI0000134493,P000470,1,1045.54,DAMAGED,2024-07-06 20:13:26,2024-07-06 20:13:26
SRC_RETURN_ITEM_B002_000000953,RI0000037412,R000021953,OI0000134577,P000258,1,30.08,WRONG_ITEM,2025-11-09 13:09:29,2025-11-09 13:09:29
SRC_RETURN_ITEM_B002_000000954,RI0000037413,R000022521,OI0000134734,P000091,4,2370.73,SIZE_FIT,2026-03-31 15:35:13,2026-03-31 15:35:13
SRC_RETURN_ITEM_B002_000000955,RI0000037414,R000022521,OI0000134735,P000239,1,933.43,DAMAGED,2026-03-31 15:35:13,2026-03-31 15:35:13
SRC_RETURN_ITEM_B002_000000956,RI0000037415,R000021744,OI0000135227,P000153,1,170.12,DEFECTIVE,2024-06-22 11:31:08,2024-06-22 11:31:08
SRC_RETURN_ITEM_B002_000000957,RI0000037416,R000021663,OI0000135639,P000138,1,834.37,DEFECTIVE,2024-10-01 21:46:26,2024-10-01 21:46:26
SRC_RETURN_ITEM_B002_000000958,RI0000037417,R000022535,OI0000136407,P000071,1,244.96,WRONG_ITEM,2026-05-06 15:16:23,2026-05-06 15:16:23
SRC_RETURN_ITEM_B002_000000959,RI0000037418,R000022535,OI0000136405,P000396,1,360.85,DEFECTIVE,2026-05-06 15:16:23,2026-05-06 15:16:23
SRC_RETURN_ITEM_B002_000000960,RI0000037419,R000022535,OI0000136403,P000417,2,2032.85,SIZE_FIT,2026-05-06 15:16:23,2026-05-06 15:16:23
SRC_RETURN_ITEM_B002_000000961,RI0000037420,R000021401,OI0000136424,P000159,3,118.73,SIZE_FIT,2025-04-02 01:14:00,2025-04-02 01:14:00
SRC_RETURN_ITEM_B002_000000962,RI0000037421,R000021401,OI0000136427,P000253,1,1037.65,DEFECTIVE,2025-04-02 01:14:00,2025-04-02 01:14:00
SRC_RETURN_ITEM_B002_000000963,RI0000037422,R000022539,OI0000137254,P000295,1,1083.98,DAMAGED,2024-02-22 22:56:13,2024-02-22 22:56:13
SRC_RETURN_ITEM_B002_000000964,RI0000037423,R000022179,OI0000137286,P000390,1,884.59,LATE_DELIVERY,2026-01-07 20:29:24,2026-01-07 20:29:24
SRC_RETURN_ITEM_B002_000000965,RI0000037424,R000022141,OI0000138032,P000025,2,1736.15,SIZE_FIT,2024-05-29 17:53:37,2024-05-29 17:53:37
SRC_RETURN_ITEM_B002_000000966,RI0000037425,R000022782,OI0000138686,P000079,2,2058.65,UNWANTED,2024-04-11 13:47:58,2024-04-11 13:47:58
SRC_RETURN_ITEM_B002_000000967,RI0000037426,R000022029,OI0000139237,P000110,2,1494.67,LATE_DELIVERY,2024-01-25 01:43:42,2024-01-25 01:43:42
SRC_RETURN_ITEM_B002_000000968,RI0000037427,R000021948,OI0000139542,P000210,4,4129.92,LATE_DELIVERY,2026-04-03 16:19:07,2026-04-03 16:19:07
SRC_RETURN_ITEM_B002_000000969,RI0000037428,R000021948,OI0000139540,P000022,1,927.16,DEFECTIVE,2026-04-03 16:19:07,2026-04-03 16:19:07
SRC_RETURN_ITEM_B002_000000970,RI0000037429,R000022731,OI0000140296,P000077,1,27.80,SIZE_FIT,2025-06-25 03:12:07,2025-06-25 03:12:07
SRC_RETURN_ITEM_B002_000000971,RI0000037430,R000022397,OI0000140530,P000137,1,261.31,DAMAGED,2026-04-26 22:00:53,2026-04-26 22:00:53
SRC_RETURN_ITEM_B002_000000972,RI0000037431,R000022397,OI0000140532,P000048,1,275.80,DAMAGED,2026-04-26 22:00:53,2026-04-26 22:00:53
SRC_RETURN_ITEM_B002_000000973,RI0000037432,R000021643,OI0000140629,P000263,1,679.40,DEFECTIVE,2026-01-03 19:50:37,2026-01-03 19:50:37
SRC_RETURN_ITEM_B002_000000974,RI0000037433,R000021643,OI0000140630,P000218,1,681.72,DEFECTIVE,2026-01-03 19:50:37,2026-01-03 19:50:37
SRC_RETURN_ITEM_B002_000000975,RI0000037434,R000022396,OI0000140981,P000465,1,701.33,UNWANTED,2024-11-23 03:16:48,2024-11-23 03:16:48
SRC_RETURN_ITEM_B002_000000976,RI0000037435,R000022360,OI0000141064,P000148,1,368.14,LATE_DELIVERY,2026-01-27 09:06:04,2026-01-27 09:06:04
SRC_RETURN_ITEM_B002_000000977,RI0000037436,R000022283,OI0000141281,P000119,1,258.16,DAMAGED,2024-04-24 13:06:00,2024-04-24 13:06:00
SRC_RETURN_ITEM_B002_000000978,RI0000037437,R000022283,OI0000141279,P000386,1,439.75,WRONG_ITEM,2024-04-24 13:06:00,2024-04-24 13:06:00
SRC_RETURN_ITEM_B002_000000979,RI0000037438,R000021842,OI0000141483,P000196,1,98.45,DEFECTIVE,2026-02-13 12:31:41,2026-02-13 12:31:41
SRC_RETURN_ITEM_B002_000000980,RI0000037439,R000021842,OI0000141482,P000481,1,196.94,WRONG_ITEM,2026-02-13 12:31:41,2026-02-13 12:31:41
SRC_RETURN_ITEM_B002_000000981,RI0000037440,R000022299,OI0000141719,P000463,1,725.36,SIZE_FIT,2025-03-13 14:24:54,2025-03-13 14:24:54
SRC_RETURN_ITEM_B002_000000982,RI0000037441,R000022299,OI0000141721,P000206,1,891.86,WRONG_ITEM,2025-03-13 14:24:54,2025-03-13 14:24:54
SRC_RETURN_ITEM_B002_000000983,RI0000037442,R000022299,OI0000141720,P000174,1,522.96,UNWANTED,2025-03-13 14:24:54,2025-03-13 14:24:54
SRC_RETURN_ITEM_B002_000000984,RI0000037443,R000021974,OI0000141978,P000259,1,97.93,SIZE_FIT,2025-11-20 02:34:52,2025-11-20 02:34:52
SRC_RETURN_ITEM_B002_000000985,RI0000037444,R000021974,OI0000141979,P000112,1,765.30,LATE_DELIVERY,2025-11-20 02:34:52,2025-11-20 02:34:52
SRC_RETURN_ITEM_B002_000000986,RI0000037445,R000022306,OI0000142044,P000202,1,221.46,LATE_DELIVERY,2025-10-15 07:21:04,2025-10-15 07:21:04
SRC_RETURN_ITEM_B002_000000987,RI0000037446,R000022543,OI0000142064,P000210,1,877.61,LATE_DELIVERY,2026-09-06 13:54:51,2026-09-06 13:54:51
SRC_RETURN_ITEM_B002_000000988,RI0000037447,R000022543,OI0000142065,P000028,1,484.52,DAMAGED,2026-09-06 13:54:51,2026-09-06 13:54:51
SRC_RETURN_ITEM_B002_000000989,RI0000037448,R000021337,OI0000142097,P000026,1,1106.41,DEFECTIVE,2024-09-16 22:29:12,2024-09-16 22:29:12
SRC_RETURN_ITEM_B002_000000990,RI0000037449,R000022510,OI0000142111,P000462,1,1126.13,UNWANTED,2024-04-09 19:07:38,2024-04-09 19:07:38
SRC_RETURN_ITEM_B002_000000991,RI0000037450,R000021848,OI0000142181,P000067,1,1186.13,UNWANTED,2026-01-18 10:05:14,2026-01-18 10:05:14
SRC_RETURN_ITEM_B002_000000992,RI0000037451,R000021848,OI0000142180,P000391,1,463.13,SIZE_FIT,2026-01-18 10:05:14,2026-01-18 10:05:14
SRC_RETURN_ITEM_B002_000000993,RI0000037452,R000022430,OI0000142199,P000307,1,85.18,LATE_DELIVERY,2026-02-27 18:14:59,2026-02-27 18:14:59
SRC_RETURN_ITEM_B002_000000994,RI0000037453,R000022070,OI0000142228,P000298,1,95.00,DAMAGED,2025-03-11 12:58:32,2025-03-11 12:58:32
SRC_RETURN_ITEM_B002_000000995,RI0000037454,R000022070,OI0000142229,P000285,2,1359.23,UNWANTED,2025-03-11 12:58:32,2025-03-11 12:58:32
SRC_RETURN_ITEM_B002_000000996,RI0000037455,R000022489,OI0000142306,P000322,2,39.17,DAMAGED,2024-12-28 14:36:22,2024-12-28 14:36:22
SRC_RETURN_ITEM_B002_000000997,RI0000037456,R000022489,OI0000142309,P000286,2,503.16,LATE_DELIVERY,2024-12-28 14:36:22,2024-12-28 14:36:22
SRC_RETURN_ITEM_B002_000000998,RI0000037457,R000022281,OI0000142487,P000134,1,603.38,DEFECTIVE,2024-08-11 04:11:08,2024-08-11 04:11:08
SRC_RETURN_ITEM_B002_000000999,RI0000037458,R000021924,OI0000142707,P000011,1,700.04,WRONG_ITEM,2024-12-23 21:29:17,2024-12-23 21:29:17
SRC_RETURN_ITEM_B002_000001000,RI0000037459,R000021924,OI0000142705,P000104,1,383.83,WRONG_ITEM,2024-12-23 21:29:17,2024-12-23 21:29:17
SRC_RETURN_ITEM_B002_000001001,RI0000037460,R000021924,OI0000142706,P000430,1,34.31,UNWANTED,2024-12-23 21:29:17,2024-12-23 21:29:17
SRC_RETURN_ITEM_B002_000001002,RI0000037461,R000022042,OI0000142848,P000173,1,460.84,WRONG_ITEM,2024-05-14 09:20:59,2024-05-14 09:20:59
SRC_RETURN_ITEM_B002_000001003,RI0000037462,R000022184,OI0000143070,P000323,1,813.05,DEFECTIVE,2024-09-16 13:05:53,2024-09-16 13:05:53
SRC_RETURN_ITEM_B002_000001004,RI0000037463,R000022174,OI0000143157,P000161,1,622.67,LATE_DELIVERY,2025-09-04 05:33:42,2025-09-04 05:33:42
SRC_RETURN_ITEM_B002_000001005,RI0000037464,R000022174,OI0000143160,P000052,1,934.10,DEFECTIVE,2025-09-04 05:33:42,2025-09-04 05:33:42
SRC_RETURN_ITEM_B002_000001006,RI0000037465,R000022685,OI0000143250,P000181,1,1115.72,WRONG_ITEM,2025-04-29 20:03:45,2025-04-29 20:03:45
SRC_RETURN_ITEM_B002_000001007,RI0000037466,R000021880,OI0000143687,P000278,1,124.49,SIZE_FIT,2025-06-03 18:11:09,2025-06-03 18:11:09
SRC_RETURN_ITEM_B002_000001008,RI0000037467,R000021880,OI0000143688,P000449,3,412.79,DEFECTIVE,2025-06-03 18:11:09,2025-06-03 18:11:09
SRC_RETURN_ITEM_B002_000001009,RI0000037468,R000021992,OI0000143695,P000126,2,1648.92,LATE_DELIVERY,2026-09-21 02:45:58,2026-09-21 02:45:58
SRC_RETURN_ITEM_B002_000001010,RI0000037469,R000022078,OI0000143741,P000299,1,414.04,UNWANTED,2025-04-24 01:15:04,2025-04-24 01:15:04
SRC_RETURN_ITEM_B002_000001011,RI0000037470,R000022078,OI0000143743,P000436,2,85.25,LATE_DELIVERY,2025-04-24 01:15:04,2025-04-24 01:15:04
SRC_RETURN_ITEM_B002_000001012,RI0000037471,R000022402,OI0000144107,P000191,2,1839.96,DAMAGED,2025-11-21 03:32:22,2025-11-21 03:32:22
SRC_RETURN_ITEM_B002_000001013,RI0000037472,R000022402,OI0000144106,P000016,1,483.70,DAMAGED,2025-11-21 03:32:22,2025-11-21 03:32:22
SRC_RETURN_ITEM_B002_000001014,RI0000037473,R000022402,OI0000144111,P000160,1,224.26,LATE_DELIVERY,2025-11-21 03:32:22,2025-11-21 03:32:22
SRC_RETURN_ITEM_B002_000001015,RI0000037474,R000022699,OI0000144142,P000192,1,212.76,LATE_DELIVERY,2025-10-23 08:02:23,2025-10-23 08:02:23
SRC_RETURN_ITEM_B002_000001016,RI0000037475,R000022699,OI0000144140,P000039,1,783.89,WRONG_ITEM,2025-10-23 08:02:23,2025-10-23 08:02:23
SRC_RETURN_ITEM_B002_000001017,RI0000037476,R000022699,OI0000144143,P000451,1,1102.13,SIZE_FIT,2025-10-23 08:02:23,2025-10-23 08:02:23
SRC_RETURN_ITEM_B002_000001018,RI0000037477,R000021507,OI0000144274,P000022,1,1158.95,UNWANTED,2025-12-07 19:21:20,2025-12-07 19:21:20
SRC_RETURN_ITEM_B002_000001019,RI0000037478,R000021507,OI0000144273,P000124,1,672.41,SIZE_FIT,2025-12-07 19:21:20,2025-12-07 19:21:20
SRC_RETURN_ITEM_B002_000001020,RI0000037479,R000022690,OI0000144413,P000496,1,863.74,SIZE_FIT,2026-01-07 21:29:28,2026-01-07 21:29:28
SRC_RETURN_ITEM_B002_000001021,RI0000037480,R000021500,OI0000144437,P000044,1,100.19,DAMAGED,2026-04-17 09:48:59,2026-04-17 09:48:59
SRC_RETURN_ITEM_B002_000001022,RI0000037481,R000021500,OI0000144436,P000210,1,1032.48,DEFECTIVE,2026-04-17 09:48:59,2026-04-17 09:48:59
SRC_RETURN_ITEM_B002_000001023,RI0000037482,R000021769,OI0000145099,P000371,1,626.78,UNWANTED,2024-08-21 11:26:06,2024-08-21 11:26:06
SRC_RETURN_ITEM_B002_000001024,RI0000037483,R000021879,OI0000145345,P000229,1,269.27,LATE_DELIVERY,2024-11-18 21:11:56,2024-11-18 21:11:56
SRC_RETURN_ITEM_B002_000001025,RI0000037484,R000022545,OI0000145543,P000075,1,1065.06,DAMAGED,2026-03-17 12:20:08,2026-03-17 12:20:08
SRC_RETURN_ITEM_B002_000001026,RI0000037485,R000022545,OI0000145541,P000271,2,1867.07,DAMAGED,2026-03-17 12:20:08,2026-03-17 12:20:08
SRC_RETURN_ITEM_B002_000001027,RI0000037486,R000022545,OI0000145542,P000056,1,373.66,SIZE_FIT,2026-03-17 12:20:08,2026-03-17 12:20:08
SRC_RETURN_ITEM_B002_000001028,RI0000037487,R000021738,OI0000145568,P000425,1,197.63,UNWANTED,2025-10-30 20:16:11,2025-10-30 20:16:11
SRC_RETURN_ITEM_B002_000001029,RI0000037488,R000021738,OI0000145566,P000180,2,150.66,DAMAGED,2025-10-30 20:16:11,2025-10-30 20:16:11
SRC_RETURN_ITEM_B002_000001030,RI0000037489,R000022743,OI0000145891,P000251,1,689.23,SIZE_FIT,2025-12-01 07:54:45,2025-12-01 07:54:45
SRC_RETURN_ITEM_B002_000001031,RI0000037490,R000021885,OI0000146269,P000325,1,796.57,UNWANTED,2024-03-27 22:17:50,2024-03-27 22:17:50
SRC_RETURN_ITEM_B002_000001032,RI0000037491,R000021885,OI0000146268,P000177,1,591.73,DAMAGED,2024-03-27 22:17:50,2024-03-27 22:17:50
SRC_RETURN_ITEM_B002_000001033,RI0000037492,R000021885,OI0000146270,P000063,1,738.34,UNWANTED,2024-03-27 22:17:50,2024-03-27 22:17:50
SRC_RETURN_ITEM_B002_000001034,RI0000037493,R000021940,OI0000146867,P000396,1,400.94,LATE_DELIVERY,2026-07-02 13:45:58,2026-07-02 13:45:58
SRC_RETURN_ITEM_B002_000001035,RI0000037494,R000021830,OI0000146891,P000436,2,95.90,UNWANTED,2024-10-17 19:13:42,2024-10-17 19:13:42
SRC_RETURN_ITEM_B002_000001036,RI0000037495,R000021830,OI0000146892,P000277,1,1177.69,SIZE_FIT,2024-10-17 19:13:42,2024-10-17 19:13:42
SRC_RETURN_ITEM_B002_000001037,RI0000037496,R000021627,OI0000147223,P000098,1,626.79,SIZE_FIT,2024-05-05 04:10:46,2024-05-05 04:10:46
SRC_RETURN_ITEM_B002_000001038,RI0000037497,R000022088,OI0000147230,P000241,1,12.36,DAMAGED,2026-04-09 14:13:23,2026-04-09 14:13:23
SRC_RETURN_ITEM_B002_000001039,RI0000037498,R000022088,OI0000147229,P000030,1,750.16,DAMAGED,2026-04-09 14:13:23,2026-04-09 14:13:23
SRC_RETURN_ITEM_B002_000001040,RI0000037499,R000022641,OI0000147382,P000070,3,1702.40,UNWANTED,2026-03-19 16:15:39,2026-03-19 16:15:39
SRC_RETURN_ITEM_B002_000001041,RI0000037500,R000022641,OI0000147379,P000312,2,745.23,WRONG_ITEM,2026-03-19 16:15:39,2026-03-19 16:15:39
SRC_RETURN_ITEM_B002_000001042,RI0000037501,R000022641,OI0000147380,P000344,1,376.36,DEFECTIVE,2026-03-19 16:15:39,2026-03-19 16:15:39
SRC_RETURN_ITEM_B002_000001043,RI0000037502,R000022354,OI0000147827,P000297,1,405.07,DEFECTIVE,2025-04-02 02:50:18,2025-04-02 02:50:18
SRC_RETURN_ITEM_B002_000001044,RI0000037503,R000021987,OI0000148140,P000324,1,640.78,DEFECTIVE,2024-06-08 05:46:39,2024-06-08 05:46:39
SRC_RETURN_ITEM_B002_000001045,RI0000037504,R000022446,OI0000148339,P000111,1,71.28,DEFECTIVE,2024-08-23 08:53:01,2024-08-23 08:53:01
SRC_RETURN_ITEM_B002_000001046,RI0000037505,R000022446,OI0000148341,P000098,1,737.40,DAMAGED,2024-08-23 08:53:01,2024-08-23 08:53:01
SRC_RETURN_ITEM_B002_000001047,RI0000037506,R000022446,OI0000148340,P000419,1,814.84,UNWANTED,2024-08-23 08:53:01,2024-08-23 08:53:01
SRC_RETURN_ITEM_B002_000001048,RI0000037507,R000021691,OI0000148406,P000354,1,1065.90,DEFECTIVE,2025-01-10 22:02:27,2025-01-10 22:02:27
SRC_RETURN_ITEM_B002_000001049,RI0000037508,R000022210,OI0000148408,P000399,1,247.00,LATE_DELIVERY,2026-04-02 19:21:24,2026-04-02 19:21:24
SRC_RETURN_ITEM_B002_000001050,RI0000037509,R000021379,OI0000148433,P000384,1,352.57,WRONG_ITEM,2026-03-29 04:07:59,2026-03-29 04:07:59
SRC_RETURN_ITEM_B002_000001051,RI0000037510,R000022777,OI0000148564,P000158,3,958.32,DEFECTIVE,2025-05-30 16:46:15,2025-05-30 16:46:15
SRC_RETURN_ITEM_B002_000001052,RI0000037511,R000022603,OI0000148681,P000376,1,937.58,UNWANTED,2024-02-15 21:42:02,2024-02-15 21:42:02
SRC_RETURN_ITEM_B002_000001053,RI0000037512,R000022603,OI0000148682,P000084,3,3509.89,SIZE_FIT,2024-02-15 21:42:02,2024-02-15 21:42:02
SRC_RETURN_ITEM_B002_000001054,RI0000037513,R000022603,OI0000148683,P000217,2,1166.75,DAMAGED,2024-02-15 21:42:02,2024-02-15 21:42:02
SRC_RETURN_ITEM_B002_000001055,RI0000037514,R000022585,OI0000149574,P000313,1,22.02,DEFECTIVE,2025-10-25 09:34:55,2025-10-25 09:34:55
SRC_RETURN_ITEM_B002_000001056,RI0000037515,R000021623,OI0000150295,P000179,1,59.35,UNWANTED,2026-01-31 21:55:47,2026-01-31 21:55:47
SRC_RETURN_ITEM_B002_000001057,RI0000037516,R000022291,OI0000150341,P000462,1,1069.82,UNWANTED,2026-05-11 14:45:41,2026-05-11 14:45:41
SRC_RETURN_ITEM_B002_000001058,RI0000037517,R000022197,OI0000150451,P000282,1,1067.69,SIZE_FIT,2024-07-09 09:14:38,2024-07-09 09:14:38
SRC_RETURN_ITEM_B002_000001059,RI0000037518,R000022197,OI0000150454,P000386,1,439.75,LATE_DELIVERY,2024-07-09 09:14:38,2024-07-09 09:14:38
SRC_RETURN_ITEM_B002_000001060,RI0000037519,R000022197,OI0000150452,P000390,1,884.59,DAMAGED,2024-07-09 09:14:38,2024-07-09 09:14:38
SRC_RETURN_ITEM_B002_000001061,RI0000037520,R000022364,OI0000150711,P000403,1,870.17,SIZE_FIT,2025-06-06 19:28:54,2025-06-06 19:28:54
SRC_RETURN_ITEM_B002_000001062,RI0000037521,R000021601,OI0000150800,P000364,1,426.66,WRONG_ITEM,2026-04-07 16:34:50,2026-04-07 16:34:50
SRC_RETURN_ITEM_B002_000001063,RI0000037522,R000021917,OI0000150973,P000043,1,251.70,WRONG_ITEM,2025-06-07 05:17:24,2025-06-07 05:17:24
SRC_RETURN_ITEM_B002_000001064,RI0000037523,R000022361,OI0000150981,P000335,3,2089.68,DAMAGED,2026-09-18 14:21:22,2026-09-18 14:21:22
SRC_RETURN_ITEM_B002_000001065,RI0000037524,R000021548,OI0000151050,P000201,1,494.20,LATE_DELIVERY,2026-06-02 02:51:18,2026-06-02 02:51:18
SRC_RETURN_ITEM_B002_000001066,RI0000037525,R000021331,OI0000151093,P000395,1,145.48,LATE_DELIVERY,2025-01-09 09:59:06,2025-01-09 09:59:06
SRC_RETURN_ITEM_B002_000001067,RI0000037526,R000021331,OI0000151092,P000245,1,793.57,SIZE_FIT,2025-01-09 09:59:06,2025-01-09 09:59:06
SRC_RETURN_ITEM_B002_000001068,RI0000037527,R000022083,OI0000151106,P000246,1,37.61,DAMAGED,2024-12-23 07:50:59,2024-12-23 07:50:59
SRC_RETURN_ITEM_B002_000001069,RI0000037528,R000022274,OI0000151316,P000291,1,771.52,SIZE_FIT,2024-11-22 00:24:29,2024-11-22 00:24:29
SRC_RETURN_ITEM_B002_000001070,RI0000037529,R000022274,OI0000151318,P000024,1,835.50,DEFECTIVE,2024-11-22 00:24:29,2024-11-22 00:24:29
SRC_RETURN_ITEM_B002_000001071,RI0000037530,R000022274,OI0000151313,P000339,1,546.59,UNWANTED,2024-11-22 00:24:29,2024-11-22 00:24:29
SRC_RETURN_ITEM_B002_000001072,RI0000037531,R000022764,OI0000151464,P000401,1,310.44,SIZE_FIT,2025-12-04 09:33:49,2025-12-04 09:33:49
SRC_RETURN_ITEM_B002_000001073,RI0000037532,R000022764,OI0000151465,P000248,1,532.02,WRONG_ITEM,2025-12-04 09:33:49,2025-12-04 09:33:49
SRC_RETURN_ITEM_B002_000001074,RI0000037533,R000022345,OI0000151526,P000455,3,885.38,DAMAGED,2026-08-07 05:34:37,2026-08-07 05:34:37
SRC_RETURN_ITEM_B002_000001075,RI0000037534,R000022491,OI0000151598,P000453,1,295.73,DEFECTIVE,2026-01-23 22:00:57,2026-01-23 22:00:57
SRC_RETURN_ITEM_B002_000001076,RI0000037535,R000022217,OI0000151876,P000165,1,207.23,WRONG_ITEM,2024-12-29 11:34:46,2024-12-29 11:34:46
SRC_RETURN_ITEM_B002_000001077,RI0000037536,R000022217,OI0000151877,P000269,2,1616.97,DAMAGED,2024-12-29 11:34:46,2024-12-29 11:34:46
SRC_RETURN_ITEM_B002_000001078,RI0000037537,R000022575,OI0000151940,P000377,1,683.63,WRONG_ITEM,2024-11-15 12:20:28,2024-11-15 12:20:28
SRC_RETURN_ITEM_B002_000001079,RI0000037538,R000022575,OI0000151939,P000270,1,930.98,DEFECTIVE,2024-11-15 12:20:28,2024-11-15 12:20:28
SRC_RETURN_ITEM_B002_000001080,RI0000037539,R000021827,OI0000152125,P000140,2,207.46,WRONG_ITEM,2025-11-12 14:01:02,2025-11-12 14:01:02
SRC_RETURN_ITEM_B002_000001081,RI0000037540,R000022407,OI0000152132,P000209,1,659.28,SIZE_FIT,2024-07-07 16:30:16,2024-07-07 16:30:16
SRC_RETURN_ITEM_B002_000001082,RI0000037541,R000022127,OI0000152145,P000178,1,265.55,SIZE_FIT,2025-01-10 00:37:12,2025-01-10 00:37:12
SRC_RETURN_ITEM_B002_000001083,RI0000037542,R000021865,OI0000152341,P000002,1,482.06,UNWANTED,2025-12-18 14:32:13,2025-12-18 14:32:13
SRC_RETURN_ITEM_B002_000001084,RI0000037543,R000022182,OI0000152369,P000486,1,266.26,SIZE_FIT,2026-08-11 16:05:49,2026-08-11 16:05:49
SRC_RETURN_ITEM_B002_000001085,RI0000037544,R000022182,OI0000152370,P000234,3,3309.98,WRONG_ITEM,2026-08-11 16:05:49,2026-08-11 16:05:49
SRC_RETURN_ITEM_B002_000001086,RI0000037545,R000021771,OI0000152702,P000386,1,439.75,SIZE_FIT,2024-05-11 11:57:15,2024-05-11 11:57:15
SRC_RETURN_ITEM_B002_000001087,RI0000037546,R000021771,OI0000152705,P000248,1,594.61,UNWANTED,2024-05-11 11:57:15,2024-05-11 11:57:15
SRC_RETURN_ITEM_B002_000001088,RI0000037547,R000021771,OI0000152706,P000471,1,850.18,DAMAGED,2024-05-11 11:57:15,2024-05-11 11:57:15
SRC_RETURN_ITEM_B002_000001089,RI0000037548,R000022317,OI0000153358,P000403,1,915.97,SIZE_FIT,2026-05-11 08:16:07,2026-05-11 08:16:07
SRC_RETURN_ITEM_B002_000001090,RI0000037549,R000022317,OI0000153356,P000081,1,193.26,WRONG_ITEM,2026-05-11 08:16:07,2026-05-11 08:16:07
SRC_RETURN_ITEM_B002_000001091,RI0000037550,R000021404,OI0000153383,P000067,1,1067.52,UNWANTED,2025-08-19 20:38:51,2025-08-19 20:38:51
SRC_RETURN_ITEM_B002_000001092,RI0000037551,R000021404,OI0000153384,P000073,1,858.43,WRONG_ITEM,2025-08-19 20:38:51,2025-08-19 20:38:51
SRC_RETURN_ITEM_B002_000001093,RI0000037552,R000022475,OI0000153558,P000174,1,492.20,UNWANTED,2024-08-02 04:53:12,2024-08-02 04:53:12
SRC_RETURN_ITEM_B002_000001094,RI0000037553,R000022475,OI0000153557,P000498,2,1546.48,DEFECTIVE,2024-08-02 04:53:12,2024-08-02 04:53:12
SRC_RETURN_ITEM_B002_000001095,RI0000037554,R000022737,OI0000153655,P000370,1,541.43,SIZE_FIT,2025-03-25 06:58:19,2025-03-25 06:58:19
SRC_RETURN_ITEM_B002_000001096,RI0000037555,R000022737,OI0000153654,P000462,1,1069.82,WRONG_ITEM,2025-03-25 06:58:19,2025-03-25 06:58:19
SRC_RETURN_ITEM_B002_000001097,RI0000037556,R000022706,OI0000153747,P000215,1,100.31,SIZE_FIT,2026-10-06 18:34:13,2026-10-06 18:34:13
SRC_RETURN_ITEM_B002_000001098,RI0000037557,R000022706,OI0000153744,P000150,1,510.53,DAMAGED,2026-10-06 18:34:13,2026-10-06 18:34:13
SRC_RETURN_ITEM_B002_000001099,RI0000037558,R000022573,OI0000154039,P000306,1,1043.64,DAMAGED,2026-06-14 03:14:08,2026-06-14 03:14:08
SRC_RETURN_ITEM_B002_000001100,RI0000037559,R000021786,OI0000154209,P000052,1,830.32,SIZE_FIT,2024-10-08 13:24:18,2024-10-08 13:24:18
SRC_RETURN_ITEM_B002_000001101,RI0000037560,R000021786,OI0000154206,P000095,1,567.08,DAMAGED,2024-10-08 13:24:18,2024-10-08 13:24:18
SRC_RETURN_ITEM_B002_000001102,RI0000037561,R000021786,OI0000154208,P000279,1,975.47,DEFECTIVE,2024-10-08 13:24:18,2024-10-08 13:24:18
SRC_RETURN_ITEM_B002_000001103,RI0000037562,R000021650,OI0000154846,P000032,1,725.78,WRONG_ITEM,2024-12-30 04:18:56,2024-12-30 04:18:56
SRC_RETURN_ITEM_B002_000001104,RI0000037563,R000022326,OI0000154924,P000456,1,604.31,DAMAGED,2024-12-24 16:06:26,2024-12-24 16:06:26
SRC_RETURN_ITEM_B002_000001105,RI0000037564,R000022326,OI0000154926,P000248,1,625.91,WRONG_ITEM,2024-12-24 16:06:26,2024-12-24 16:06:26
SRC_RETURN_ITEM_B002_000001106,RI0000037565,R000022326,OI0000154925,P000411,1,686.35,SIZE_FIT,2024-12-24 16:06:26,2024-12-24 16:06:26
SRC_RETURN_ITEM_B002_000001107,RI0000037566,R000022232,OI0000155028,P000103,1,138.71,DEFECTIVE,2025-01-08 19:33:02,2025-01-08 19:33:02
SRC_RETURN_ITEM_B002_000001108,RI0000037567,R000022232,OI0000155026,P000173,1,460.84,DAMAGED,2025-01-08 19:33:02,2025-01-08 19:33:02
SRC_RETURN_ITEM_B002_000001109,RI0000037568,R000021815,OI0000155057,P000241,1,11.74,WRONG_ITEM,2026-02-22 04:49:27,2026-02-22 04:49:27
SRC_RETURN_ITEM_B002_000001110,RI0000037569,R000022092,OI0000155599,P000311,1,582.23,DAMAGED,2024-05-28 13:47:02,2024-05-28 13:47:02
SRC_RETURN_ITEM_B002_000001111,RI0000037570,R000022296,OI0000155905,P000077,1,27.80,DEFECTIVE,2024-08-14 00:21:50,2024-08-14 00:21:50
SRC_RETURN_ITEM_B002_000001112,RI0000037571,R000021321,OI0000156036,P000336,2,427.87,WRONG_ITEM,2026-05-29 18:16:51,2026-05-29 18:16:51
SRC_RETURN_ITEM_B002_000001113,RI0000037572,R000021321,OI0000156037,P000322,1,17.63,DAMAGED,2026-05-29 18:16:51,2026-05-29 18:16:51
SRC_RETURN_ITEM_B002_000001114,RI0000037573,R000021829,OI0000156269,P000321,2,75.31,UNWANTED,2024-12-22 05:07:16,2024-12-22 05:07:16
SRC_RETURN_ITEM_B002_000001115,RI0000037574,R000021819,OI0000156347,P000403,1,915.97,UNWANTED,2024-07-03 17:52:35,2024-07-03 17:52:35
SRC_RETURN_ITEM_B002_000001116,RI0000037575,R000021819,OI0000156346,P000079,1,1029.32,UNWANTED,2024-07-03 17:52:35,2024-07-03 17:52:35
SRC_RETURN_ITEM_B002_000001117,RI0000037576,R000022440,OI0000156350,P000166,1,503.77,DEFECTIVE,2024-12-20 10:20:30,2024-12-20 10:20:30
SRC_RETURN_ITEM_B002_000001118,RI0000037577,R000021893,OI0000156365,P000042,1,519.28,WRONG_ITEM,2024-06-09 04:59:02,2024-06-09 04:59:02
SRC_RETURN_ITEM_B002_000001119,RI0000037578,R000021893,OI0000156363,P000349,1,396.60,SIZE_FIT,2024-06-09 04:59:02,2024-06-09 04:59:02
SRC_RETURN_ITEM_B002_000001120,RI0000037579,R000021893,OI0000156364,P000131,1,924.47,SIZE_FIT,2024-06-09 04:59:02,2024-06-09 04:59:02
SRC_RETURN_ITEM_B002_000001121,RI0000037580,R000022763,OI0000157050,P000320,1,324.76,DEFECTIVE,2026-08-04 02:31:48,2026-08-04 02:31:48
SRC_RETURN_ITEM_B002_000001122,RI0000037581,R000022304,OI0000157076,P000184,1,170.35,DAMAGED,2026-09-28 10:14:02,2026-09-28 10:14:02
SRC_RETURN_ITEM_B002_000001123,RI0000037582,R000021823,OI0000157270,P000053,1,806.46,DAMAGED,2024-08-06 21:07:15,2024-08-06 21:07:15
SRC_RETURN_ITEM_B002_000001124,RI0000037583,R000021823,OI0000157269,P000235,2,1085.71,LATE_DELIVERY,2024-08-06 21:07:15,2024-08-06 21:07:15
SRC_RETURN_ITEM_B002_000001125,RI0000037584,R000021823,OI0000157267,P000242,1,417.20,WRONG_ITEM,2024-08-06 21:07:15,2024-08-06 21:07:15
SRC_RETURN_ITEM_B002_000001126,RI0000037585,R000021397,OI0000157498,P000178,2,531.09,SIZE_FIT,2025-11-09 00:26:41,2025-11-09 00:26:41
SRC_RETURN_ITEM_B002_000001127,RI0000037586,R000022235,OI0000157545,P000013,4,4245.91,LATE_DELIVERY,2026-05-08 17:44:32,2026-05-08 17:44:32
SRC_RETURN_ITEM_B002_000001128,RI0000037587,R000022359,OI0000158318,P000362,1,186.70,DEFECTIVE,2024-07-02 17:16:57,2024-07-02 17:16:57
SRC_RETURN_ITEM_B002_000001129,RI0000037588,R000022322,OI0000158373,P000050,1,358.75,DAMAGED,2026-09-18 15:59:59,2026-09-18 15:59:59
SRC_RETURN_ITEM_B002_000001130,RI0000037589,R000022322,OI0000158374,P000420,1,1006.68,LATE_DELIVERY,2026-09-18 15:59:59,2026-09-18 15:59:59
SRC_RETURN_ITEM_B002_000001131,RI0000037590,R000022055,OI0000158527,P000261,1,573.24,DEFECTIVE,2026-04-08 01:51:32,2026-04-08 01:51:32
SRC_RETURN_ITEM_B002_000001132,RI0000037591,R000022055,OI0000158526,P000456,1,636.11,WRONG_ITEM,2026-04-08 01:51:32,2026-04-08 01:51:32
SRC_RETURN_ITEM_B002_000001133,RI0000037592,R000022636,OI0000159103,P000102,1,867.16,DAMAGED,2025-12-30 11:09:36,2025-12-30 11:09:36
SRC_RETURN_ITEM_B002_000001134,RI0000037593,R000022636,OI0000159102,P000024,2,2088.74,DEFECTIVE,2025-12-30 11:09:36,2025-12-30 11:09:36
SRC_RETURN_ITEM_B002_000001135,RI0000037594,R000021750,OI0000159394,P000083,1,341.35,UNWANTED,2025-12-13 23:21:55,2025-12-13 23:21:55
SRC_RETURN_ITEM_B002_000001136,RI0000037595,R000021736,OI0000159518,P000492,1,622.52,WRONG_ITEM,2026-05-06 13:05:15,2026-05-06 13:05:15
SRC_RETURN_ITEM_B002_000001137,RI0000037596,R000021736,OI0000159519,P000359,1,172.26,DAMAGED,2026-05-06 13:05:15,2026-05-06 13:05:15
SRC_RETURN_ITEM_B002_000001138,RI0000037597,R000021927,OI0000160301,P000038,1,262.56,LATE_DELIVERY,2024-12-15 10:44:22,2024-12-15 10:44:22
SRC_RETURN_ITEM_B002_000001139,RI0000037598,R000021927,OI0000160302,P000248,2,1189.22,LATE_DELIVERY,2024-12-15 10:44:22,2024-12-15 10:44:22
SRC_RETURN_ITEM_B002_000001140,RI0000037599,R000021927,OI0000160304,P000043,1,296.11,WRONG_ITEM,2024-12-15 10:44:22,2024-12-15 10:44:22
SRC_RETURN_ITEM_B002_000001141,RI0000037600,R000022610,OI0000160441,P000111,1,71.28,DAMAGED,2024-12-30 01:03:20,2024-12-30 01:03:20
SRC_RETURN_ITEM_B002_000001142,RI0000037601,R000022610,OI0000160443,P000284,1,925.31,WRONG_ITEM,2024-12-30 01:03:20,2024-12-30 01:03:20
SRC_RETURN_ITEM_B002_000001143,RI0000037602,R000022233,OI0000160625,P000276,1,1138.12,SIZE_FIT,2026-09-03 11:40:15,2026-09-03 11:40:15
SRC_RETURN_ITEM_B002_000001144,RI0000037603,R000022140,OI0000160677,P000483,1,800.06,DAMAGED,2024-03-16 21:28:42,2024-03-16 21:28:42
SRC_RETURN_ITEM_B002_000001145,RI0000037604,R000021957,OI0000160743,P000165,2,414.46,WRONG_ITEM,2024-04-27 04:33:50,2024-04-27 04:33:50
SRC_RETURN_ITEM_B002_000001146,RI0000037605,R000021957,OI0000160744,P000333,1,1051.80,WRONG_ITEM,2024-04-27 04:33:50,2024-04-27 04:33:50
SRC_RETURN_ITEM_B002_000001147,RI0000037606,R000021604,OI0000160832,P000396,3,1202.84,LATE_DELIVERY,2024-04-13 11:14:52,2024-04-13 11:14:52
SRC_RETURN_ITEM_B002_000001148,RI0000037607,R000021882,OI0000160898,P000024,1,939.94,DAMAGED,2024-11-24 11:51:01,2024-11-24 11:51:01
SRC_RETURN_ITEM_B002_000001149,RI0000037608,R000021882,OI0000160899,P000219,1,194.39,SIZE_FIT,2024-11-24 11:51:01,2024-11-24 11:51:01
SRC_RETURN_ITEM_B002_000001150,RI0000037609,R000021882,OI0000160897,P000115,1,555.46,DAMAGED,2024-11-24 11:51:01,2024-11-24 11:51:01
SRC_RETURN_ITEM_B002_000001151,RI0000037610,R000022057,OI0000161044,P000398,1,1092.34,DEFECTIVE,2026-07-14 11:09:04,2026-07-14 11:09:04
SRC_RETURN_ITEM_B002_000001152,RI0000037611,R000021473,OI0000161470,P000351,1,733.56,DEFECTIVE,2024-05-30 13:46:22,2024-05-30 13:46:22
SRC_RETURN_ITEM_B002_000001153,RI0000037612,R000021473,OI0000161471,P000086,1,884.47,UNWANTED,2024-05-30 13:46:22,2024-05-30 13:46:22
SRC_RETURN_ITEM_B002_000001154,RI0000037613,R000021464,OI0000161623,P000392,1,81.72,WRONG_ITEM,2024-12-30 11:54:31,2024-12-30 11:54:31
SRC_RETURN_ITEM_B002_000001155,RI0000037614,R000022767,OI0000161855,P000182,1,232.28,DAMAGED,2024-08-29 15:08:19,2024-08-29 15:08:19
SRC_RETURN_ITEM_B002_000001156,RI0000037615,R000022165,OI0000161896,P000240,1,730.33,UNWANTED,2024-12-18 23:53:39,2024-12-18 23:53:39
SRC_RETURN_ITEM_B002_000001157,RI0000037616,R000022165,OI0000161898,P000315,2,1840.97,WRONG_ITEM,2024-12-18 23:53:39,2024-12-18 23:53:39
SRC_RETURN_ITEM_B002_000001158,RI0000037617,R000022414,OI0000162017,P000152,1,190.78,DEFECTIVE,2024-06-17 16:27:29,2024-06-17 16:27:29
SRC_RETURN_ITEM_B002_000001159,RI0000037618,R000022013,OI0000162033,P000113,1,219.61,UNWANTED,2024-07-10 19:54:36,2024-07-10 19:54:36
SRC_RETURN_ITEM_B002_000001160,RI0000037619,R000022013,OI0000162035,P000432,1,971.65,WRONG_ITEM,2024-07-10 19:54:36,2024-07-10 19:54:36
SRC_RETURN_ITEM_B002_000001161,RI0000037620,R000022638,OI0000162051,P000447,2,2193.19,DAMAGED,2025-05-18 21:45:56,2025-05-18 21:45:56
SRC_RETURN_ITEM_B002_000001162,RI0000037621,R000022030,OI0000162113,P000136,1,331.85,DAMAGED,2025-01-15 10:34:48,2025-01-15 10:34:48
SRC_RETURN_ITEM_B002_000001163,RI0000037622,R000022030,OI0000162112,P000182,1,258.10,DAMAGED,2025-01-15 10:34:48,2025-01-15 10:34:48
SRC_RETURN_ITEM_B002_000001164,RI0000037623,R000022030,OI0000162114,P000097,1,530.00,WRONG_ITEM,2025-01-15 10:34:48,2025-01-15 10:34:48
SRC_RETURN_ITEM_B002_000001165,RI0000037624,R000022698,OI0000162259,P000043,1,296.11,UNWANTED,2025-10-06 08:35:16,2025-10-06 08:35:16
SRC_RETURN_ITEM_B002_000001166,RI0000037625,R000022301,OI0000162533,P000359,1,193.78,WRONG_ITEM,2025-03-27 06:10:47,2025-03-27 06:10:47
SRC_RETURN_ITEM_B002_000001167,RI0000037626,R000021960,OI0000163021,P000284,1,786.52,DEFECTIVE,2024-09-15 08:11:39,2024-09-15 08:11:39
SRC_RETURN_ITEM_B002_000001168,RI0000037627,R000022733,OI0000163071,P000024,1,1044.37,DAMAGED,2026-05-16 07:16:35,2026-05-16 07:16:35
SRC_RETURN_ITEM_B002_000001169,RI0000037628,R000021616,OI0000163159,P000208,1,1030.52,WRONG_ITEM,2024-02-03 13:36:21,2024-02-03 13:36:21
SRC_RETURN_ITEM_B002_000001170,RI0000037629,R000022148,OI0000163505,P000132,1,440.53,DAMAGED,2024-12-15 19:11:19,2024-12-15 19:11:19
SRC_RETURN_ITEM_B002_000001171,RI0000037630,R000021584,OI0000163979,P000143,1,997.39,UNWANTED,2024-02-24 06:25:57,2024-02-24 06:25:57
SRC_RETURN_ITEM_B002_000001172,RI0000037631,R000022628,OI0000164385,P000161,3,1573.06,LATE_DELIVERY,2026-02-21 03:19:42,2026-02-21 03:19:42
SRC_RETURN_ITEM_B002_000001173,RI0000037632,R000022548,OI0000164480,P000230,1,654.61,SIZE_FIT,2026-06-24 06:21:16,2026-06-24 06:21:16
SRC_RETURN_ITEM_B002_000001174,RI0000037633,R000022548,OI0000164479,P000148,2,736.27,DEFECTIVE,2026-06-24 06:21:16,2026-06-24 06:21:16
SRC_RETURN_ITEM_B002_000001175,RI0000037634,R000021489,OI0000164582,P000255,1,824.40,DAMAGED,2024-11-03 07:03:36,2024-11-03 07:03:36
SRC_RETURN_ITEM_B002_000001176,RI0000037635,R000022380,OI0000164769,P000068,1,549.77,DAMAGED,2025-10-15 02:04:54,2025-10-15 02:04:54
SRC_RETURN_ITEM_B002_000001177,RI0000037636,R000022380,OI0000164770,P000344,1,336.74,DAMAGED,2025-10-15 02:04:54,2025-10-15 02:04:54
SRC_RETURN_ITEM_B002_000001178,RI0000037637,R000021822,OI0000164772,P000392,1,81.72,DEFECTIVE,2024-05-06 06:50:14,2024-05-06 06:50:14
SRC_RETURN_ITEM_B002_000001179,RI0000037638,R000021577,OI0000165011,P000045,1,1070.18,LATE_DELIVERY,2026-06-27 17:31:54,2026-06-27 17:31:54
SRC_RETURN_ITEM_B002_000001180,RI0000037639,R000021577,OI0000165010,P000109,1,532.15,SIZE_FIT,2026-06-27 17:31:54,2026-06-27 17:31:54
SRC_RETURN_ITEM_B002_000001181,RI0000037640,R000021577,OI0000165012,P000495,1,754.69,UNWANTED,2026-06-27 17:31:54,2026-06-27 17:31:54
SRC_RETURN_ITEM_B002_000001182,RI0000037641,R000021635,OI0000165037,P000333,1,1107.16,DAMAGED,2025-12-28 15:49:48,2025-12-28 15:49:48
SRC_RETURN_ITEM_B002_000001183,RI0000037642,R000021993,OI0000165145,P000435,1,913.58,SIZE_FIT,2026-06-20 21:14:38,2026-06-20 21:14:38
SRC_RETURN_ITEM_B002_000001184,RI0000037643,R000022501,OI0000165244,P000009,2,1757.30,WRONG_ITEM,2025-03-04 04:46:40,2025-03-04 04:46:40
SRC_RETURN_ITEM_B002_000001185,RI0000037644,R000022501,OI0000165243,P000446,1,79.27,SIZE_FIT,2025-03-04 04:46:40,2025-03-04 04:46:40
SRC_RETURN_ITEM_B002_000001186,RI0000037645,R000021766,OI0000165474,P000046,1,417.29,UNWANTED,2026-07-31 11:17:18,2026-07-31 11:17:18
SRC_RETURN_ITEM_B002_000001187,RI0000037646,R000021766,OI0000165475,P000337,1,756.01,DEFECTIVE,2026-07-31 11:17:18,2026-07-31 11:17:18
SRC_RETURN_ITEM_B002_000001188,RI0000037647,R000022102,OI0000165478,P000369,1,597.62,SIZE_FIT,2025-05-17 18:17:27,2025-05-17 18:17:27
SRC_RETURN_ITEM_B002_000001189,RI0000037648,R000022102,OI0000165477,P000111,1,71.28,DAMAGED,2025-05-17 18:17:27,2025-05-17 18:17:27
SRC_RETURN_ITEM_B002_000001190,RI0000037649,R000021547,OI0000165534,P000148,2,699.45,DAMAGED,2025-08-01 18:23:21,2025-08-01 18:23:21
SRC_RETURN_ITEM_B002_000001191,RI0000037650,R000022599,OI0000165632,P000057,1,184.90,DEFECTIVE,2025-12-04 04:26:54,2025-12-04 04:26:54
SRC_RETURN_ITEM_B002_000001192,RI0000037651,R000021690,OI0000165659,P000132,2,936.13,DEFECTIVE,2025-03-31 20:56:40,2025-03-31 20:56:40
SRC_RETURN_ITEM_B002_000001193,RI0000037652,R000021690,OI0000165655,P000201,1,520.21,WRONG_ITEM,2025-03-31 20:56:40,2025-03-31 20:56:40
SRC_RETURN_ITEM_B002_000001194,RI0000037653,R000021914,OI0000165804,P000425,1,197.63,LATE_DELIVERY,2026-08-14 04:27:07,2026-08-14 04:27:07
SRC_RETURN_ITEM_B002_000001195,RI0000037654,R000021914,OI0000165805,P000079,1,1029.32,SIZE_FIT,2026-08-14 04:27:07,2026-08-14 04:27:07
SRC_RETURN_ITEM_B002_000001196,RI0000037655,R000021914,OI0000165803,P000434,1,701.48,SIZE_FIT,2026-08-14 04:27:07,2026-08-14 04:27:07
SRC_RETURN_ITEM_B002_000001197,RI0000037656,R000021625,OI0000166393,P000365,2,1426.84,WRONG_ITEM,2025-07-27 16:27:25,2025-07-27 16:27:25
SRC_RETURN_ITEM_B002_000001198,RI0000037657,R000021625,OI0000166395,P000302,1,4.98,DEFECTIVE,2025-07-27 16:27:25,2025-07-27 16:27:25
SRC_RETURN_ITEM_B002_000001199,RI0000037658,R000021625,OI0000166394,P000410,1,564.38,LATE_DELIVERY,2025-07-27 16:27:25,2025-07-27 16:27:25
SRC_RETURN_ITEM_B002_000001200,RI0000037659,R000022523,OI0000166570,P000291,1,771.52,LATE_DELIVERY,2026-08-15 14:17:27,2026-08-15 14:17:27
SRC_RETURN_ITEM_B002_000001201,RI0000037660,R000022203,OI0000167124,P000270,1,989.16,LATE_DELIVERY,2024-05-03 21:58:52,2024-05-03 21:58:52
SRC_RETURN_ITEM_B002_000001202,RI0000037661,R000022287,OI0000168175,P000403,1,915.97,DAMAGED,2025-11-21 11:51:31,2025-11-21 11:51:31
SRC_RETURN_ITEM_B002_000001203,RI0000037662,R000022287,OI0000168177,P000390,1,884.59,DEFECTIVE,2025-11-21 11:51:31,2025-11-21 11:51:31
SRC_RETURN_ITEM_B002_000001204,RI0000037663,R000022459,OI0000168671,P000442,1,658.07,DEFECTIVE,2024-02-21 16:23:15,2024-02-21 16:23:15
SRC_RETURN_ITEM_B002_000001205,RI0000037664,R000022459,OI0000168673,P000390,1,884.59,UNWANTED,2024-02-21 16:23:15,2024-02-21 16:23:15
SRC_RETURN_ITEM_B002_000001206,RI0000037665,R000021639,OI0000168695,P000207,1,525.04,WRONG_ITEM,2026-08-29 17:37:14,2026-08-29 17:37:14
SRC_RETURN_ITEM_B002_000001207,RI0000037666,R000021639,OI0000168696,P000440,1,55.82,DAMAGED,2026-08-29 17:37:14,2026-08-29 17:37:14
SRC_RETURN_ITEM_B002_000001208,RI0000037667,R000021639,OI0000168694,P000444,1,425.89,LATE_DELIVERY,2026-08-29 17:37:14,2026-08-29 17:37:14
SRC_RETURN_ITEM_B002_000001209,RI0000037668,R000022275,OI0000168697,P000021,1,228.98,DEFECTIVE,2026-07-23 23:13:35,2026-07-23 23:13:35
SRC_RETURN_ITEM_B002_000001210,RI0000037669,R000022769,OI0000168742,P000478,1,404.77,SIZE_FIT,2025-02-27 08:55:22,2025-02-27 08:55:22
SRC_RETURN_ITEM_B002_000001211,RI0000037670,R000022769,OI0000168740,P000134,1,754.22,LATE_DELIVERY,2025-02-27 08:55:22,2025-02-27 08:55:22
SRC_RETURN_ITEM_B002_000001212,RI0000037671,R000022540,OI0000168825,P000291,1,771.52,WRONG_ITEM,2024-08-18 05:28:26,2024-08-18 05:28:26
SRC_RETURN_ITEM_B002_000001213,RI0000037672,R000022540,OI0000168826,P000065,1,661.12,DAMAGED,2024-08-18 05:28:26,2024-08-18 05:28:26
SRC_RETURN_ITEM_B002_000001214,RI0000037673,R000022724,OI0000168943,P000355,1,4.99,SIZE_FIT,2026-09-21 06:41:07,2026-09-21 06:41:07
SRC_RETURN_ITEM_B002_000001215,RI0000037674,R000022456,OI0000169055,P000337,1,711.54,UNWANTED,2024-06-26 04:56:14,2024-06-26 04:56:14
SRC_RETURN_ITEM_B002_000001216,RI0000037675,R000022142,OI0000169066,P000328,2,1277.42,SIZE_FIT,2025-11-11 16:20:21,2025-11-11 16:20:21
SRC_RETURN_ITEM_B002_000001217,RI0000037676,R000022618,OI0000169340,P000165,1,207.23,DAMAGED,2025-07-21 01:06:30,2025-07-21 01:06:30
SRC_RETURN_ITEM_B002_000001218,RI0000037677,R000021354,OI0000169361,P000355,2,8.99,SIZE_FIT,2025-07-04 01:46:52,2025-07-04 01:46:52
SRC_RETURN_ITEM_B002_000001219,RI0000037678,R000022339,OI0000169630,P000169,2,2002.20,LATE_DELIVERY,2026-07-15 07:38:16,2026-07-15 07:38:16
SRC_RETURN_ITEM_B002_000001220,RI0000037679,R000022012,OI0000169742,P000037,2,1841.62,SIZE_FIT,2025-08-17 07:15:49,2025-08-17 07:15:49
SRC_RETURN_ITEM_B002_000001221,RI0000037680,R000022012,OI0000169741,P000133,1,667.28,DAMAGED,2025-08-17 07:15:49,2025-08-17 07:15:49
SRC_RETURN_ITEM_B002_000001222,RI0000037681,R000021649,OI0000169825,P000334,1,201.45,DAMAGED,2025-07-04 21:48:01,2025-07-04 21:48:01
SRC_RETURN_ITEM_B002_000001223,RI0000037682,R000022146,OI0000169912,P000269,2,1616.98,LATE_DELIVERY,2026-07-13 16:14:47,2026-07-13 16:14:47
SRC_RETURN_ITEM_B002_000001224,RI0000037683,R000022394,OI0000170863,P000411,2,1372.70,UNWANTED,2024-07-29 05:20:53,2024-07-29 05:20:53
SRC_RETURN_ITEM_B002_000001225,RI0000037684,R000022087,OI0000171186,P000361,1,581.96,SIZE_FIT,2025-04-02 21:54:04,2025-04-02 21:54:04
SRC_RETURN_ITEM_B002_000001226,RI0000037685,R000022087,OI0000171188,P000468,2,1492.00,UNWANTED,2025-04-02 21:54:04,2025-04-02 21:54:04
SRC_RETURN_ITEM_B002_000001227,RI0000037686,R000022087,OI0000171183,P000125,2,1725.46,DAMAGED,2025-04-02 21:54:04,2025-04-02 21:54:04
SRC_RETURN_ITEM_B002_000001228,RI0000037687,R000022421,OI0000171234,P000393,1,4.90,UNWANTED,2025-12-17 10:20:53,2025-12-17 10:20:53
SRC_RETURN_ITEM_B002_000001229,RI0000037688,R000021896,OI0000171609,P000431,1,51.68,UNWANTED,2025-05-11 21:42:37,2025-05-11 21:42:37
SRC_RETURN_ITEM_B002_000001230,RI0000037689,R000021317,OI0000171996,P000141,1,329.42,WRONG_ITEM,2025-05-11 06:33:06,2025-05-11 06:33:06
SRC_RETURN_ITEM_B002_000001231,RI0000037690,R000021317,OI0000171994,P000015,2,1816.39,DEFECTIVE,2025-05-11 06:33:06,2025-05-11 06:33:06
SRC_RETURN_ITEM_B002_000001232,RI0000037691,R000022136,OI0000172190,P000313,1,22.02,DAMAGED,2024-12-10 04:30:14,2024-12-10 04:30:14
SRC_RETURN_ITEM_B002_000001233,RI0000037692,R000022136,OI0000172189,P000423,1,681.95,DAMAGED,2024-12-10 04:30:14,2024-12-10 04:30:14
SRC_RETURN_ITEM_B002_000001234,RI0000037693,R000022136,OI0000172188,P000479,1,683.06,UNWANTED,2024-12-10 04:30:14,2024-12-10 04:30:14
SRC_RETURN_ITEM_B002_000001235,RI0000037694,R000022722,OI0000173045,P000239,1,933.43,LATE_DELIVERY,2024-05-16 19:09:59,2024-05-16 19:09:59
SRC_RETURN_ITEM_B002_000001236,RI0000037695,R000021574,OI0000173621,P000338,1,1015.36,WRONG_ITEM,2026-06-23 15:23:17,2026-06-23 15:23:17
SRC_RETURN_ITEM_B002_000001237,RI0000037696,R000021574,OI0000173620,P000149,1,168.68,DEFECTIVE,2026-06-23 15:23:17,2026-06-23 15:23:17
SRC_RETURN_ITEM_B002_000001238,RI0000037697,R000021432,OI0000173630,P000150,2,1021.06,WRONG_ITEM,2024-11-21 19:14:47,2024-11-21 19:14:47
SRC_RETURN_ITEM_B002_000001239,RI0000037698,R000021333,OI0000173899,P000196,1,88.61,DEFECTIVE,2025-09-06 01:30:40,2025-09-06 01:30:40
SRC_RETURN_ITEM_B002_000001240,RI0000037699,R000022185,OI0000174196,P000200,1,265.28,WRONG_ITEM,2026-08-27 14:29:37,2026-08-27 14:29:37
SRC_RETURN_ITEM_B002_000001241,RI0000037700,R000022185,OI0000174198,P000142,1,628.07,DAMAGED,2026-08-27 14:29:37,2026-08-27 14:29:37
SRC_RETURN_ITEM_B002_000001242,RI0000037701,R000022630,OI0000175018,P000303,2,1351.32,WRONG_ITEM,2024-05-04 15:35:44,2024-05-04 15:35:44
SRC_RETURN_ITEM_B002_000001243,RI0000037702,R000022709,OI0000175259,P000136,1,331.85,DEFECTIVE,2026-03-16 01:01:50,2026-03-16 01:01:50
SRC_RETURN_ITEM_B002_000001244,RI0000037703,R000022709,OI0000175261,P000147,1,254.24,DEFECTIVE,2026-03-16 01:01:50,2026-03-16 01:01:50
SRC_RETURN_ITEM_B002_000001245,RI0000037704,R000022633,OI0000175519,P000314,1,402.88,UNWANTED,2024-02-21 16:42:47,2024-02-21 16:42:47
SRC_RETURN_ITEM_B002_000001246,RI0000037705,R000022633,OI0000175521,P000399,1,234.65,LATE_DELIVERY,2024-02-21 16:42:47,2024-02-21 16:42:47
SRC_RETURN_ITEM_B002_000001247,RI0000037706,R000022620,OI0000175670,P000146,1,74.99,UNWANTED,2025-01-23 13:55:30,2025-01-23 13:55:30
SRC_RETURN_ITEM_B002_000001248,RI0000037707,R000022620,OI0000175672,P000005,1,482.56,WRONG_ITEM,2025-01-23 13:55:30,2025-01-23 13:55:30
SRC_RETURN_ITEM_B002_000001249,RI0000037708,R000021415,OI0000175865,P000349,2,793.20,DAMAGED,2026-02-03 01:07:59,2026-02-03 01:07:59
SRC_RETURN_ITEM_B002_000001250,RI0000037709,R000021415,OI0000175864,P000333,3,3321.47,UNWANTED,2026-02-03 01:07:59,2026-02-03 01:07:59
SRC_RETURN_ITEM_B002_000001251,RI0000037710,R000021821,OI0000176083,P000254,1,1035.86,DAMAGED,2025-06-08 12:32:40,2025-06-08 12:32:40
SRC_RETURN_ITEM_B002_000001252,RI0000037711,R000021821,OI0000176080,P000315,1,874.46,LATE_DELIVERY,2025-06-08 12:32:40,2025-06-08 12:32:40
SRC_RETURN_ITEM_B002_000001253,RI0000037712,R000021821,OI0000176084,P000463,1,616.56,DAMAGED,2025-06-08 12:32:40,2025-06-08 12:32:40
SRC_RETURN_ITEM_B002_000001254,RI0000037713,R000021437,OI0000176886,P000285,1,764.56,WRONG_ITEM,2026-04-28 05:48:16,2026-04-28 05:48:16
SRC_RETURN_ITEM_B002_000001255,RI0000037714,R000021546,OI0000177472,P000100,2,365.64,SIZE_FIT,2026-02-23 00:20:22,2026-02-23 00:20:22
SRC_RETURN_ITEM_B002_000001256,RI0000037715,R000021546,OI0000177473,P000072,2,1649.33,WRONG_ITEM,2026-02-23 00:20:22,2026-02-23 00:20:22
SRC_RETURN_ITEM_B002_000001257,RI0000037716,R000021546,OI0000177471,P000315,1,920.48,DAMAGED,2026-02-23 00:20:22,2026-02-23 00:20:22
SRC_RETURN_ITEM_B002_000001258,RI0000037717,R000021867,OI0000177485,P000168,1,591.91,WRONG_ITEM,2026-08-22 22:20:33,2026-08-22 22:20:33
SRC_RETURN_ITEM_B002_000001259,RI0000037718,R000021867,OI0000177481,P000135,2,2397.07,DEFECTIVE,2026-08-22 22:20:33,2026-08-22 22:20:33
SRC_RETURN_ITEM_B002_000001260,RI0000037719,R000021800,OI0000177605,P000468,1,745.99,LATE_DELIVERY,2026-07-04 11:47:22,2026-07-04 11:47:22
SRC_RETURN_ITEM_B002_000001261,RI0000037720,R000021800,OI0000177603,P000141,1,346.76,SIZE_FIT,2026-07-04 11:47:22,2026-07-04 11:47:22
SRC_RETURN_ITEM_B002_000001262,RI0000037721,R000022058,OI0000177715,P000054,1,76.49,SIZE_FIT,2026-05-10 11:02:50,2026-05-10 11:02:50
SRC_RETURN_ITEM_B002_000001263,RI0000037722,R000022058,OI0000177714,P000335,1,819.48,DAMAGED,2026-05-10 11:02:50,2026-05-10 11:02:50
SRC_RETURN_ITEM_B002_000001264,RI0000037723,R000022058,OI0000177713,P000091,2,1185.36,LATE_DELIVERY,2026-05-10 11:02:50,2026-05-10 11:02:50
SRC_RETURN_ITEM_B002_000001265,RI0000037724,R000022424,OI0000178029,P000204,1,1081.92,DEFECTIVE,2024-10-30 21:46:36,2024-10-30 21:46:36
SRC_RETURN_ITEM_B002_000001266,RI0000037725,R000021785,OI0000178186,P000236,1,340.30,UNWANTED,2024-03-24 03:07:35,2024-03-24 03:07:35
SRC_RETURN_ITEM_B002_000001267,RI0000037726,R000021785,OI0000178188,P000047,1,269.66,UNWANTED,2024-03-24 03:07:35,2024-03-24 03:07:35
SRC_RETURN_ITEM_B002_000001268,RI0000037727,R000021785,OI0000178187,P000393,1,4.61,DAMAGED,2024-03-24 03:07:35,2024-03-24 03:07:35
SRC_RETURN_ITEM_B002_000001269,RI0000037728,R000021552,OI0000178295,P000048,1,262.01,DAMAGED,2025-07-24 15:32:11,2025-07-24 15:32:11
SRC_RETURN_ITEM_B002_000001270,RI0000037729,R000022559,OI0000179003,P000422,1,107.48,WRONG_ITEM,2026-09-19 11:40:44,2026-09-19 11:40:44
SRC_RETURN_ITEM_B002_000001271,RI0000037730,R000022668,OI0000179082,P000063,1,820.37,WRONG_ITEM,2026-02-23 08:27:22,2026-02-23 08:27:22
SRC_RETURN_ITEM_B002_000001272,RI0000037731,R000022668,OI0000179080,P000472,1,890.16,DEFECTIVE,2026-02-23 08:27:22,2026-02-23 08:27:22
SRC_RETURN_ITEM_B002_000001273,RI0000037732,R000022668,OI0000179083,P000305,1,744.50,LATE_DELIVERY,2026-02-23 08:27:22,2026-02-23 08:27:22
SRC_RETURN_ITEM_B002_000001274,RI0000037733,R000021789,OI0000179492,P000492,1,691.69,LATE_DELIVERY,2024-06-23 02:39:49,2024-06-23 02:39:49
SRC_RETURN_ITEM_B002_000001275,RI0000037734,R000021789,OI0000179491,P000100,1,164.53,SIZE_FIT,2024-06-23 02:39:49,2024-06-23 02:39:49
SRC_RETURN_ITEM_B002_000001276,RI0000037735,R000021687,OI0000179642,P000410,1,705.48,DEFECTIVE,2024-09-06 14:06:59,2024-09-06 14:06:59
SRC_RETURN_ITEM_B002_000001277,RI0000037736,R000021595,OI0000180139,P000038,3,829.15,LATE_DELIVERY,2025-10-22 17:06:19,2025-10-22 17:06:19
SRC_RETURN_ITEM_B002_000001278,RI0000037737,R000022343,OI0000180311,P000423,1,719.83,LATE_DELIVERY,2026-02-20 23:49:56,2026-02-20 23:49:56
SRC_RETURN_ITEM_B002_000001279,RI0000037738,R000022343,OI0000180313,P000296,1,442.38,WRONG_ITEM,2026-02-20 23:49:56,2026-02-20 23:49:56
SRC_RETURN_ITEM_B002_000001280,RI0000037739,R000022445,OI0000180432,P000187,1,299.93,LATE_DELIVERY,2025-09-25 10:52:01,2025-09-25 10:52:01
SRC_RETURN_ITEM_B002_000001281,RI0000037740,R000022279,OI0000180437,P000337,1,711.54,WRONG_ITEM,2026-09-06 19:15:54,2026-09-06 19:15:54
SRC_RETURN_ITEM_B002_000001282,RI0000037741,R000022279,OI0000180435,P000078,1,571.38,DEFECTIVE,2026-09-06 19:15:54,2026-09-06 19:15:54
SRC_RETURN_ITEM_B002_000001283,RI0000037742,R000022279,OI0000180436,P000319,3,52.08,UNWANTED,2026-09-06 19:15:54,2026-09-06 19:15:54
SRC_RETURN_ITEM_B002_000001284,RI0000037743,R000021862,OI0000180498,P000347,1,453.96,DEFECTIVE,2025-07-07 23:23:01,2025-07-07 23:23:01
SRC_RETURN_ITEM_B002_000001285,RI0000037744,R000021862,OI0000180500,P000183,1,1022.88,LATE_DELIVERY,2025-07-07 23:23:01,2025-07-07 23:23:01
SRC_RETURN_ITEM_B002_000001286,RI0000037745,R000021969,OI0000180580,P000449,1,161.88,UNWANTED,2024-04-07 03:31:52,2024-04-07 03:31:52
SRC_RETURN_ITEM_B002_000001287,RI0000037746,R000021969,OI0000180581,P000017,3,1688.35,SIZE_FIT,2024-04-07 03:31:52,2024-04-07 03:31:52
SRC_RETURN_ITEM_B002_000001288,RI0000037747,R000022682,OI0000180792,P000273,1,341.59,LATE_DELIVERY,2026-01-23 18:38:32,2026-01-23 18:38:32
SRC_RETURN_ITEM_B002_000001289,RI0000037748,R000022682,OI0000180793,P000099,1,668.03,DEFECTIVE,2026-01-23 18:38:32,2026-01-23 18:38:32
SRC_RETURN_ITEM_B002_000001290,RI0000037749,R000022682,OI0000180791,P000240,1,811.48,LATE_DELIVERY,2026-01-23 18:38:32,2026-01-23 18:38:32
SRC_RETURN_ITEM_B002_000001291,RI0000037750,R000022186,OI0000180983,P000305,1,875.89,DEFECTIVE,2024-10-16 22:32:46,2024-10-16 22:32:46
SRC_RETURN_ITEM_B002_000001292,RI0000037751,R000022186,OI0000180986,P000355,1,4.99,LATE_DELIVERY,2024-10-16 22:32:46,2024-10-16 22:32:46
SRC_RETURN_ITEM_B002_000001293,RI0000037752,R000021593,OI0000181222,P000418,1,1012.38,DAMAGED,2025-05-21 13:54:09,2025-05-21 13:54:09
SRC_RETURN_ITEM_B002_000001294,RI0000037753,R000021593,OI0000181223,P000210,1,1032.48,LATE_DELIVERY,2025-05-21 13:54:09,2025-05-21 13:54:09
SRC_RETURN_ITEM_B002_000001295,RI0000037754,R000021410,OI0000181376,P000006,2,1783.32,UNWANTED,2024-10-03 14:35:34,2024-10-03 14:35:34
SRC_RETURN_ITEM_B002_000001296,RI0000037755,R000021410,OI0000181375,P000331,2,493.02,UNWANTED,2024-10-03 14:35:34,2024-10-03 14:35:34
SRC_RETURN_ITEM_B002_000001297,RI0000037756,R000021410,OI0000181374,P000221,1,610.00,LATE_DELIVERY,2024-10-03 14:35:34,2024-10-03 14:35:34
SRC_RETURN_ITEM_B002_000001298,RI0000037757,R000022642,OI0000181398,P000322,1,17.63,DAMAGED,2024-05-05 00:56:48,2024-05-05 00:56:48
SRC_RETURN_ITEM_B002_000001299,RI0000037758,R000021644,OI0000181401,P000044,1,100.19,LATE_DELIVERY,2024-04-01 10:41:32,2024-04-01 10:41:32
SRC_RETURN_ITEM_B002_000001300,RI0000037759,R000021644,OI0000181399,P000005,2,1072.34,DEFECTIVE,2024-04-01 10:41:32,2024-04-01 10:41:32
SRC_RETURN_ITEM_B002_000001301,RI0000037760,R000022509,OI0000181601,P000191,2,1655.96,LATE_DELIVERY,2024-06-10 13:28:28,2024-06-10 13:28:28
SRC_RETURN_ITEM_B002_000001302,RI0000037761,R000021318,OI0000182035,P000239,1,933.43,DEFECTIVE,2024-02-28 19:07:40,2024-02-28 19:07:40
SRC_RETURN_ITEM_B002_000001303,RI0000037762,R000022177,OI0000182395,P000412,1,747.34,SIZE_FIT,2024-12-24 12:23:05,2024-12-24 12:23:05
SRC_RETURN_ITEM_B002_000001304,RI0000037763,R000022290,OI0000182490,P000202,2,420.77,SIZE_FIT,2026-07-23 18:25:15,2026-07-23 18:25:15
SRC_RETURN_ITEM_B002_000001305,RI0000037764,R000022290,OI0000182492,P000452,1,568.76,SIZE_FIT,2026-07-23 18:25:15,2026-07-23 18:25:15
SRC_RETURN_ITEM_B002_000001306,RI0000037765,R000022290,OI0000182491,P000347,1,453.96,DEFECTIVE,2026-07-23 18:25:15,2026-07-23 18:25:15
SRC_RETURN_ITEM_B002_000001307,RI0000037766,R000021647,OI0000182679,P000300,1,1075.60,DEFECTIVE,2025-02-14 08:14:34,2025-02-14 08:14:34
SRC_RETURN_ITEM_B002_000001308,RI0000037767,R000022268,OI0000182914,P000347,2,862.52,WRONG_ITEM,2024-03-27 16:33:30,2024-03-27 16:33:30
SRC_RETURN_ITEM_B002_000001309,RI0000037768,R000022634,OI0000183335,P000393,2,11.52,WRONG_ITEM,2025-05-25 18:18:34,2025-05-25 18:18:34
SRC_RETURN_ITEM_B002_000001310,RI0000037769,R000022634,OI0000183333,P000064,2,350.13,UNWANTED,2025-05-25 18:18:34,2025-05-25 18:18:34
SRC_RETURN_ITEM_B002_000001311,RI0000037770,R000021711,OI0000183430,P000416,1,1023.43,LATE_DELIVERY,2026-08-16 04:31:05,2026-08-16 04:31:05
SRC_RETURN_ITEM_B002_000001312,RI0000037771,R000021567,OI0000183570,P000076,1,130.86,UNWANTED,2025-12-20 13:42:45,2025-12-20 13:42:45
SRC_RETURN_ITEM_B002_000001313,RI0000037772,R000021567,OI0000183571,P000009,1,878.65,WRONG_ITEM,2025-12-20 13:42:45,2025-12-20 13:42:45
SRC_RETURN_ITEM_B002_000001314,RI0000037773,R000021497,OI0000183589,P000284,1,925.31,LATE_DELIVERY,2025-09-18 22:21:07,2025-09-18 22:21:07
SRC_RETURN_ITEM_B002_000001315,RI0000037774,R000021497,OI0000183590,P000371,2,1253.57,WRONG_ITEM,2025-09-18 22:21:07,2025-09-18 22:21:07
SRC_RETURN_ITEM_B002_000001316,RI0000037775,R000021852,OI0000183882,P000445,1,321.65,UNWANTED,2024-07-29 14:20:44,2024-07-29 14:20:44
SRC_RETURN_ITEM_B002_000001317,RI0000037776,R000021852,OI0000183881,P000405,1,856.31,UNWANTED,2024-07-29 14:20:44,2024-07-29 14:20:44
SRC_RETURN_ITEM_B002_000001318,RI0000037777,R000021852,OI0000183879,P000434,1,740.45,LATE_DELIVERY,2024-07-29 14:20:44,2024-07-29 14:20:44
SRC_RETURN_ITEM_B002_000001319,RI0000037778,R000021925,OI0000184157,P000448,1,110.04,WRONG_ITEM,2026-06-02 00:47:59,2026-06-02 00:47:59
SRC_RETURN_ITEM_B002_000001320,RI0000037779,R000022716,OI0000184441,P000327,3,1144.02,WRONG_ITEM,2024-04-12 19:03:09,2024-04-12 19:03:09
SRC_RETURN_ITEM_B002_000001321,RI0000037780,R000022716,OI0000184439,P000020,1,336.22,SIZE_FIT,2024-04-12 19:03:09,2024-04-12 19:03:09
SRC_RETURN_ITEM_B002_000001322,RI0000037781,R000022716,OI0000184440,P000176,2,1766.11,UNWANTED,2024-04-12 19:03:09,2024-04-12 19:03:09
SRC_RETURN_ITEM_B002_000001323,RI0000037782,R000022457,OI0000184785,P000315,1,828.43,DEFECTIVE,2026-09-14 18:36:21,2026-09-14 18:36:21
SRC_RETURN_ITEM_B002_000001324,RI0000037783,R000022034,OI0000184889,P000120,1,304.79,DAMAGED,2024-09-26 23:05:24,2024-09-26 23:05:24
SRC_RETURN_ITEM_B002_000001325,RI0000037784,R000022034,OI0000184885,P000440,1,53.03,SIZE_FIT,2024-09-26 23:05:24,2024-09-26 23:05:24
SRC_RETURN_ITEM_B002_000001326,RI0000037785,R000022735,OI0000184892,P000186,1,167.75,WRONG_ITEM,2024-02-02 18:48:48,2024-02-02 18:48:48
SRC_RETURN_ITEM_B002_000001327,RI0000037786,R000021340,OI0000185238,P000120,1,274.31,LATE_DELIVERY,2024-05-23 11:14:35,2024-05-23 11:14:35
SRC_RETURN_ITEM_B002_000001328,RI0000037787,R000021991,OI0000185316,P000329,2,1635.36,LATE_DELIVERY,2025-11-26 20:11:47,2025-11-26 20:11:47
SRC_RETURN_ITEM_B002_000001329,RI0000037788,R000022008,OI0000185609,P000410,1,705.48,LATE_DELIVERY,2024-06-09 22:01:13,2024-06-09 22:01:13
SRC_RETURN_ITEM_B002_000001330,RI0000037789,R000022051,OI0000185995,P000299,1,393.34,SIZE_FIT,2025-06-06 08:10:16,2025-06-06 08:10:16
SRC_RETURN_ITEM_B002_000001331,RI0000037790,R000022051,OI0000185996,P000424,1,881.83,WRONG_ITEM,2025-06-06 08:10:16,2025-06-06 08:10:16
SRC_RETURN_ITEM_B002_000001332,RI0000037791,R000022243,OI0000186060,P000345,1,1152.72,DEFECTIVE,2026-03-08 07:34:35,2026-03-08 07:34:35
SRC_RETURN_ITEM_B002_000001333,RI0000037792,R000021416,OI0000186153,P000358,1,18.72,WRONG_ITEM,2024-09-20 00:00:47,2024-09-20 00:00:47
SRC_RETURN_ITEM_B002_000001334,RI0000037793,R000022280,OI0000186500,P000478,1,404.77,SIZE_FIT,2025-04-01 12:53:10,2025-04-01 12:53:10
SRC_RETURN_ITEM_B002_000001335,RI0000037794,R000021782,OI0000186676,P000456,1,572.50,SIZE_FIT,2024-08-21 05:32:09,2024-08-21 05:32:09
SRC_RETURN_ITEM_B002_000001336,RI0000037795,R000022614,OI0000187172,P000303,1,675.66,SIZE_FIT,2026-02-19 19:52:56,2026-02-19 19:52:56
SRC_RETURN_ITEM_B002_000001337,RI0000037796,R000022338,OI0000187229,P000021,3,618.25,UNWANTED,2025-07-25 08:16:54,2025-07-25 08:16:54
SRC_RETURN_ITEM_B002_000001338,RI0000037797,R000022329,OI0000187761,P000118,1,197.59,DAMAGED,2026-01-05 08:09:28,2026-01-05 08:09:28
SRC_RETURN_ITEM_B002_000001339,RI0000037798,R000022329,OI0000187760,P000226,1,680.10,WRONG_ITEM,2026-01-05 08:09:28,2026-01-05 08:09:28
SRC_RETURN_ITEM_B002_000001340,RI0000037799,R000022329,OI0000187759,P000001,1,273.43,SIZE_FIT,2026-01-05 08:09:28,2026-01-05 08:09:28
SRC_RETURN_ITEM_B002_000001341,RI0000037800,R000021938,OI0000187802,P000332,1,315.42,DEFECTIVE,2025-12-09 00:48:57,2025-12-09 00:48:57
SRC_RETURN_ITEM_B002_000001342,RI0000037801,R000021938,OI0000187800,P000154,1,9.17,SIZE_FIT,2025-12-09 00:48:57,2025-12-09 00:48:57
SRC_RETURN_ITEM_B002_000001343,RI0000037802,R000021418,OI0000187973,P000349,1,396.60,DAMAGED,2026-09-28 01:16:01,2026-09-28 01:16:01
SRC_RETURN_ITEM_B002_000001344,RI0000037803,R000021418,OI0000187975,P000142,1,628.07,DAMAGED,2026-09-28 01:16:01,2026-09-28 01:16:01
SRC_RETURN_ITEM_B002_000001345,RI0000037804,R000021418,OI0000187972,P000105,1,101.81,DEFECTIVE,2026-09-28 01:16:01,2026-09-28 01:16:01
SRC_RETURN_ITEM_B002_000001346,RI0000037805,R000021703,OI0000188279,P000298,1,85.50,DAMAGED,2026-03-07 19:30:48,2026-03-07 19:30:48
SRC_RETURN_ITEM_B002_000001347,RI0000037806,R000021594,OI0000188359,P000071,1,220.46,WRONG_ITEM,2025-09-19 19:14:00,2025-09-19 19:14:00
SRC_RETURN_ITEM_B002_000001348,RI0000037807,R000021922,OI0000188723,P000399,3,740.99,SIZE_FIT,2025-03-27 18:27:41,2025-03-27 18:27:41
SRC_RETURN_ITEM_B002_000001349,RI0000037808,R000021922,OI0000188727,P000079,1,1029.32,DEFECTIVE,2025-03-27 18:27:41,2025-03-27 18:27:41
SRC_RETURN_ITEM_B002_000001350,RI0000037809,R000021922,OI0000188725,P000261,2,1348.80,WRONG_ITEM,2025-03-27 18:27:41,2025-03-27 18:27:41
SRC_RETURN_ITEM_B002_000001351,RI0000037810,R000022453,OI0000188805,P000006,1,938.59,DAMAGED,2025-08-03 15:49:50,2025-08-03 15:49:50
SRC_RETURN_ITEM_B002_000001352,RI0000037811,R000022453,OI0000188804,P000228,1,840.94,LATE_DELIVERY,2025-08-03 15:49:50,2025-08-03 15:49:50
SRC_RETURN_ITEM_B002_000001353,RI0000037812,R000022152,OI0000188861,P000304,1,583.79,DEFECTIVE,2025-04-27 20:18:17,2025-04-27 20:18:17
SRC_RETURN_ITEM_B002_000001354,RI0000037813,R000022152,OI0000188859,P000010,1,912.97,UNWANTED,2025-04-27 20:18:17,2025-04-27 20:18:17
SRC_RETURN_ITEM_B002_000001355,RI0000037814,R000022152,OI0000188860,P000042,1,576.97,SIZE_FIT,2025-04-27 20:18:17,2025-04-27 20:18:17
SRC_RETURN_ITEM_B002_000001356,RI0000037815,R000021519,OI0000188996,P000119,1,258.16,SIZE_FIT,2025-04-06 20:00:23,2025-04-06 20:00:23
SRC_RETURN_ITEM_B002_000001357,RI0000037816,R000021624,OI0000189156,P000370,1,541.43,WRONG_ITEM,2025-05-26 15:49:58,2025-05-26 15:49:58
SRC_RETURN_ITEM_B002_000001358,RI0000037817,R000021624,OI0000189154,P000371,1,595.44,LATE_DELIVERY,2025-05-26 15:49:58,2025-05-26 15:49:58
SRC_RETURN_ITEM_B002_000001359,RI0000037818,R000022622,OI0000189165,P000102,1,867.16,WRONG_ITEM,2024-03-11 04:03:09,2024-03-11 04:03:09
SRC_RETURN_ITEM_B002_000001360,RI0000037819,R000021890,OI0000189953,P000470,4,3973.03,DEFECTIVE,2024-10-10 09:25:25,2024-10-10 09:25:25
SRC_RETURN_ITEM_B002_000001361,RI0000037820,R000021707,OI0000190047,P000355,1,4.49,UNWANTED,2025-02-27 16:36:07,2025-02-27 16:36:07
SRC_RETURN_ITEM_B002_000001362,RI0000037821,R000021707,OI0000190044,P000001,1,218.75,SIZE_FIT,2025-02-27 16:36:07,2025-02-27 16:36:07
SRC_RETURN_ITEM_B002_000001363,RI0000037822,R000021707,OI0000190046,P000139,1,710.98,UNWANTED,2025-02-27 16:36:07,2025-02-27 16:36:07
SRC_RETURN_ITEM_B002_000001364,RI0000037823,R000021420,OI0000190061,P000021,1,228.98,WRONG_ITEM,2025-05-06 02:53:40,2025-05-06 02:53:40
SRC_RETURN_ITEM_B002_000001365,RI0000037824,R000021453,OI0000190116,P000463,1,725.36,SIZE_FIT,2025-07-13 09:11:06,2025-07-13 09:11:06
SRC_RETURN_ITEM_B002_000001366,RI0000037825,R000021642,OI0000190429,P000220,1,788.50,WRONG_ITEM,2024-03-22 03:33:29,2024-03-22 03:33:29
SRC_RETURN_ITEM_B002_000001367,RI0000037826,R000021369,OI0000190478,P000464,1,199.51,WRONG_ITEM,2024-06-28 21:34:29,2024-06-28 21:34:29
SRC_RETURN_ITEM_B002_000001368,RI0000037827,R000022461,OI0000190826,P000266,1,852.32,UNWANTED,2024-12-20 17:45:05,2024-12-20 17:45:05
SRC_RETURN_ITEM_B002_000001369,RI0000037828,R000022461,OI0000190827,P000282,1,960.92,WRONG_ITEM,2024-12-20 17:45:05,2024-12-20 17:45:05
SRC_RETURN_ITEM_B002_000001370,RI0000037829,R000022461,OI0000190828,P000041,2,33.38,DAMAGED,2024-12-20 17:45:05,2024-12-20 17:45:05
SRC_RETURN_ITEM_B002_000001371,RI0000037830,R000022100,OI0000190934,P000319,1,18.28,SIZE_FIT,2025-10-15 19:07:59,2025-10-15 19:07:59
SRC_RETURN_ITEM_B002_000001372,RI0000037831,R000021699,OI0000191065,P000339,1,546.59,SIZE_FIT,2025-12-12 16:53:09,2025-12-12 16:53:09
SRC_RETURN_ITEM_B002_000001373,RI0000037832,R000021699,OI0000191068,P000326,2,104.66,SIZE_FIT,2025-12-12 16:53:09,2025-12-12 16:53:09
SRC_RETURN_ITEM_B002_000001374,RI0000037833,R000021561,OI0000191341,P000119,1,258.16,UNWANTED,2024-08-22 21:36:08,2024-08-22 21:36:08
SRC_RETURN_ITEM_B002_000001375,RI0000037834,R000021561,OI0000191340,P000488,1,525.16,LATE_DELIVERY,2024-08-22 21:36:08,2024-08-22 21:36:08
SRC_RETURN_ITEM_B002_000001376,RI0000037835,R000022790,OI0000191543,P000370,2,1082.86,WRONG_ITEM,2026-06-26 20:55:46,2026-06-26 20:55:46
SRC_RETURN_ITEM_B002_000001377,RI0000037836,R000022790,OI0000191542,P000176,1,929.53,UNWANTED,2026-06-26 20:55:46,2026-06-26 20:55:46
SRC_RETURN_ITEM_B002_000001378,RI0000037837,R000022574,OI0000191640,P000138,2,1668.75,WRONG_ITEM,2025-11-04 18:57:03,2025-11-04 18:57:03
SRC_RETURN_ITEM_B002_000001379,RI0000037838,R000022574,OI0000191642,P000071,2,391.93,WRONG_ITEM,2025-11-04 18:57:03,2025-11-04 18:57:03
SRC_RETURN_ITEM_B002_000001380,RI0000037839,R000022458,OI0000192361,P000374,1,1103.86,SIZE_FIT,2026-04-10 22:40:56,2026-04-10 22:40:56
SRC_RETURN_ITEM_B002_000001381,RI0000037840,R000022458,OI0000192362,P000390,2,1769.19,WRONG_ITEM,2026-04-10 22:40:56,2026-04-10 22:40:56
SRC_RETURN_ITEM_B002_000001382,RI0000037841,R000021701,OI0000192652,P000284,1,832.78,LATE_DELIVERY,2026-01-16 07:59:48,2026-01-16 07:59:48
SRC_RETURN_ITEM_B002_000001383,RI0000037842,R000021701,OI0000192651,P000090,1,461.10,WRONG_ITEM,2026-01-16 07:59:48,2026-01-16 07:59:48
SRC_RETURN_ITEM_B002_000001384,RI0000037843,R000021308,OI0000193172,P000031,2,1672.37,DEFECTIVE,2025-04-29 15:56:57,2025-04-29 15:56:57
SRC_RETURN_ITEM_B002_000001385,RI0000037844,R000021308,OI0000193174,P000298,1,85.50,UNWANTED,2025-04-29 15:56:57,2025-04-29 15:56:57
SRC_RETURN_ITEM_B002_000001386,RI0000037845,R000021606,OI0000193185,P000465,1,631.20,SIZE_FIT,2024-03-21 20:48:43,2024-03-21 20:48:43
SRC_RETURN_ITEM_B002_000001387,RI0000037846,R000021606,OI0000193182,P000184,1,170.35,SIZE_FIT,2024-03-21 20:48:43,2024-03-21 20:48:43
SRC_RETURN_ITEM_B002_000001388,RI0000037847,R000021423,OI0000194149,P000076,2,235.55,DEFECTIVE,2025-02-14 23:08:51,2025-02-14 23:08:51
SRC_RETURN_ITEM_B002_000001389,RI0000037848,R000021423,OI0000194150,P000443,1,304.45,DAMAGED,2025-02-14 23:08:51,2025-02-14 23:08:51
SRC_RETURN_ITEM_B002_000001390,RI0000037849,R000021566,OI0000194461,P000124,1,672.41,DAMAGED,2024-05-27 07:10:38,2024-05-27 07:10:38
SRC_RETURN_ITEM_B002_000001391,RI0000037850,R000021491,OI0000194613,P000281,1,482.65,DEFECTIVE,2026-05-07 17:00:44,2026-05-07 17:00:44
SRC_RETURN_ITEM_B002_000001392,RI0000037851,R000021312,OI0000194726,P000299,1,414.04,DAMAGED,2026-08-07 15:42:25,2026-08-07 15:42:25
SRC_RETURN_ITEM_B002_000001393,RI0000037852,R000021312,OI0000194727,P000003,1,355.40,DEFECTIVE,2026-08-07 15:42:25,2026-08-07 15:42:25
SRC_RETURN_ITEM_B002_000001394,RI0000037853,R000021312,OI0000194728,P000133,1,667.28,LATE_DELIVERY,2026-08-07 15:42:25,2026-08-07 15:42:25
SRC_RETURN_ITEM_B002_000001395,RI0000037854,R000022122,OI0000194866,P000135,1,1198.54,DEFECTIVE,2026-01-08 11:01:54,2026-01-08 11:01:54
SRC_RETURN_ITEM_B002_000001396,RI0000037855,R000022122,OI0000194868,P000458,1,914.20,DAMAGED,2026-01-08 11:01:54,2026-01-08 11:01:54
SRC_RETURN_ITEM_B002_000001397,RI0000037856,R000022122,OI0000194869,P000222,3,1812.24,DEFECTIVE,2026-01-08 11:01:54,2026-01-08 11:01:54
SRC_RETURN_ITEM_B002_000001398,RI0000037857,R000021963,OI0000195173,P000473,2,803.88,SIZE_FIT,2026-01-02 06:50:10,2026-01-02 06:50:10
SRC_RETURN_ITEM_B002_000001399,RI0000037858,R000021718,OI0000195226,P000478,1,344.06,DEFECTIVE,2026-09-26 05:50:24,2026-09-26 05:50:24
SRC_RETURN_ITEM_B002_000001400,RI0000037859,R000021718,OI0000195225,P000151,1,16.22,DAMAGED,2026-09-26 05:50:24,2026-09-26 05:50:24
SRC_RETURN_ITEM_B002_000001401,RI0000037860,R000022323,OI0000195288,P000453,1,266.16,DAMAGED,2025-02-03 05:30:04,2025-02-03 05:30:04
SRC_RETURN_ITEM_B002_000001402,RI0000037861,R000021695,OI0000196316,P000265,1,424.30,UNWANTED,2024-09-12 19:11:52,2024-09-12 19:11:52
SRC_RETURN_ITEM_B002_000001403,RI0000037862,R000021942,OI0000196495,P000248,1,625.91,SIZE_FIT,2026-06-21 18:42:17,2026-06-21 18:42:17
SRC_RETURN_ITEM_B002_000001404,RI0000037863,R000021942,OI0000196498,P000372,1,842.44,DEFECTIVE,2026-06-21 18:42:17,2026-06-21 18:42:17
SRC_RETURN_ITEM_B002_000001405,RI0000037864,R000021942,OI0000196497,P000213,1,1077.04,WRONG_ITEM,2026-06-21 18:42:17,2026-06-21 18:42:17
SRC_RETURN_ITEM_B002_000001406,RI0000037865,R000022742,OI0000196639,P000173,1,460.84,WRONG_ITEM,2026-04-18 19:34:56,2026-04-18 19:34:56
SRC_RETURN_ITEM_B002_000001407,RI0000037866,R000022742,OI0000196640,P000019,1,99.05,LATE_DELIVERY,2026-04-18 19:34:56,2026-04-18 19:34:56
SRC_RETURN_ITEM_B002_000001408,RI0000037867,R000022223,OI0000196851,P000417,2,2139.84,UNWANTED,2026-03-23 22:49:50,2026-03-23 22:49:50
SRC_RETURN_ITEM_B002_000001409,RI0000037868,R000022223,OI0000196850,P000444,1,425.89,SIZE_FIT,2026-03-23 22:49:50,2026-03-23 22:49:50
SRC_RETURN_ITEM_B002_000001410,RI0000037869,R000022353,OI0000197060,P000030,1,794.29,UNWANTED,2025-08-30 01:13:38,2025-08-30 01:13:38
SRC_RETURN_ITEM_B002_000001411,RI0000037870,R000022353,OI0000197057,P000416,1,869.92,WRONG_ITEM,2025-08-30 01:13:38,2025-08-30 01:13:38
SRC_RETURN_ITEM_B002_000001412,RI0000037871,R000022353,OI0000197059,P000468,1,877.64,DAMAGED,2025-08-30 01:13:38,2025-08-30 01:13:38
SRC_RETURN_ITEM_B002_000001413,RI0000037872,R000021824,OI0000197615,P000117,1,751.84,SIZE_FIT,2026-03-24 03:37:25,2026-03-24 03:37:25
SRC_RETURN_ITEM_B002_000001414,RI0000037873,R000022647,OI0000197697,P000482,2,422.98,DEFECTIVE,2025-07-09 09:22:22,2025-07-09 09:22:22
SRC_RETURN_ITEM_B002_000001415,RI0000037874,R000022647,OI0000197695,P000371,1,626.78,DAMAGED,2025-07-09 09:22:22,2025-07-09 09:22:22
SRC_RETURN_ITEM_B002_000001416,RI0000037875,R000021761,OI0000197890,P000098,1,737.40,SIZE_FIT,2024-02-22 19:56:07,2024-02-22 19:56:07
SRC_RETURN_ITEM_B002_000001417,RI0000037876,R000021761,OI0000197891,P000138,1,834.37,SIZE_FIT,2024-02-22 19:56:07,2024-02-22 19:56:07
SRC_RETURN_ITEM_B002_000001418,RI0000037877,R000022016,OI0000197939,P000183,1,1022.88,LATE_DELIVERY,2024-05-06 14:17:16,2024-05-06 14:17:16
SRC_RETURN_ITEM_B002_000001419,RI0000037878,R000022016,OI0000197937,P000021,2,457.97,WRONG_ITEM,2024-05-06 14:17:16,2024-05-06 14:17:16
SRC_RETURN_ITEM_B002_000001420,RI0000037879,R000022016,OI0000197938,P000119,1,258.16,DEFECTIVE,2024-05-06 14:17:16,2024-05-06 14:17:16
SRC_RETURN_ITEM_B002_000001421,RI0000037880,R000021995,OI0000198018,P000296,1,442.38,WRONG_ITEM,2024-04-07 09:33:14,2024-04-07 09:33:14
SRC_RETURN_ITEM_B002_000001422,RI0000037881,R000022556,OI0000198521,P000117,3,2255.51,LATE_DELIVERY,2026-01-31 05:50:57,2026-01-31 05:50:57
SRC_RETURN_ITEM_B002_000001423,RI0000037882,R000022556,OI0000198520,P000110,1,747.34,LATE_DELIVERY,2026-01-31 05:50:57,2026-01-31 05:50:57
SRC_RETURN_ITEM_B002_000001424,RI0000037883,R000022556,OI0000198519,P000402,1,1051.90,SIZE_FIT,2026-01-31 05:50:57,2026-01-31 05:50:57
SRC_RETURN_ITEM_B002_000001425,RI0000037884,R000021576,OI0000198817,P000414,1,171.94,LATE_DELIVERY,2024-09-27 02:12:18,2024-09-27 02:12:18
SRC_RETURN_ITEM_B002_000001426,RI0000037885,R000021576,OI0000198818,P000415,1,1118.39,DEFECTIVE,2024-09-27 02:12:18,2024-09-27 02:12:18
SRC_RETURN_ITEM_B002_000001427,RI0000037886,R000022593,OI0000198924,P000432,1,1025.64,DAMAGED,2025-04-07 13:53:20,2025-04-07 13:53:20
SRC_RETURN_ITEM_B002_000001428,RI0000037887,R000022562,OI0000199141,P000144,1,984.54,LATE_DELIVERY,2025-01-25 17:39:59,2025-01-25 17:39:59
SRC_RETURN_ITEM_B002_000001429,RI0000037888,R000022562,OI0000199140,P000135,1,1138.61,UNWANTED,2025-01-25 17:39:59,2025-01-25 17:39:59
SRC_RETURN_ITEM_B002_000001430,RI0000037889,R000021783,OI0000199402,P000264,1,523.75,SIZE_FIT,2024-06-22 01:06:18,2024-06-22 01:06:18
SRC_RETURN_ITEM_B002_000001431,RI0000037890,R000022242,OI0000199696,P000134,3,2262.67,SIZE_FIT,2025-04-09 00:26:41,2025-04-09 00:26:41
SRC_RETURN_ITEM_B002_000001432,RI0000037891,R000021443,OI0000199772,P000393,1,5.47,UNWANTED,2025-09-11 20:53:19,2025-09-11 20:53:19
SRC_RETURN_ITEM_B002_000001433,RI0000037892,R000021443,OI0000199773,P000149,3,562.28,LATE_DELIVERY,2025-09-11 20:53:19,2025-09-11 20:53:19
SRC_RETURN_ITEM_B002_000001434,RI0000037893,R000021443,OI0000199770,P000268,1,579.14,WRONG_ITEM,2025-09-11 20:53:19,2025-09-11 20:53:19
SRC_RETURN_ITEM_B002_000001435,RI0000037894,R000022684,OI0000200173,P000474,1,622.04,SIZE_FIT,2025-02-28 08:45:25,2025-02-28 08:45:25
SRC_RETURN_ITEM_B002_000001436,RI0000037895,R000022684,OI0000200172,P000135,2,2277.22,WRONG_ITEM,2025-02-28 08:45:25,2025-02-28 08:45:25
SRC_RETURN_ITEM_B002_000001437,RI0000037896,R000021372,OI0000200212,P000143,1,941.98,DAMAGED,2025-11-10 18:36:31,2025-11-10 18:36:31
SRC_RETURN_ITEM_B002_000001438,RI0000037897,R000022230,OI0000200649,P000024,1,1044.37,UNWANTED,2024-12-19 17:05:56,2024-12-19 17:05:56
SRC_RETURN_ITEM_B002_000001439,RI0000037898,R000022230,OI0000200650,P000012,1,45.20,DAMAGED,2024-12-19 17:05:56,2024-12-19 17:05:56
SRC_RETURN_ITEM_B002_000001440,RI0000037899,R000022619,OI0000200971,P000181,1,1059.94,DAMAGED,2024-11-27 17:37:28,2024-11-27 17:37:28
SRC_RETURN_ITEM_B002_000001441,RI0000037900,R000022619,OI0000200972,P000047,2,431.46,DAMAGED,2024-11-27 17:37:28,2024-11-27 17:37:28
SRC_RETURN_ITEM_B002_000001442,RI0000037901,R000021921,OI0000201106,P000068,1,488.68,DEFECTIVE,2024-06-11 20:23:18,2024-06-11 20:23:18
SRC_RETURN_ITEM_B002_000001443,RI0000037902,R000022449,OI0000201294,P000088,1,445.32,UNWANTED,2025-09-06 18:17:21,2025-09-06 18:17:21
SRC_RETURN_ITEM_B002_000001444,RI0000037903,R000022316,OI0000201445,P000198,1,1147.56,SIZE_FIT,2024-07-28 11:45:13,2024-07-28 11:45:13
SRC_RETURN_ITEM_B002_000001445,RI0000037904,R000022316,OI0000201444,P000057,1,184.90,SIZE_FIT,2024-07-28 11:45:13,2024-07-28 11:45:13
SRC_RETURN_ITEM_B002_000001446,RI0000037905,R000022715,OI0000201880,P000247,2,968.21,UNWANTED,2024-09-17 23:09:28,2024-09-17 23:09:28
SRC_RETURN_ITEM_B002_000001447,RI0000037906,R000022715,OI0000201879,P000052,1,1037.89,DEFECTIVE,2024-09-17 23:09:28,2024-09-17 23:09:28
SRC_RETURN_ITEM_B002_000001448,RI0000037907,R000021847,OI0000201950,P000161,1,655.44,DAMAGED,2025-04-30 09:42:01,2025-04-30 09:42:01
SRC_RETURN_ITEM_B002_000001449,RI0000037908,R000021847,OI0000201952,P000120,3,868.64,WRONG_ITEM,2025-04-30 09:42:01,2025-04-30 09:42:01
SRC_RETURN_ITEM_B002_000001450,RI0000037909,R000021847,OI0000201949,P000435,1,1015.09,SIZE_FIT,2025-04-30 09:42:01,2025-04-30 09:42:01
SRC_RETURN_ITEM_B002_000001451,RI0000037910,R000021775,OI0000202020,P000381,1,445.08,UNWANTED,2025-12-31 12:48:29,2025-12-31 12:48:29
SRC_RETURN_ITEM_B002_000001452,RI0000037911,R000021775,OI0000202023,P000475,1,975.88,DEFECTIVE,2025-12-31 12:48:29,2025-12-31 12:48:29
SRC_RETURN_ITEM_B002_000001453,RI0000037912,R000021775,OI0000202021,P000397,2,888.07,SIZE_FIT,2025-12-31 12:48:29,2025-12-31 12:48:29
SRC_RETURN_ITEM_B002_000001454,RI0000037913,R000021863,OI0000202070,P000283,1,1101.46,DAMAGED,2025-07-06 16:54:49,2025-07-06 16:54:49
SRC_RETURN_ITEM_B002_000001455,RI0000037914,R000022105,OI0000202137,P000271,1,1166.92,LATE_DELIVERY,2024-05-26 01:06:25,2024-05-26 01:06:25
SRC_RETURN_ITEM_B002_000001456,RI0000037915,R000022700,OI0000204078,P000425,2,355.73,DEFECTIVE,2025-09-18 08:50:00,2025-09-18 08:50:00
SRC_RETURN_ITEM_B002_000001457,RI0000037916,R000022700,OI0000204081,P000335,1,819.48,UNWANTED,2025-09-18 08:50:00,2025-09-18 08:50:00
SRC_RETURN_ITEM_B002_000001458,RI0000037917,R000022734,OI0000204246,P000389,2,248.23,WRONG_ITEM,2024-05-18 10:59:27,2024-05-18 10:59:27
SRC_RETURN_ITEM_B002_000001459,RI0000037918,R000022734,OI0000204245,P000263,1,679.40,WRONG_ITEM,2024-05-18 10:59:27,2024-05-18 10:59:27
SRC_RETURN_ITEM_B002_000001460,RI0000037919,R000022734,OI0000204244,P000498,4,2604.60,SIZE_FIT,2024-05-18 10:59:27,2024-05-18 10:59:27
SRC_RETURN_ITEM_B002_000001461,RI0000037920,R000022423,OI0000204421,P000447,1,1096.60,LATE_DELIVERY,2024-08-08 19:26:51,2024-08-08 19:26:51
SRC_RETURN_ITEM_B002_000001462,RI0000037921,R000022423,OI0000204423,P000113,1,195.20,LATE_DELIVERY,2024-08-08 19:26:51,2024-08-08 19:26:51
SRC_RETURN_ITEM_B002_000001463,RI0000037922,R000022423,OI0000204424,P000065,1,695.92,LATE_DELIVERY,2024-08-08 19:26:51,2024-08-08 19:26:51
SRC_RETURN_ITEM_B002_000001464,RI0000037923,R000021951,OI0000204513,P000135,1,1198.54,SIZE_FIT,2025-08-08 17:25:18,2025-08-08 17:25:18
SRC_RETURN_ITEM_B002_000001465,RI0000037924,R000021951,OI0000204515,P000465,1,701.33,LATE_DELIVERY,2025-08-08 17:25:18,2025-08-08 17:25:18
SRC_RETURN_ITEM_B002_000001466,RI0000037925,R000021951,OI0000204516,P000421,1,318.41,UNWANTED,2025-08-08 17:25:18,2025-08-08 17:25:18
SRC_RETURN_ITEM_B002_000001467,RI0000037926,R000021513,OI0000204643,P000444,1,383.30,SIZE_FIT,2024-09-15 19:54:06,2024-09-15 19:54:06
SRC_RETURN_ITEM_B002_000001468,RI0000037927,R000022747,OI0000204705,P000247,1,484.10,SIZE_FIT,2025-12-30 13:49:59,2025-12-30 13:49:59
SRC_RETURN_ITEM_B002_000001469,RI0000037928,R000022747,OI0000204704,P000217,2,1296.38,WRONG_ITEM,2025-12-30 13:49:59,2025-12-30 13:49:59
SRC_RETURN_ITEM_B002_000001470,RI0000037929,R000022480,OI0000204986,P000045,1,1070.18,UNWANTED,2026-07-31 18:28:28,2026-07-31 18:28:28
SRC_RETURN_ITEM_B002_000001471,RI0000037930,R000022358,OI0000205474,P000444,1,425.89,SIZE_FIT,2024-05-16 16:13:54,2024-05-16 16:13:54
SRC_RETURN_ITEM_B002_000001472,RI0000037931,R000022358,OI0000205476,P000181,2,2231.45,DAMAGED,2024-05-16 16:13:54,2024-05-16 16:13:54
SRC_RETURN_ITEM_B002_000001473,RI0000037932,R000022097,OI0000205528,P000188,2,1884.94,LATE_DELIVERY,2026-01-24 11:48:42,2026-01-24 11:48:42
SRC_RETURN_ITEM_B002_000001474,RI0000037933,R000022097,OI0000205527,P000372,3,3159.14,DAMAGED,2026-01-24 11:48:42,2026-01-24 11:48:42
SRC_RETURN_ITEM_B002_000001475,RI0000037934,R000022097,OI0000205531,P000456,1,636.11,LATE_DELIVERY,2026-01-24 11:48:42,2026-01-24 11:48:42
SRC_RETURN_ITEM_B002_000001476,RI0000037935,R000022147,OI0000206359,P000256,3,2661.44,LATE_DELIVERY,2024-07-11 04:08:03,2024-07-11 04:08:03
SRC_RETURN_ITEM_B002_000001477,RI0000037936,R000022147,OI0000206362,P000046,4,1854.62,DAMAGED,2024-07-11 04:08:03,2024-07-11 04:08:03
SRC_RETURN_ITEM_B002_000001478,RI0000037937,R000022529,OI0000206644,P000048,1,262.01,LATE_DELIVERY,2024-10-16 09:59:04,2024-10-16 09:59:04
SRC_RETURN_ITEM_B002_000001479,RI0000037938,R000022529,OI0000206646,P000485,1,208.70,DAMAGED,2024-10-16 09:59:04,2024-10-16 09:59:04
SRC_RETURN_ITEM_B002_000001480,RI0000037939,R000022529,OI0000206645,P000311,2,1293.84,DEFECTIVE,2024-10-16 09:59:04,2024-10-16 09:59:04
SRC_RETURN_ITEM_B002_000001481,RI0000037940,R000022793,OI0000207359,P000493,1,663.50,LATE_DELIVERY,2026-01-07 22:20:55,2026-01-07 22:20:55
SRC_RETURN_ITEM_B002_000001482,RI0000037941,R000022793,OI0000207363,P000383,2,401.90,UNWANTED,2026-01-07 22:20:55,2026-01-07 22:20:55
SRC_RETURN_ITEM_B002_000001483,RI0000037942,R000021773,OI0000207780,P000358,1,22.02,UNWANTED,2025-05-04 17:22:06,2025-05-04 17:22:06
SRC_RETURN_ITEM_B002_000001484,RI0000037943,R000021713,OI0000208404,P000471,1,850.18,DEFECTIVE,2026-07-29 23:07:28,2026-07-29 23:07:28
SRC_RETURN_ITEM_B002_000001485,RI0000037944,R000022026,OI0000208693,P000365,1,792.68,DAMAGED,2026-01-20 03:22:08,2026-01-20 03:22:08
SRC_RETURN_ITEM_B002_000001486,RI0000037945,R000022026,OI0000208692,P000097,1,502.12,LATE_DELIVERY,2026-01-20 03:22:08,2026-01-20 03:22:08
SRC_RETURN_ITEM_B002_000001487,RI0000037946,R000022775,OI0000208744,P000252,1,1126.78,WRONG_ITEM,2025-06-22 19:56:42,2025-06-22 19:56:42
SRC_RETURN_ITEM_B002_000001488,RI0000037947,R000022325,OI0000209204,P000283,1,1159.43,WRONG_ITEM,2025-08-25 07:52:00,2025-08-25 07:52:00
SRC_RETURN_ITEM_B002_000001489,RI0000037948,R000022325,OI0000209205,P000354,1,1065.90,DAMAGED,2025-08-25 07:52:00,2025-08-25 07:52:00
SRC_RETURN_ITEM_B002_000001490,RI0000037949,R000022325,OI0000209200,P000387,3,2748.50,DEFECTIVE,2025-08-25 07:52:00,2025-08-25 07:52:00
SRC_RETURN_ITEM_B002_000001491,RI0000037950,R000022365,OI0000209294,P000335,1,819.48,DEFECTIVE,2025-07-28 15:21:29,2025-07-28 15:21:29
SRC_RETURN_ITEM_B002_000001492,RI0000037951,R000022365,OI0000209293,P000077,2,52.83,SIZE_FIT,2025-07-28 15:21:29,2025-07-28 15:21:29
SRC_RETURN_ITEM_B002_000001493,RI0000037952,R000022637,OI0000209446,P000040,1,1132.68,LATE_DELIVERY,2026-01-26 07:56:38,2026-01-26 07:56:38
SRC_RETURN_ITEM_B002_000001494,RI0000037953,R000021955,OI0000209664,P000481,1,218.83,DAMAGED,2026-05-14 14:58:25,2026-05-14 14:58:25
SRC_RETURN_ITEM_B002_000001495,RI0000037954,R000022728,OI0000210352,P000201,1,520.21,UNWANTED,2026-09-22 13:22:55,2026-09-22 13:22:55
SRC_RETURN_ITEM_B002_000001496,RI0000037955,R000022728,OI0000210350,P000290,1,137.02,SIZE_FIT,2026-09-22 13:22:55,2026-09-22 13:22:55
SRC_RETURN_ITEM_B002_000001497,RI0000037956,R000022252,OI0000210845,P000263,1,641.66,LATE_DELIVERY,2026-09-06 12:39:09,2026-09-06 12:39:09
SRC_RETURN_ITEM_B002_000001498,RI0000037957,R000021581,OI0000210922,P000067,1,1186.13,UNWANTED,2026-05-15 11:44:43,2026-05-15 11:44:43
SRC_RETURN_ITEM_B002_000001499,RI0000037958,R000021581,OI0000210920,P000362,1,186.70,DEFECTIVE,2026-05-15 11:44:43,2026-05-15 11:44:43
SRC_RETURN_ITEM_B002_000001500,RI0000037959,R000022483,OI0000211163,P000109,1,626.06,UNWANTED,2026-06-22 13:39:42,2026-06-22 13:39:42
SRC_RETURN_ITEM_B002_000001501,RI0000037960,R000022270,OI0000211326,P000176,1,883.06,UNWANTED,2024-10-14 22:24:07,2024-10-14 22:24:07
SRC_RETURN_ITEM_B002_000001502,RI0000037961,R000022270,OI0000211327,P000021,1,228.98,DAMAGED,2024-10-14 22:24:07,2024-10-14 22:24:07
SRC_RETURN_ITEM_B002_000001503,RI0000037962,R000022270,OI0000211328,P000278,1,124.49,UNWANTED,2024-10-14 22:24:07,2024-10-14 22:24:07
SRC_RETURN_ITEM_B002_000001504,RI0000037963,R000022108,OI0000211637,P000135,1,1198.54,SIZE_FIT,2025-06-11 13:44:09,2025-06-11 13:44:09
SRC_RETURN_ITEM_B002_000001505,RI0000037964,R000022108,OI0000211636,P000340,2,2209.56,SIZE_FIT,2025-06-11 13:44:09,2025-06-11 13:44:09
SRC_RETURN_ITEM_B002_000001506,RI0000037965,R000022288,OI0000212090,P000491,1,984.42,DEFECTIVE,2025-03-18 16:23:09,2025-03-18 16:23:09
SRC_RETURN_ITEM_B002_000001507,RI0000037966,R000022288,OI0000212091,P000149,1,178.06,DEFECTIVE,2025-03-18 16:23:09,2025-03-18 16:23:09
SRC_RETURN_ITEM_B002_000001508,RI0000037967,R000022288,OI0000212092,P000234,1,1103.33,SIZE_FIT,2025-03-18 16:23:09,2025-03-18 16:23:09
SRC_RETURN_ITEM_B002_000001509,RI0000037968,R000022658,OI0000212316,P000170,1,42.35,SIZE_FIT,2025-08-28 22:31:22,2025-08-28 22:31:22
SRC_RETURN_ITEM_B002_000001510,RI0000037969,R000022785,OI0000212807,P000357,1,115.36,DAMAGED,2024-03-17 08:18:02,2024-03-17 08:18:02
SRC_RETURN_ITEM_B002_000001511,RI0000037970,R000022785,OI0000212806,P000095,1,538.73,SIZE_FIT,2024-03-17 08:18:02,2024-03-17 08:18:02
SRC_RETURN_ITEM_B002_000001512,RI0000037971,R000022785,OI0000212808,P000494,1,970.81,WRONG_ITEM,2024-03-17 08:18:02,2024-03-17 08:18:02
SRC_RETURN_ITEM_B002_000001513,RI0000037972,R000021345,OI0000212819,P000239,1,933.43,UNWANTED,2025-12-23 13:32:47,2025-12-23 13:32:47
SRC_RETURN_ITEM_B002_000001514,RI0000037973,R000021345,OI0000212821,P000134,1,641.09,DAMAGED,2025-12-23 13:32:47,2025-12-23 13:32:47
SRC_RETURN_ITEM_B002_000001515,RI0000037974,R000022717,OI0000212891,P000022,2,2317.90,UNWANTED,2026-05-04 16:36:01,2026-05-04 16:36:01
SRC_RETURN_ITEM_B002_000001516,RI0000037975,R000021472,OI0000213047,P000049,1,816.91,LATE_DELIVERY,2025-09-12 12:15:33,2025-09-12 12:15:33
SRC_RETURN_ITEM_B002_000001517,RI0000037976,R000022062,OI0000213187,P000337,1,889.43,WRONG_ITEM,2025-07-12 08:23:18,2025-07-12 08:23:18
SRC_RETURN_ITEM_B002_000001518,RI0000037977,R000022062,OI0000213188,P000171,1,275.59,SIZE_FIT,2025-07-12 08:23:18,2025-07-12 08:23:18
SRC_RETURN_ITEM_B002_000001519,RI0000037978,R000022062,OI0000213186,P000341,1,907.36,DAMAGED,2025-07-12 08:23:18,2025-07-12 08:23:18
SRC_RETURN_ITEM_B002_000001520,RI0000037979,R000022670,OI0000213250,P000004,2,540.70,SIZE_FIT,2024-12-04 22:19:36,2024-12-04 22:19:36
SRC_RETURN_ITEM_B002_000001521,RI0000037980,R000022555,OI0000213336,P000154,1,10.19,WRONG_ITEM,2025-05-29 23:51:24,2025-05-29 23:51:24
SRC_RETURN_ITEM_B002_000001522,RI0000037981,R000021839,OI0000213417,P000245,1,991.97,UNWANTED,2026-06-28 22:43:42,2026-06-28 22:43:42
SRC_RETURN_ITEM_B002_000001523,RI0000037982,R000021839,OI0000213419,P000225,1,919.65,UNWANTED,2026-06-28 22:43:42,2026-06-28 22:43:42
SRC_RETURN_ITEM_B002_000001524,RI0000037983,R000021518,OI0000213746,P000041,1,16.69,UNWANTED,2026-01-19 18:51:53,2026-01-19 18:51:53
SRC_RETURN_ITEM_B002_000001525,RI0000037984,R000021976,OI0000213904,P000176,1,836.58,WRONG_ITEM,2024-10-16 07:14:00,2024-10-16 07:14:00
SRC_RETURN_ITEM_B002_000001526,RI0000037985,R000021976,OI0000213906,P000015,1,817.38,LATE_DELIVERY,2024-10-16 07:14:00,2024-10-16 07:14:00
SRC_RETURN_ITEM_B002_000001527,RI0000037986,R000021868,OI0000214039,P000190,2,652.35,UNWANTED,2024-11-20 01:12:41,2024-11-20 01:12:41
SRC_RETURN_ITEM_B002_000001528,RI0000037987,R000022422,OI0000214341,P000296,1,442.38,DAMAGED,2025-10-15 15:46:16,2025-10-15 15:46:16
SRC_RETURN_ITEM_B002_000001529,RI0000037988,R000022267,OI0000214405,P000232,2,1705.92,DAMAGED,2025-08-03 17:47:22,2025-08-03 17:47:22
SRC_RETURN_ITEM_B002_000001530,RI0000037989,R000022211,OI0000214689,P000211,2,320.45,WRONG_ITEM,2025-10-21 15:26:37,2025-10-21 15:26:37
SRC_RETURN_ITEM_B002_000001531,RI0000037990,R000022211,OI0000214690,P000050,3,1022.45,DEFECTIVE,2025-10-21 15:26:37,2025-10-21 15:26:37
SRC_RETURN_ITEM_B002_000001532,RI0000037991,R000021958,OI0000215057,P000064,1,175.07,DEFECTIVE,2024-12-04 00:29:42,2024-12-04 00:29:42
SRC_RETURN_ITEM_B002_000001533,RI0000037992,R000021370,OI0000215060,P000426,1,134.29,DAMAGED,2024-07-23 04:09:03,2024-07-23 04:09:03
SRC_RETURN_ITEM_B002_000001534,RI0000037993,R000021370,OI0000215062,P000188,1,942.47,WRONG_ITEM,2024-07-23 04:09:03,2024-07-23 04:09:03
SRC_RETURN_ITEM_B002_000001535,RI0000037994,R000021795,OI0000216400,P000471,1,850.18,SIZE_FIT,2024-11-14 23:47:02,2024-11-14 23:47:02
SRC_RETURN_ITEM_B002_000001536,RI0000037995,R000021795,OI0000216402,P000036,2,1973.71,DAMAGED,2024-11-14 23:47:02,2024-11-14 23:47:02
SRC_RETURN_ITEM_B002_000001537,RI0000037996,R000021795,OI0000216403,P000275,1,1165.93,DEFECTIVE,2024-11-14 23:47:02,2024-11-14 23:47:02
SRC_RETURN_ITEM_B002_000001538,RI0000037997,R000022231,OI0000216633,P000315,1,920.48,LATE_DELIVERY,2025-09-30 05:27:33,2025-09-30 05:27:33
SRC_RETURN_ITEM_B002_000001539,RI0000037998,R000022664,OI0000216714,P000217,2,1037.11,DEFECTIVE,2025-11-14 20:15:53,2025-11-14 20:15:53
SRC_RETURN_ITEM_B002_000001540,RI0000037999,R000022664,OI0000216717,P000095,2,1134.17,UNWANTED,2025-11-14 20:15:53,2025-11-14 20:15:53
SRC_RETURN_ITEM_B002_000001541,RI0000038000,R000022664,OI0000216713,P000272,1,839.06,LATE_DELIVERY,2025-11-14 20:15:53,2025-11-14 20:15:53
SRC_RETURN_ITEM_B002_000001542,RI0000038001,R000022760,OI0000217086,P000370,3,1299.43,LATE_DELIVERY,2024-06-07 23:52:30,2024-06-07 23:52:30
SRC_RETURN_ITEM_B002_000001543,RI0000038002,R000022113,OI0000217289,P000317,1,1175.69,SIZE_FIT,2024-06-17 22:45:16,2024-06-17 22:45:16
SRC_RETURN_ITEM_B002_000001544,RI0000038003,R000022629,OI0000217731,P000120,3,914.36,LATE_DELIVERY,2025-09-08 20:17:31,2025-09-08 20:17:31
SRC_RETURN_ITEM_B002_000001545,RI0000038004,R000022629,OI0000217732,P000383,1,200.95,DEFECTIVE,2025-09-08 20:17:31,2025-09-08 20:17:31
SRC_RETURN_ITEM_B002_000001546,RI0000038005,R000021320,OI0000217910,P000199,1,475.97,UNWANTED,2024-12-16 15:16:44,2024-12-16 15:16:44
SRC_RETURN_ITEM_B002_000001547,RI0000038006,R000021662,OI0000217980,P000445,1,357.38,SIZE_FIT,2024-04-07 22:36:49,2024-04-07 22:36:49
SRC_RETURN_ITEM_B002_000001548,RI0000038007,R000021662,OI0000217978,P000069,2,389.26,DAMAGED,2024-04-07 22:36:49,2024-04-07 22:36:49
SRC_RETURN_ITEM_B002_000001549,RI0000038008,R000021662,OI0000217981,P000227,1,11.26,SIZE_FIT,2024-04-07 22:36:49,2024-04-07 22:36:49
SRC_RETURN_ITEM_B002_000001550,RI0000038009,R000021656,OI0000218369,P000087,1,464.42,DEFECTIVE,2025-08-23 12:27:31,2025-08-23 12:27:31
SRC_RETURN_ITEM_B002_000001551,RI0000038010,R000021656,OI0000218371,P000085,1,385.45,SIZE_FIT,2025-08-23 12:27:31,2025-08-23 12:27:31
SRC_RETURN_ITEM_B002_000001552,RI0000038011,R000021806,OI0000218376,P000121,1,958.43,SIZE_FIT,2025-08-07 18:22:47,2025-08-07 18:22:47
SRC_RETURN_ITEM_B002_000001553,RI0000038012,R000022434,OI0000218457,P000398,1,1149.83,DEFECTIVE,2025-02-26 04:20:22,2025-02-26 04:20:22
SRC_RETURN_ITEM_B002_000001554,RI0000038013,R000022434,OI0000218458,P000160,1,280.32,DAMAGED,2025-02-26 04:20:22,2025-02-26 04:20:22
SRC_RETURN_ITEM_B002_000001555,RI0000038014,R000022537,OI0000218558,P000336,1,213.94,SIZE_FIT,2024-04-27 06:28:28,2024-04-27 06:28:28
SRC_RETURN_ITEM_B002_000001556,RI0000038015,R000022537,OI0000218560,P000313,1,22.02,DEFECTIVE,2024-04-27 06:28:28,2024-04-27 06:28:28
SRC_RETURN_ITEM_B002_000001557,RI0000038016,R000022537,OI0000218561,P000411,2,1372.70,SIZE_FIT,2024-04-27 06:28:28,2024-04-27 06:28:28
SRC_RETURN_ITEM_B002_000001558,RI0000038017,R000022552,OI0000218648,P000004,1,270.35,SIZE_FIT,2024-11-19 23:28:53,2024-11-19 23:28:53
SRC_RETURN_ITEM_B002_000001559,RI0000038018,R000022744,OI0000218947,P000044,1,100.19,DEFECTIVE,2025-12-19 12:46:02,2025-12-19 12:46:02
SRC_RETURN_ITEM_B002_000001560,RI0000038019,R000021676,OI0000218956,P000260,1,1009.06,DEFECTIVE,2024-02-22 01:18:59,2024-02-22 01:18:59
SRC_RETURN_ITEM_B002_000001561,RI0000038020,R000022665,OI0000219842,P000399,1,222.30,LATE_DELIVERY,2024-03-21 05:27:45,2024-03-21 05:27:45
SRC_RETURN_ITEM_B002_000001562,RI0000038021,R000022665,OI0000219845,P000240,1,770.90,WRONG_ITEM,2024-03-21 05:27:45,2024-03-21 05:27:45
SRC_RETURN_ITEM_B002_000001563,RI0000038022,R000022665,OI0000219843,P000352,1,504.41,UNWANTED,2024-03-21 05:27:45,2024-03-21 05:27:45
SRC_RETURN_ITEM_B002_000001564,RI0000038023,R000021431,OI0000219983,P000145,1,960.59,DAMAGED,2025-12-23 07:25:35,2025-12-23 07:25:35
SRC_RETURN_ITEM_B002_000001565,RI0000038024,R000021431,OI0000219984,P000404,1,356.89,WRONG_ITEM,2025-12-23 07:25:35,2025-12-23 07:25:35
SRC_RETURN_ITEM_B002_000001566,RI0000038025,R000021903,OI0000220094,P000052,2,2075.78,UNWANTED,2024-10-09 23:13:25,2024-10-09 23:13:25
SRC_RETURN_ITEM_B002_000001567,RI0000038026,R000021903,OI0000220095,P000200,1,265.28,UNWANTED,2024-10-09 23:13:25,2024-10-09 23:13:25
SRC_RETURN_ITEM_B002_000001568,RI0000038027,R000021903,OI0000220093,P000167,1,470.84,WRONG_ITEM,2024-10-09 23:13:25,2024-10-09 23:13:25
SRC_RETURN_ITEM_B002_000001569,RI0000038028,R000022333,OI0000220402,P000046,2,927.31,WRONG_ITEM,2024-09-06 11:04:42,2024-09-06 11:04:42
SRC_RETURN_ITEM_B002_000001570,RI0000038029,R000022383,OI0000220579,P000018,1,416.87,DAMAGED,2026-03-31 03:44:42,2026-03-31 03:44:42
SRC_RETURN_ITEM_B002_000001571,RI0000038030,R000022383,OI0000220581,P000299,2,828.07,WRONG_ITEM,2026-03-31 03:44:42,2026-03-31 03:44:42
SRC_RETURN_ITEM_B002_000001572,RI0000038031,R000021323,OI0000220909,P000154,1,10.19,LATE_DELIVERY,2025-12-10 17:50:03,2025-12-10 17:50:03
SRC_RETURN_ITEM_B002_000001573,RI0000038032,R000021753,OI0000221236,P000382,1,1040.46,WRONG_ITEM,2024-06-26 02:52:36,2024-06-26 02:52:36
SRC_RETURN_ITEM_B002_000001574,RI0000038033,R000021753,OI0000221237,P000050,1,358.75,LATE_DELIVERY,2024-06-26 02:52:36,2024-06-26 02:52:36
SRC_RETURN_ITEM_B002_000001575,RI0000038034,R000021977,OI0000221265,P000275,2,2215.27,DAMAGED,2026-01-19 01:37:09,2026-01-19 01:37:09
SRC_RETURN_ITEM_B002_000001576,RI0000038035,R000022586,OI0000221402,P000493,1,663.50,DAMAGED,2025-04-01 04:29:14,2025-04-01 04:29:14
SRC_RETURN_ITEM_B002_000001577,RI0000038036,R000022566,OI0000221430,P000246,2,83.57,SIZE_FIT,2024-10-03 11:38:59,2024-10-03 11:38:59
SRC_RETURN_ITEM_B002_000001578,RI0000038037,R000021426,OI0000222018,P000012,1,50.22,UNWANTED,2024-12-10 11:10:54,2024-12-10 11:10:54
SRC_RETURN_ITEM_B002_000001579,RI0000038038,R000021412,OI0000222251,P000374,1,1103.86,UNWANTED,2025-10-23 09:51:31,2025-10-23 09:51:31
SRC_RETURN_ITEM_B002_000001580,RI0000038039,R000021412,OI0000222250,P000119,1,258.16,SIZE_FIT,2025-10-23 09:51:31,2025-10-23 09:51:31
SRC_RETURN_ITEM_B002_000001581,RI0000038040,R000021412,OI0000222249,P000105,1,101.81,LATE_DELIVERY,2025-10-23 09:51:31,2025-10-23 09:51:31
SRC_RETURN_ITEM_B002_000001582,RI0000038041,R000022478,OI0000222829,P000286,1,251.58,UNWANTED,2024-12-28 09:43:14,2024-12-28 09:43:14
SRC_RETURN_ITEM_B002_000001583,RI0000038042,R000021322,OI0000222877,P000168,1,591.91,UNWANTED,2025-05-06 23:59:54,2025-05-06 23:59:54
SRC_RETURN_ITEM_B002_000001584,RI0000038043,R000021322,OI0000222878,P000008,1,202.36,DAMAGED,2025-05-06 23:59:54,2025-05-06 23:59:54
SRC_RETURN_ITEM_B002_000001585,RI0000038044,R000021322,OI0000222879,P000465,2,1402.66,DAMAGED,2025-05-06 23:59:54,2025-05-06 23:59:54
SRC_RETURN_ITEM_B002_000001586,RI0000038045,R000021714,OI0000223266,P000336,1,213.94,DAMAGED,2024-12-14 05:12:07,2024-12-14 05:12:07
SRC_RETURN_ITEM_B002_000001587,RI0000038046,R000021714,OI0000223268,P000047,1,269.66,DAMAGED,2024-12-14 05:12:07,2024-12-14 05:12:07
SRC_RETURN_ITEM_B002_000001588,RI0000038047,R000021583,OI0000223359,P000124,1,605.16,WRONG_ITEM,2024-10-28 00:38:53,2024-10-28 00:38:53
SRC_RETURN_ITEM_B002_000001589,RI0000038048,R000021549,OI0000223575,P000467,1,974.07,WRONG_ITEM,2025-08-20 02:45:28,2025-08-20 02:45:28
SRC_RETURN_ITEM_B002_000001590,RI0000038049,R000021549,OI0000223574,P000269,1,808.49,DAMAGED,2025-08-20 02:45:28,2025-08-20 02:45:28
SRC_RETURN_ITEM_B002_000001591,RI0000038050,R000021549,OI0000223572,P000399,1,234.65,DAMAGED,2025-08-20 02:45:28,2025-08-20 02:45:28
SRC_RETURN_ITEM_B002_000001592,RI0000038051,R000021619,OI0000224040,P000398,1,1149.83,UNWANTED,2025-10-24 10:04:10,2025-10-24 10:04:10
SRC_RETURN_ITEM_B002_000001593,RI0000038052,R000022130,OI0000224092,P000003,1,399.83,UNWANTED,2025-10-02 05:25:40,2025-10-02 05:25:40
SRC_RETURN_ITEM_B002_000001594,RI0000038053,R000022130,OI0000224093,P000015,1,771.96,DAMAGED,2025-10-02 05:25:40,2025-10-02 05:25:40
SRC_RETURN_ITEM_B002_000001595,RI0000038054,R000022130,OI0000224094,P000248,3,1877.72,DEFECTIVE,2025-10-02 05:25:40,2025-10-02 05:25:40
SRC_RETURN_ITEM_B002_000001596,RI0000038055,R000022779,OI0000224192,P000028,1,538.36,LATE_DELIVERY,2025-03-10 15:42:46,2025-03-10 15:42:46
SRC_RETURN_ITEM_B002_000001597,RI0000038056,R000022589,OI0000224254,P000468,3,2632.93,UNWANTED,2025-07-10 13:15:31,2025-07-10 13:15:31
SRC_RETURN_ITEM_B002_000001598,RI0000038057,R000022589,OI0000224255,P000431,2,115.52,DAMAGED,2025-07-10 13:15:31,2025-07-10 13:15:31
SRC_RETURN_ITEM_B002_000001599,RI0000038058,R000021778,OI0000224648,P000043,1,281.30,LATE_DELIVERY,2024-04-23 14:12:00,2024-04-23 14:12:00
SRC_RETURN_ITEM_B002_000001600,RI0000038059,R000021778,OI0000224652,P000200,1,252.02,SIZE_FIT,2024-04-23 14:12:00,2024-04-23 14:12:00
SRC_RETURN_ITEM_B002_000001601,RI0000038060,R000021908,OI0000224820,P000192,3,638.28,DEFECTIVE,2025-05-12 18:27:36,2025-05-12 18:27:36
SRC_RETURN_ITEM_B002_000001602,RI0000038061,R000021972,OI0000224872,P000159,1,39.58,SIZE_FIT,2025-08-13 17:42:19,2025-08-13 17:42:19
SRC_RETURN_ITEM_B002_000001603,RI0000038062,R000021972,OI0000224871,P000295,2,2167.97,SIZE_FIT,2025-08-13 17:42:19,2025-08-13 17:42:19
SRC_RETURN_ITEM_B002_000001604,RI0000038063,R000022120,OI0000225316,P000459,1,789.98,DEFECTIVE,2026-08-19 04:25:30,2026-08-19 04:25:30
SRC_RETURN_ITEM_B002_000001605,RI0000038064,R000022266,OI0000225327,P000022,1,1158.95,SIZE_FIT,2025-09-26 05:47:07,2025-09-26 05:47:07
SRC_RETURN_ITEM_B002_000001606,RI0000038065,R000021344,OI0000225988,P000029,1,1161.94,DAMAGED,2025-01-13 22:40:24,2025-01-13 22:40:24
SRC_RETURN_ITEM_B002_000001607,RI0000038066,R000021344,OI0000225989,P000083,2,682.72,DAMAGED,2025-01-13 22:40:24,2025-01-13 22:40:24
SRC_RETURN_ITEM_B002_000001608,RI0000038067,R000022426,OI0000226251,P000021,2,435.07,WRONG_ITEM,2025-09-09 03:53:55,2025-09-09 03:53:55
SRC_RETURN_ITEM_B002_000001609,RI0000038068,R000022276,OI0000226271,P000051,1,466.37,UNWANTED,2024-11-05 08:37:39,2024-11-05 08:37:39
SRC_RETURN_ITEM_B002_000001610,RI0000038069,R000022792,OI0000226459,P000306,1,887.09,UNWANTED,2026-07-08 06:08:52,2026-07-08 06:08:52
SRC_RETURN_ITEM_B002_000001611,RI0000038070,R000022792,OI0000226458,P000450,1,1143.54,DAMAGED,2026-07-08 06:08:52,2026-07-08 06:08:52
SRC_RETURN_ITEM_B002_000001612,RI0000038071,R000022538,OI0000226470,P000236,1,425.38,UNWANTED,2026-02-28 12:33:49,2026-02-28 12:33:49
SRC_RETURN_ITEM_B002_000001613,RI0000038072,R000021933,OI0000227042,P000367,1,310.68,SIZE_FIT,2024-12-09 17:48:49,2024-12-09 17:48:49
SRC_RETURN_ITEM_B002_000001614,RI0000038073,R000022366,OI0000227415,P000336,1,192.54,DAMAGED,2026-04-12 06:59:19,2026-04-12 06:59:19
SRC_RETURN_ITEM_B002_000001615,RI0000038074,R000021632,OI0000227730,P000112,1,765.30,SIZE_FIT,2024-04-07 06:51:42,2024-04-07 06:51:42
SRC_RETURN_ITEM_B002_000001616,RI0000038075,R000021632,OI0000227728,P000141,1,312.08,SIZE_FIT,2024-04-07 06:51:42,2024-04-07 06:51:42
SRC_RETURN_ITEM_B002_000001617,RI0000038076,R000021632,OI0000227727,P000330,1,932.66,UNWANTED,2024-04-07 06:51:42,2024-04-07 06:51:42
SRC_RETURN_ITEM_B002_000001618,RI0000038077,R000022241,OI0000227941,P000112,1,765.30,SIZE_FIT,2024-07-16 14:14:30,2024-07-16 14:14:30
SRC_RETURN_ITEM_B002_000001619,RI0000038078,R000022680,OI0000228018,P000380,1,978.50,WRONG_ITEM,2025-09-28 19:15:16,2025-09-28 19:15:16
SRC_RETURN_ITEM_B002_000001620,RI0000038079,R000022680,OI0000228020,P000488,1,472.64,UNWANTED,2025-09-28 19:15:16,2025-09-28 19:15:16
SRC_RETURN_ITEM_B002_000001621,RI0000038080,R000022680,OI0000228019,P000182,1,258.10,UNWANTED,2025-09-28 19:15:16,2025-09-28 19:15:16
SRC_RETURN_ITEM_B002_000001622,RI0000038081,R000022234,OI0000228178,P000319,1,18.28,SIZE_FIT,2024-08-18 22:03:56,2024-08-18 22:03:56
SRC_RETURN_ITEM_B002_000001623,RI0000038082,R000022234,OI0000228176,P000020,1,354.89,WRONG_ITEM,2024-08-18 22:03:56,2024-08-18 22:03:56
SRC_RETURN_ITEM_B002_000001624,RI0000038083,R000022718,OI0000228726,P000393,1,5.47,DEFECTIVE,2025-05-16 02:29:48,2025-05-16 02:29:48
SRC_RETURN_ITEM_B002_000001625,RI0000038084,R000022718,OI0000228725,P000168,2,1331.80,SIZE_FIT,2025-05-16 02:29:48,2025-05-16 02:29:48
SRC_RETURN_ITEM_B002_000001626,RI0000038085,R000022718,OI0000228727,P000090,1,576.37,DAMAGED,2025-05-16 02:29:48,2025-05-16 02:29:48
SRC_RETURN_ITEM_B002_000001627,RI0000038086,R000022597,OI0000228795,P000442,1,658.07,WRONG_ITEM,2025-06-22 19:38:35,2025-06-22 19:38:35
SRC_RETURN_ITEM_B002_000001628,RI0000038087,R000022118,OI0000229217,P000167,1,376.68,WRONG_ITEM,2026-02-10 02:26:21,2026-02-10 02:26:21
SRC_RETURN_ITEM_B002_000001629,RI0000038088,R000022038,OI0000229381,P000201,1,520.21,DAMAGED,2026-06-28 19:55:32,2026-06-28 19:55:32
SRC_RETURN_ITEM_B002_000001630,RI0000038089,R000022038,OI0000229383,P000101,1,1050.11,UNWANTED,2026-06-28 19:55:32,2026-06-28 19:55:32
SRC_RETURN_ITEM_B002_000001631,RI0000038090,R000022038,OI0000229382,P000365,1,753.05,LATE_DELIVERY,2026-06-28 19:55:32,2026-06-28 19:55:32
SRC_RETURN_ITEM_B002_000001632,RI0000038091,R000021755,OI0000229618,P000145,1,960.59,DEFECTIVE,2024-11-17 04:23:56,2024-11-17 04:23:56
SRC_RETURN_ITEM_B002_000001633,RI0000038092,R000021755,OI0000229615,P000213,1,1077.04,LATE_DELIVERY,2024-11-17 04:23:56,2024-11-17 04:23:56
SRC_RETURN_ITEM_B002_000001634,RI0000038093,R000021755,OI0000229613,P000308,1,63.37,SIZE_FIT,2024-11-17 04:23:56,2024-11-17 04:23:56
SRC_RETURN_ITEM_B002_000001635,RI0000038094,R000022395,OI0000229680,P000436,1,53.28,DEFECTIVE,2026-02-24 13:43:54,2026-02-24 13:43:54
SRC_RETURN_ITEM_B002_000001636,RI0000038095,R000022750,OI0000229985,P000062,1,780.28,DAMAGED,2026-03-09 23:46:31,2026-03-09 23:46:31
SRC_RETURN_ITEM_B002_000001637,RI0000038096,R000022750,OI0000229984,P000092,1,988.91,DEFECTIVE,2026-03-09 23:46:31,2026-03-09 23:46:31
SRC_RETURN_ITEM_B002_000001638,RI0000038097,R000021814,OI0000230324,P000265,3,1339.88,SIZE_FIT,2025-06-16 08:56:51,2025-06-16 08:56:51
SRC_RETURN_ITEM_B002_000001639,RI0000038098,R000021820,OI0000230588,P000161,1,655.44,SIZE_FIT,2025-07-13 17:41:26,2025-07-13 17:41:26
SRC_RETURN_ITEM_B002_000001640,RI0000038099,R000021820,OI0000230590,P000489,1,391.32,DAMAGED,2025-07-13 17:41:26,2025-07-13 17:41:26
SRC_RETURN_ITEM_B002_000001641,RI0000038100,R000021820,OI0000230589,P000418,2,2131.32,SIZE_FIT,2025-07-13 17:41:26,2025-07-13 17:41:26
SRC_RETURN_ITEM_B002_000001642,RI0000038101,R000022487,OI0000231361,P000289,1,826.73,DAMAGED,2025-04-11 10:53:25,2025-04-11 10:53:25
SRC_RETURN_ITEM_B002_000001643,RI0000038102,R000022487,OI0000231360,P000036,1,986.86,DAMAGED,2025-04-11 10:53:25,2025-04-11 10:53:25
SRC_RETURN_ITEM_B002_000001644,RI0000038103,R000022098,OI0000231651,P000368,1,625.93,UNWANTED,2025-10-30 23:12:24,2025-10-30 23:12:24
SRC_RETURN_ITEM_B002_000001645,RI0000038104,R000022098,OI0000231650,P000449,1,161.88,LATE_DELIVERY,2025-10-30 23:12:24,2025-10-30 23:12:24
SRC_RETURN_ITEM_B002_000001646,RI0000038105,R000022098,OI0000231652,P000147,1,216.11,UNWANTED,2025-10-30 23:12:24,2025-10-30 23:12:24
SRC_RETURN_ITEM_B002_000001647,RI0000038106,R000021527,OI0000231983,P000220,1,709.64,LATE_DELIVERY,2025-01-13 17:35:27,2025-01-13 17:35:27
SRC_RETURN_ITEM_B002_000001648,RI0000038107,R000022420,OI0000232075,P000448,1,110.04,DAMAGED,2024-09-22 11:33:44,2024-09-22 11:33:44
SRC_RETURN_ITEM_B002_000001649,RI0000038108,R000022420,OI0000232074,P000424,1,881.83,DAMAGED,2024-09-22 11:33:44,2024-09-22 11:33:44
SRC_RETURN_ITEM_B002_000001650,RI0000038109,R000022420,OI0000232076,P000132,2,991.20,UNWANTED,2024-09-22 11:33:44,2024-09-22 11:33:44
SRC_RETURN_ITEM_B002_000001651,RI0000038110,R000022000,OI0000232581,P000421,1,374.59,DAMAGED,2024-03-17 12:05:22,2024-03-17 12:05:22
SRC_RETURN_ITEM_B002_000001652,RI0000038111,R000022000,OI0000232580,P000429,1,1143.05,LATE_DELIVERY,2024-03-17 12:05:22,2024-03-17 12:05:22
SRC_RETURN_ITEM_B002_000001653,RI0000038112,R000022000,OI0000232582,P000246,1,37.61,LATE_DELIVERY,2024-03-17 12:05:22,2024-03-17 12:05:22
SRC_RETURN_ITEM_B002_000001654,RI0000038113,R000022219,OI0000232891,P000327,1,401.41,WRONG_ITEM,2024-12-19 12:22:33,2024-12-19 12:22:33
SRC_RETURN_ITEM_B002_000001655,RI0000038114,R000022129,OI0000233174,P000037,1,782.69,SIZE_FIT,2025-06-23 11:39:20,2025-06-23 11:39:20
SRC_RETURN_ITEM_B002_000001656,RI0000038115,R000021962,OI0000233260,P000217,1,583.37,SIZE_FIT,2026-05-19 02:26:00,2026-05-19 02:26:00
SRC_RETURN_ITEM_B002_000001657,RI0000038116,R000022056,OI0000233442,P000433,1,903.62,WRONG_ITEM,2025-05-29 12:19:30,2025-05-29 12:19:30
SRC_RETURN_ITEM_B002_000001658,RI0000038117,R000022056,OI0000233444,P000191,3,2759.94,DAMAGED,2025-05-29 12:19:30,2025-05-29 12:19:30
SRC_RETURN_ITEM_B002_000001659,RI0000038118,R000022297,OI0000233805,P000139,1,750.48,LATE_DELIVERY,2024-10-24 09:56:22,2024-10-24 09:56:22
SRC_RETURN_ITEM_B002_000001660,RI0000038119,R000021529,OI0000234324,P000019,2,247.63,WRONG_ITEM,2025-04-12 13:50:41,2025-04-12 13:50:41
SRC_RETURN_ITEM_B002_000001661,RI0000038120,R000021529,OI0000234325,P000396,1,380.90,SIZE_FIT,2025-04-12 13:50:41,2025-04-12 13:50:41
SRC_RETURN_ITEM_B002_000001662,RI0000038121,R000022145,OI0000234365,P000283,1,1159.43,DAMAGED,2025-01-12 22:13:53,2025-01-12 22:13:53
SRC_RETURN_ITEM_B002_000001663,RI0000038122,R000022145,OI0000234363,P000257,1,305.86,SIZE_FIT,2025-01-12 22:13:53,2025-01-12 22:13:53
SRC_RETURN_ITEM_B002_000001664,RI0000038123,R000022145,OI0000234364,P000180,2,142.30,WRONG_ITEM,2025-01-12 22:13:53,2025-01-12 22:13:53
SRC_RETURN_ITEM_B002_000001665,RI0000038124,R000022518,OI0000234863,P000474,1,622.04,DAMAGED,2024-10-20 22:39:58,2024-10-20 22:39:58
SRC_RETURN_ITEM_B002_000001666,RI0000038125,R000022518,OI0000234861,P000191,1,919.98,UNWANTED,2024-10-20 22:39:58,2024-10-20 22:39:58
SRC_RETURN_ITEM_B002_000001667,RI0000038126,R000021720,OI0000234869,P000066,1,342.07,SIZE_FIT,2024-12-31 19:22:28,2024-12-31 19:22:28
SRC_RETURN_ITEM_B002_000001668,RI0000038127,R000022515,OI0000235858,P000296,1,420.26,DEFECTIVE,2026-09-21 17:47:53,2026-09-21 17:47:53
SRC_RETURN_ITEM_B002_000001669,RI0000038128,R000021428,OI0000236837,P000478,3,1214.32,WRONG_ITEM,2024-07-20 17:12:31,2024-07-20 17:12:31
SRC_RETURN_ITEM_B002_000001670,RI0000038129,R000021428,OI0000236839,P000342,1,475.48,DEFECTIVE,2024-07-20 17:12:31,2024-07-20 17:12:31
SRC_RETURN_ITEM_B002_000001671,RI0000038130,R000022783,OI0000237160,P000192,1,212.76,LATE_DELIVERY,2024-09-26 06:44:38,2024-09-26 06:44:38
SRC_RETURN_ITEM_B002_000001672,RI0000038131,R000022783,OI0000237161,P000135,2,2397.07,LATE_DELIVERY,2024-09-26 06:44:38,2024-09-26 06:44:38
SRC_RETURN_ITEM_B002_000001673,RI0000038132,R000022783,OI0000237162,P000165,1,176.15,LATE_DELIVERY,2024-09-26 06:44:38,2024-09-26 06:44:38
SRC_RETURN_ITEM_B002_000001674,RI0000038133,R000022576,OI0000237275,P000450,1,1143.54,LATE_DELIVERY,2024-12-08 07:19:42,2024-12-08 07:19:42
SRC_RETURN_ITEM_B002_000001675,RI0000038134,R000022256,OI0000237397,P000455,2,590.26,UNWANTED,2025-12-31 13:09:52,2025-12-31 13:09:52
SRC_RETURN_ITEM_B002_000001676,RI0000038135,R000022256,OI0000237396,P000464,1,179.56,WRONG_ITEM,2025-12-31 13:09:52,2025-12-31 13:09:52
SRC_RETURN_ITEM_B002_000001677,RI0000038136,R000021959,OI0000237794,P000094,1,114.94,WRONG_ITEM,2025-02-08 15:21:22,2025-02-08 15:21:22
SRC_RETURN_ITEM_B002_000001678,RI0000038137,R000021959,OI0000237793,P000379,1,1021.66,DAMAGED,2025-02-08 15:21:22,2025-02-08 15:21:22
SRC_RETURN_ITEM_B002_000001679,RI0000038138,R000022109,OI0000237874,P000487,2,41.45,LATE_DELIVERY,2024-11-06 08:29:37,2024-11-06 08:29:37
SRC_RETURN_ITEM_B002_000001680,RI0000038139,R000022109,OI0000237876,P000182,1,232.28,UNWANTED,2024-11-06 08:29:37,2024-11-06 08:29:37
SRC_RETURN_ITEM_B002_000001681,RI0000038140,R000021836,OI0000238535,P000184,1,170.35,WRONG_ITEM,2025-07-08 04:55:52,2025-07-08 04:55:52
SRC_RETURN_ITEM_B002_000001682,RI0000038141,R000021836,OI0000238533,P000426,1,149.21,LATE_DELIVERY,2025-07-08 04:55:52,2025-07-08 04:55:52
SRC_RETURN_ITEM_B002_000001683,RI0000038142,R000021405,OI0000238731,P000096,1,185.57,LATE_DELIVERY,2025-10-01 21:00:47,2025-10-01 21:00:47
SRC_RETURN_ITEM_B002_000001684,RI0000038143,R000021833,OI0000238755,P000230,1,736.44,LATE_DELIVERY,2024-09-07 01:47:05,2024-09-07 01:47:05
SRC_RETURN_ITEM_B002_000001685,RI0000038144,R000021817,OI0000238776,P000005,1,482.56,WRONG_ITEM,2025-01-12 09:47:28,2025-01-12 09:47:28
SRC_RETURN_ITEM_B002_000001686,RI0000038145,R000022773,OI0000239426,P000426,2,298.42,WRONG_ITEM,2026-06-11 18:15:57,2026-06-11 18:15:57
SRC_RETURN_ITEM_B002_000001687,RI0000038146,R000022773,OI0000239427,P000495,1,943.37,DAMAGED,2026-06-11 18:15:57,2026-06-11 18:15:57
SRC_RETURN_ITEM_B002_000001688,RI0000038147,R000021429,OI0000239794,P000045,3,3210.55,DEFECTIVE,2024-05-14 22:13:46,2024-05-14 22:13:46
SRC_RETURN_ITEM_B002_000001689,RI0000038148,R000021429,OI0000239792,P000008,1,192.24,UNWANTED,2024-05-14 22:13:46,2024-05-14 22:13:46
SRC_RETURN_ITEM_B002_000001690,RI0000038149,R000021790,OI0000239981,P000037,1,920.81,WRONG_ITEM,2024-07-09 03:06:44,2024-07-09 03:06:44
SRC_RETURN_ITEM_B002_000001691,RI0000038150,R000021790,OI0000239982,P000442,1,592.26,DEFECTIVE,2024-07-09 03:06:44,2024-07-09 03:06:44
SRC_RETURN_ITEM_B002_000001692,RI0000038151,R000022467,OI0000240367,P000313,1,19.82,SIZE_FIT,2024-08-13 21:00:58,2024-08-13 21:00:58
SRC_RETURN_ITEM_B002_000001693,RI0000038152,R000022467,OI0000240365,P000410,1,599.66,SIZE_FIT,2024-08-13 21:00:58,2024-08-13 21:00:58
SRC_RETURN_ITEM_B002_000001694,RI0000038153,R000022467,OI0000240368,P000371,1,626.78,DAMAGED,2024-08-13 21:00:58,2024-08-13 21:00:58
SRC_RETURN_ITEM_B002_000001695,RI0000038154,R000022561,OI0000240457,P000474,1,622.04,WRONG_ITEM,2025-10-27 17:32:34,2025-10-27 17:32:34
SRC_RETURN_ITEM_B002_000001696,RI0000038155,R000022561,OI0000240460,P000492,2,1314.22,UNWANTED,2025-10-27 17:32:34,2025-10-27 17:32:34
SRC_RETURN_ITEM_B002_000001697,RI0000038156,R000022448,OI0000240475,P000096,1,167.02,UNWANTED,2025-04-21 13:47:53,2025-04-21 13:47:53
SRC_RETURN_ITEM_B002_000001698,RI0000038157,R000022448,OI0000240476,P000294,1,394.07,WRONG_ITEM,2025-04-21 13:47:53,2025-04-21 13:47:53
SRC_RETURN_ITEM_B002_000001699,RI0000038158,R000022448,OI0000240474,P000468,1,877.64,DAMAGED,2025-04-21 13:47:53,2025-04-21 13:47:53
SRC_RETURN_ITEM_B002_000001700,RI0000038159,R000021928,OI0000241034,P000291,1,771.52,SIZE_FIT,2024-12-15 00:03:33,2024-12-15 00:03:33
SRC_RETURN_ITEM_B002_000001701,RI0000038160,R000022131,OI0000241307,P000316,1,379.01,DAMAGED,2025-03-16 16:11:24,2025-03-16 16:11:24
SRC_RETURN_ITEM_B002_000001702,RI0000038161,R000022131,OI0000241309,P000239,1,933.43,UNWANTED,2025-03-16 16:11:24,2025-03-16 16:11:24
SRC_RETURN_ITEM_B002_000001703,RI0000038162,R000022131,OI0000241308,P000083,1,379.28,DAMAGED,2025-03-16 16:11:24,2025-03-16 16:11:24
SRC_RETURN_ITEM_B002_000001704,RI0000038163,R000022238,OI0000241402,P000172,2,1856.80,DEFECTIVE,2026-04-24 20:48:44,2026-04-24 20:48:44
SRC_RETURN_ITEM_B002_000001705,RI0000038164,R000022702,OI0000241567,P000181,1,1115.72,WRONG_ITEM,2025-07-11 23:51:28,2025-07-11 23:51:28
SRC_RETURN_ITEM_B002_000001706,RI0000038165,R000022702,OI0000241566,P000026,2,1863.43,LATE_DELIVERY,2025-07-11 23:51:28,2025-07-11 23:51:28
SRC_RETURN_ITEM_B002_000001707,RI0000038166,R000021734,OI0000242080,P000141,2,693.53,SIZE_FIT,2026-06-05 20:44:59,2026-06-05 20:44:59
SRC_RETURN_ITEM_B002_000001708,RI0000038167,R000021734,OI0000242079,P000407,1,925.39,DAMAGED,2026-06-05 20:44:59,2026-06-05 20:44:59
SRC_RETURN_ITEM_B002_000001709,RI0000038168,R000022020,OI0000242136,P000034,1,975.96,WRONG_ITEM,2024-06-29 04:12:42,2024-06-29 04:12:42
SRC_RETURN_ITEM_B002_000001710,RI0000038169,R000022532,OI0000242200,P000465,2,1402.66,DEFECTIVE,2026-09-18 11:41:54,2026-09-18 11:41:54
SRC_RETURN_ITEM_B002_000001711,RI0000038170,R000022532,OI0000242203,P000342,1,380.38,DAMAGED,2026-09-18 11:41:54,2026-09-18 11:41:54
SRC_RETURN_ITEM_B002_000001712,RI0000038171,R000022771,OI0000242227,P000421,1,299.68,DAMAGED,2024-05-07 03:00:16,2024-05-07 03:00:16
SRC_RETURN_ITEM_B002_000001713,RI0000038172,R000022477,OI0000242364,P000486,1,266.26,DAMAGED,2026-08-14 03:03:47,2026-08-14 03:03:47
SRC_RETURN_ITEM_B002_000001714,RI0000038173,R000022786,OI0000242434,P000243,1,991.18,UNWANTED,2025-01-03 16:55:37,2025-01-03 16:55:37
SRC_RETURN_ITEM_B002_000001715,RI0000038174,R000022786,OI0000242435,P000429,1,1028.74,LATE_DELIVERY,2025-01-03 16:55:37,2025-01-03 16:55:37
SRC_RETURN_ITEM_B002_000001716,RI0000038175,R000022786,OI0000242433,P000496,1,1016.16,LATE_DELIVERY,2025-01-03 16:55:37,2025-01-03 16:55:37
SRC_RETURN_ITEM_B002_000001717,RI0000038176,R000022738,OI0000242960,P000438,1,939.55,LATE_DELIVERY,2024-05-11 11:56:18,2024-05-11 11:56:18
SRC_RETURN_ITEM_B002_000001718,RI0000038177,R000022738,OI0000242961,P000081,1,193.26,WRONG_ITEM,2024-05-11 11:56:18,2024-05-11 11:56:18
SRC_RETURN_ITEM_B002_000001719,RI0000038178,R000022738,OI0000242959,P000346,2,2124.29,DAMAGED,2024-05-11 11:56:18,2024-05-11 11:56:18
SRC_RETURN_ITEM_B002_000001720,RI0000038179,R000022192,OI0000243025,P000013,2,2358.84,DEFECTIVE,2025-08-16 13:07:24,2025-08-16 13:07:24
SRC_RETURN_ITEM_B002_000001721,RI0000038180,R000021330,OI0000243120,P000469,1,488.06,SIZE_FIT,2026-06-14 13:39:46,2026-06-14 13:39:46
SRC_RETURN_ITEM_B002_000001722,RI0000038181,R000021396,OI0000243197,P000176,1,929.53,DAMAGED,2025-08-16 04:40:55,2025-08-16 04:40:55
SRC_RETURN_ITEM_B002_000001723,RI0000038182,R000021396,OI0000243198,P000418,1,852.53,WRONG_ITEM,2025-08-16 04:40:55,2025-08-16 04:40:55
SRC_RETURN_ITEM_B002_000001724,RI0000038183,R000021396,OI0000243201,P000081,1,183.60,LATE_DELIVERY,2025-08-16 04:40:55,2025-08-16 04:40:55
SRC_RETURN_ITEM_B002_000001725,RI0000038184,R000021849,OI0000244020,P000185,2,1333.25,SIZE_FIT,2024-07-08 07:12:32,2024-07-08 07:12:32
SRC_RETURN_ITEM_B002_000001726,RI0000038185,R000022455,OI0000244064,P000091,1,658.54,UNWANTED,2025-12-21 19:57:56,2025-12-21 19:57:56
SRC_RETURN_ITEM_B002_000001727,RI0000038186,R000022455,OI0000244065,P000480,1,538.32,LATE_DELIVERY,2025-12-21 19:57:56,2025-12-21 19:57:56
SRC_RETURN_ITEM_B002_000001728,RI0000038187,R000021758,OI0000244071,P000385,3,275.51,LATE_DELIVERY,2026-06-05 03:05:52,2026-06-05 03:05:52
SRC_RETURN_ITEM_B002_000001729,RI0000038188,R000021900,OI0000244741,P000039,1,783.89,SIZE_FIT,2025-09-26 01:15:09,2025-09-26 01:15:09
SRC_RETURN_ITEM_B002_000001730,RI0000038189,R000021900,OI0000244740,P000435,1,964.33,WRONG_ITEM,2025-09-26 01:15:09,2025-09-26 01:15:09
SRC_RETURN_ITEM_B002_000001731,RI0000038190,R000021900,OI0000244742,P000155,2,1433.96,WRONG_ITEM,2025-09-26 01:15:09,2025-09-26 01:15:09
SRC_RETURN_ITEM_B002_000001732,RI0000038191,R000022278,OI0000245227,P000409,2,206.47,UNWANTED,2025-09-06 15:45:57,2025-09-06 15:45:57
SRC_RETURN_ITEM_B002_000001733,RI0000038192,R000022712,OI0000245255,P000019,1,111.43,WRONG_ITEM,2024-09-08 02:02:48,2024-09-08 02:02:48
SRC_RETURN_ITEM_B002_000001734,RI0000038193,R000022712,OI0000245254,P000323,1,691.09,UNWANTED,2024-09-08 02:02:48,2024-09-08 02:02:48
SRC_RETURN_ITEM_B002_000001735,RI0000038194,R000022712,OI0000245256,P000191,1,873.98,LATE_DELIVERY,2024-09-08 02:02:48,2024-09-08 02:02:48
SRC_RETURN_ITEM_B002_000001736,RI0000038195,R000022226,OI0000245972,P000172,1,1031.56,SIZE_FIT,2025-12-17 13:49:23,2025-12-17 13:49:23
SRC_RETURN_ITEM_B002_000001737,RI0000038196,R000022413,OI0000246679,P000338,1,1015.36,DAMAGED,2024-07-12 03:27:23,2024-07-12 03:27:23
SRC_RETURN_ITEM_B002_000001738,RI0000038197,R000021350,OI0000247402,P000095,1,567.08,WRONG_ITEM,2026-06-06 04:27:18,2026-06-06 04:27:18
SRC_RETURN_ITEM_B002_000001739,RI0000038198,R000021498,OI0000247420,P000077,2,55.61,LATE_DELIVERY,2025-01-18 04:54:17,2025-01-18 04:54:17
SRC_RETURN_ITEM_B002_000001740,RI0000038199,R000021498,OI0000247419,P000409,1,108.67,LATE_DELIVERY,2025-01-18 04:54:17,2025-01-18 04:54:17
SRC_RETURN_ITEM_B002_000001741,RI0000038200,R000021498,OI0000247418,P000113,1,231.80,SIZE_FIT,2025-01-18 04:54:17,2025-01-18 04:54:17
SRC_RETURN_ITEM_B002_000001742,RI0000038201,R000022417,OI0000248119,P000252,1,1126.78,WRONG_ITEM,2025-01-07 18:18:56,2025-01-07 18:18:56
SRC_RETURN_ITEM_B002_000001743,RI0000038202,R000022417,OI0000248121,P000437,2,1294.36,DAMAGED,2025-01-07 18:18:56,2025-01-07 18:18:56
SRC_RETURN_ITEM_B002_000001744,RI0000038203,R000021770,OI0000249083,P000260,1,857.70,LATE_DELIVERY,2025-12-19 09:56:48,2025-12-19 09:56:48
SRC_RETURN_ITEM_B002_000001745,RI0000038204,R000021967,OI0000249670,P000176,1,929.53,LATE_DELIVERY,2024-02-15 05:11:40,2024-02-15 05:11:40
SRC_RETURN_ITEM_B002_000001746,RI0000038205,R000021967,OI0000249673,P000457,1,812.04,LATE_DELIVERY,2024-02-15 05:11:40,2024-02-15 05:11:40
SRC_RETURN_ITEM_B002_000001747,RI0000038206,R000022171,OI0000249984,P000183,1,818.30,DEFECTIVE,2024-08-22 05:16:56,2024-08-22 05:16:56
SRC_RETURN_ITEM_B002_000001748,RI0000038207,R000021362,OI0000250219,P000135,1,1198.54,SIZE_FIT,2025-07-21 19:32:37,2025-07-21 19:32:37
SRC_RETURN_ITEM_B002_000001749,RI0000038208,R000021362,OI0000250222,P000379,1,868.40,DEFECTIVE,2025-07-21 19:32:37,2025-07-21 19:32:37
SRC_RETURN_ITEM_B002_000001750,RI0000038209,R000021362,OI0000250220,P000239,2,1773.52,DAMAGED,2025-07-21 19:32:37,2025-07-21 19:32:37
SRC_RETURN_ITEM_B002_000001751,RI0000038210,R000022218,OI0000250249,P000251,1,689.23,LATE_DELIVERY,2026-07-26 00:10:57,2026-07-26 00:10:57
SRC_RETURN_ITEM_B002_000001752,RI0000038211,R000022064,OI0000250302,P000390,1,840.36,LATE_DELIVERY,2024-05-04 23:23:41,2024-05-04 23:23:41
SRC_RETURN_ITEM_B002_000001753,RI0000038212,R000021352,OI0000250423,P000304,1,583.79,DAMAGED,2024-05-11 11:21:35,2024-05-11 11:21:35
SRC_RETURN_ITEM_B002_000001754,RI0000038213,R000022249,OI0000250668,P000312,1,372.61,SIZE_FIT,2025-04-25 07:45:32,2025-04-25 07:45:32
SRC_RETURN_ITEM_B002_000001755,RI0000038214,R000022249,OI0000250667,P000133,1,567.19,LATE_DELIVERY,2025-04-25 07:45:32,2025-04-25 07:45:32
SRC_RETURN_ITEM_B002_000001756,RI0000038215,R000021843,OI0000251396,P000207,1,525.04,UNWANTED,2024-11-17 20:55:28,2024-11-17 20:55:28
SRC_RETURN_ITEM_B002_000001757,RI0000038216,R000021843,OI0000251398,P000275,1,1165.93,SIZE_FIT,2024-11-17 20:55:28,2024-11-17 20:55:28
SRC_RETURN_ITEM_B002_000001758,RI0000038217,R000021843,OI0000251397,P000330,1,1049.24,UNWANTED,2024-11-17 20:55:28,2024-11-17 20:55:28
SRC_RETURN_ITEM_B002_000001759,RI0000038218,R000021794,OI0000251432,P000267,1,676.82,DAMAGED,2026-06-01 14:07:30,2026-06-01 14:07:30
SRC_RETURN_ITEM_B002_000001760,RI0000038219,R000022286,OI0000251558,P000158,2,606.93,DEFECTIVE,2025-10-29 07:34:34,2025-10-29 07:34:34
SRC_RETURN_ITEM_B002_000001761,RI0000038220,R000022286,OI0000251559,P000272,1,839.06,LATE_DELIVERY,2025-10-29 07:34:34,2025-10-29 07:34:34
SRC_RETURN_ITEM_B002_000001762,RI0000038221,R000022286,OI0000251557,P000192,2,425.52,LATE_DELIVERY,2025-10-29 07:34:34,2025-10-29 07:34:34
SRC_RETURN_ITEM_B002_000001763,RI0000038222,R000021446,OI0000252032,P000128,1,1130.21,LATE_DELIVERY,2026-07-02 01:52:11,2026-07-02 01:52:11
SRC_RETURN_ITEM_B002_000001764,RI0000038223,R000021446,OI0000252035,P000417,1,909.43,WRONG_ITEM,2026-07-02 01:52:11,2026-07-02 01:52:11
SRC_RETURN_ITEM_B002_000001765,RI0000038224,R000022023,OI0000252314,P000474,2,1119.68,WRONG_ITEM,2024-10-22 21:52:11,2024-10-22 21:52:11
SRC_RETURN_ITEM_B002_000001766,RI0000038225,R000022023,OI0000252313,P000140,2,207.46,WRONG_ITEM,2024-10-22 21:52:11,2024-10-22 21:52:11
SRC_RETURN_ITEM_B002_000001767,RI0000038226,R000022001,OI0000252424,P000104,1,364.64,LATE_DELIVERY,2026-07-30 07:10:56,2026-07-30 07:10:56
SRC_RETURN_ITEM_B002_000001768,RI0000038227,R000022001,OI0000252427,P000226,1,760.10,DAMAGED,2026-07-30 07:10:56,2026-07-30 07:10:56
SRC_RETURN_ITEM_B002_000001769,RI0000038228,R000022001,OI0000252426,P000297,2,905.46,WRONG_ITEM,2026-07-30 07:10:56,2026-07-30 07:10:56
SRC_RETURN_ITEM_B002_000001770,RI0000038229,R000022611,OI0000252465,P000113,1,219.61,SIZE_FIT,2024-02-28 09:19:06,2024-02-28 09:19:06
SRC_RETURN_ITEM_B002_000001771,RI0000038230,R000022611,OI0000252464,P000495,2,1886.74,LATE_DELIVERY,2024-02-28 09:19:06,2024-02-28 09:19:06
SRC_RETURN_ITEM_B002_000001772,RI0000038231,R000021861,OI0000252620,P000139,1,631.99,DAMAGED,2025-02-23 15:21:51,2025-02-23 15:21:51
SRC_RETURN_ITEM_B002_000001773,RI0000038232,R000022335,OI0000252834,P000424,1,881.83,SIZE_FIT,2025-06-19 17:21:37,2025-06-19 17:21:37
SRC_RETURN_ITEM_B002_000001774,RI0000038233,R000022335,OI0000252833,P000253,2,1856.84,DEFECTIVE,2025-06-19 17:21:37,2025-06-19 17:21:37
SRC_RETURN_ITEM_B002_000001775,RI0000038234,R000022324,OI0000252929,P000160,3,840.96,WRONG_ITEM,2024-11-24 18:32:35,2024-11-24 18:32:35
SRC_RETURN_ITEM_B002_000001776,RI0000038235,R000022324,OI0000252927,P000110,1,786.67,DAMAGED,2024-11-24 18:32:35,2024-11-24 18:32:35
SRC_RETURN_ITEM_B002_000001777,RI0000038236,R000022485,OI0000252936,P000237,1,715.82,DAMAGED,2025-04-15 09:23:19,2025-04-15 09:23:19
SRC_RETURN_ITEM_B002_000001778,RI0000038237,R000021831,OI0000253396,P000292,1,57.07,UNWANTED,2026-01-01 11:47:15,2026-01-01 11:47:15
SRC_RETURN_ITEM_B002_000001779,RI0000038238,R000021831,OI0000253397,P000336,1,171.14,UNWANTED,2026-01-01 11:47:15,2026-01-01 11:47:15
SRC_RETURN_ITEM_B002_000001780,RI0000038239,R000021831,OI0000253398,P000323,3,2439.14,DEFECTIVE,2026-01-01 11:47:15,2026-01-01 11:47:15
SRC_RETURN_ITEM_B002_000001781,RI0000038240,R000021918,OI0000253642,P000086,1,884.47,DAMAGED,2026-02-01 14:36:10,2026-02-01 14:36:10
SRC_RETURN_ITEM_B002_000001782,RI0000038241,R000021918,OI0000253641,P000387,1,1145.21,UNWANTED,2026-02-01 14:36:10,2026-02-01 14:36:10
SRC_RETURN_ITEM_B002_000001783,RI0000038242,R000021763,OI0000253735,P000112,1,765.30,DAMAGED,2024-12-15 06:20:03,2024-12-15 06:20:03
SRC_RETURN_ITEM_B002_000001784,RI0000038243,R000021763,OI0000253736,P000341,1,861.98,DAMAGED,2024-12-15 06:20:03,2024-12-15 06:20:03
SRC_RETURN_ITEM_B002_000001785,RI0000038244,R000022342,OI0000253996,P000027,1,796.18,DEFECTIVE,2024-10-25 15:11:32,2024-10-25 15:11:32
SRC_RETURN_ITEM_B002_000001786,RI0000038245,R000022342,OI0000253994,P000463,1,616.56,SIZE_FIT,2024-10-25 15:11:32,2024-10-25 15:11:32
SRC_RETURN_ITEM_B002_000001787,RI0000038246,R000022342,OI0000253997,P000493,3,1990.51,WRONG_ITEM,2024-10-25 15:11:32,2024-10-25 15:11:32
SRC_RETURN_ITEM_B002_000001788,RI0000038247,R000022362,OI0000254326,P000365,1,792.68,SIZE_FIT,2024-03-10 14:21:11,2024-03-10 14:21:11
SRC_RETURN_ITEM_B002_000001789,RI0000038248,R000021486,OI0000254617,P000123,1,882.91,DAMAGED,2025-03-19 10:50:03,2025-03-19 10:50:03
SRC_RETURN_ITEM_B002_000001790,RI0000038249,R000021487,OI0000254809,P000001,1,273.43,LATE_DELIVERY,2026-05-04 16:02:22,2026-05-04 16:02:22
SRC_RETURN_ITEM_B002_000001791,RI0000038250,R000021487,OI0000254806,P000265,1,401.96,DAMAGED,2026-05-04 16:02:22,2026-05-04 16:02:22
SRC_RETURN_ITEM_B002_000001792,RI0000038251,R000021487,OI0000254808,P000049,1,1021.14,WRONG_ITEM,2026-05-04 16:02:22,2026-05-04 16:02:22
SRC_RETURN_ITEM_B002_000001793,RI0000038252,R000021911,OI0000254887,P000344,1,396.17,DAMAGED,2024-12-28 04:55:22,2024-12-28 04:55:22
SRC_RETURN_ITEM_B002_000001794,RI0000038253,R000021964,OI0000255017,P000055,1,650.38,UNWANTED,2025-10-28 09:01:38,2025-10-28 09:01:38
SRC_RETURN_ITEM_B002_000001795,RI0000038254,R000021964,OI0000255018,P000165,1,176.15,UNWANTED,2025-10-28 09:01:38,2025-10-28 09:01:38
SRC_RETURN_ITEM_B002_000001796,RI0000038255,R000021964,OI0000255019,P000217,4,2074.21,DAMAGED,2025-10-28 09:01:38,2025-10-28 09:01:38
SRC_RETURN_ITEM_B002_000001797,RI0000038256,R000021724,OI0000255027,P000466,1,376.16,UNWANTED,2026-05-26 05:41:54,2026-05-26 05:41:54
SRC_RETURN_ITEM_B002_000001798,RI0000038257,R000021724,OI0000255028,P000462,1,1069.82,SIZE_FIT,2026-05-26 05:41:54,2026-05-26 05:41:54
SRC_RETURN_ITEM_B002_000001799,RI0000038258,R000021724,OI0000255029,P000381,1,556.34,UNWANTED,2026-05-26 05:41:54,2026-05-26 05:41:54
SRC_RETURN_ITEM_B002_000001800,RI0000038259,R000021857,OI0000255187,P000346,2,1699.43,SIZE_FIT,2024-06-13 16:03:43,2024-06-13 16:03:43
SRC_RETURN_ITEM_B002_000001801,RI0000038260,R000021809,OI0000255248,P000129,1,1011.72,UNWANTED,2025-10-19 07:29:49,2025-10-19 07:29:49
SRC_RETURN_ITEM_B002_000001802,RI0000038261,R000021809,OI0000255250,P000010,2,2282.42,DAMAGED,2025-10-19 07:29:49,2025-10-19 07:29:49
SRC_RETURN_ITEM_B002_000001803,RI0000038262,R000021809,OI0000255247,P000326,1,52.33,LATE_DELIVERY,2025-10-19 07:29:49,2025-10-19 07:29:49
SRC_RETURN_ITEM_B002_000001804,RI0000038263,R000021454,OI0000255456,P000142,2,1130.52,DAMAGED,2025-07-21 02:13:35,2025-07-21 02:13:35
SRC_RETURN_ITEM_B002_000001805,RI0000038264,R000022493,OI0000255595,P000257,1,259.98,DAMAGED,2025-04-22 01:17:18,2025-04-22 01:17:18
SRC_RETURN_ITEM_B002_000001806,RI0000038265,R000022021,OI0000255684,P000073,1,858.43,WRONG_ITEM,2025-07-09 14:17:51,2025-07-09 14:17:51
SRC_RETURN_ITEM_B002_000001807,RI0000038266,R000022021,OI0000255683,P000215,1,105.59,LATE_DELIVERY,2025-07-09 14:17:51,2025-07-09 14:17:51
SRC_RETURN_ITEM_B002_000001808,RI0000038267,R000021902,OI0000255762,P000338,1,1015.36,DEFECTIVE,2025-09-26 01:28:50,2025-09-26 01:28:50
SRC_RETURN_ITEM_B002_000001809,RI0000038268,R000021648,OI0000256012,P000459,1,750.48,UNWANTED,2025-11-27 07:12:00,2025-11-27 07:12:00
SRC_RETURN_ITEM_B002_000001810,RI0000038269,R000021648,OI0000256010,P000086,1,884.47,UNWANTED,2025-11-27 07:12:00,2025-11-27 07:12:00
SRC_RETURN_ITEM_B002_000001811,RI0000038270,R000021648,OI0000256011,P000160,1,280.32,LATE_DELIVERY,2025-11-27 07:12:00,2025-11-27 07:12:00
SRC_RETURN_ITEM_B002_000001812,RI0000038271,R000021597,OI0000256028,P000083,1,379.28,WRONG_ITEM,2025-01-02 15:25:06,2025-01-02 15:25:06
SRC_RETURN_ITEM_B002_000001813,RI0000038272,R000022649,OI0000256619,P000011,2,1400.09,LATE_DELIVERY,2024-08-20 21:48:29,2024-08-20 21:48:29
SRC_RETURN_ITEM_B002_000001814,RI0000038273,R000022649,OI0000256621,P000084,1,935.98,SIZE_FIT,2024-08-20 21:48:29,2024-08-20 21:48:29
SRC_RETURN_ITEM_B002_000001815,RI0000038274,R000021799,OI0000256717,P000487,2,41.45,LATE_DELIVERY,2024-07-11 01:25:17,2024-07-11 01:25:17
SRC_RETURN_ITEM_B002_000001816,RI0000038275,R000022721,OI0000256774,P000157,1,151.62,SIZE_FIT,2026-04-20 08:44:42,2026-04-20 08:44:42
SRC_RETURN_ITEM_B002_000001817,RI0000038276,R000022558,OI0000256921,P000138,1,834.37,UNWANTED,2026-05-05 16:56:00,2026-05-05 16:56:00
SRC_RETURN_ITEM_B002_000001818,RI0000038277,R000022558,OI0000256922,P000453,1,295.73,DAMAGED,2026-05-05 16:56:00,2026-05-05 16:56:00
SRC_RETURN_ITEM_B002_000001819,RI0000038278,R000022626,OI0000256977,P000174,1,615.25,DEFECTIVE,2026-09-29 09:37:51,2026-09-29 09:37:51
SRC_RETURN_ITEM_B002_000001820,RI0000038279,R000022626,OI0000256978,P000099,1,668.03,DEFECTIVE,2026-09-29 09:37:51,2026-09-29 09:37:51
SRC_RETURN_ITEM_B002_000001821,RI0000038280,R000021341,OI0000257204,P000388,1,834.87,DAMAGED,2024-11-10 11:24:40,2024-11-10 11:24:40
SRC_RETURN_ITEM_B002_000001822,RI0000038281,R000021341,OI0000257205,P000070,1,567.47,DEFECTIVE,2024-11-10 11:24:40,2024-11-10 11:24:40
SRC_RETURN_ITEM_B002_000001823,RI0000038282,R000021757,OI0000257225,P000036,4,3947.42,LATE_DELIVERY,2024-03-10 12:51:46,2024-03-10 12:51:46
SRC_RETURN_ITEM_B002_000001824,RI0000038283,R000022294,OI0000257676,P000360,3,2234.74,UNWANTED,2024-11-14 03:20:55,2024-11-14 03:20:55
SRC_RETURN_ITEM_B002_000001825,RI0000038284,R000022470,OI0000257743,P000289,1,826.73,LATE_DELIVERY,2024-12-28 21:40:58,2024-12-28 21:40:58
SRC_RETURN_ITEM_B002_000001826,RI0000038285,R000022470,OI0000257742,P000028,2,1076.71,UNWANTED,2024-12-28 21:40:58,2024-12-28 21:40:58
SRC_RETURN_ITEM_B002_000001827,RI0000038286,R000022470,OI0000257741,P000177,2,1249.21,UNWANTED,2024-12-28 21:40:58,2024-12-28 21:40:58
SRC_RETURN_ITEM_B002_000001828,RI0000038287,R000022150,OI0000257824,P000131,2,1571.59,LATE_DELIVERY,2024-09-26 06:56:55,2024-09-26 06:56:55
SRC_RETURN_ITEM_B002_000001829,RI0000038288,R000022150,OI0000257823,P000337,1,889.43,UNWANTED,2024-09-26 06:56:55,2024-09-26 06:56:55
SRC_RETURN_ITEM_B002_000001830,RI0000038289,R000022150,OI0000257822,P000489,1,391.32,DAMAGED,2024-09-26 06:56:55,2024-09-26 06:56:55
SRC_RETURN_ITEM_B002_000001831,RI0000038290,R000021743,OI0000258827,P000061,2,1241.83,UNWANTED,2025-11-15 11:41:33,2025-11-15 11:41:33
SRC_RETURN_ITEM_B002_000001832,RI0000038291,R000021743,OI0000258826,P000075,1,1065.06,SIZE_FIT,2025-11-15 11:41:33,2025-11-15 11:41:33
SRC_RETURN_ITEM_B002_000001833,RI0000038292,R000021968,OI0000259091,P000476,2,938.90,DEFECTIVE,2025-12-12 07:45:40,2025-12-12 07:45:40
SRC_RETURN_ITEM_B002_000001834,RI0000038293,R000021968,OI0000259092,P000302,1,4.98,DAMAGED,2025-12-12 07:45:40,2025-12-12 07:45:40
SRC_RETURN_ITEM_B002_000001835,RI0000038294,R000021968,OI0000259093,P000285,1,849.52,SIZE_FIT,2025-12-12 07:45:40,2025-12-12 07:45:40
SRC_RETURN_ITEM_B002_000001836,RI0000038295,R000022536,OI0000259349,P000229,1,269.27,LATE_DELIVERY,2024-05-09 10:38:03,2024-05-09 10:38:03
SRC_RETURN_ITEM_B002_000001837,RI0000038296,R000022536,OI0000259351,P000416,1,1023.43,UNWANTED,2024-05-09 10:38:03,2024-05-09 10:38:03
SRC_RETURN_ITEM_B002_000001838,RI0000038297,R000021669,OI0000259360,P000105,1,101.81,DEFECTIVE,2025-11-27 21:35:35,2025-11-27 21:35:35
SRC_RETURN_ITEM_B002_000001839,RI0000038298,R000021669,OI0000259359,P000307,3,217.20,SIZE_FIT,2025-11-27 21:35:35,2025-11-27 21:35:35
SRC_RETURN_ITEM_B002_000001840,RI0000038299,R000022527,OI0000259713,P000373,1,872.83,LATE_DELIVERY,2024-11-24 22:53:00,2024-11-24 22:53:00
SRC_RETURN_ITEM_B002_000001841,RI0000038300,R000022246,OI0000259880,P000067,1,1008.20,WRONG_ITEM,2025-09-12 11:43:46,2025-09-12 11:43:46
SRC_RETURN_ITEM_B002_000001842,RI0000038301,R000022246,OI0000259883,P000436,1,53.28,DEFECTIVE,2025-09-12 11:43:46,2025-09-12 11:43:46
SRC_RETURN_ITEM_B002_000001843,RI0000038302,R000022246,OI0000259881,P000463,1,725.36,LATE_DELIVERY,2025-09-12 11:43:46,2025-09-12 11:43:46
SRC_RETURN_ITEM_B002_000001844,RI0000038303,R000021550,OI0000260199,P000500,1,58.26,WRONG_ITEM,2024-08-23 23:37:45,2024-08-23 23:37:45
SRC_RETURN_ITEM_B002_000001845,RI0000038304,R000021347,OI0000260255,P000227,1,10.69,WRONG_ITEM,2024-09-14 17:33:34,2024-09-14 17:33:34
SRC_RETURN_ITEM_B002_000001846,RI0000038305,R000021696,OI0000260580,P000024,1,939.94,DAMAGED,2026-07-28 23:51:43,2026-07-28 23:51:43
SRC_RETURN_ITEM_B002_000001847,RI0000038306,R000021696,OI0000260583,P000232,1,852.96,DAMAGED,2026-07-28 23:51:43,2026-07-28 23:51:43
SRC_RETURN_ITEM_B002_000001848,RI0000038307,R000022732,OI0000260649,P000333,1,1107.16,WRONG_ITEM,2024-04-01 23:24:12,2024-04-01 23:24:12
SRC_RETURN_ITEM_B002_000001849,RI0000038308,R000021781,OI0000260722,P000163,1,595.19,DEFECTIVE,2024-05-13 10:04:02,2024-05-13 10:04:02
SRC_RETURN_ITEM_B002_000001850,RI0000038309,R000021665,OI0000260820,P000455,2,590.25,DAMAGED,2025-12-23 02:47:49,2025-12-23 02:47:49
SRC_RETURN_ITEM_B002_000001851,RI0000038310,R000021906,OI0000260832,P000372,1,1053.05,SIZE_FIT,2025-08-30 22:56:17,2025-08-30 22:56:17
SRC_RETURN_ITEM_B002_000001852,RI0000038311,R000021906,OI0000260831,P000200,1,265.28,DAMAGED,2025-08-30 22:56:17,2025-08-30 22:56:17
SRC_RETURN_ITEM_B002_000001853,RI0000038312,R000022138,OI0000260993,P000111,1,71.28,LATE_DELIVERY,2026-07-16 06:30:46,2026-07-16 06:30:46
SRC_RETURN_ITEM_B002_000001854,RI0000038313,R000022162,OI0000261006,P000248,1,625.91,UNWANTED,2025-09-02 19:08:28,2025-09-02 19:08:28
SRC_RETURN_ITEM_B002_000001855,RI0000038314,R000021988,OI0000262284,P000279,1,975.47,LATE_DELIVERY,2024-11-05 11:20:57,2024-11-05 11:20:57
SRC_RETURN_ITEM_B002_000001856,RI0000038315,R000021988,OI0000262281,P000337,1,889.43,DAMAGED,2024-11-05 11:20:57,2024-11-05 11:20:57
SRC_RETURN_ITEM_B002_000001857,RI0000038316,R000022040,OI0000262660,P000471,1,765.16,DEFECTIVE,2026-08-14 00:51:54,2026-08-14 00:51:54
SRC_RETURN_ITEM_B002_000001858,RI0000038317,R000022282,OI0000263089,P000343,1,1059.10,UNWANTED,2024-10-16 06:40:21,2024-10-16 06:40:21
SRC_RETURN_ITEM_B002_000001859,RI0000038318,R000022282,OI0000263086,P000153,1,170.12,LATE_DELIVERY,2024-10-16 06:40:21,2024-10-16 06:40:21
SRC_RETURN_ITEM_B002_000001860,RI0000038319,R000022282,OI0000263085,P000204,3,3245.76,SIZE_FIT,2024-10-16 06:40:21,2024-10-16 06:40:21
SRC_RETURN_ITEM_B002_000001861,RI0000038320,R000022463,OI0000263719,P000435,1,1015.09,LATE_DELIVERY,2026-06-24 03:59:28,2026-06-24 03:59:28
SRC_RETURN_ITEM_B002_000001862,RI0000038321,R000022463,OI0000263718,P000113,3,732.02,DEFECTIVE,2026-06-24 03:59:28,2026-06-24 03:59:28
SRC_RETURN_ITEM_B002_000001863,RI0000038322,R000022463,OI0000263717,P000451,1,1102.13,WRONG_ITEM,2026-06-24 03:59:28,2026-06-24 03:59:28
SRC_RETURN_ITEM_B002_000001864,RI0000038323,R000022114,OI0000263731,P000465,1,561.06,DAMAGED,2026-07-10 17:07:35,2026-07-10 17:07:35
SRC_RETURN_ITEM_B002_000001865,RI0000038324,R000021441,OI0000264606,P000102,1,867.16,DEFECTIVE,2024-08-21 04:34:12,2024-08-21 04:34:12
SRC_RETURN_ITEM_B002_000001866,RI0000038325,R000021441,OI0000264604,P000399,1,247.00,WRONG_ITEM,2024-08-21 04:34:12,2024-08-21 04:34:12
SRC_RETURN_ITEM_B002_000001867,RI0000038326,R000021996,OI0000264614,P000265,1,446.63,SIZE_FIT,2026-07-29 08:16:07,2026-07-29 08:16:07
SRC_RETURN_ITEM_B002_000001868,RI0000038327,R000021996,OI0000264615,P000190,2,688.58,SIZE_FIT,2026-07-29 08:16:07,2026-07-29 08:16:07
SRC_RETURN_ITEM_B002_000001869,RI0000038328,R000021996,OI0000264616,P000404,1,356.89,LATE_DELIVERY,2026-07-29 08:16:07,2026-07-29 08:16:07
SRC_RETURN_ITEM_B002_000001870,RI0000038329,R000022327,OI0000264909,P000285,2,1529.13,UNWANTED,2026-04-29 05:51:54,2026-04-29 05:51:54
SRC_RETURN_ITEM_B002_000001871,RI0000038330,R000022327,OI0000264911,P000396,2,801.89,DAMAGED,2026-04-29 05:51:54,2026-04-29 05:51:54
SRC_RETURN_ITEM_B002_000001872,RI0000038331,R000022327,OI0000264908,P000464,2,399.02,SIZE_FIT,2026-04-29 05:51:54,2026-04-29 05:51:54
SRC_RETURN_ITEM_B002_000001873,RI0000038332,R000022530,OI0000264926,P000434,1,779.42,DAMAGED,2024-06-03 02:21:30,2024-06-03 02:21:30
SRC_RETURN_ITEM_B002_000001874,RI0000038333,R000022530,OI0000264925,P000107,1,120.80,DEFECTIVE,2024-06-03 02:21:30,2024-06-03 02:21:30
SRC_RETURN_ITEM_B002_000001875,RI0000038334,R000021651,OI0000265270,P000494,1,970.81,DEFECTIVE,2026-04-14 13:55:02,2026-04-14 13:55:02
SRC_RETURN_ITEM_B002_000001876,RI0000038335,R000022079,OI0000265354,P000397,1,444.04,DAMAGED,2026-03-27 04:21:46,2026-03-27 04:21:46
SRC_RETURN_ITEM_B002_000001877,RI0000038336,R000022079,OI0000265353,P000402,1,1051.90,UNWANTED,2026-03-27 04:21:46,2026-03-27 04:21:46
SRC_RETURN_ITEM_B002_000001878,RI0000038337,R000022525,OI0000266376,P000020,2,597.71,DAMAGED,2026-04-07 10:17:21,2026-04-07 10:17:21
SRC_RETURN_ITEM_B002_000001879,RI0000038338,R000022525,OI0000266375,P000333,1,941.08,DAMAGED,2026-04-07 10:17:21,2026-04-07 10:17:21
SRC_RETURN_ITEM_B002_000001880,RI0000038339,R000022506,OI0000266522,P000307,2,161.83,SIZE_FIT,2026-03-09 06:47:10,2026-03-09 06:47:10
SRC_RETURN_ITEM_B002_000001881,RI0000038340,R000021457,OI0000266860,P000368,1,625.93,LATE_DELIVERY,2024-04-02 12:16:38,2024-04-02 12:16:38
SRC_RETURN_ITEM_B002_000001882,RI0000038341,R000021457,OI0000266861,P000451,1,881.70,DEFECTIVE,2024-04-02 12:16:38,2024-04-02 12:16:38
SRC_RETURN_ITEM_B002_000001883,RI0000038342,R000021780,OI0000266939,P000121,1,910.51,LATE_DELIVERY,2026-08-02 01:54:08,2026-08-02 01:54:08
SRC_RETURN_ITEM_B002_000001884,RI0000038343,R000021780,OI0000266938,P000242,2,834.41,UNWANTED,2026-08-02 01:54:08,2026-08-02 01:54:08
SRC_RETURN_ITEM_B002_000001885,RI0000038344,R000021728,OI0000267024,P000193,1,108.38,WRONG_ITEM,2026-05-09 01:11:53,2026-05-09 01:11:53
SRC_RETURN_ITEM_B002_000001886,RI0000038345,R000022460,OI0000267139,P000161,1,622.67,LATE_DELIVERY,2026-10-11 09:15:42,2026-10-11 09:15:42
SRC_RETURN_ITEM_B002_000001887,RI0000038346,R000022460,OI0000267140,P000266,1,767.09,SIZE_FIT,2026-10-11 09:15:42,2026-10-11 09:15:42
SRC_RETURN_ITEM_B002_000001888,RI0000038347,R000022460,OI0000267138,P000383,1,190.91,SIZE_FIT,2026-10-11 09:15:42,2026-10-11 09:15:42
SRC_RETURN_ITEM_B002_000001889,RI0000038348,R000022225,OI0000267245,P000120,1,304.79,LATE_DELIVERY,2026-01-11 00:44:59,2026-01-11 00:44:59
SRC_RETURN_ITEM_B002_000001890,RI0000038349,R000022225,OI0000267246,P000009,1,746.86,DEFECTIVE,2026-01-11 00:44:59,2026-01-11 00:44:59
SRC_RETURN_ITEM_B002_000001891,RI0000038350,R000021634,OI0000267478,P000436,1,53.28,WRONG_ITEM,2024-08-10 15:35:21,2024-08-10 15:35:21
SRC_RETURN_ITEM_B002_000001892,RI0000038351,R000022025,OI0000267526,P000226,1,800.11,LATE_DELIVERY,2026-05-29 15:46:57,2026-05-29 15:46:57
SRC_RETURN_ITEM_B002_000001893,RI0000038352,R000022025,OI0000267525,P000383,1,200.95,LATE_DELIVERY,2026-05-29 15:46:57,2026-05-29 15:46:57
SRC_RETURN_ITEM_B002_000001894,RI0000038353,R000021943,OI0000267726,P000254,2,1968.15,WRONG_ITEM,2025-08-02 07:01:47,2025-08-02 07:01:47
SRC_RETURN_ITEM_B002_000001895,RI0000038354,R000021667,OI0000268216,P000384,2,705.14,LATE_DELIVERY,2025-09-05 11:22:28,2025-09-05 11:22:28
SRC_RETURN_ITEM_B002_000001896,RI0000038355,R000021667,OI0000268213,P000454,1,271.18,DAMAGED,2025-09-05 11:22:28,2025-09-05 11:22:28
SRC_RETURN_ITEM_B002_000001897,RI0000038356,R000021667,OI0000268214,P000108,1,505.52,WRONG_ITEM,2025-09-05 11:22:28,2025-09-05 11:22:28
SRC_RETURN_ITEM_B002_000001898,RI0000038357,R000022617,OI0000268248,P000185,1,749.95,DEFECTIVE,2026-01-06 08:26:35,2026-01-06 08:26:35
SRC_RETURN_ITEM_B002_000001899,RI0000038358,R000022617,OI0000268249,P000350,1,660.04,UNWANTED,2026-01-06 08:26:35,2026-01-06 08:26:35
SRC_RETURN_ITEM_B002_000001900,RI0000038359,R000022617,OI0000268247,P000173,2,829.50,DEFECTIVE,2026-01-06 08:26:35,2026-01-06 08:26:35
SRC_RETURN_ITEM_B002_000001901,RI0000038360,R000022375,OI0000268353,P000428,1,750.07,DAMAGED,2024-04-17 16:56:41,2024-04-17 16:56:41
SRC_RETURN_ITEM_B002_000001902,RI0000038361,R000022375,OI0000268352,P000254,1,984.07,DEFECTIVE,2024-04-17 16:56:41,2024-04-17 16:56:41
SRC_RETURN_ITEM_B002_000001903,RI0000038362,R000021653,OI0000268480,P000499,1,738.98,LATE_DELIVERY,2026-02-24 17:36:21,2026-02-24 17:36:21
SRC_RETURN_ITEM_B002_000001904,RI0000038363,R000021653,OI0000268482,P000431,1,60.80,UNWANTED,2026-02-24 17:36:21,2026-02-24 17:36:21
SRC_RETURN_ITEM_B002_000001905,RI0000038364,R000021653,OI0000268484,P000107,1,134.23,SIZE_FIT,2026-02-24 17:36:21,2026-02-24 17:36:21
SRC_RETURN_ITEM_B002_000001906,RI0000038365,R000022596,OI0000268486,P000264,1,497.57,SIZE_FIT,2024-04-17 08:06:54,2024-04-17 08:06:54
SRC_RETURN_ITEM_B002_000001907,RI0000038366,R000022765,OI0000268533,P000044,1,100.19,UNWANTED,2024-05-11 03:12:17,2024-05-11 03:12:17
SRC_RETURN_ITEM_B002_000001908,RI0000038367,R000021608,OI0000269019,P000115,1,555.46,DEFECTIVE,2024-09-30 00:02:03,2024-09-30 00:02:03
SRC_RETURN_ITEM_B002_000001909,RI0000038368,R000021944,OI0000269033,P000399,1,247.00,WRONG_ITEM,2025-04-24 12:30:06,2025-04-24 12:30:06
SRC_RETURN_ITEM_B002_000001910,RI0000038369,R000022024,OI0000269068,P000311,3,1746.68,UNWANTED,2024-09-19 01:42:36,2024-09-19 01:42:36
SRC_RETURN_ITEM_B002_000001911,RI0000038370,R000022631,OI0000269701,P000037,1,874.76,SIZE_FIT,2025-02-21 16:10:06,2025-02-21 16:10:06
SRC_RETURN_ITEM_B002_000001912,RI0000038371,R000021436,OI0000269818,P000116,1,284.06,SIZE_FIT,2025-04-18 05:21:19,2025-04-18 05:21:19
SRC_RETURN_ITEM_B002_000001913,RI0000038372,R000021436,OI0000269817,P000212,1,1079.98,LATE_DELIVERY,2025-04-18 05:21:19,2025-04-18 05:21:19
SRC_RETURN_ITEM_B002_000001914,RI0000038373,R000021677,OI0000270374,P000479,1,683.06,LATE_DELIVERY,2025-02-04 21:33:13,2025-02-04 21:33:13
SRC_RETURN_ITEM_B002_000001915,RI0000038374,R000021677,OI0000270373,P000434,1,779.42,UNWANTED,2025-02-04 21:33:13,2025-02-04 21:33:13
SRC_RETURN_ITEM_B002_000001916,RI0000038375,R000022367,OI0000270428,P000414,1,171.94,WRONG_ITEM,2024-09-04 09:29:17,2024-09-04 09:29:17
SRC_RETURN_ITEM_B002_000001917,RI0000038376,R000022367,OI0000270429,P000228,1,840.94,LATE_DELIVERY,2024-09-04 09:29:17,2024-09-04 09:29:17
SRC_RETURN_ITEM_B002_000001918,RI0000038377,R000022669,OI0000270553,P000164,3,3295.99,DEFECTIVE,2024-03-26 01:49:52,2024-03-26 01:49:52
SRC_RETURN_ITEM_B002_000001919,RI0000038378,R000022669,OI0000270554,P000448,1,110.04,SIZE_FIT,2024-03-26 01:49:52,2024-03-26 01:49:52
SRC_RETURN_ITEM_B002_000001920,RI0000038379,R000022669,OI0000270552,P000262,2,52.53,SIZE_FIT,2024-03-26 01:49:52,2024-03-26 01:49:52
SRC_RETURN_ITEM_B002_000001921,RI0000038380,R000021356,OI0000270641,P000491,1,929.74,SIZE_FIT,2024-04-27 06:37:34,2024-04-27 06:37:34
SRC_RETURN_ITEM_B002_000001922,RI0000038381,R000021356,OI0000270640,P000413,2,176.23,DAMAGED,2024-04-27 06:37:34,2024-04-27 06:37:34
SRC_RETURN_ITEM_B002_000001923,RI0000038382,R000022582,OI0000271086,P000256,1,887.15,WRONG_ITEM,2025-09-16 08:06:15,2025-09-16 08:06:15
SRC_RETURN_ITEM_B002_000001924,RI0000038383,R000022582,OI0000271085,P000414,1,163.34,UNWANTED,2025-09-16 08:06:15,2025-09-16 08:06:15
SRC_RETURN_ITEM_B002_000001925,RI0000038384,R000022582,OI0000271087,P000008,1,192.24,DAMAGED,2025-09-16 08:06:15,2025-09-16 08:06:15
SRC_RETURN_ITEM_B002_000001926,RI0000038385,R000022300,OI0000271124,P000464,1,189.54,DEFECTIVE,2025-09-30 09:53:06,2025-09-30 09:53:06
SRC_RETURN_ITEM_B002_000001927,RI0000038386,R000022300,OI0000271123,P000186,1,186.38,DAMAGED,2025-09-30 09:53:06,2025-09-30 09:53:06
SRC_RETURN_ITEM_B002_000001928,RI0000038387,R000022093,OI0000271156,P000379,1,1021.66,UNWANTED,2024-04-27 14:48:39,2024-04-27 14:48:39
SRC_RETURN_ITEM_B002_000001929,RI0000038388,R000022093,OI0000271155,P000246,1,41.78,DEFECTIVE,2024-04-27 14:48:39,2024-04-27 14:48:39
SRC_RETURN_ITEM_B002_000001930,RI0000038389,R000022093,OI0000271157,P000446,1,83.45,DEFECTIVE,2024-04-27 14:48:39,2024-04-27 14:48:39
SRC_RETURN_ITEM_B002_000001931,RI0000038390,R000022071,OI0000272112,P000413,4,352.46,WRONG_ITEM,2024-12-19 22:19:23,2024-12-19 22:19:23
SRC_RETURN_ITEM_B002_000001932,RI0000038391,R000022071,OI0000272113,P000334,1,223.84,LATE_DELIVERY,2024-12-19 22:19:23,2024-12-19 22:19:23
SRC_RETURN_ITEM_B002_000001933,RI0000038392,R000022158,OI0000272405,P000048,1,275.80,LATE_DELIVERY,2025-11-03 23:27:15,2025-11-03 23:27:15
SRC_RETURN_ITEM_B002_000001934,RI0000038393,R000021336,OI0000272530,P000017,1,592.40,LATE_DELIVERY,2024-02-16 12:38:46,2024-02-16 12:38:46
SRC_RETURN_ITEM_B002_000001935,RI0000038394,R000021336,OI0000272531,P000309,1,19.85,DEFECTIVE,2024-02-16 12:38:46,2024-02-16 12:38:46
SRC_RETURN_ITEM_B002_000001936,RI0000038395,R000021336,OI0000272529,P000358,1,22.02,DEFECTIVE,2024-02-16 12:38:46,2024-02-16 12:38:46
SRC_RETURN_ITEM_B002_000001937,RI0000038396,R000021622,OI0000272685,P000500,2,116.52,SIZE_FIT,2024-04-18 06:48:29,2024-04-18 06:48:29
SRC_RETURN_ITEM_B002_000001938,RI0000038397,R000021421,OI0000272760,P000302,1,3.98,WRONG_ITEM,2025-07-18 07:18:33,2025-07-18 07:18:33
SRC_RETURN_ITEM_B002_000001939,RI0000038398,R000021421,OI0000272759,P000055,1,617.86,WRONG_ITEM,2025-07-18 07:18:33,2025-07-18 07:18:33
SRC_RETURN_ITEM_B002_000001940,RI0000038399,R000021612,OI0000272904,P000115,1,555.46,SIZE_FIT,2025-10-25 18:12:27,2025-10-25 18:12:27
SRC_RETURN_ITEM_B002_000001941,RI0000038400,R000021612,OI0000272905,P000401,2,589.84,DAMAGED,2025-10-25 18:12:27,2025-10-25 18:12:27
SRC_RETURN_ITEM_B002_000001942,RI0000038401,R000021484,OI0000272935,P000293,1,273.55,UNWANTED,2024-11-21 16:06:41,2024-11-21 16:06:41
SRC_RETURN_ITEM_B002_000001943,RI0000038402,R000021484,OI0000272938,P000036,1,986.86,LATE_DELIVERY,2024-11-21 16:06:41,2024-11-21 16:06:41
SRC_RETURN_ITEM_B002_000001944,RI0000038403,R000021484,OI0000272936,P000254,2,2071.73,SIZE_FIT,2024-11-21 16:06:41,2024-11-21 16:06:41
SRC_RETURN_ITEM_B002_000001945,RI0000038404,R000022260,OI0000273228,P000075,1,1065.06,DEFECTIVE,2024-07-31 00:57:59,2024-07-31 00:57:59
SRC_RETURN_ITEM_B002_000001946,RI0000038405,R000022260,OI0000273227,P000416,1,1023.43,UNWANTED,2024-07-31 00:57:59,2024-07-31 00:57:59
SRC_RETURN_ITEM_B002_000001947,RI0000038406,R000022264,OI0000273333,P000489,1,391.32,DAMAGED,2024-11-17 01:05:52,2024-11-17 01:05:52
SRC_RETURN_ITEM_B002_000001948,RI0000038407,R000021939,OI0000273459,P000492,1,691.69,LATE_DELIVERY,2026-01-03 05:57:08,2026-01-03 05:57:08
SRC_RETURN_ITEM_B002_000001949,RI0000038408,R000022330,OI0000273931,P000470,2,2091.07,LATE_DELIVERY,2025-09-17 04:36:45,2025-09-17 04:36:45
SRC_RETURN_ITEM_B002_000001950,RI0000038409,R000022330,OI0000273929,P000347,3,1361.88,DEFECTIVE,2025-09-17 04:36:45,2025-09-17 04:36:45
SRC_RETURN_ITEM_B002_000001951,RI0000038410,R000022330,OI0000273930,P000094,1,127.70,DEFECTIVE,2025-09-17 04:36:45,2025-09-17 04:36:45
SRC_RETURN_ITEM_B002_000001952,RI0000038411,R000021326,OI0000273934,P000039,3,2351.66,DEFECTIVE,2026-02-07 16:23:16,2026-02-07 16:23:16
SRC_RETURN_ITEM_B002_000001953,RI0000038412,R000021905,OI0000274224,P000115,1,555.46,WRONG_ITEM,2025-07-08 02:35:19,2025-07-08 02:35:19
SRC_RETURN_ITEM_B002_000001954,RI0000038413,R000021905,OI0000274226,P000304,1,583.79,SIZE_FIT,2025-07-08 02:35:19,2025-07-08 02:35:19
SRC_RETURN_ITEM_B002_000001955,RI0000038414,R000022074,OI0000275388,P000065,1,626.33,UNWANTED,2025-10-17 02:20:28,2025-10-17 02:20:28
SRC_RETURN_ITEM_B002_000001956,RI0000038415,R000022074,OI0000275387,P000499,1,702.04,WRONG_ITEM,2025-10-17 02:20:28,2025-10-17 02:20:28
SRC_RETURN_ITEM_B002_000001957,RI0000038416,R000022074,OI0000275386,P000007,1,197.78,LATE_DELIVERY,2025-10-17 02:20:28,2025-10-17 02:20:28
SRC_RETURN_ITEM_B002_000001958,RI0000038417,R000021846,OI0000275977,P000413,1,88.12,DAMAGED,2024-09-25 02:59:02,2024-09-25 02:59:02
SRC_RETURN_ITEM_B002_000001959,RI0000038418,R000021704,OI0000276078,P000477,2,2339.81,DAMAGED,2024-08-18 17:23:04,2024-08-18 17:23:04
SRC_RETURN_ITEM_B002_000001960,RI0000038419,R000021704,OI0000276077,P000438,1,989.00,UNWANTED,2024-08-18 17:23:04,2024-08-18 17:23:04
SRC_RETURN_ITEM_B002_000001961,RI0000038420,R000022204,OI0000276111,P000406,1,914.66,WRONG_ITEM,2024-04-27 21:40:42,2024-04-27 21:40:42
SRC_RETURN_ITEM_B002_000001962,RI0000038421,R000022204,OI0000276107,P000423,1,606.18,DEFECTIVE,2024-04-27 21:40:42,2024-04-27 21:40:42
SRC_RETURN_ITEM_B002_000001963,RI0000038422,R000022204,OI0000276110,P000181,2,2231.45,LATE_DELIVERY,2024-04-27 21:40:42,2024-04-27 21:40:42
SRC_RETURN_ITEM_B002_000001964,RI0000038423,R000021536,OI0000276333,P000291,1,771.52,DAMAGED,2024-05-10 13:12:54,2024-05-10 13:12:54
SRC_RETURN_ITEM_B002_000001965,RI0000038424,R000022272,OI0000276865,P000211,1,144.20,LATE_DELIVERY,2024-09-17 19:32:56,2024-09-17 19:32:56
SRC_RETURN_ITEM_B002_000001966,RI0000038425,R000022272,OI0000276864,P000337,1,844.96,UNWANTED,2024-09-17 19:32:56,2024-09-17 19:32:56
SRC_RETURN_ITEM_B002_000001967,RI0000038426,R000021393,OI0000276963,P000379,1,1021.66,WRONG_ITEM,2024-09-10 06:56:27,2024-09-10 06:56:27
SRC_RETURN_ITEM_B002_000001968,RI0000038427,R000021393,OI0000276962,P000251,1,620.30,SIZE_FIT,2024-09-10 06:56:27,2024-09-10 06:56:27
SRC_RETURN_ITEM_B002_000001969,RI0000038428,R000022220,OI0000277197,P000344,1,396.17,DEFECTIVE,2025-08-13 00:52:03,2025-08-13 00:52:03
SRC_RETURN_ITEM_B002_000001970,RI0000038429,R000021979,OI0000277304,P000201,1,520.21,SIZE_FIT,2024-10-05 04:42:16,2024-10-05 04:42:16
SRC_RETURN_ITEM_B002_000001971,RI0000038430,R000021466,OI0000277785,P000327,1,361.27,DEFECTIVE,2025-05-04 09:06:01,2025-05-04 09:06:01
SRC_RETURN_ITEM_B002_000001972,RI0000038431,R000022269,OI0000277975,P000126,2,1740.53,DEFECTIVE,2025-12-07 10:34:59,2025-12-07 10:34:59
SRC_RETURN_ITEM_B002_000001973,RI0000038432,R000022269,OI0000277974,P000190,1,344.29,LATE_DELIVERY,2025-12-07 10:34:59,2025-12-07 10:34:59
SRC_RETURN_ITEM_B002_000001974,RI0000038433,R000022269,OI0000277976,P000298,2,190.01,LATE_DELIVERY,2025-12-07 10:34:59,2025-12-07 10:34:59
SRC_RETURN_ITEM_B002_000001975,RI0000038434,R000021605,OI0000278095,P000375,1,543.46,WRONG_ITEM,2024-12-26 02:06:45,2024-12-26 02:06:45
SRC_RETURN_ITEM_B002_000001976,RI0000038435,R000021605,OI0000278097,P000138,1,750.94,UNWANTED,2024-12-26 02:06:45,2024-12-26 02:06:45
SRC_RETURN_ITEM_B002_000001977,RI0000038436,R000021605,OI0000278098,P000191,2,1471.97,DAMAGED,2024-12-26 02:06:45,2024-12-26 02:06:45
SRC_RETURN_ITEM_B002_000001978,RI0000038437,R000022673,OI0000278222,P000241,2,22.25,DEFECTIVE,2026-01-26 01:20:56,2026-01-26 01:20:56
SRC_RETURN_ITEM_B002_000001979,RI0000038438,R000022673,OI0000278223,P000078,1,601.45,LATE_DELIVERY,2026-01-26 01:20:56,2026-01-26 01:20:56
SRC_RETURN_ITEM_B002_000001980,RI0000038439,R000022215,OI0000278257,P000442,1,658.07,LATE_DELIVERY,2026-06-28 03:57:50,2026-06-28 03:57:50
SRC_RETURN_ITEM_B002_000001981,RI0000038440,R000022215,OI0000278255,P000188,2,1884.94,DAMAGED,2026-06-28 03:57:50,2026-06-28 03:57:50
SRC_RETURN_ITEM_B002_000001982,RI0000038441,R000022215,OI0000278256,P000083,1,379.28,UNWANTED,2026-06-28 03:57:50,2026-06-28 03:57:50
SRC_RETURN_ITEM_B002_000001983,RI0000038442,R000021712,OI0000278531,P000038,1,276.38,SIZE_FIT,2026-04-05 08:48:09,2026-04-05 08:48:09
SRC_RETURN_ITEM_B002_000001984,RI0000038443,R000021712,OI0000278530,P000051,2,932.74,UNWANTED,2026-04-05 08:48:09,2026-04-05 08:48:09
SRC_RETURN_ITEM_B002_000001985,RI0000038444,R000021797,OI0000278591,P000110,1,786.67,DAMAGED,2024-03-07 14:28:18,2024-03-07 14:28:18
SRC_RETURN_ITEM_B002_000001986,RI0000038445,R000021797,OI0000278590,P000182,1,258.10,SIZE_FIT,2024-03-07 14:28:18,2024-03-07 14:28:18
SRC_RETURN_ITEM_B002_000001987,RI0000038446,R000022153,OI0000278627,P000483,2,1600.13,WRONG_ITEM,2025-05-10 22:34:28,2025-05-10 22:34:28
SRC_RETURN_ITEM_B002_000001988,RI0000038447,R000021686,OI0000278712,P000118,1,197.59,SIZE_FIT,2025-08-28 17:38:34,2025-08-28 17:38:34
SRC_RETURN_ITEM_B002_000001989,RI0000038448,R000021686,OI0000278710,P000422,1,113.14,SIZE_FIT,2025-08-28 17:38:34,2025-08-28 17:38:34
SRC_RETURN_ITEM_B002_000001990,RI0000038449,R000021598,OI0000278886,P000184,1,170.35,SIZE_FIT,2024-08-06 00:54:07,2024-08-06 00:54:07
SRC_RETURN_ITEM_B002_000001991,RI0000038450,R000021598,OI0000278885,P000203,2,1754.47,SIZE_FIT,2024-08-06 00:54:07,2024-08-06 00:54:07
SRC_RETURN_ITEM_B002_000001992,RI0000038451,R000022703,OI0000279646,P000132,1,495.60,UNWANTED,2024-04-17 15:58:57,2024-04-17 15:58:57
SRC_RETURN_ITEM_B002_000001993,RI0000038452,R000022703,OI0000279647,P000211,1,144.20,UNWANTED,2024-04-17 15:58:57,2024-04-17 15:58:57
SRC_RETURN_ITEM_B002_000001994,RI0000038453,R000021461,OI0000279760,P000106,2,1916.74,UNWANTED,2024-11-22 05:50:53,2024-11-22 05:50:53
SRC_RETURN_ITEM_B002_000001995,RI0000038454,R000021461,OI0000279759,P000350,1,660.04,DAMAGED,2024-11-22 05:50:53,2024-11-22 05:50:53
SRC_RETURN_ITEM_B002_000001996,RI0000038455,R000021390,OI0000279833,P000096,1,176.29,SIZE_FIT,2024-03-15 18:02:10,2024-03-15 18:02:10
SRC_RETURN_ITEM_B002_000001997,RI0000038456,R000021390,OI0000279834,P000254,1,932.28,DEFECTIVE,2024-03-15 18:02:10,2024-03-15 18:02:10
SRC_RETURN_ITEM_B002_000001998,RI0000038457,R000021844,OI0000280327,P000237,2,1205.61,DAMAGED,2026-03-28 11:08:21,2026-03-28 11:08:21
SRC_RETURN_ITEM_B002_000001999,RI0000038458,R000022292,OI0000280377,P000003,2,888.51,DAMAGED,2024-07-02 17:37:13,2024-07-02 17:37:13
SRC_RETURN_ITEM_B002_000002000,RI0000038459,R000021528,OI0000281403,P000015,1,908.20,WRONG_ITEM,2025-02-19 18:51:49,2025-02-19 18:51:49
SRC_RETURN_ITEM_B002_000002001,RI0000038460,R000021528,OI0000281404,P000288,1,585.40,DAMAGED,2025-02-19 18:51:49,2025-02-19 18:51:49
SRC_RETURN_ITEM_B002_000002002,RI0000038461,R000022262,OI0000281569,P000162,2,247.79,DAMAGED,2026-01-20 11:50:31,2026-01-20 11:50:31
SRC_RETURN_ITEM_B002_000002003,RI0000038462,R000022262,OI0000281571,P000084,1,1169.96,WRONG_ITEM,2026-01-20 11:50:31,2026-01-20 11:50:31
SRC_RETURN_ITEM_B002_000002004,RI0000038463,R000021435,OI0000281696,P000024,1,1044.37,DAMAGED,2026-02-16 06:11:10,2026-02-16 06:11:10
SRC_RETURN_ITEM_B002_000002005,RI0000038464,R000022696,OI0000281833,P000320,1,324.76,LATE_DELIVERY,2024-08-05 06:40:43,2024-08-05 06:40:43
SRC_RETURN_ITEM_B002_000002006,RI0000038465,R000022554,OI0000281945,P000028,1,538.36,DAMAGED,2026-05-17 12:01:43,2026-05-17 12:01:43
SRC_RETURN_ITEM_B002_000002007,RI0000038466,R000022554,OI0000281944,P000410,1,705.48,LATE_DELIVERY,2026-05-17 12:01:43,2026-05-17 12:01:43
SRC_RETURN_ITEM_B002_000002008,RI0000038467,R000022554,OI0000281947,P000198,1,1147.56,DAMAGED,2026-05-17 12:01:43,2026-05-17 12:01:43
SRC_RETURN_ITEM_B002_000002009,RI0000038468,R000022121,OI0000282004,P000232,1,852.96,WRONG_ITEM,2025-04-06 09:05:26,2025-04-06 09:05:26
SRC_RETURN_ITEM_B002_000002010,RI0000038469,R000022121,OI0000282005,P000486,1,266.26,SIZE_FIT,2025-04-06 09:05:26,2025-04-06 09:05:26
SRC_RETURN_ITEM_B002_000002011,RI0000038470,R000022121,OI0000282003,P000002,1,535.63,WRONG_ITEM,2025-04-06 09:05:26,2025-04-06 09:05:26
SRC_RETURN_ITEM_B002_000002012,RI0000038471,R000022524,OI0000282007,P000256,2,1774.29,LATE_DELIVERY,2025-08-29 06:06:53,2025-08-29 06:06:53
SRC_RETURN_ITEM_B002_000002013,RI0000038472,R000022244,OI0000282172,P000346,1,902.82,WRONG_ITEM,2026-06-17 15:30:09,2026-06-17 15:30:09
SRC_RETURN_ITEM_B002_000002014,RI0000038473,R000022244,OI0000282175,P000191,1,873.98,SIZE_FIT,2026-06-17 15:30:09,2026-06-17 15:30:09
SRC_RETURN_ITEM_B002_000002015,RI0000038474,R000022244,OI0000282171,P000033,1,952.43,DEFECTIVE,2026-06-17 15:30:09,2026-06-17 15:30:09
SRC_RETURN_ITEM_B002_000002016,RI0000038475,R000021840,OI0000282470,P000059,1,1142.87,UNWANTED,2026-08-23 08:42:50,2026-08-23 08:42:50
SRC_RETURN_ITEM_B002_000002017,RI0000038476,R000022534,OI0000282638,P000254,1,1035.86,LATE_DELIVERY,2024-03-01 05:37:18,2024-03-01 05:37:18
SRC_RETURN_ITEM_B002_000002018,RI0000038477,R000022676,OI0000283561,P000396,2,801.89,WRONG_ITEM,2024-09-20 18:51:03,2024-09-20 18:51:03
SRC_RETURN_ITEM_B002_000002019,RI0000038478,R000022676,OI0000283562,P000219,2,388.78,DEFECTIVE,2024-09-20 18:51:03,2024-09-20 18:51:03
SRC_RETURN_ITEM_B002_000002020,RI0000038479,R000022676,OI0000283563,P000413,1,83.71,WRONG_ITEM,2024-09-20 18:51:03,2024-09-20 18:51:03
SRC_RETURN_ITEM_B002_000002021,RI0000038480,R000021355,OI0000283584,P000083,1,379.28,DEFECTIVE,2024-04-13 14:57:17,2024-04-13 14:57:17
SRC_RETURN_ITEM_B002_000002022,RI0000038481,R000021355,OI0000283586,P000454,1,271.18,DAMAGED,2024-04-13 14:57:17,2024-04-13 14:57:17
SRC_RETURN_ITEM_B002_000002023,RI0000038482,R000022419,OI0000284039,P000253,1,1092.26,SIZE_FIT,2026-05-21 00:05:47,2026-05-21 00:05:47
SRC_RETURN_ITEM_B002_000002024,RI0000038483,R000021999,OI0000284963,P000391,2,1042.04,LATE_DELIVERY,2024-08-28 02:50:05,2024-08-28 02:50:05
SRC_RETURN_ITEM_B002_000002025,RI0000038484,R000022546,OI0000285263,P000156,1,793.09,WRONG_ITEM,2024-05-21 02:26:26,2024-05-21 02:26:26
SRC_RETURN_ITEM_B002_000002026,RI0000038485,R000022546,OI0000285264,P000183,2,2045.76,UNWANTED,2024-05-21 02:26:26,2024-05-21 02:26:26
SRC_RETURN_ITEM_B002_000002027,RI0000038486,R000021503,OI0000285986,P000289,1,785.39,SIZE_FIT,2024-07-13 17:42:54,2024-07-13 17:42:54
SRC_RETURN_ITEM_B002_000002028,RI0000038487,R000021468,OI0000286370,P000048,4,1103.18,SIZE_FIT,2024-10-18 10:15:26,2024-10-18 10:15:26
SRC_RETURN_ITEM_B002_000002029,RI0000038488,R000022672,OI0000286447,P000275,1,1165.93,WRONG_ITEM,2026-02-03 21:47:15,2026-02-03 21:47:15
SRC_RETURN_ITEM_B002_000002030,RI0000038489,R000021439,OI0000286597,P000087,1,464.42,LATE_DELIVERY,2026-01-14 19:10:51,2026-01-14 19:10:51
SRC_RETURN_ITEM_B002_000002031,RI0000038490,R000021439,OI0000286600,P000061,2,1241.83,SIZE_FIT,2026-01-14 19:10:51,2026-01-14 19:10:51
SRC_RETURN_ITEM_B002_000002032,RI0000038491,R000021787,OI0000287093,P000390,4,3184.54,WRONG_ITEM,2024-01-20 02:22:06,2024-01-20 02:22:06
SRC_RETURN_ITEM_B002_000002033,RI0000038492,R000022662,OI0000287142,P000096,2,371.13,DAMAGED,2025-09-09 05:35:56,2025-09-09 05:35:56
SRC_RETURN_ITEM_B002_000002034,RI0000038493,R000022746,OI0000287365,P000039,1,705.50,UNWANTED,2025-06-12 21:02:02,2025-06-12 21:02:02
SRC_RETURN_ITEM_B002_000002035,RI0000038494,R000022746,OI0000287363,P000005,2,1018.73,UNWANTED,2025-06-12 21:02:02,2025-06-12 21:02:02
SRC_RETURN_ITEM_B002_000002036,RI0000038495,R000022746,OI0000287364,P000294,1,374.36,SIZE_FIT,2025-06-12 21:02:02,2025-06-12 21:02:02
SRC_RETURN_ITEM_B002_000002037,RI0000038496,R000022481,OI0000287756,P000308,3,211.25,UNWANTED,2025-03-20 06:52:37,2025-03-20 06:52:37
SRC_RETURN_ITEM_B002_000002038,RI0000038497,R000022481,OI0000287757,P000421,1,374.59,LATE_DELIVERY,2025-03-20 06:52:37,2025-03-20 06:52:37
SRC_RETURN_ITEM_B002_000002039,RI0000038498,R000022484,OI0000288105,P000128,1,1189.69,DEFECTIVE,2025-10-16 22:07:22,2025-10-16 22:07:22
SRC_RETURN_ITEM_B002_000002040,RI0000038499,R000021765,OI0000288467,P000437,1,719.09,DEFECTIVE,2025-09-10 11:48:10,2025-09-10 11:48:10
SRC_RETURN_ITEM_B002_000002041,RI0000038500,R000022041,OI0000288514,P000189,1,263.76,SIZE_FIT,2024-06-15 14:02:53,2024-06-15 14:02:53
SRC_RETURN_ITEM_B002_000002042,RI0000038501,R000022041,OI0000288516,P000219,1,194.39,DEFECTIVE,2024-06-15 14:02:53,2024-06-15 14:02:53
SRC_RETURN_ITEM_B002_000002043,RI0000038502,R000022089,OI0000288530,P000292,1,51.06,DAMAGED,2024-10-30 17:49:03,2024-10-30 17:49:03
SRC_RETURN_ITEM_B002_000002044,RI0000038503,R000021971,OI0000288863,P000275,1,1165.93,WRONG_ITEM,2026-01-06 19:31:39,2026-01-06 19:31:39
SRC_RETURN_ITEM_B002_000002045,RI0000038504,R000022341,OI0000289116,P000437,2,1294.36,SIZE_FIT,2025-05-08 10:26:35,2025-05-08 10:26:35
SRC_RETURN_ITEM_B002_000002046,RI0000038505,R000022341,OI0000289115,P000211,1,152.21,DEFECTIVE,2025-05-08 10:26:35,2025-05-08 10:26:35
SRC_RETURN_ITEM_B002_000002047,RI0000038506,R000022167,OI0000289919,P000455,3,841.11,SIZE_FIT,2024-09-08 06:12:53,2024-09-08 06:12:53
SRC_RETURN_ITEM_B002_000002048,RI0000038507,R000022678,OI0000289992,P000406,2,2057.98,DAMAGED,2024-03-24 20:08:28,2024-03-24 20:08:28
SRC_RETURN_ITEM_B002_000002049,RI0000038508,R000021932,OI0000290309,P000164,1,1098.66,WRONG_ITEM,2025-05-24 08:32:55,2025-05-24 08:32:55
SRC_RETURN_ITEM_B002_000002050,RI0000038509,R000022564,OI0000290572,P000294,1,394.07,DAMAGED,2025-12-18 09:53:30,2025-12-18 09:53:30
SRC_RETURN_ITEM_B002_000002051,RI0000038510,R000021660,OI0000290712,P000336,1,213.94,LATE_DELIVERY,2025-03-15 20:41:41,2025-03-15 20:41:41
SRC_RETURN_ITEM_B002_000002052,RI0000038511,R000022076,OI0000291267,P000116,1,269.86,DEFECTIVE,2026-08-10 03:01:57,2026-08-10 03:01:57
SRC_RETURN_ITEM_B002_000002053,RI0000038512,R000022076,OI0000291265,P000189,2,448.39,UNWANTED,2026-08-10 03:01:57,2026-08-10 03:01:57
SRC_RETURN_ITEM_B002_000002054,RI0000038513,R000022076,OI0000291266,P000044,1,100.19,WRONG_ITEM,2026-08-10 03:01:57,2026-08-10 03:01:57
SRC_RETURN_ITEM_B002_000002055,RI0000038514,R000022701,OI0000291651,P000340,1,994.31,WRONG_ITEM,2024-05-31 14:00:50,2024-05-31 14:00:50
SRC_RETURN_ITEM_B002_000002056,RI0000038515,R000021346,OI0000291750,P000063,1,820.37,UNWANTED,2025-06-29 06:39:03,2025-06-29 06:39:03
SRC_RETURN_ITEM_B002_000002057,RI0000038516,R000021389,OI0000291776,P000028,1,538.36,SIZE_FIT,2025-02-01 18:28:49,2025-02-01 18:28:49
SRC_RETURN_ITEM_B002_000002058,RI0000038517,R000021389,OI0000291775,P000135,1,1198.54,DAMAGED,2025-02-01 18:28:49,2025-02-01 18:28:49
SRC_RETURN_ITEM_B002_000002059,RI0000038518,R000021638,OI0000291964,P000232,1,767.66,UNWANTED,2025-04-04 02:08:12,2025-04-04 02:08:12
SRC_RETURN_ITEM_B002_000002060,RI0000038519,R000022751,OI0000292057,P000329,1,817.68,UNWANTED,2025-02-21 17:04:22,2025-02-21 17:04:22
SRC_RETURN_ITEM_B002_000002061,RI0000038520,R000022751,OI0000292054,P000311,1,646.92,DAMAGED,2025-02-21 17:04:22,2025-02-21 17:04:22
SRC_RETURN_ITEM_B002_000002062,RI0000038521,R000022081,OI0000292100,P000470,2,1777.42,UNWANTED,2026-04-28 05:58:50,2026-04-28 05:58:50
SRC_RETURN_ITEM_B002_000002063,RI0000038522,R000022081,OI0000292101,P000154,1,10.19,SIZE_FIT,2026-04-28 05:58:50,2026-04-28 05:58:50
SRC_RETURN_ITEM_B002_000002064,RI0000038523,R000021381,OI0000292353,P000113,1,231.80,SIZE_FIT,2025-08-21 01:57:54,2025-08-21 01:57:54
SRC_RETURN_ITEM_B002_000002065,RI0000038524,R000021381,OI0000292355,P000376,1,843.82,DAMAGED,2025-08-21 01:57:54,2025-08-21 01:57:54
SRC_RETURN_ITEM_B002_000002066,RI0000038525,R000021381,OI0000292351,P000108,2,960.49,UNWANTED,2025-08-21 01:57:54,2025-08-21 01:57:54
SRC_RETURN_ITEM_B002_000002067,RI0000038526,R000022053,OI0000292377,P000455,1,295.13,DEFECTIVE,2025-03-04 13:35:33,2025-03-04 13:35:33
SRC_RETURN_ITEM_B002_000002068,RI0000038527,R000021438,OI0000292394,P000034,1,927.17,WRONG_ITEM,2026-06-28 15:07:07,2026-06-28 15:07:07
SRC_RETURN_ITEM_B002_000002069,RI0000038528,R000021438,OI0000292395,P000035,2,2021.88,SIZE_FIT,2026-06-28 15:07:07,2026-06-28 15:07:07
SRC_RETURN_ITEM_B002_000002070,RI0000038529,R000021438,OI0000292396,P000074,2,1412.81,SIZE_FIT,2026-06-28 15:07:07,2026-06-28 15:07:07
SRC_RETURN_ITEM_B002_000002071,RI0000038530,R000022037,OI0000292462,P000339,1,464.60,DAMAGED,2026-04-29 18:40:11,2026-04-29 18:40:11
SRC_RETURN_ITEM_B002_000002072,RI0000038531,R000021751,OI0000293050,P000493,1,663.50,LATE_DELIVERY,2026-03-04 20:13:25,2026-03-04 20:13:25
SRC_RETURN_ITEM_B002_000002073,RI0000038532,R000022488,OI0000293773,P000253,1,1092.26,DEFECTIVE,2024-05-05 11:11:12,2024-05-05 11:11:12
SRC_RETURN_ITEM_B002_000002074,RI0000038533,R000021878,OI0000294488,P000298,3,285.01,WRONG_ITEM,2024-10-09 18:40:00,2024-10-09 18:40:00
SRC_RETURN_ITEM_B002_000002075,RI0000038534,R000021878,OI0000294489,P000269,1,808.49,LATE_DELIVERY,2024-10-09 18:40:00,2024-10-09 18:40:00
SRC_RETURN_ITEM_B002_000002076,RI0000038535,R000022428,OI0000295035,P000295,1,1083.98,SIZE_FIT,2024-12-21 05:14:18,2024-12-21 05:14:18
SRC_RETURN_ITEM_B002_000002077,RI0000038536,R000022428,OI0000295034,P000312,1,335.35,DAMAGED,2024-12-21 05:14:18,2024-12-21 05:14:18
SRC_RETURN_ITEM_B002_000002078,RI0000038537,R000022602,OI0000295237,P000288,1,556.13,WRONG_ITEM,2024-06-22 09:38:11,2024-06-22 09:38:11
SRC_RETURN_ITEM_B002_000002079,RI0000038538,R000022486,OI0000295289,P000009,2,1757.30,LATE_DELIVERY,2024-08-18 08:22:42,2024-08-18 08:22:42
SRC_RETURN_ITEM_B002_000002080,RI0000038539,R000022486,OI0000295290,P000416,3,3070.30,DAMAGED,2024-08-18 08:22:42,2024-08-18 08:22:42
SRC_RETURN_ITEM_B002_000002081,RI0000038540,R000022090,OI0000295512,P000333,1,1107.16,DEFECTIVE,2025-09-23 20:07:45,2025-09-23 20:07:45
SRC_RETURN_ITEM_B002_000002082,RI0000038541,R000022090,OI0000295511,P000079,1,1029.32,UNWANTED,2025-09-23 20:07:45,2025-09-23 20:07:45
SRC_RETURN_ITEM_B002_000002083,RI0000038542,R000021515,OI0000295784,P000419,1,857.72,DAMAGED,2026-07-30 17:45:55,2026-07-30 17:45:55
SRC_RETURN_ITEM_B002_000002084,RI0000038543,R000022135,OI0000295940,P000311,1,646.92,WRONG_ITEM,2025-09-25 20:23:19,2025-09-25 20:23:19
SRC_RETURN_ITEM_B002_000002085,RI0000038544,R000022135,OI0000295944,P000271,2,1983.76,DEFECTIVE,2025-09-25 20:23:19,2025-09-25 20:23:19
SRC_RETURN_ITEM_B002_000002086,RI0000038545,R000021901,OI0000296482,P000107,1,134.23,DEFECTIVE,2026-07-08 19:36:06,2026-07-08 19:36:06
SRC_RETURN_ITEM_B002_000002087,RI0000038546,R000021877,OI0000296916,P000326,2,104.67,SIZE_FIT,2025-03-15 22:33:40,2025-03-15 22:33:40
SRC_RETURN_ITEM_B002_000002088,RI0000038547,R000021451,OI0000296998,P000062,1,624.22,LATE_DELIVERY,2026-05-23 04:49:12,2026-05-23 04:49:12
SRC_RETURN_ITEM_B002_000002089,RI0000038548,R000021633,OI0000297417,P000021,1,228.98,DAMAGED,2026-03-19 17:02:43,2026-03-19 17:02:43
SRC_RETURN_ITEM_B002_000002090,RI0000038549,R000021585,OI0000297506,P000333,1,1107.16,DAMAGED,2026-09-29 14:06:04,2026-09-29 14:06:04
SRC_RETURN_ITEM_B002_000002091,RI0000038550,R000022033,OI0000297615,P000465,1,701.33,UNWANTED,2024-11-06 05:02:49,2024-11-06 05:02:49
SRC_RETURN_ITEM_B002_000002092,RI0000038551,R000022033,OI0000297614,P000129,1,1011.72,WRONG_ITEM,2024-11-06 05:02:49,2024-11-06 05:02:49
SRC_RETURN_ITEM_B002_000002093,RI0000038552,R000022755,OI0000298750,P000374,1,1103.86,DEFECTIVE,2025-07-23 11:48:33,2025-07-23 11:48:33
SRC_RETURN_ITEM_B002_000002094,RI0000038553,R000021458,OI0000298757,P000046,1,417.29,DEFECTIVE,2026-01-19 06:05:34,2026-01-19 06:05:34
SRC_RETURN_ITEM_B002_000002095,RI0000038554,R000021813,OI0000298798,P000097,1,502.12,WRONG_ITEM,2024-02-17 19:35:46,2024-02-17 19:35:46
SRC_RETURN_ITEM_B002_000002096,RI0000038555,R000021494,OI0000298909,P000394,2,527.81,DEFECTIVE,2025-01-28 09:54:24,2025-01-28 09:54:24
SRC_RETURN_ITEM_B002_000002097,RI0000038556,R000022627,OI0000299255,P000303,1,675.66,LATE_DELIVERY,2024-02-05 01:07:37,2024-02-05 01:07:37
SRC_RETURN_ITEM_B002_000002098,RI0000038557,R000022627,OI0000299257,P000179,2,100.89,DAMAGED,2024-02-05 01:07:37,2024-02-05 01:07:37
SRC_RETURN_ITEM_B002_000002099,RI0000038558,R000022627,OI0000299256,P000316,1,336.89,UNWANTED,2024-02-05 01:07:37,2024-02-05 01:07:37
SRC_RETURN_ITEM_B002_000002100,RI0000038559,R000021539,OI0000299910,P000223,1,382.99,WRONG_ITEM,2025-03-04 10:54:48,2025-03-04 10:54:48
SRC_RETURN_ITEM_B002_000002101,RI0000038560,R000021730,OI0000300100,P000380,1,880.66,UNWANTED,2025-12-09 12:00:40,2025-12-09 12:00:40
SRC_RETURN_ITEM_B002_000002102,RI0000038561,R000021730,OI0000300102,P000332,3,898.94,UNWANTED,2025-12-09 12:00:40,2025-12-09 12:00:40
SRC_RETURN_ITEM_B002_000002103,RI0000038562,R000021730,OI0000300101,P000077,1,27.80,UNWANTED,2025-12-09 12:00:40,2025-12-09 12:00:40
SRC_RETURN_ITEM_B002_000002104,RI0000038563,R000021803,OI0000300161,P000152,1,200.82,LATE_DELIVERY,2024-04-29 22:02:36,2024-04-29 22:02:36
SRC_RETURN_ITEM_B002_000002105,RI0000038564,R000022406,OI0000300163,P000405,1,856.31,SIZE_FIT,2024-07-01 19:20:09,2024-07-01 19:20:09
SRC_RETURN_ITEM_B002_000002106,RI0000038565,R000022144,OI0000300166,P000178,1,212.44,LATE_DELIVERY,2025-01-06 12:03:17,2025-01-06 12:03:17
SRC_RETURN_ITEM_B002_000002107,RI0000038566,R000022144,OI0000300165,P000264,2,1047.50,SIZE_FIT,2025-01-06 12:03:17,2025-01-06 12:03:17
SRC_RETURN_ITEM_B002_000002108,RI0000038567,R000022144,OI0000300167,P000460,2,791.54,DEFECTIVE,2025-01-06 12:03:17,2025-01-06 12:03:17
SRC_RETURN_ITEM_B002_000002109,RI0000038568,R000022003,OI0000300224,P000373,1,872.83,SIZE_FIT,2025-04-01 12:03:32,2025-04-01 12:03:32
SRC_RETURN_ITEM_B002_000002110,RI0000038569,R000022091,OI0000300374,P000284,2,1480.49,WRONG_ITEM,2024-08-27 22:58:28,2024-08-27 22:58:28
SRC_RETURN_ITEM_B002_000002111,RI0000038570,R000022091,OI0000300376,P000113,1,244.01,SIZE_FIT,2024-08-27 22:58:28,2024-08-27 22:58:28
SRC_RETURN_ITEM_B002_000002112,RI0000038571,R000022091,OI0000300375,P000458,1,822.78,UNWANTED,2024-08-27 22:58:28,2024-08-27 22:58:28
SRC_RETURN_ITEM_B002_000002113,RI0000038572,R000021700,OI0000300560,P000252,1,1014.10,SIZE_FIT,2024-12-23 06:07:53,2024-12-23 06:07:53
SRC_RETURN_ITEM_B002_000002114,RI0000038573,R000021700,OI0000300561,P000479,1,648.91,WRONG_ITEM,2024-12-23 06:07:53,2024-12-23 06:07:53
SRC_RETURN_ITEM_B002_000002115,RI0000038574,R000022651,OI0000300602,P000169,1,1001.10,SIZE_FIT,2025-03-09 08:52:55,2025-03-09 08:52:55
SRC_RETURN_ITEM_B002_000002116,RI0000038575,R000022082,OI0000301268,P000259,2,195.88,DAMAGED,2024-03-16 04:13:41,2024-03-16 04:13:41
SRC_RETURN_ITEM_B002_000002117,RI0000038576,R000022082,OI0000301264,P000101,1,945.10,LATE_DELIVERY,2024-03-16 04:13:41,2024-03-16 04:13:41
SRC_RETURN_ITEM_B002_000002118,RI0000038577,R000022082,OI0000301267,P000370,2,1082.86,SIZE_FIT,2024-03-16 04:13:41,2024-03-16 04:13:41
SRC_RETURN_ITEM_B002_000002119,RI0000038578,R000021591,OI0000301794,P000247,1,484.10,SIZE_FIT,2024-08-29 05:21:41,2024-08-29 05:21:41
SRC_RETURN_ITEM_B002_000002120,RI0000038579,R000021591,OI0000301791,P000205,1,254.74,SIZE_FIT,2024-08-29 05:21:41,2024-08-29 05:21:41
SRC_RETURN_ITEM_B002_000002121,RI0000038580,R000021591,OI0000301793,P000471,1,850.18,WRONG_ITEM,2024-08-29 05:21:41,2024-08-29 05:21:41
SRC_RETURN_ITEM_B002_000002122,RI0000038581,R000022565,OI0000302000,P000175,1,1064.35,UNWANTED,2026-05-04 05:58:59,2026-05-04 05:58:59
SRC_RETURN_ITEM_B002_000002123,RI0000038582,R000022565,OI0000301999,P000308,2,126.75,UNWANTED,2026-05-04 05:58:59,2026-05-04 05:58:59
SRC_RETURN_ITEM_B002_000002124,RI0000038583,R000021534,OI0000302083,P000483,2,1600.13,DAMAGED,2025-02-01 19:39:57,2025-02-01 19:39:57
SRC_RETURN_ITEM_B002_000002125,RI0000038584,R000022778,OI0000302282,P000232,1,810.31,UNWANTED,2025-08-08 10:41:36,2025-08-08 10:41:36
SRC_RETURN_ITEM_B002_000002126,RI0000038585,R000022778,OI0000302286,P000462,2,2027.03,LATE_DELIVERY,2025-08-08 10:41:36,2025-08-08 10:41:36
SRC_RETURN_ITEM_B002_000002127,RI0000038586,R000021915,OI0000302385,P000305,2,1751.79,DEFECTIVE,2024-06-11 14:04:42,2024-06-11 14:04:42
SRC_RETURN_ITEM_B002_000002128,RI0000038587,R000021666,OI0000302418,P000101,1,1050.11,UNWANTED,2025-05-18 19:50:50,2025-05-18 19:50:50
SRC_RETURN_ITEM_B002_000002129,RI0000038588,R000021666,OI0000302421,P000262,1,26.27,DAMAGED,2025-05-18 19:50:50,2025-05-18 19:50:50
SRC_RETURN_ITEM_B002_000002130,RI0000038589,R000021739,OI0000302440,P000234,1,1048.16,DAMAGED,2025-11-03 01:11:00,2025-11-03 01:11:00
SRC_RETURN_ITEM_B002_000002131,RI0000038590,R000021739,OI0000302437,P000495,1,849.04,UNWANTED,2025-11-03 01:11:00,2025-11-03 01:11:00
SRC_RETURN_ITEM_B002_000002132,RI0000038591,R000021739,OI0000302439,P000086,1,707.58,SIZE_FIT,2025-11-03 01:11:00,2025-11-03 01:11:00
SRC_RETURN_ITEM_B002_000002133,RI0000038592,R000021679,OI0000302833,P000279,1,975.46,DAMAGED,2025-03-04 00:43:03,2025-03-04 00:43:03
SRC_RETURN_ITEM_B002_000002134,RI0000038593,R000021509,OI0000302835,P000061,1,620.92,DEFECTIVE,2026-01-19 22:57:21,2026-01-19 22:57:21
SRC_RETURN_ITEM_B002_000002135,RI0000038594,R000021470,OI0000303057,P000453,3,887.18,LATE_DELIVERY,2026-08-19 02:42:45,2026-08-19 02:42:45
SRC_RETURN_ITEM_B002_000002136,RI0000038595,R000021470,OI0000303059,P000344,1,396.17,LATE_DELIVERY,2026-08-19 02:42:45,2026-08-19 02:42:45
SRC_RETURN_ITEM_B002_000002137,RI0000038596,R000021470,OI0000303055,P000248,1,625.91,LATE_DELIVERY,2026-08-19 02:42:45,2026-08-19 02:42:45
SRC_RETURN_ITEM_B002_000002138,RI0000038597,R000022410,OI0000303169,P000068,1,580.30,DAMAGED,2024-05-22 07:21:20,2024-05-22 07:21:20
SRC_RETURN_ITEM_B002_000002139,RI0000038598,R000021525,OI0000303270,P000182,3,735.58,DEFECTIVE,2024-11-13 13:59:54,2024-11-13 13:59:54
SRC_RETURN_ITEM_B002_000002140,RI0000038599,R000021689,OI0000303362,P000239,2,1680.18,UNWANTED,2026-06-30 09:35:52,2026-06-30 09:35:52
SRC_RETURN_ITEM_B002_000002141,RI0000038600,R000022028,OI0000303718,P000279,2,2053.61,SIZE_FIT,2025-04-07 22:21:00,2025-04-07 22:21:00
SRC_RETURN_ITEM_B002_000002142,RI0000038601,R000022028,OI0000303717,P000159,1,35.62,UNWANTED,2025-04-07 22:21:00,2025-04-07 22:21:00
SRC_RETURN_ITEM_B002_000002143,RI0000038602,R000022719,OI0000304055,P000360,1,784.12,SIZE_FIT,2026-01-22 15:31:36,2026-01-22 15:31:36
SRC_RETURN_ITEM_B002_000002144,RI0000038603,R000022719,OI0000304056,P000412,2,1494.67,LATE_DELIVERY,2026-01-22 15:31:36,2026-01-22 15:31:36
SRC_RETURN_ITEM_B002_000002145,RI0000038604,R000022719,OI0000304057,P000490,1,710.75,UNWANTED,2026-01-22 15:31:36,2026-01-22 15:31:36
SRC_RETURN_ITEM_B002_000002146,RI0000038605,R000022151,OI0000304179,P000441,3,3202.52,LATE_DELIVERY,2025-06-12 00:03:14,2025-06-12 00:03:14
SRC_RETURN_ITEM_B002_000002147,RI0000038606,R000022479,OI0000304449,P000464,1,179.56,DAMAGED,2024-09-30 19:44:16,2024-09-30 19:44:16
SRC_RETURN_ITEM_B002_000002148,RI0000038607,R000022608,OI0000305334,P000196,1,98.45,WRONG_ITEM,2025-06-09 02:00:20,2025-06-09 02:00:20
SRC_RETURN_ITEM_B002_000002149,RI0000038608,R000022681,OI0000305394,P000303,1,675.66,SIZE_FIT,2025-12-20 23:44:32,2025-12-20 23:44:32
SRC_RETURN_ITEM_B002_000002150,RI0000038609,R000022681,OI0000305393,P000212,1,909.46,SIZE_FIT,2025-12-20 23:44:32,2025-12-20 23:44:32
SRC_RETURN_ITEM_B002_000002151,RI0000038610,R000022681,OI0000305395,P000288,1,585.40,DEFECTIVE,2025-12-20 23:44:32,2025-12-20 23:44:32
SRC_RETURN_ITEM_B002_000002152,RI0000038611,R000022374,OI0000305530,P000438,1,989.00,WRONG_ITEM,2024-06-23 01:48:25,2024-06-23 01:48:25
SRC_RETURN_ITEM_B002_000002153,RI0000038612,R000022374,OI0000305529,P000287,2,2282.23,DAMAGED,2024-06-23 01:48:25,2024-06-23 01:48:25
SRC_RETURN_ITEM_B002_000002154,RI0000038613,R000021941,OI0000305747,P000482,1,248.81,SIZE_FIT,2025-01-15 19:15:55,2025-01-15 19:15:55
SRC_RETURN_ITEM_B002_000002155,RI0000038614,R000021941,OI0000305746,P000011,1,700.04,UNWANTED,2025-01-15 19:15:55,2025-01-15 19:15:55
SRC_RETURN_ITEM_B002_000002156,RI0000038615,R000021941,OI0000305748,P000250,1,218.96,SIZE_FIT,2025-01-15 19:15:55,2025-01-15 19:15:55
SRC_RETURN_ITEM_B002_000002157,RI0000038616,R000021460,OI0000305835,P000211,1,160.22,UNWANTED,2026-08-23 11:22:00,2026-08-23 11:22:00
SRC_RETURN_ITEM_B002_000002158,RI0000038617,R000021460,OI0000305833,P000229,1,269.27,DAMAGED,2026-08-23 11:22:00,2026-08-23 11:22:00
SRC_RETURN_ITEM_B002_000002159,RI0000038618,R000021460,OI0000305834,P000440,1,50.24,DAMAGED,2026-08-23 11:22:00,2026-08-23 11:22:00
SRC_RETURN_ITEM_B002_000002160,RI0000038619,R000021631,OI0000306044,P000139,1,789.98,DAMAGED,2025-03-07 07:50:55,2025-03-07 07:50:55
SRC_RETURN_ITEM_B002_000002161,RI0000038620,R000022068,OI0000306142,P000156,1,793.09,WRONG_ITEM,2026-09-14 18:49:39,2026-09-14 18:49:39
SRC_RETURN_ITEM_B002_000002162,RI0000038621,R000022181,OI0000306649,P000164,1,1156.49,LATE_DELIVERY,2025-02-12 11:09:12,2025-02-12 11:09:12
SRC_RETURN_ITEM_B002_000002163,RI0000038622,R000022452,OI0000306681,P000363,1,1075.02,LATE_DELIVERY,2026-05-07 15:58:09,2026-05-07 15:58:09
SRC_RETURN_ITEM_B002_000002164,RI0000038623,R000022508,OI0000306925,P000383,1,180.86,DEFECTIVE,2024-11-26 20:58:11,2024-11-26 20:58:11
SRC_RETURN_ITEM_B002_000002165,RI0000038624,R000021479,OI0000307172,P000422,1,96.16,DAMAGED,2026-08-22 20:21:53,2026-08-22 20:21:53
SRC_RETURN_ITEM_B002_000002166,RI0000038625,R000021479,OI0000307174,P000499,1,738.98,DEFECTIVE,2026-08-22 20:21:53,2026-08-22 20:21:53
SRC_RETURN_ITEM_B002_000002167,RI0000038626,R000021479,OI0000307173,P000094,2,255.41,LATE_DELIVERY,2026-08-22 20:21:53,2026-08-22 20:21:53
SRC_RETURN_ITEM_B002_000002168,RI0000038627,R000021715,OI0000307754,P000426,1,149.21,UNWANTED,2024-05-10 07:33:24,2024-05-10 07:33:24
SRC_RETURN_ITEM_B002_000002169,RI0000038628,R000021715,OI0000307753,P000014,1,799.67,SIZE_FIT,2024-05-10 07:33:24,2024-05-10 07:33:24
SRC_RETURN_ITEM_B002_000002170,RI0000038629,R000022707,OI0000307824,P000054,3,229.49,LATE_DELIVERY,2025-10-01 03:59:01,2025-10-01 03:59:01
SRC_RETURN_ITEM_B002_000002171,RI0000038630,R000022707,OI0000307822,P000280,1,879.90,WRONG_ITEM,2025-10-01 03:59:01,2025-10-01 03:59:01
SRC_RETURN_ITEM_B002_000002172,RI0000038631,R000022206,OI0000307909,P000050,1,358.75,UNWANTED,2026-04-27 09:18:16,2026-04-27 09:18:16
SRC_RETURN_ITEM_B002_000002173,RI0000038632,R000022560,OI0000308162,P000466,1,376.16,DAMAGED,2025-04-04 04:06:58,2025-04-04 04:06:58
SRC_RETURN_ITEM_B002_000002174,RI0000038633,R000022560,OI0000308164,P000107,1,114.10,DAMAGED,2025-04-04 04:06:58,2025-04-04 04:06:58
SRC_RETURN_ITEM_B002_000002175,RI0000038634,R000021804,OI0000308192,P000156,1,713.78,UNWANTED,2024-06-17 09:24:54,2024-06-17 09:24:54
SRC_RETURN_ITEM_B002_000002176,RI0000038635,R000021804,OI0000308193,P000273,1,405.64,LATE_DELIVERY,2024-06-17 09:24:54,2024-06-17 09:24:54
SRC_RETURN_ITEM_B002_000002177,RI0000038636,R000022695,OI0000308398,P000449,1,145.69,UNWANTED,2024-10-27 03:44:44,2024-10-27 03:44:44
SRC_RETURN_ITEM_B002_000002178,RI0000038637,R000021723,OI0000308432,P000305,1,875.89,WRONG_ITEM,2026-08-07 11:14:02,2026-08-07 11:14:02
SRC_RETURN_ITEM_B002_000002179,RI0000038638,R000022730,OI0000308440,P000498,1,691.85,UNWANTED,2026-03-25 16:36:44,2026-03-25 16:36:44
SRC_RETURN_ITEM_B002_000002180,RI0000038639,R000022730,OI0000308439,P000192,1,202.13,DAMAGED,2026-03-25 16:36:44,2026-03-25 16:36:44
SRC_RETURN_ITEM_B002_000002181,RI0000038640,R000022221,OI0000308640,P000397,1,444.04,UNWANTED,2024-07-18 11:36:13,2024-07-18 11:36:13
SRC_RETURN_ITEM_B002_000002182,RI0000038641,R000022759,OI0000308775,P000004,1,243.31,LATE_DELIVERY,2025-11-19 14:35:48,2025-11-19 14:35:48
SRC_RETURN_ITEM_B002_000002183,RI0000038642,R000022613,OI0000309026,P000072,2,1832.59,DAMAGED,2025-07-14 21:35:17,2025-07-14 21:35:17
SRC_RETURN_ITEM_B002_000002184,RI0000038643,R000022613,OI0000309028,P000430,1,27.44,WRONG_ITEM,2025-07-14 21:35:17,2025-07-14 21:35:17
SRC_RETURN_ITEM_B002_000002185,RI0000038644,R000022613,OI0000309027,P000394,2,501.42,LATE_DELIVERY,2025-07-14 21:35:17,2025-07-14 21:35:17
SRC_RETURN_ITEM_B002_000002186,RI0000038645,R000021875,OI0000309091,P000198,1,1147.56,DEFECTIVE,2025-10-20 14:25:08,2025-10-20 14:25:08
SRC_RETURN_ITEM_B002_000002187,RI0000038646,R000022015,OI0000309129,P000430,2,58.32,UNWANTED,2025-02-07 03:17:42,2025-02-07 03:17:42
SRC_RETURN_ITEM_B002_000002188,RI0000038647,R000022600,OI0000309635,P000393,3,17.28,WRONG_ITEM,2024-03-16 02:39:28,2024-03-16 02:39:28
SRC_RETURN_ITEM_B002_000002189,RI0000038648,R000021716,OI0000310073,P000493,1,663.50,LATE_DELIVERY,2026-07-09 14:13:10,2026-07-09 14:13:10
SRC_RETURN_ITEM_B002_000002190,RI0000038649,R000021305,OI0000310448,P000031,3,2508.55,DAMAGED,2024-02-25 03:21:04,2024-02-25 03:21:04
SRC_RETURN_ITEM_B002_000002191,RI0000038650,R000021305,OI0000310450,P000006,1,891.66,SIZE_FIT,2024-02-25 03:21:04,2024-02-25 03:21:04
SRC_RETURN_ITEM_B002_000002192,RI0000038651,R000022494,OI0000310678,P000339,1,546.59,WRONG_ITEM,2024-08-13 15:21:46,2024-08-13 15:21:46
SRC_RETURN_ITEM_B002_000002193,RI0000038652,R000022494,OI0000310681,P000383,3,602.86,SIZE_FIT,2024-08-13 15:21:46,2024-08-13 15:21:46
SRC_RETURN_ITEM_B002_000002194,RI0000038653,R000022494,OI0000310677,P000292,1,60.07,UNWANTED,2024-08-13 15:21:46,2024-08-13 15:21:46
SRC_RETURN_ITEM_B002_000002195,RI0000038654,R000022528,OI0000310813,P000287,1,1027.01,LATE_DELIVERY,2024-11-15 23:17:38,2024-11-15 23:17:38
SRC_RETURN_ITEM_B002_000002196,RI0000038655,R000021866,OI0000310824,P000403,1,870.17,LATE_DELIVERY,2025-07-05 10:27:44,2025-07-05 10:27:44
SRC_RETURN_ITEM_B002_000002197,RI0000038656,R000022196,OI0000310997,P000065,1,695.92,DEFECTIVE,2025-01-07 12:59:39,2025-01-07 12:59:39
SRC_RETURN_ITEM_B002_000002198,RI0000038657,R000021459,OI0000311121,P000229,1,269.27,SIZE_FIT,2026-02-06 05:24:53,2026-02-06 05:24:53
SRC_RETURN_ITEM_B002_000002199,RI0000038658,R000021530,OI0000311810,P000374,1,883.08,DAMAGED,2024-03-18 03:26:21,2024-03-18 03:26:21
SRC_RETURN_ITEM_B002_000002200,RI0000038659,R000021530,OI0000311809,P000235,1,542.86,DEFECTIVE,2024-03-18 03:26:21,2024-03-18 03:26:21
SRC_RETURN_ITEM_B002_000002201,RI0000038660,R000022511,OI0000311872,P000087,1,464.42,WRONG_ITEM,2024-06-06 04:47:21,2024-06-06 04:47:21
SRC_RETURN_ITEM_B002_000002202,RI0000038661,R000022511,OI0000311873,P000313,1,20.92,LATE_DELIVERY,2024-06-06 04:47:21,2024-06-06 04:47:21
SRC_RETURN_ITEM_B002_000002203,RI0000038662,R000022584,OI0000311922,P000242,1,354.62,DEFECTIVE,2026-03-14 00:08:43,2026-03-14 00:08:43
SRC_RETURN_ITEM_B002_000002204,RI0000038663,R000021440,OI0000312042,P000125,1,862.73,UNWANTED,2026-02-04 22:36:18,2026-02-04 22:36:18
SRC_RETURN_ITEM_B002_000002205,RI0000038664,R000021440,OI0000312043,P000206,1,758.09,DEFECTIVE,2026-02-04 22:36:18,2026-02-04 22:36:18
SRC_RETURN_ITEM_B002_000002206,RI0000038665,R000021559,OI0000312052,P000362,1,196.52,DEFECTIVE,2025-08-20 22:24:09,2025-08-20 22:24:09
SRC_RETURN_ITEM_B002_000002207,RI0000038666,R000021762,OI0000312072,P000475,2,1951.75,LATE_DELIVERY,2024-03-28 09:22:17,2024-03-28 09:22:17
SRC_RETURN_ITEM_B002_000002208,RI0000038667,R000021762,OI0000312070,P000371,1,626.78,LATE_DELIVERY,2024-03-28 09:22:17,2024-03-28 09:22:17
SRC_RETURN_ITEM_B002_000002209,RI0000038668,R000022307,OI0000312312,P000408,2,123.41,DAMAGED,2026-02-05 11:30:07,2026-02-05 11:30:07
SRC_RETURN_ITEM_B002_000002210,RI0000038669,R000022209,OI0000313228,P000334,1,212.64,DEFECTIVE,2026-07-23 12:18:48,2026-07-23 12:18:48
SRC_RETURN_ITEM_B002_000002211,RI0000038670,R000021729,OI0000313461,P000100,1,164.54,DAMAGED,2025-03-25 10:20:11,2025-03-25 10:20:11
SRC_RETURN_ITEM_B002_000002212,RI0000038671,R000021729,OI0000313460,P000253,2,2184.53,DAMAGED,2025-03-25 10:20:11,2025-03-25 10:20:11
SRC_RETURN_ITEM_B002_000002213,RI0000038672,R000021729,OI0000313459,P000336,1,203.24,LATE_DELIVERY,2025-03-25 10:20:11,2025-03-25 10:20:11
SRC_RETURN_ITEM_B002_000002214,RI0000038673,R000021368,OI0000313522,P000414,1,163.34,WRONG_ITEM,2025-09-10 00:31:55,2025-09-10 00:31:55
SRC_RETURN_ITEM_B002_000002215,RI0000038674,R000021721,OI0000313867,P000259,1,103.09,WRONG_ITEM,2026-01-05 08:03:19,2026-01-05 08:03:19
SRC_RETURN_ITEM_B002_000002216,RI0000038675,R000021475,OI0000314259,P000268,2,1294.56,WRONG_ITEM,2025-11-22 03:25:53,2025-11-22 03:25:53
SRC_RETURN_ITEM_B002_000002217,RI0000038676,R000021475,OI0000314260,P000428,1,796.94,DEFECTIVE,2025-11-22 03:25:53,2025-11-22 03:25:53
SRC_RETURN_ITEM_B002_000002218,RI0000038677,R000022247,OI0000314291,P000311,1,517.54,UNWANTED,2025-02-16 10:30:31,2025-02-16 10:30:31
SRC_RETURN_ITEM_B002_000002219,RI0000038678,R000022164,OI0000314584,P000115,1,555.46,DEFECTIVE,2025-02-11 19:52:06,2025-02-11 19:52:06
SRC_RETURN_ITEM_B002_000002220,RI0000038679,R000022623,OI0000314682,P000065,1,695.92,UNWANTED,2024-10-23 15:03:39,2024-10-23 15:03:39
SRC_RETURN_ITEM_B002_000002221,RI0000038680,R000022623,OI0000314683,P000184,2,306.64,DAMAGED,2024-10-23 15:03:39,2024-10-23 15:03:39
SRC_RETURN_ITEM_B002_000002222,RI0000038681,R000021989,OI0000314689,P000028,1,538.36,UNWANTED,2025-04-28 14:57:48,2025-04-28 14:57:48
SRC_RETURN_ITEM_B002_000002223,RI0000038682,R000021989,OI0000314690,P000194,1,988.96,DAMAGED,2025-04-28 14:57:48,2025-04-28 14:57:48
SRC_RETURN_ITEM_B002_000002224,RI0000038683,R000021553,OI0000314921,P000207,1,446.28,DEFECTIVE,2025-10-20 17:22:26,2025-10-20 17:22:26
SRC_RETURN_ITEM_B002_000002225,RI0000038684,R000021553,OI0000314922,P000203,1,833.38,SIZE_FIT,2025-10-20 17:22:26,2025-10-20 17:22:26
SRC_RETURN_ITEM_B002_000002226,RI0000038685,R000021759,OI0000315013,P000382,1,985.70,WRONG_ITEM,2026-03-12 18:01:01,2026-03-12 18:01:01
SRC_RETURN_ITEM_B002_000002227,RI0000038686,R000021759,OI0000315016,P000460,1,316.62,WRONG_ITEM,2026-03-12 18:01:01,2026-03-12 18:01:01
SRC_RETURN_ITEM_B002_000002228,RI0000038687,R000022694,OI0000315394,P000221,1,610.00,WRONG_ITEM,2025-03-08 00:25:11,2025-03-08 00:25:11
SRC_RETURN_ITEM_B002_000002229,RI0000038688,R000021414,OI0000315798,P000132,1,550.67,WRONG_ITEM,2024-08-31 00:23:16,2024-08-31 00:23:16
SRC_RETURN_ITEM_B002_000002230,RI0000038689,R000021414,OI0000315796,P000371,1,626.78,DAMAGED,2024-08-31 00:23:16,2024-08-31 00:23:16
SRC_RETURN_ITEM_B002_000002231,RI0000038690,R000022044,OI0000316182,P000112,1,688.77,UNWANTED,2026-07-29 02:16:55,2026-07-29 02:16:55
SRC_RETURN_ITEM_B002_000002232,RI0000038691,R000022302,OI0000316389,P000293,1,273.55,UNWANTED,2025-08-08 09:49:03,2025-08-08 09:49:03
SRC_RETURN_ITEM_B002_000002233,RI0000038692,R000021399,OI0000316570,P000364,1,405.32,LATE_DELIVERY,2025-07-05 20:40:21,2025-07-05 20:40:21
SRC_RETURN_ITEM_B002_000002234,RI0000038693,R000022660,OI0000317228,P000408,2,123.41,DEFECTIVE,2024-06-16 20:09:13,2024-06-16 20:09:13
SRC_RETURN_ITEM_B002_000002235,RI0000038694,R000021304,OI0000317403,P000294,1,394.07,UNWANTED,2025-09-14 09:36:52,2025-09-14 09:36:52
SRC_RETURN_ITEM_B002_000002236,RI0000038695,R000021304,OI0000317402,P000486,1,266.26,DEFECTIVE,2025-09-14 09:36:52,2025-09-14 09:36:52
SRC_RETURN_ITEM_B002_000002237,RI0000038696,R000021304,OI0000317404,P000102,3,2471.40,LATE_DELIVERY,2025-09-14 09:36:52,2025-09-14 09:36:52
SRC_RETURN_ITEM_B002_000002238,RI0000038697,R000022438,OI0000317507,P000329,3,2330.39,LATE_DELIVERY,2025-02-24 23:34:23,2025-02-24 23:34:23
SRC_RETURN_ITEM_B002_000002239,RI0000038698,R000021798,OI0000317707,P000100,1,182.82,SIZE_FIT,2024-12-16 04:56:31,2024-12-16 04:56:31
SRC_RETURN_ITEM_B002_000002240,RI0000038699,R000021798,OI0000317709,P000088,1,523.91,UNWANTED,2024-12-16 04:56:31,2024-12-16 04:56:31
SRC_RETURN_ITEM_B002_000002241,RI0000038700,R000021329,OI0000318294,P000281,1,482.65,DEFECTIVE,2026-03-09 23:24:33,2026-03-09 23:24:33
SRC_RETURN_ITEM_B002_000002242,RI0000038701,R000022398,OI0000318595,P000223,1,382.99,DEFECTIVE,2024-06-27 09:45:40,2024-06-27 09:45:40
SRC_RETURN_ITEM_B002_000002243,RI0000038702,R000022398,OI0000318594,P000433,1,903.62,LATE_DELIVERY,2024-06-27 09:45:40,2024-06-27 09:45:40
SRC_RETURN_ITEM_B002_000002244,RI0000038703,R000022237,OI0000318623,P000004,1,229.80,DAMAGED,2024-09-28 09:15:29,2024-09-28 09:15:29
SRC_RETURN_ITEM_B002_000002245,RI0000038704,R000022237,OI0000318622,P000435,1,964.33,SIZE_FIT,2024-09-28 09:15:29,2024-09-28 09:15:29
SRC_RETURN_ITEM_B002_000002246,RI0000038705,R000022237,OI0000318620,P000409,1,108.67,DEFECTIVE,2024-09-28 09:15:29,2024-09-28 09:15:29
SRC_RETURN_ITEM_B002_000002247,RI0000038706,R000022085,OI0000318914,P000402,1,1051.90,SIZE_FIT,2024-07-24 16:29:10,2024-07-24 16:29:10
SRC_RETURN_ITEM_B002_000002248,RI0000038707,R000022085,OI0000318917,P000205,1,216.53,UNWANTED,2024-07-24 16:29:10,2024-07-24 16:29:10
SRC_RETURN_ITEM_B002_000002249,RI0000038708,R000021419,OI0000319168,P000350,1,776.51,SIZE_FIT,2025-04-18 07:24:11,2025-04-18 07:24:11
SRC_RETURN_ITEM_B002_000002250,RI0000038709,R000021419,OI0000319167,P000086,1,884.47,SIZE_FIT,2025-04-18 07:24:11,2025-04-18 07:24:11
SRC_RETURN_ITEM_B002_000002251,RI0000038710,R000022551,OI0000319232,P000410,1,705.48,WRONG_ITEM,2024-07-31 16:03:51,2024-07-31 16:03:51
SRC_RETURN_ITEM_B002_000002252,RI0000038711,R000022551,OI0000319235,P000429,1,1143.05,DAMAGED,2024-07-31 16:03:51,2024-07-31 16:03:51
SRC_RETURN_ITEM_B002_000002253,RI0000038712,R000021658,OI0000319601,P000102,1,867.16,UNWANTED,2025-12-16 04:33:40,2025-12-16 04:33:40
SRC_RETURN_ITEM_B002_000002254,RI0000038713,R000021658,OI0000319600,P000150,1,510.53,SIZE_FIT,2025-12-16 04:33:40,2025-12-16 04:33:40
SRC_RETURN_ITEM_B002_000002255,RI0000038714,R000021377,OI0000319844,P000328,1,638.71,UNWANTED,2024-09-13 21:13:01,2024-09-13 21:13:01
SRC_RETURN_ITEM_B002_000002256,RI0000038715,R000021614,OI0000320187,P000029,2,2323.87,UNWANTED,2026-02-02 21:51:03,2026-02-02 21:51:03
SRC_RETURN_ITEM_B002_000002257,RI0000038716,R000021614,OI0000320186,P000167,1,470.84,WRONG_ITEM,2026-02-02 21:51:03,2026-02-02 21:51:03
SRC_RETURN_ITEM_B002_000002258,RI0000038717,R000021328,OI0000321045,P000137,2,522.63,UNWANTED,2024-07-18 07:19:25,2024-07-18 07:19:25
SRC_RETURN_ITEM_B002_000002259,RI0000038718,R000022372,OI0000321303,P000075,1,1065.06,LATE_DELIVERY,2026-05-18 18:58:07,2026-05-18 18:58:07
SRC_RETURN_ITEM_B002_000002260,RI0000038719,R000021792,OI0000321404,P000143,1,941.98,LATE_DELIVERY,2025-02-14 08:18:41,2025-02-14 08:18:41
SRC_RETURN_ITEM_B002_000002261,RI0000038720,R000021792,OI0000321405,P000385,2,174.49,SIZE_FIT,2025-02-14 08:18:41,2025-02-14 08:18:41
SRC_RETURN_ITEM_B002_000002262,RI0000038721,R000022349,OI0000321832,P000175,1,1064.35,UNWANTED,2024-09-23 10:35:57,2024-09-23 10:35:57
SRC_RETURN_ITEM_B002_000002263,RI0000038722,R000021856,OI0000322349,P000476,1,469.45,LATE_DELIVERY,2025-02-07 08:50:03,2025-02-07 08:50:03
SRC_RETURN_ITEM_B002_000002264,RI0000038723,R000021364,OI0000322912,P000336,2,427.87,UNWANTED,2024-02-08 19:54:50,2024-02-08 19:54:50
SRC_RETURN_ITEM_B002_000002265,RI0000038724,R000021364,OI0000322911,P000499,1,738.98,LATE_DELIVERY,2024-02-08 19:54:50,2024-02-08 19:54:50
SRC_RETURN_ITEM_B002_000002266,RI0000038725,R000021858,OI0000322931,P000212,1,1136.82,UNWANTED,2024-11-01 13:50:20,2024-11-01 13:50:20
SRC_RETURN_ITEM_B002_000002267,RI0000038726,R000021858,OI0000322932,P000088,2,838.25,WRONG_ITEM,2024-11-01 13:50:20,2024-11-01 13:50:20
SRC_RETURN_ITEM_B002_000002268,RI0000038727,R000022405,OI0000323071,P000326,1,49.72,DAMAGED,2024-02-11 08:20:56,2024-02-11 08:20:56
SRC_RETURN_ITEM_B002_000002269,RI0000038728,R000021557,OI0000323184,P000289,1,826.73,SIZE_FIT,2025-04-10 02:26:53,2025-04-10 02:26:53
SRC_RETURN_ITEM_B002_000002270,RI0000038729,R000021557,OI0000323186,P000254,1,984.07,UNWANTED,2025-04-10 02:26:53,2025-04-10 02:26:53
SRC_RETURN_ITEM_B002_000002271,RI0000038730,R000021557,OI0000323183,P000011,1,700.04,LATE_DELIVERY,2025-04-10 02:26:53,2025-04-10 02:26:53
SRC_RETURN_ITEM_B002_000002272,RI0000038731,R000021916,OI0000323396,P000081,1,183.60,DAMAGED,2024-03-02 21:43:49,2024-03-02 21:43:49
SRC_RETURN_ITEM_B002_000002273,RI0000038732,R000021916,OI0000323397,P000295,1,1029.78,DEFECTIVE,2024-03-02 21:43:49,2024-03-02 21:43:49
SRC_RETURN_ITEM_B002_000002274,RI0000038733,R000021916,OI0000323395,P000257,1,305.86,LATE_DELIVERY,2024-03-02 21:43:49,2024-03-02 21:43:49
SRC_RETURN_ITEM_B002_000002275,RI0000038734,R000022796,OI0000323605,P000385,1,91.84,DAMAGED,2024-07-30 16:16:44,2024-07-30 16:16:44
SRC_RETURN_ITEM_B002_000002276,RI0000038735,R000021709,OI0000323918,P000048,1,234.43,SIZE_FIT,2025-10-07 03:47:51,2025-10-07 03:47:51
SRC_RETURN_ITEM_B002_000002277,RI0000038736,R000021398,OI0000324213,P000343,1,1176.77,DEFECTIVE,2026-07-19 06:17:48,2026-07-19 06:17:48
SRC_RETURN_ITEM_B002_000002278,RI0000038737,R000022379,OI0000324369,P000364,1,405.33,LATE_DELIVERY,2024-08-08 17:47:12,2024-08-08 17:47:12
SRC_RETURN_ITEM_B002_000002279,RI0000038738,R000021872,OI0000325715,P000333,1,941.09,LATE_DELIVERY,2026-02-13 14:08:52,2026-02-13 14:08:52
SRC_RETURN_ITEM_B002_000002280,RI0000038739,R000021872,OI0000325714,P000227,1,11.26,DAMAGED,2026-02-13 14:08:52,2026-02-13 14:08:52
SRC_RETURN_ITEM_B002_000002281,RI0000038740,R000022533,OI0000326562,P000246,1,37.61,DAMAGED,2024-06-04 09:07:17,2024-06-04 09:07:17
SRC_RETURN_ITEM_B002_000002282,RI0000038741,R000022533,OI0000326561,P000426,1,141.74,DAMAGED,2024-06-04 09:07:17,2024-06-04 09:07:17
SRC_RETURN_ITEM_B002_000002283,RI0000038742,R000021526,OI0000326917,P000024,1,992.15,WRONG_ITEM,2024-12-05 18:58:58,2024-12-05 18:58:58
SRC_RETURN_ITEM_B002_000002284,RI0000038743,R000021526,OI0000326916,P000228,2,1513.68,DAMAGED,2024-12-05 18:58:58,2024-12-05 18:58:58
SRC_RETURN_ITEM_B002_000002285,RI0000038744,R000021526,OI0000326918,P000054,1,80.52,LATE_DELIVERY,2024-12-05 18:58:58,2024-12-05 18:58:58
SRC_RETURN_ITEM_B002_000002286,RI0000038745,R000021383,OI0000327365,P000286,2,478.00,WRONG_ITEM,2026-01-03 14:05:26,2026-01-03 14:05:26
SRC_RETURN_ITEM_B002_000002287,RI0000038746,R000022409,OI0000327412,P000428,1,937.58,DEFECTIVE,2025-11-04 22:20:37,2025-11-04 22:20:37
SRC_RETURN_ITEM_B002_000002288,RI0000038747,R000022409,OI0000327413,P000141,1,312.09,DEFECTIVE,2025-11-04 22:20:37,2025-11-04 22:20:37
SRC_RETURN_ITEM_B002_000002289,RI0000038748,R000021998,OI0000327437,P000301,3,335.96,DAMAGED,2026-04-28 11:27:52,2026-04-28 11:27:52
SRC_RETURN_ITEM_B002_000002290,RI0000038749,R000021998,OI0000327438,P000483,2,1600.13,UNWANTED,2026-04-28 11:27:52,2026-04-28 11:27:52
SRC_RETURN_ITEM_B002_000002291,RI0000038750,R000021731,OI0000327737,P000461,1,709.49,WRONG_ITEM,2026-08-03 14:32:33,2026-08-03 14:32:33
SRC_RETURN_ITEM_B002_000002292,RI0000038751,R000021731,OI0000327738,P000041,1,16.69,UNWANTED,2026-08-03 14:32:33,2026-08-03 14:32:33
SRC_RETURN_ITEM_B002_000002293,RI0000038752,R000021521,OI0000327891,P000006,1,891.66,WRONG_ITEM,2024-12-24 05:02:34,2024-12-24 05:02:34
SRC_RETURN_ITEM_B002_000002294,RI0000038753,R000021521,OI0000327895,P000443,1,304.45,DAMAGED,2024-12-24 05:02:34,2024-12-24 05:02:34
SRC_RETURN_ITEM_B002_000002295,RI0000038754,R000022572,OI0000328003,P000010,1,1084.15,LATE_DELIVERY,2024-10-05 05:13:05,2024-10-05 05:13:05
SRC_RETURN_ITEM_B002_000002296,RI0000038755,R000022236,OI0000328377,P000481,3,590.84,DAMAGED,2024-12-04 18:34:35,2024-12-04 18:34:35
SRC_RETURN_ITEM_B002_000002297,RI0000038756,R000022236,OI0000328374,P000366,4,3741.20,UNWANTED,2024-12-04 18:34:35,2024-12-04 18:34:35
SRC_RETURN_ITEM_B002_000002298,RI0000038757,R000022639,OI0000328670,P000259,1,97.93,SIZE_FIT,2025-04-16 17:42:57,2025-04-16 17:42:57
SRC_RETURN_ITEM_B002_000002299,RI0000038758,R000022639,OI0000328672,P000114,2,1420.39,DEFECTIVE,2025-04-16 17:42:57,2025-04-16 17:42:57
SRC_RETURN_ITEM_B002_000002300,RI0000038759,R000022168,OI0000329037,P000033,1,952.43,SIZE_FIT,2026-07-01 20:05:30,2026-07-01 20:05:30
SRC_RETURN_ITEM_B002_000002301,RI0000038760,R000021990,OI0000329174,P000166,1,503.77,DAMAGED,2024-04-27 05:17:24,2024-04-27 05:17:24
SRC_RETURN_ITEM_B002_000002302,RI0000038761,R000021898,OI0000329404,P000329,1,817.68,DEFECTIVE,2024-10-19 22:57:48,2024-10-19 22:57:48
SRC_RETURN_ITEM_B002_000002303,RI0000038762,R000021374,OI0000329539,P000246,2,83.57,LATE_DELIVERY,2025-05-08 17:18:03,2025-05-08 17:18:03
SRC_RETURN_ITEM_B002_000002304,RI0000038763,R000021374,OI0000329538,P000323,1,772.39,UNWANTED,2025-05-08 17:18:03,2025-05-08 17:18:03
SRC_RETURN_ITEM_B002_000002305,RI0000038764,R000021374,OI0000329537,P000361,1,523.76,DAMAGED,2025-05-08 17:18:03,2025-05-08 17:18:03
SRC_RETURN_ITEM_B002_000002306,RI0000038765,R000022624,OI0000330104,P000053,1,896.06,DAMAGED,2024-06-22 21:29:37,2024-06-22 21:29:37
SRC_RETURN_ITEM_B002_000002307,RI0000038766,R000022624,OI0000330102,P000169,2,1701.86,DEFECTIVE,2024-06-22 21:29:37,2024-06-22 21:29:37
SRC_RETURN_ITEM_B002_000002308,RI0000038767,R000021490,OI0000330375,P000400,1,274.38,DEFECTIVE,2025-04-08 19:19:08,2025-04-08 19:19:08
SRC_RETURN_ITEM_B002_000002309,RI0000038768,R000022077,OI0000330535,P000226,1,800.11,UNWANTED,2025-04-12 08:52:00,2025-04-12 08:52:00
SRC_RETURN_ITEM_B002_000002310,RI0000038769,R000022077,OI0000330534,P000084,1,1052.97,WRONG_ITEM,2025-04-12 08:52:00,2025-04-12 08:52:00
SRC_RETURN_ITEM_B002_000002311,RI0000038770,R000022416,OI0000330609,P000446,1,83.45,DEFECTIVE,2026-06-14 21:35:11,2026-06-14 21:35:11
SRC_RETURN_ITEM_B002_000002312,RI0000038771,R000022384,OI0000330671,P000021,2,435.07,UNWANTED,2025-04-14 11:54:43,2025-04-14 11:54:43
SRC_RETURN_ITEM_B002_000002313,RI0000038772,R000022591,OI0000330964,P000190,1,362.41,UNWANTED,2026-02-02 04:19:14,2026-02-02 04:19:14
SRC_RETURN_ITEM_B002_000002314,RI0000038773,R000022591,OI0000330962,P000302,2,9.46,UNWANTED,2026-02-02 04:19:14,2026-02-02 04:19:14
SRC_RETURN_ITEM_B002_000002315,RI0000038774,R000022591,OI0000330961,P000252,2,2253.55,SIZE_FIT,2026-02-02 04:19:14,2026-02-02 04:19:14
SRC_RETURN_ITEM_B002_000002316,RI0000038775,R000022425,OI0000331142,P000382,1,1095.23,UNWANTED,2026-01-28 02:01:04,2026-01-28 02:01:04
SRC_RETURN_ITEM_B002_000002317,RI0000038776,R000022425,OI0000331144,P000028,1,538.36,SIZE_FIT,2026-01-28 02:01:04,2026-01-28 02:01:04
SRC_RETURN_ITEM_B002_000002318,RI0000038777,R000022425,OI0000331145,P000500,2,116.52,WRONG_ITEM,2026-01-28 02:01:04,2026-01-28 02:01:04
SRC_RETURN_ITEM_B002_000002319,RI0000038778,R000021387,OI0000331164,P000091,1,658.54,DEFECTIVE,2026-01-04 03:02:49,2026-01-04 03:02:49
SRC_RETURN_ITEM_B002_000002320,RI0000038779,R000021876,OI0000331511,P000452,1,568.76,LATE_DELIVERY,2025-09-30 14:40:53,2025-09-30 14:40:53
SRC_RETURN_ITEM_B002_000002321,RI0000038780,R000021756,OI0000332072,P000317,1,1175.69,SIZE_FIT,2025-06-16 19:48:53,2025-06-16 19:48:53
SRC_RETURN_ITEM_B002_000002322,RI0000038781,R000021791,OI0000332299,P000229,1,215.41,LATE_DELIVERY,2024-10-27 01:12:33,2024-10-27 01:12:33
SRC_RETURN_ITEM_B002_000002323,RI0000038782,R000022027,OI0000332615,P000390,1,884.59,DAMAGED,2026-08-05 11:47:43,2026-08-05 11:47:43
SRC_RETURN_ITEM_B002_000002324,RI0000038783,R000022027,OI0000332614,P000073,1,858.43,DEFECTIVE,2026-08-05 11:47:43,2026-08-05 11:47:43
SRC_RETURN_ITEM_B002_000002325,RI0000038784,R000022027,OI0000332616,P000058,1,525.59,DAMAGED,2026-08-05 11:47:43,2026-08-05 11:47:43
SRC_RETURN_ITEM_B002_000002326,RI0000038785,R000021445,OI0000332653,P000065,1,695.92,SIZE_FIT,2026-03-16 20:05:26,2026-03-16 20:05:26
SRC_RETURN_ITEM_B002_000002327,RI0000038786,R000021445,OI0000332654,P000169,1,850.93,DAMAGED,2026-03-16 20:05:26,2026-03-16 20:05:26
SRC_RETURN_ITEM_B002_000002328,RI0000038787,R000022305,OI0000332884,P000073,1,729.67,SIZE_FIT,2024-08-20 16:24:48,2024-08-20 16:24:48
SRC_RETURN_ITEM_B002_000002329,RI0000038788,R000022386,OI0000333289,P000495,1,754.70,DEFECTIVE,2026-01-02 05:16:17,2026-01-02 05:16:17
SRC_RETURN_ITEM_B002_000002330,RI0000038789,R000022386,OI0000333290,P000434,1,779.42,DAMAGED,2026-01-02 05:16:17,2026-01-02 05:16:17
SRC_RETURN_ITEM_B002_000002331,RI0000038790,R000022386,OI0000333291,P000167,1,470.84,UNWANTED,2026-01-02 05:16:17,2026-01-02 05:16:17
SRC_RETURN_ITEM_B002_000002332,RI0000038791,R000021358,OI0000333402,P000003,1,444.25,WRONG_ITEM,2024-12-03 11:37:52,2024-12-03 11:37:52
SRC_RETURN_ITEM_B002_000002333,RI0000038792,R000021358,OI0000333401,P000122,1,1014.73,WRONG_ITEM,2024-12-03 11:37:52,2024-12-03 11:37:52
SRC_RETURN_ITEM_B002_000002334,RI0000038793,R000021358,OI0000333403,P000262,1,21.01,DAMAGED,2024-12-03 11:37:52,2024-12-03 11:37:52
SRC_RETURN_ITEM_B002_000002335,RI0000038794,R000022437,OI0000333415,P000459,1,789.98,WRONG_ITEM,2026-03-20 09:27:49,2026-03-20 09:27:49
SRC_RETURN_ITEM_B002_000002336,RI0000038795,R000022437,OI0000333414,P000197,1,56.08,LATE_DELIVERY,2026-03-20 09:27:49,2026-03-20 09:27:49
SRC_RETURN_ITEM_B002_000002337,RI0000038796,R000022437,OI0000333413,P000209,1,659.28,DEFECTIVE,2026-03-20 09:27:49,2026-03-20 09:27:49
SRC_RETURN_ITEM_B002_000002338,RI0000038797,R000021450,OI0000333626,P000251,1,654.77,WRONG_ITEM,2024-10-20 22:56:51,2024-10-20 22:56:51
SRC_RETURN_ITEM_B002_000002339,RI0000038798,R000021551,OI0000333672,P000451,1,991.92,DAMAGED,2025-08-31 06:52:52,2025-08-31 06:52:52
SRC_RETURN_ITEM_B002_000002340,RI0000038799,R000021551,OI0000333671,P000361,1,523.76,SIZE_FIT,2025-08-31 06:52:52,2025-08-31 06:52:52
SRC_RETURN_ITEM_B002_000002341,RI0000038800,R000022679,OI0000333703,P000403,1,824.38,WRONG_ITEM,2026-07-20 19:26:57,2026-07-20 19:26:57
SRC_RETURN_ITEM_B002_000002342,RI0000038801,R000021569,OI0000333712,P000174,1,615.25,SIZE_FIT,2025-02-08 20:29:50,2025-02-08 20:29:50
SRC_RETURN_ITEM_B002_000002343,RI0000038802,R000021569,OI0000333711,P000159,1,39.58,DEFECTIVE,2025-02-08 20:29:50,2025-02-08 20:29:50
SRC_RETURN_ITEM_B002_000002344,RI0000038803,R000021891,OI0000334636,P000029,1,1103.84,LATE_DELIVERY,2025-12-07 17:58:11,2025-12-07 17:58:11
SRC_RETURN_ITEM_B002_000002345,RI0000038804,R000021891,OI0000334637,P000284,1,832.78,UNWANTED,2025-12-07 17:58:11,2025-12-07 17:58:11
SRC_RETURN_ITEM_B002_000002346,RI0000038805,R000021485,OI0000335251,P000019,1,123.82,UNWANTED,2024-04-07 17:03:49,2024-04-07 17:03:49
SRC_RETURN_ITEM_B002_000002347,RI0000038806,R000021485,OI0000335250,P000297,1,476.56,UNWANTED,2024-04-07 17:03:49,2024-04-07 17:03:49
SRC_RETURN_ITEM_B002_000002348,RI0000038807,R000021748,OI0000335382,P000399,1,234.65,DEFECTIVE,2026-02-20 20:45:37,2026-02-20 20:45:37
SRC_RETURN_ITEM_B002_000002349,RI0000038808,R000021588,OI0000335448,P000220,1,788.50,WRONG_ITEM,2025-05-23 23:02:11,2025-05-23 23:02:11
SRC_RETURN_ITEM_B002_000002350,RI0000038809,R000021588,OI0000335446,P000201,1,520.21,LATE_DELIVERY,2025-05-23 23:02:11,2025-05-23 23:02:11
SRC_RETURN_ITEM_B002_000002351,RI0000038810,R000021588,OI0000335447,P000141,1,346.76,DEFECTIVE,2025-05-23 23:02:11,2025-05-23 23:02:11
SRC_RETURN_ITEM_B002_000002352,RI0000038811,R000022520,OI0000335624,P000382,1,1095.23,DEFECTIVE,2024-02-22 06:34:44,2024-02-22 06:34:44
SRC_RETURN_ITEM_B002_000002353,RI0000038812,R000022032,OI0000335745,P000366,1,886.08,DEFECTIVE,2026-06-15 23:08:59,2026-06-15 23:08:59
SRC_RETURN_ITEM_B002_000002354,RI0000038813,R000022032,OI0000335747,P000361,1,552.86,WRONG_ITEM,2026-06-15 23:08:59,2026-06-15 23:08:59
SRC_RETURN_ITEM_B002_000002355,RI0000038814,R000022032,OI0000335746,P000408,1,58.62,SIZE_FIT,2026-06-15 23:08:59,2026-06-15 23:08:59
SRC_RETURN_ITEM_B002_000002356,RI0000038815,R000021609,OI0000336905,P000145,1,960.59,LATE_DELIVERY,2025-11-18 18:10:55,2025-11-18 18:10:55
SRC_RETURN_ITEM_B002_000002357,RI0000038816,R000022661,OI0000337038,P000292,1,51.06,UNWANTED,2024-12-25 10:43:53,2024-12-25 10:43:53
SRC_RETURN_ITEM_B002_000002358,RI0000038817,R000022661,OI0000337035,P000301,1,111.98,UNWANTED,2024-12-25 10:43:53,2024-12-25 10:43:53
SRC_RETURN_ITEM_B002_000002359,RI0000038818,R000022661,OI0000337037,P000150,1,433.94,DAMAGED,2024-12-25 10:43:53,2024-12-25 10:43:53
SRC_RETURN_ITEM_B002_000002360,RI0000038819,R000022646,OI0000337054,P000500,2,116.52,LATE_DELIVERY,2025-11-01 00:29:08,2025-11-01 00:29:08
SRC_RETURN_ITEM_B002_000002361,RI0000038820,R000021596,OI0000337149,P000281,1,482.65,UNWANTED,2024-12-27 18:03:18,2024-12-27 18:03:18
SRC_RETURN_ITEM_B002_000002362,RI0000038821,R000022126,OI0000337455,P000474,1,622.04,DAMAGED,2025-03-16 12:23:05,2025-03-16 12:23:05
SRC_RETURN_ITEM_B002_000002363,RI0000038822,R000021307,OI0000337631,P000003,1,444.25,LATE_DELIVERY,2025-12-12 17:51:51,2025-12-12 17:51:51
SRC_RETURN_ITEM_B002_000002364,RI0000038823,R000021307,OI0000337628,P000146,1,67.49,WRONG_ITEM,2025-12-12 17:51:51,2025-12-12 17:51:51
SRC_RETURN_ITEM_B002_000002365,RI0000038824,R000021307,OI0000337633,P000329,1,817.68,LATE_DELIVERY,2025-12-12 17:51:51,2025-12-12 17:51:51
SRC_RETURN_ITEM_B002_000002366,RI0000038825,R000022441,OI0000337641,P000453,2,591.46,DEFECTIVE,2024-12-31 16:27:28,2024-12-31 16:27:28
SRC_RETURN_ITEM_B002_000002367,RI0000038826,R000022441,OI0000337639,P000003,1,422.04,LATE_DELIVERY,2024-12-31 16:27:28,2024-12-31 16:27:28
SRC_RETURN_ITEM_B002_000002368,RI0000038827,R000022368,OI0000338272,P000068,1,549.77,DEFECTIVE,2025-09-19 23:10:08,2025-09-19 23:10:08
SRC_RETURN_ITEM_B002_000002369,RI0000038828,R000022604,OI0000338620,P000009,2,1757.31,LATE_DELIVERY,2025-12-16 16:32:22,2025-12-16 16:32:22
SRC_RETURN_ITEM_B002_000002370,RI0000038829,R000022604,OI0000338618,P000388,1,878.81,DEFECTIVE,2025-12-16 16:32:22,2025-12-16 16:32:22
SRC_RETURN_ITEM_B002_000002371,RI0000038830,R000022115,OI0000338721,P000007,1,197.78,WRONG_ITEM,2024-07-19 09:22:16,2024-07-19 09:22:16
SRC_RETURN_ITEM_B002_000002372,RI0000038831,R000021385,OI0000338975,P000201,1,520.21,SIZE_FIT,2026-08-06 09:17:03,2026-08-06 09:17:03
SRC_RETURN_ITEM_B002_000002373,RI0000038832,R000021385,OI0000338972,P000030,1,794.29,SIZE_FIT,2026-08-06 09:17:03,2026-08-06 09:17:03
SRC_RETURN_ITEM_B002_000002374,RI0000038833,R000021385,OI0000338973,P000174,2,1107.46,LATE_DELIVERY,2026-08-06 09:17:03,2026-08-06 09:17:03
SRC_RETURN_ITEM_B002_000002375,RI0000038834,R000021554,OI0000339033,P000424,1,793.64,SIZE_FIT,2024-05-14 21:37:42,2024-05-14 21:37:42
SRC_RETURN_ITEM_B002_000002376,RI0000038835,R000022132,OI0000339350,P000171,1,275.59,DEFECTIVE,2026-08-15 23:38:42,2026-08-15 23:38:42
SRC_RETURN_ITEM_B002_000002377,RI0000038836,R000022132,OI0000339348,P000341,1,907.36,SIZE_FIT,2026-08-15 23:38:42,2026-08-15 23:38:42
SRC_RETURN_ITEM_B002_000002378,RI0000038837,R000022132,OI0000339347,P000007,1,197.78,WRONG_ITEM,2026-08-15 23:38:42,2026-08-15 23:38:42
SRC_RETURN_ITEM_B002_000002379,RI0000038838,R000022318,OI0000339998,P000064,1,166.32,SIZE_FIT,2024-12-14 02:06:50,2024-12-14 02:06:50
SRC_RETURN_ITEM_B002_000002380,RI0000038839,R000022318,OI0000339999,P000017,1,533.16,DAMAGED,2024-12-14 02:06:50,2024-12-14 02:06:50
SRC_RETURN_ITEM_B002_000002381,RI0000038840,R000022059,OI0000340435,P000188,1,895.34,UNWANTED,2024-10-19 23:58:41,2024-10-19 23:58:41
SRC_RETURN_ITEM_B002_000002382,RI0000038841,R000022059,OI0000340434,P000327,1,381.34,DEFECTIVE,2024-10-19 23:58:41,2024-10-19 23:58:41
SRC_RETURN_ITEM_B002_000002383,RI0000038842,R000022334,OI0000340857,P000327,1,401.41,DEFECTIVE,2026-02-21 06:36:27,2026-02-21 06:36:27
SRC_RETURN_ITEM_B002_000002384,RI0000038843,R000022172,OI0000341177,P000042,1,576.97,UNWANTED,2025-03-02 09:58:45,2025-03-02 09:58:45
SRC_RETURN_ITEM_B002_000002385,RI0000038844,R000022172,OI0000341176,P000002,1,428.50,DAMAGED,2025-03-02 09:58:45,2025-03-02 09:58:45
SRC_RETURN_ITEM_B002_000002386,RI0000038845,R000022172,OI0000341178,P000258,3,76.72,DAMAGED,2025-03-02 09:58:45,2025-03-02 09:58:45
SRC_RETURN_ITEM_B002_000002387,RI0000038846,R000022066,OI0000341193,P000152,4,803.28,LATE_DELIVERY,2025-04-02 03:37:20,2025-04-02 03:37:20
SRC_RETURN_ITEM_B002_000002388,RI0000038847,R000022066,OI0000341194,P000158,1,303.47,UNWANTED,2025-04-02 03:37:20,2025-04-02 03:37:20
SRC_RETURN_ITEM_B002_000002389,RI0000038848,R000022066,OI0000341192,P000029,1,1161.94,WRONG_ITEM,2025-04-02 03:37:20,2025-04-02 03:37:20
SRC_RETURN_ITEM_B002_000002390,RI0000038849,R000021433,OI0000341722,P000232,4,3411.84,LATE_DELIVERY,2025-04-15 16:56:41,2025-04-15 16:56:41
SRC_RETURN_ITEM_B002_000002391,RI0000038850,R000021433,OI0000341724,P000338,1,1015.36,DEFECTIVE,2025-04-15 16:56:41,2025-04-15 16:56:41
SRC_RETURN_ITEM_B002_000002392,RI0000038851,R000022595,OI0000342052,P000481,1,218.83,DAMAGED,2025-10-21 11:20:38,2025-10-21 11:20:38
SRC_RETURN_ITEM_B002_000002393,RI0000038852,R000021467,OI0000342102,P000015,1,817.38,SIZE_FIT,2026-03-02 13:42:57,2026-03-02 13:42:57
SRC_RETURN_ITEM_B002_000002394,RI0000038853,R000022293,OI0000342282,P000044,1,90.17,UNWANTED,2026-02-18 16:26:56,2026-02-18 16:26:56
SRC_RETURN_ITEM_B002_000002395,RI0000038854,R000022692,OI0000343065,P000439,1,553.93,DAMAGED,2026-08-11 22:33:38,2026-08-11 22:33:38
SRC_RETURN_ITEM_B002_000002396,RI0000038855,R000021403,OI0000343323,P000043,1,296.11,DEFECTIVE,2025-01-16 06:35:11,2025-01-16 06:35:11
SRC_RETURN_ITEM_B002_000002397,RI0000038856,R000022587,OI0000343888,P000459,2,1421.98,SIZE_FIT,2026-07-06 01:14:43,2026-07-06 01:14:43
SRC_RETURN_ITEM_B002_000002398,RI0000038857,R000021737,OI0000343905,P000236,1,425.38,DEFECTIVE,2024-04-22 03:56:04,2024-04-22 03:56:04
SRC_RETURN_ITEM_B002_000002399,RI0000038858,R000022756,OI0000344767,P000040,1,1132.68,DAMAGED,2026-07-27 07:03:06,2026-07-27 07:03:06
SRC_RETURN_ITEM_B002_000002400,RI0000038859,R000022756,OI0000344765,P000406,1,1143.32,DAMAGED,2026-07-27 07:03:06,2026-07-27 07:03:06
SRC_RETURN_ITEM_B002_000002401,RI0000038860,R000022404,OI0000344807,P000137,1,261.31,DEFECTIVE,2025-11-11 05:57:01,2025-11-11 05:57:01
SRC_RETURN_ITEM_B002_000002402,RI0000038861,R000022429,OI0000344891,P000337,1,800.48,UNWANTED,2025-05-01 03:39:03,2025-05-01 03:39:03
SRC_RETURN_ITEM_B002_000002403,RI0000038862,R000021808,OI0000344905,P000285,1,849.52,SIZE_FIT,2024-08-07 08:28:57,2024-08-07 08:28:57
SRC_RETURN_ITEM_B002_000002404,RI0000038863,R000021808,OI0000344906,P000137,1,261.31,UNWANTED,2024-08-07 08:28:57,2024-08-07 08:28:57
SRC_RETURN_ITEM_B002_000002405,RI0000038864,R000022106,OI0000344994,P000121,1,958.43,LATE_DELIVERY,2025-11-09 06:31:34,2025-11-09 06:31:34
SRC_RETURN_ITEM_B002_000002406,RI0000038865,R000022106,OI0000344995,P000251,2,1378.46,UNWANTED,2025-11-09 06:31:34,2025-11-09 06:31:34
SRC_RETURN_ITEM_B002_000002407,RI0000038866,R000022492,OI0000345061,P000366,1,984.53,DAMAGED,2024-05-02 22:26:34,2024-05-02 22:26:34
SRC_RETURN_ITEM_B002_000002408,RI0000038867,R000022492,OI0000345062,P000282,2,1921.84,LATE_DELIVERY,2024-05-02 22:26:34,2024-05-02 22:26:34
SRC_RETURN_ITEM_B002_000002409,RI0000038868,R000022492,OI0000345058,P000089,1,767.59,SIZE_FIT,2024-05-02 22:26:34,2024-05-02 22:26:34
SRC_RETURN_ITEM_B002_000002410,RI0000038869,R000022468,OI0000345178,P000340,3,3314.34,WRONG_ITEM,2024-05-20 21:54:39,2024-05-20 21:54:39
SRC_RETURN_ITEM_B002_000002411,RI0000038870,R000021777,OI0000345793,P000110,1,786.67,LATE_DELIVERY,2025-08-29 09:37:24,2025-08-29 09:37:24
SRC_RETURN_ITEM_B002_000002412,RI0000038871,R000021777,OI0000345797,P000306,1,1043.64,LATE_DELIVERY,2025-08-29 09:37:24,2025-08-29 09:37:24
SRC_RETURN_ITEM_B002_000002413,RI0000038872,R000021768,OI0000345892,P000012,1,47.71,SIZE_FIT,2026-06-22 06:13:43,2026-06-22 06:13:43
SRC_RETURN_ITEM_B002_000002414,RI0000038873,R000021768,OI0000345894,P000474,1,528.73,DAMAGED,2026-06-22 06:13:43,2026-06-22 06:13:43
SRC_RETURN_ITEM_B002_000002415,RI0000038874,R000021909,OI0000345902,P000106,1,766.69,SIZE_FIT,2026-09-19 00:13:53,2026-09-19 00:13:53
SRC_RETURN_ITEM_B002_000002416,RI0000038875,R000021909,OI0000345903,P000019,2,247.63,DAMAGED,2026-09-19 00:13:53,2026-09-19 00:13:53
SRC_RETURN_ITEM_B002_000002417,RI0000038876,R000021909,OI0000345901,P000456,1,636.11,DEFECTIVE,2026-09-19 00:13:53,2026-09-19 00:13:53
SRC_RETURN_ITEM_B002_000002418,RI0000038877,R000021873,OI0000346046,P000423,2,1288.12,UNWANTED,2024-08-04 22:49:41,2024-08-04 22:49:41
SRC_RETURN_ITEM_B002_000002419,RI0000038878,R000021873,OI0000346044,P000301,1,100.79,WRONG_ITEM,2024-08-04 22:49:41,2024-08-04 22:49:41
SRC_RETURN_ITEM_B002_000002420,RI0000038879,R000021873,OI0000346047,P000460,1,336.41,LATE_DELIVERY,2024-08-04 22:49:41,2024-08-04 22:49:41
SRC_RETURN_ITEM_B002_000002421,RI0000038880,R000022043,OI0000346175,P000080,2,1349.52,DAMAGED,2025-11-12 18:38:21,2025-11-12 18:38:21
SRC_RETURN_ITEM_B002_000002422,RI0000038881,R000022517,OI0000346245,P000156,1,793.09,UNWANTED,2024-11-17 01:11:05,2024-11-17 01:11:05
SRC_RETURN_ITEM_B002_000002423,RI0000038882,R000021388,OI0000347152,P000331,1,308.14,UNWANTED,2024-03-20 03:27:12,2024-03-20 03:27:12
SRC_RETURN_ITEM_B002_000002424,RI0000038883,R000021388,OI0000347147,P000122,1,1014.73,SIZE_FIT,2024-03-20 03:27:12,2024-03-20 03:27:12
SRC_RETURN_ITEM_B002_000002425,RI0000038884,R000021602,OI0000347228,P000120,1,304.79,DAMAGED,2026-08-12 11:06:18,2026-08-12 11:06:18
SRC_RETURN_ITEM_B002_000002426,RI0000038885,R000021828,OI0000347278,P000143,1,997.39,SIZE_FIT,2024-11-27 12:56:06,2024-11-27 12:56:06
SRC_RETURN_ITEM_B002_000002427,RI0000038886,R000021828,OI0000347279,P000039,1,783.89,DEFECTIVE,2024-11-27 12:56:06,2024-11-27 12:56:06
SRC_RETURN_ITEM_B002_000002428,RI0000038887,R000022436,OI0000347931,P000286,1,251.58,WRONG_ITEM,2025-10-14 03:46:56,2025-10-14 03:46:56
SRC_RETURN_ITEM_B002_000002429,RI0000038888,R000022198,OI0000347972,P000042,3,1730.92,WRONG_ITEM,2026-09-06 15:07:49,2026-09-06 15:07:49
SRC_RETURN_ITEM_B002_000002430,RI0000038889,R000022198,OI0000347971,P000344,1,356.56,SIZE_FIT,2026-09-06 15:07:49,2026-09-06 15:07:49
SRC_RETURN_ITEM_B002_000002431,RI0000038890,R000022198,OI0000347970,P000159,1,37.60,WRONG_ITEM,2026-09-06 15:07:49,2026-09-06 15:07:49
SRC_RETURN_ITEM_B002_000002432,RI0000038891,R000022748,OI0000348327,P000149,1,168.68,DAMAGED,2026-01-27 05:44:07,2026-01-27 05:44:07
SRC_RETURN_ITEM_B002_000002433,RI0000038892,R000022748,OI0000348330,P000127,1,134.34,SIZE_FIT,2026-01-27 05:44:07,2026-01-27 05:44:07
SRC_RETURN_ITEM_B002_000002434,RI0000038893,R000022748,OI0000348328,P000269,1,808.49,WRONG_ITEM,2026-01-27 05:44:07,2026-01-27 05:44:07
SRC_RETURN_ITEM_B002_000002435,RI0000038894,R000022258,OI0000348454,P000446,1,79.27,SIZE_FIT,2024-11-20 04:27:07,2024-11-20 04:27:07
SRC_RETURN_ITEM_B002_000002436,RI0000038895,R000022258,OI0000348456,P000449,1,153.78,DAMAGED,2024-11-20 04:27:07,2024-11-20 04:27:07
SRC_RETURN_ITEM_B002_000002437,RI0000038896,R000022258,OI0000348453,P000475,1,780.70,WRONG_ITEM,2024-11-20 04:27:07,2024-11-20 04:27:07
SRC_RETURN_ITEM_B002_000002438,RI0000038897,R000021886,OI0000348758,P000043,1,266.50,DAMAGED,2025-08-18 02:31:54,2025-08-18 02:31:54
SRC_RETURN_ITEM_B002_000002439,RI0000038898,R000021886,OI0000348756,P000087,1,464.42,WRONG_ITEM,2025-08-18 02:31:54,2025-08-18 02:31:54
SRC_RETURN_ITEM_B002_000002440,RI0000038899,R000021886,OI0000348757,P000415,1,1062.47,LATE_DELIVERY,2025-08-18 02:31:54,2025-08-18 02:31:54
SRC_RETURN_ITEM_B002_000002441,RI0000038900,R000022496,OI0000349114,P000280,1,791.92,SIZE_FIT,2024-03-15 13:18:55,2024-03-15 13:18:55
SRC_RETURN_ITEM_B002_000002442,RI0000038901,R000022502,OI0000349885,P000260,1,1009.06,WRONG_ITEM,2026-01-29 22:29:44,2026-01-29 22:29:44
SRC_RETURN_ITEM_B002_000002443,RI0000038902,R000021517,OI0000349991,P000168,1,665.89,DEFECTIVE,2024-08-25 10:24:28,2024-08-25 10:24:28
SRC_RETURN_ITEM_B002_000002444,RI0000038903,R000022169,OI0000351099,P000430,1,34.31,WRONG_ITEM,2026-10-08 22:50:15,2026-10-08 22:50:15
SRC_RETURN_ITEM_B002_000002445,RI0000038904,R000022169,OI0000351101,P000013,1,1002.50,WRONG_ITEM,2026-10-08 22:50:15,2026-10-08 22:50:15
SRC_RETURN_ITEM_B002_000002446,RI0000038905,R000022169,OI0000351100,P000445,2,714.77,SIZE_FIT,2026-10-08 22:50:15,2026-10-08 22:50:15
SRC_RETURN_ITEM_B002_000002447,RI0000038906,R000021888,OI0000351201,P000012,1,50.22,LATE_DELIVERY,2026-09-11 17:42:58,2026-09-11 17:42:58
SRC_RETURN_ITEM_B002_000002448,RI0000038907,R000021888,OI0000351200,P000021,1,228.98,DEFECTIVE,2026-09-11 17:42:58,2026-09-11 17:42:58
SRC_RETURN_ITEM_B002_000002449,RI0000038908,R000021760,OI0000351252,P000243,1,991.18,DEFECTIVE,2025-12-31 20:46:25,2025-12-31 20:46:25
SRC_RETURN_ITEM_B002_000002450,RI0000038909,R000021760,OI0000351251,P000053,1,806.46,DAMAGED,2025-12-31 20:46:25,2025-12-31 20:46:25
SRC_RETURN_ITEM_B002_000002451,RI0000038910,R000021395,OI0000352266,P000363,3,2902.55,SIZE_FIT,2026-09-07 08:31:53,2026-09-07 08:31:53
SRC_RETURN_ITEM_B002_000002452,RI0000038911,R000021395,OI0000352265,P000319,1,18.28,UNWANTED,2026-09-07 08:31:53,2026-09-07 08:31:53
SRC_RETURN_ITEM_B002_000002453,RI0000038912,R000021395,OI0000352267,P000073,1,772.58,UNWANTED,2026-09-07 08:31:53,2026-09-07 08:31:53
SRC_RETURN_ITEM_B002_000002454,RI0000038913,R000022674,OI0000352461,P000113,1,231.80,UNWANTED,2026-09-14 15:23:28,2026-09-14 15:23:28
SRC_RETURN_ITEM_B002_000002455,RI0000038914,R000022674,OI0000352460,P000144,1,984.54,LATE_DELIVERY,2026-09-14 15:23:28,2026-09-14 15:23:28
SRC_RETURN_ITEM_B002_000002456,RI0000038915,R000022674,OI0000352462,P000425,1,197.63,DEFECTIVE,2026-09-14 15:23:28,2026-09-14 15:23:28
SRC_RETURN_ITEM_B002_000002457,RI0000038916,R000021610,OI0000352523,P000417,1,1069.92,DAMAGED,2026-01-19 04:21:22,2026-01-19 04:21:22
SRC_RETURN_ITEM_B002_000002458,RI0000038917,R000021610,OI0000352524,P000009,1,878.65,DAMAGED,2026-01-19 04:21:22,2026-01-19 04:21:22
SRC_RETURN_ITEM_B002_000002459,RI0000038918,R000021610,OI0000352526,P000347,1,408.56,WRONG_ITEM,2026-01-19 04:21:22,2026-01-19 04:21:22
SRC_RETURN_ITEM_B002_000002460,RI0000038919,R000021717,OI0000352616,P000294,1,394.07,SIZE_FIT,2025-08-04 14:45:44,2025-08-04 14:45:44
SRC_RETURN_ITEM_B002_000002461,RI0000038920,R000021717,OI0000352615,P000119,1,258.16,UNWANTED,2025-08-04 14:45:44,2025-08-04 14:45:44
SRC_RETURN_ITEM_B002_000002462,RI0000038921,R000022450,OI0000353188,P000225,1,968.05,DAMAGED,2024-07-11 21:29:08,2024-07-11 21:29:08
SRC_RETURN_ITEM_B002_000002463,RI0000038922,R000021994,OI0000353348,P000441,1,1067.51,DEFECTIVE,2024-03-29 14:33:17,2024-03-29 14:33:17
SRC_RETURN_ITEM_B002_000002464,RI0000038923,R000021994,OI0000353347,P000488,1,525.16,DEFECTIVE,2024-03-29 14:33:17,2024-03-29 14:33:17
SRC_RETURN_ITEM_B002_000002465,RI0000038924,R000021994,OI0000353346,P000034,1,878.36,SIZE_FIT,2024-03-29 14:33:17,2024-03-29 14:33:17
SRC_RETURN_ITEM_B002_000002466,RI0000038925,R000021422,OI0000354128,P000042,3,1644.37,LATE_DELIVERY,2024-11-16 05:01:30,2024-11-16 05:01:30
SRC_RETURN_ITEM_B002_000002467,RI0000038926,R000022659,OI0000354194,P000317,1,1175.69,DEFECTIVE,2024-04-13 08:16:26,2024-04-13 08:16:26
SRC_RETURN_ITEM_B002_000002468,RI0000038927,R000022659,OI0000354190,P000234,1,1103.33,LATE_DELIVERY,2024-04-13 08:16:26,2024-04-13 08:16:26
SRC_RETURN_ITEM_B002_000002469,RI0000038928,R000022659,OI0000354193,P000004,1,256.84,WRONG_ITEM,2024-04-13 08:16:26,2024-04-13 08:16:26
SRC_RETURN_ITEM_B002_000002470,RI0000038929,R000021981,OI0000354295,P000462,1,1126.13,WRONG_ITEM,2025-05-10 08:24:09,2025-05-10 08:24:09
SRC_RETURN_ITEM_B002_000002471,RI0000038930,R000022466,OI0000354310,P000126,1,870.26,SIZE_FIT,2025-08-07 01:12:54,2025-08-07 01:12:54
SRC_RETURN_ITEM_B002_000002472,RI0000038931,R000022466,OI0000354312,P000003,1,444.25,DEFECTIVE,2025-08-07 01:12:54,2025-08-07 01:12:54
SRC_RETURN_ITEM_B002_000002473,RI0000038932,R000021954,OI0000354403,P000174,2,1230.50,SIZE_FIT,2025-03-31 01:37:27,2025-03-31 01:37:27
SRC_RETURN_ITEM_B002_000002474,RI0000038933,R000021954,OI0000354404,P000203,1,877.24,WRONG_ITEM,2025-03-31 01:37:27,2025-03-31 01:37:27
SRC_RETURN_ITEM_B002_000002475,RI0000038934,R000022104,OI0000354605,P000313,1,18.72,UNWANTED,2026-02-15 06:12:13,2026-02-15 06:12:13
SRC_RETURN_ITEM_B002_000002476,RI0000038935,R000022683,OI0000355132,P000222,1,679.60,SIZE_FIT,2024-03-20 09:04:00,2024-03-20 09:04:00
SRC_RETURN_ITEM_B002_000002477,RI0000038936,R000022683,OI0000355131,P000275,1,1165.93,UNWANTED,2024-03-20 09:04:00,2024-03-20 09:04:00
SRC_RETURN_ITEM_B002_000002478,RI0000038937,R000022332,OI0000355389,P000301,1,111.98,UNWANTED,2024-12-16 10:39:56,2024-12-16 10:39:56
SRC_RETURN_ITEM_B002_000002479,RI0000038938,R000022099,OI0000355698,P000213,1,1077.04,WRONG_ITEM,2026-07-28 15:28:38,2026-07-28 15:28:38
SRC_RETURN_ITEM_B002_000002480,RI0000038939,R000022482,OI0000356150,P000081,1,193.26,WRONG_ITEM,2025-02-23 07:59:13,2025-02-23 07:59:13
SRC_RETURN_ITEM_B002_000002481,RI0000038940,R000021400,OI0000356212,P000179,2,118.70,UNWANTED,2025-09-25 20:56:53,2025-09-25 20:56:53
SRC_RETURN_ITEM_B002_000002482,RI0000038941,R000021645,OI0000356225,P000055,1,520.30,DAMAGED,2024-04-17 19:42:19,2024-04-17 19:42:19
SRC_RETURN_ITEM_B002_000002483,RI0000038942,R000022154,OI0000356387,P000341,1,816.62,LATE_DELIVERY,2024-12-05 21:53:23,2024-12-05 21:53:23
SRC_RETURN_ITEM_B002_000002484,RI0000038943,R000021351,OI0000356472,P000105,1,101.81,DAMAGED,2024-10-19 15:49:13,2024-10-19 15:49:13
SRC_RETURN_ITEM_B002_000002485,RI0000038944,R000022766,OI0000357022,P000317,2,2351.38,SIZE_FIT,2026-08-30 06:53:46,2026-08-30 06:53:46
SRC_RETURN_ITEM_B002_000002486,RI0000038945,R000022011,OI0000357029,P000298,2,180.50,UNWANTED,2025-04-21 22:41:02,2025-04-21 22:41:02
SRC_RETURN_ITEM_B002_000002487,RI0000038946,R000022798,OI0000357268,P000363,1,1075.02,SIZE_FIT,2026-02-12 03:44:38,2026-02-12 03:44:38
SRC_RETURN_ITEM_B002_000002488,RI0000038947,R000021406,OI0000357437,P000263,2,1509.79,DAMAGED,2026-05-06 23:15:13,2026-05-06 23:15:13
SRC_RETURN_ITEM_B002_000002489,RI0000038948,R000022531,OI0000357772,P000041,2,26.71,SIZE_FIT,2025-08-31 00:56:36,2025-08-31 00:56:36
SRC_RETURN_ITEM_B002_000002490,RI0000038949,R000022348,OI0000357783,P000477,1,1169.90,DAMAGED,2024-05-21 07:51:51,2024-05-21 07:51:51
SRC_RETURN_ITEM_B002_000002491,RI0000038950,R000021871,OI0000357852,P000348,1,21.23,WRONG_ITEM,2026-06-05 18:53:08,2026-06-05 18:53:08
SRC_RETURN_ITEM_B002_000002492,RI0000038951,R000022163,OI0000358166,P000300,1,1132.21,WRONG_ITEM,2025-09-20 17:29:59,2025-09-20 17:29:59
SRC_RETURN_ITEM_B002_000002493,RI0000038952,R000022163,OI0000358169,P000479,1,683.06,LATE_DELIVERY,2025-09-20 17:29:59,2025-09-20 17:29:59
SRC_RETURN_ITEM_B002_000002494,RI0000038953,R000022163,OI0000358168,P000303,2,1351.32,SIZE_FIT,2025-09-20 17:29:59,2025-09-20 17:29:59
SRC_RETURN_ITEM_B002_000002495,RI0000038954,R000021617,OI0000358383,P000494,1,922.27,DAMAGED,2025-09-15 11:27:38,2025-09-15 11:27:38
SRC_RETURN_ITEM_B002_000002496,RI0000038955,R000022216,OI0000358669,P000018,1,370.55,DAMAGED,2025-11-06 23:54:42,2025-11-06 23:54:42
SRC_RETURN_ITEM_B002_000002497,RI0000038956,R000021533,OI0000358704,P000189,1,237.38,LATE_DELIVERY,2025-01-29 06:07:26,2025-01-29 06:07:26
SRC_RETURN_ITEM_B002_000002498,RI0000038957,R000021533,OI0000358705,P000130,1,139.44,DAMAGED,2025-01-29 06:07:26,2025-01-29 06:07:26
SRC_RETURN_ITEM_B002_000002499,RI0000038958,R000021975,OI0000358778,P000049,1,970.08,WRONG_ITEM,2026-06-20 07:34:47,2026-06-20 07:34:47
SRC_RETURN_ITEM_B002_000002500,RI0000038959,R000021975,OI0000358776,P000259,1,97.93,SIZE_FIT,2026-06-20 07:34:47,2026-06-20 07:34:47
SRC_RETURN_ITEM_B002_000002501,RI0000038960,R000021975,OI0000358777,P000249,1,1050.65,DAMAGED,2026-06-20 07:34:47,2026-06-20 07:34:47
SRC_RETURN_ITEM_B002_000002502,RI0000038961,R000022588,OI0000359127,P000271,1,1166.92,LATE_DELIVERY,2024-09-13 02:57:27,2024-09-13 02:57:27
SRC_RETURN_ITEM_B002_000002503,RI0000038962,R000021874,OI0000359431,P000191,1,735.98,DEFECTIVE,2024-02-13 21:30:43,2024-02-13 21:30:43
SRC_RETURN_ITEM_B002_000002504,RI0000038963,R000021874,OI0000359433,P000100,1,182.82,WRONG_ITEM,2024-02-13 21:30:43,2024-02-13 21:30:43
SRC_RETURN_ITEM_B002_000002505,RI0000038964,R000021615,OI0000359459,P000097,1,557.90,WRONG_ITEM,2026-07-05 00:32:26,2026-07-05 00:32:26
SRC_RETURN_ITEM_B002_000002506,RI0000038965,R000021952,OI0000359892,P000266,2,1619.41,UNWANTED,2025-12-05 21:18:45,2025-12-05 21:18:45
SRC_RETURN_ITEM_B002_000002507,RI0000038966,R000021952,OI0000359893,P000300,1,1132.21,SIZE_FIT,2025-12-05 21:18:45,2025-12-05 21:18:45
SRC_RETURN_ITEM_B002_000002508,RI0000038967,R000022047,OI0000360315,P000332,1,315.42,DEFECTIVE,2024-03-05 06:04:40,2024-03-05 06:04:40
SRC_RETURN_ITEM_B002_000002509,RI0000038968,R000022047,OI0000360318,P000298,1,95.00,LATE_DELIVERY,2024-03-05 06:04:40,2024-03-05 06:04:40
SRC_RETURN_ITEM_B002_000002510,RI0000038969,R000021672,OI0000360353,P000061,1,620.92,WRONG_ITEM,2024-06-06 05:09:40,2024-06-06 05:09:40
SRC_RETURN_ITEM_B002_000002511,RI0000038970,R000022254,OI0000360815,P000183,1,1022.88,DEFECTIVE,2025-12-25 13:42:35,2025-12-25 13:42:35
SRC_RETURN_ITEM_B002_000002512,RI0000038971,R000022254,OI0000360818,P000443,2,608.90,SIZE_FIT,2025-12-25 13:42:35,2025-12-25 13:42:35
SRC_RETURN_ITEM_B002_000002513,RI0000038972,R000022254,OI0000360819,P000012,1,50.22,DAMAGED,2025-12-25 13:42:35,2025-12-25 13:42:35
SRC_RETURN_ITEM_B002_000002514,RI0000038973,R000022563,OI0000361115,P000388,2,1757.62,SIZE_FIT,2026-04-21 20:06:40,2026-04-21 20:06:40
SRC_RETURN_ITEM_B002_000002515,RI0000038974,R000022563,OI0000361113,P000332,1,315.42,SIZE_FIT,2026-04-21 20:06:40,2026-04-21 20:06:40
SRC_RETURN_ITEM_B002_000002516,RI0000038975,R000021934,OI0000361379,P000136,1,331.85,SIZE_FIT,2025-08-12 07:28:57,2025-08-12 07:28:57
SRC_RETURN_ITEM_B002_000002517,RI0000038976,R000021934,OI0000361381,P000249,3,3317.83,DAMAGED,2025-08-12 07:28:57,2025-08-12 07:28:57
SRC_RETURN_ITEM_B002_000002518,RI0000038977,R000021934,OI0000361382,P000418,1,1065.66,UNWANTED,2025-08-12 07:28:57,2025-08-12 07:28:57
SRC_RETURN_ITEM_B002_000002519,RI0000038978,R000021912,OI0000361449,P000082,1,203.77,LATE_DELIVERY,2024-08-07 09:28:39,2024-08-07 09:28:39
SRC_RETURN_ITEM_B002_000002520,RI0000038979,R000022371,OI0000361503,P000003,2,844.08,WRONG_ITEM,2026-07-14 08:35:11,2026-07-14 08:35:11
SRC_RETURN_ITEM_B002_000002521,RI0000038980,R000021834,OI0000362010,P000284,3,2498.33,SIZE_FIT,2026-06-21 06:38:07,2026-06-21 06:38:07
SRC_RETURN_ITEM_B002_000002522,RI0000038981,R000021805,OI0000362307,P000324,1,576.70,SIZE_FIT,2024-09-10 16:35:00,2024-09-10 16:35:00
SRC_RETURN_ITEM_B002_000002523,RI0000038982,R000021463,OI0000362316,P000305,1,832.09,SIZE_FIT,2024-02-26 20:43:08,2024-02-26 20:43:08
SRC_RETURN_ITEM_B002_000002524,RI0000038983,R000021463,OI0000362315,P000018,2,833.74,SIZE_FIT,2024-02-26 20:43:08,2024-02-26 20:43:08
SRC_RETURN_ITEM_B002_000002525,RI0000038984,R000021463,OI0000362314,P000304,1,583.79,SIZE_FIT,2024-02-26 20:43:08,2024-02-26 20:43:08
SRC_RETURN_ITEM_B002_000002526,RI0000038985,R000022465,OI0000363199,P000385,1,73.46,LATE_DELIVERY,2024-09-19 10:31:13,2024-09-19 10:31:13
SRC_RETURN_ITEM_B002_000002527,RI0000038986,R000022465,OI0000363200,P000275,1,1165.93,LATE_DELIVERY,2024-09-19 10:31:13,2024-09-19 10:31:13
SRC_RETURN_ITEM_B002_000002528,RI0000038987,R000022191,OI0000363206,P000208,1,1030.52,DAMAGED,2025-04-25 01:46:17,2025-04-25 01:46:17
SRC_RETURN_ITEM_B002_000002529,RI0000038988,R000022191,OI0000363209,P000210,1,1032.48,UNWANTED,2025-04-25 01:46:17,2025-04-25 01:46:17
SRC_RETURN_ITEM_B002_000002530,RI0000038989,R000021427,OI0000363503,P000356,1,184.45,DAMAGED,2026-06-24 03:40:21,2026-06-24 03:40:21
SRC_RETURN_ITEM_B002_000002531,RI0000038990,R000022319,OI0000363862,P000071,2,489.91,LATE_DELIVERY,2025-12-13 10:05:32,2025-12-13 10:05:32
SRC_RETURN_ITEM_B002_000002532,RI0000038991,R000021985,OI0000363985,P000487,1,20.72,WRONG_ITEM,2026-06-20 22:41:57,2026-06-20 22:41:57
SRC_RETURN_ITEM_B002_000002533,RI0000038992,R000022720,OI0000364030,P000028,1,457.60,SIZE_FIT,2024-01-13 10:12:11,2024-01-13 10:12:11
SRC_RETURN_ITEM_B002_000002534,RI0000038993,R000022720,OI0000364029,P000134,1,716.51,UNWANTED,2024-01-13 10:12:11,2024-01-13 10:12:11
SRC_RETURN_ITEM_B002_000002535,RI0000038994,R000022469,OI0000364787,P000435,1,1015.09,SIZE_FIT,2026-07-26 07:15:32,2026-07-26 07:15:32
SRC_RETURN_ITEM_B002_000002536,RI0000038995,R000022469,OI0000364785,P000435,1,862.82,WRONG_ITEM,2026-07-26 07:15:32,2026-07-26 07:15:32
SRC_RETURN_ITEM_B002_000002537,RI0000038996,R000022469,OI0000364786,P000269,1,727.64,DAMAGED,2026-07-26 07:15:32,2026-07-26 07:15:32
SRC_RETURN_ITEM_B002_000002538,RI0000038997,R000022009,OI0000364945,P000075,1,1065.06,SIZE_FIT,2026-06-21 23:58:33,2026-06-21 23:58:33
SRC_RETURN_ITEM_B002_000002539,RI0000038998,R000021353,OI0000365272,P000168,1,591.91,SIZE_FIT,2024-09-09 11:22:23,2024-09-09 11:22:23
SRC_RETURN_ITEM_B002_000002540,RI0000038999,R000021353,OI0000365271,P000303,1,675.66,SIZE_FIT,2024-09-09 11:22:23,2024-09-09 11:22:23
SRC_RETURN_ITEM_B002_000002541,RI0000039000,R000021603,OI0000365664,P000034,2,1854.32,LATE_DELIVERY,2026-01-10 18:15:17,2026-01-10 18:15:17
SRC_RETURN_ITEM_B002_000002542,RI0000039001,R000021540,OI0000365744,P000447,1,986.94,LATE_DELIVERY,2024-05-04 23:50:29,2024-05-04 23:50:29
SRC_RETURN_ITEM_B002_000002543,RI0000039002,R000021540,OI0000365747,P000152,1,190.78,WRONG_ITEM,2024-05-04 23:50:29,2024-05-04 23:50:29
SRC_RETURN_ITEM_B002_000002544,RI0000039003,R000021659,OI0000365781,P000472,1,801.14,SIZE_FIT,2024-08-11 00:53:00,2024-08-11 00:53:00
SRC_RETURN_ITEM_B002_000002545,RI0000039004,R000021532,OI0000365806,P000303,1,641.88,DEFECTIVE,2025-12-16 07:58:57,2025-12-16 07:58:57
SRC_RETURN_ITEM_B002_000002546,RI0000039005,R000021532,OI0000365805,P000077,1,27.80,DAMAGED,2025-12-16 07:58:57,2025-12-16 07:58:57
SRC_RETURN_ITEM_B002_000002547,RI0000039006,R000021532,OI0000365804,P000375,1,543.46,DAMAGED,2025-12-16 07:58:57,2025-12-16 07:58:57
SRC_RETURN_ITEM_B002_000002548,RI0000039007,R000021417,OI0000365857,P000229,1,269.27,DAMAGED,2025-07-05 20:45:53,2025-07-05 20:45:53
SRC_RETURN_ITEM_B002_000002549,RI0000039008,R000021417,OI0000365859,P000272,1,839.06,DEFECTIVE,2025-07-05 20:45:53,2025-07-05 20:45:53
SRC_RETURN_ITEM_B002_000002550,RI0000039009,R000022117,OI0000365871,P000371,1,532.76,WRONG_ITEM,2024-12-03 12:13:54,2024-12-03 12:13:54
SRC_RETURN_ITEM_B002_000002551,RI0000039010,R000022189,OI0000366193,P000350,2,1553.02,UNWANTED,2025-01-17 07:02:34,2025-01-17 07:02:34
SRC_RETURN_ITEM_B002_000002552,RI0000039011,R000022314,OI0000366643,P000302,1,4.73,SIZE_FIT,2025-04-28 18:00:16,2025-04-28 18:00:16
SRC_RETURN_ITEM_B002_000002553,RI0000039012,R000022340,OI0000367078,P000158,1,319.44,UNWANTED,2025-09-26 07:09:34,2025-09-26 07:09:34
SRC_RETURN_ITEM_B002_000002554,RI0000039013,R000022340,OI0000367077,P000418,1,1065.66,LATE_DELIVERY,2025-09-26 07:09:34,2025-09-26 07:09:34
SRC_RETURN_ITEM_B002_000002555,RI0000039014,R000021363,OI0000367192,P000347,1,408.56,UNWANTED,2025-01-31 20:04:35,2025-01-31 20:04:35
SRC_RETURN_ITEM_B002_000002556,RI0000039015,R000021363,OI0000367193,P000483,1,640.06,LATE_DELIVERY,2025-01-31 20:04:35,2025-01-31 20:04:35
SRC_RETURN_ITEM_B002_000002557,RI0000039016,R000022654,OI0000367554,P000381,1,556.34,LATE_DELIVERY,2025-01-11 04:48:15,2025-01-11 04:48:15
SRC_RETURN_ITEM_B002_000002558,RI0000039017,R000022654,OI0000367557,P000496,1,1016.16,DAMAGED,2025-01-11 04:48:15,2025-01-11 04:48:15
SRC_RETURN_ITEM_B002_000002559,RI0000039018,R000022654,OI0000367553,P000357,1,135.72,UNWANTED,2025-01-11 04:48:15,2025-01-11 04:48:15
SRC_RETURN_ITEM_B002_000002560,RI0000039019,R000021447,OI0000367621,P000322,1,19.58,UNWANTED,2024-10-31 18:53:42,2024-10-31 18:53:42
SRC_RETURN_ITEM_B002_000002561,RI0000039020,R000021447,OI0000367626,P000153,1,170.12,UNWANTED,2024-10-31 18:53:42,2024-10-31 18:53:42
SRC_RETURN_ITEM_B002_000002562,RI0000039021,R000022711,OI0000368063,P000350,1,621.20,DAMAGED,2024-10-28 01:26:05,2024-10-28 01:26:05
SRC_RETURN_ITEM_B002_000002563,RI0000039022,R000022711,OI0000368061,P000102,1,867.16,DEFECTIVE,2024-10-28 01:26:05,2024-10-28 01:26:05
SRC_RETURN_ITEM_B002_000002564,RI0000039023,R000022640,OI0000368265,P000338,1,913.82,SIZE_FIT,2024-11-15 20:38:28,2024-11-15 20:38:28
SRC_RETURN_ITEM_B002_000002565,RI0000039024,R000021735,OI0000368384,P000491,1,1039.10,WRONG_ITEM,2024-04-13 07:47:50,2024-04-13 07:47:50
SRC_RETURN_ITEM_B002_000002566,RI0000039025,R000022311,OI0000368757,P000251,1,689.23,DEFECTIVE,2026-03-12 00:56:01,2026-03-12 00:56:01
SRC_RETURN_ITEM_B002_000002567,RI0000039026,R000022311,OI0000368756,P000292,2,120.14,DAMAGED,2026-03-12 00:56:01,2026-03-12 00:56:01
SRC_RETURN_ITEM_B002_000002568,RI0000039027,R000022391,OI0000368876,P000420,1,1184.33,SIZE_FIT,2025-12-09 12:16:40,2025-12-09 12:16:40
SRC_RETURN_ITEM_B002_000002569,RI0000039028,R000021582,OI0000369189,P000470,2,2091.07,LATE_DELIVERY,2024-02-27 23:42:45,2024-02-27 23:42:45
SRC_RETURN_ITEM_B002_000002570,RI0000039029,R000022352,OI0000369426,P000439,1,553.93,DAMAGED,2025-10-07 23:42:07,2025-10-07 23:42:07
SRC_RETURN_ITEM_B002_000002571,RI0000039030,R000022352,OI0000369424,P000446,1,83.45,WRONG_ITEM,2025-10-07 23:42:07,2025-10-07 23:42:07
SRC_RETURN_ITEM_B002_000002572,RI0000039031,R000022303,OI0000369723,P000062,1,741.26,LATE_DELIVERY,2024-10-07 05:24:24,2024-10-07 05:24:24
SRC_RETURN_ITEM_B002_000002573,RI0000039032,R000021522,OI0000369850,P000293,1,246.20,LATE_DELIVERY,2024-11-04 23:46:02,2024-11-04 23:46:02
SRC_RETURN_ITEM_B002_000002574,RI0000039033,R000021522,OI0000369852,P000336,3,641.80,DAMAGED,2024-11-04 23:46:02,2024-11-04 23:46:02
SRC_RETURN_ITEM_B002_000002575,RI0000039034,R000021522,OI0000369849,P000243,3,2973.53,UNWANTED,2024-11-04 23:46:02,2024-11-04 23:46:02
SRC_RETURN_ITEM_B002_000002576,RI0000039035,R000021563,OI0000369875,P000210,2,2064.96,WRONG_ITEM,2025-04-30 13:29:31,2025-04-30 13:29:31
SRC_RETURN_ITEM_B002_000002577,RI0000039036,R000021579,OI0000370092,P000407,1,925.39,WRONG_ITEM,2026-06-02 14:25:24,2026-06-02 14:25:24
SRC_RETURN_ITEM_B002_000002578,RI0000039037,R000021579,OI0000370093,P000355,1,4.99,WRONG_ITEM,2026-06-02 14:25:24,2026-06-02 14:25:24
SRC_RETURN_ITEM_B002_000002579,RI0000039038,R000022134,OI0000370558,P000491,1,1093.80,UNWANTED,2026-04-03 19:51:57,2026-04-03 19:51:57
SRC_RETURN_ITEM_B002_000002580,RI0000039039,R000021772,OI0000370738,P000259,1,92.78,WRONG_ITEM,2026-08-24 02:15:53,2026-08-24 02:15:53
SRC_RETURN_ITEM_B002_000002581,RI0000039040,R000021772,OI0000370739,P000204,1,1081.92,DEFECTIVE,2026-08-24 02:15:53,2026-08-24 02:15:53
SRC_RETURN_ITEM_B002_000002582,RI0000039041,R000022500,OI0000371009,P000439,1,553.93,WRONG_ITEM,2024-09-07 04:56:49,2024-09-07 04:56:49
SRC_RETURN_ITEM_B002_000002583,RI0000039042,R000022123,OI0000371439,P000227,1,9.00,DEFECTIVE,2024-10-21 09:22:57,2024-10-21 09:22:57
SRC_RETURN_ITEM_B002_000002584,RI0000039043,R000022123,OI0000371440,P000181,1,1115.72,SIZE_FIT,2024-10-21 09:22:57,2024-10-21 09:22:57
SRC_RETURN_ITEM_B002_000002585,RI0000039044,R000022251,OI0000371500,P000128,1,1189.69,DAMAGED,2025-08-11 10:58:07,2025-08-11 10:58:07
SRC_RETURN_ITEM_B002_000002586,RI0000039045,R000022412,OI0000371529,P000129,1,1011.72,UNWANTED,2025-04-08 00:21:18,2025-04-08 00:21:18
SRC_RETURN_ITEM_B002_000002587,RI0000039046,R000021682,OI0000371692,P000189,1,250.57,DEFECTIVE,2024-03-08 12:29:39,2024-03-08 12:29:39
SRC_RETURN_ITEM_B002_000002588,RI0000039047,R000021682,OI0000371694,P000075,1,852.05,LATE_DELIVERY,2024-03-08 12:29:39,2024-03-08 12:29:39
DEF_RETURN_ITEM_QTY_B002_001,RI_BAD_B002_001,R000022006,OI0000000590,P000028,999,1453.56,LATE_DELIVERY,2025-07-04 05:11:42,2025-07-04 05:11:42
DEF_RETURN_ITEM_ORPHAN_B002_001,RI_BAD_B002_002,R000022653,OI_DOES_NOT_EXIST,P000252,2,2253.55,LATE_DELIVERY,2026-01-26 11:10:46,2026-01-26 11:10:46
