source_record_id,return_id,order_id,customer_id,return_timestamp,return_status,return_reason,total_refund_amount,created_at,updated_at
SRC_RETURN_B002_000000001,R000021300,O000012917,C0015942,2025-04-18 07:07:32,COMPLETED,WRONG_ITEM,1772.30,2025-04-18 07:07:32,2025-04-18 07:07:32
SRC_RETURN_B002_000000002,R000021301,O000038472,C0043444,2025-01-31 20:21:39,COMPLETED,LATE_DELIVERY,594.40,2025-01-31 20:21:39,2025-01-31 20:21:39
SRC_RETURN_B002_000000003,R000021302,O000010394,C0007528,2026-02-25 18:39:42,COMPLETED,UNWANTED,817.68,2026-02-25 18:39:42,2026-02-25 18:39:42
SRC_RETURN_B002_000000004,R000021303,O000032814,C0019217,2026-05-15 03:05:15,COMPLETED,WRONG_ITEM,876.33,2026-05-15 03:05:15,2026-05-15 03:05:15
SRC_RETURN_B002_000000005,R000021304,O000103129,C0043338,2025-09-14 09:36:52,COMPLETED,LATE_DELIVERY,3131.73,2025-09-14 09:36:52,2025-09-14 09:36:52
SRC_RETURN_B002_000000006,R000021305,O000100864,C0029981,2024-02-25 03:21:04,COMPLETED,SIZE_FIT,3400.21,2024-02-25 03:21:04,2024-02-25 03:21:04
SRC_RETURN_B002_000000007,R000021306,O000015502,C0040132,2026-05-04 02:20:19,COMPLETED,DAMAGED,2137.28,2026-05-04 02:20:19,2026-05-04 02:20:19
SRC_RETURN_B002_000000008,R000021307,O000109722,C0019013,2025-12-12 17:51:51,COMPLETED,SIZE_FIT,1329.42,2025-12-12 17:51:51,2025-12-12 17:51:51
SRC_RETURN_B002_000000009,R000021308,O000062813,C0003004,2025-04-29 15:56:57,COMPLETED,LATE_DELIVERY,1757.87,2025-04-29 15:56:57,2025-04-29 15:56:57
SRC_RETURN_B002_000000010,R000021309,O000025816,C0033295,2026-07-29 06:45:00,COMPLETED,SIZE_FIT,1167.95,2026-07-29 06:45:00,2026-07-29 06:45:00
SRC_RETURN_B002_000000011,R000021310,O000032421,C0039083,2026-03-18 10:48:19,COMPLETED,LATE_DELIVERY,3220.02,2026-03-18 10:48:19,2026-03-18 10:48:19
SRC_RETURN_B002_000000012,R000021311,O000020439,C0015936,2024-07-28 22:11:36,COMPLETED,LATE_DELIVERY,806.46,2024-07-28 22:11:36,2024-07-28 22:11:36
SRC_RETURN_B002_000000013,R000021312,O000063327,C0045672,2026-08-07 15:42:25,COMPLETED,DEFECTIVE,1436.72,2026-08-07 15:42:25,2026-08-07 15:42:25
SRC_RETURN_B002_000000014,R000021313,O000030270,C0047106,2026-07-23 09:52:30,COMPLETED,DEFECTIVE,675.66,2026-07-23 09:52:30,2026-07-23 09:52:30
SRC_RETURN_B002_000000015,R000021314,O000027608,C0041546,2026-02-03 00:13:48,COMPLETED,DEFECTIVE,882.54,2026-02-03 00:13:48,2026-02-03 00:13:48
SRC_RETURN_B002_000000016,R000021315,O000008088,C0044843,2026-08-29 08:04:22,COMPLETED,DAMAGED,3314.69,2026-08-29 08:04:22,2026-08-29 08:04:22
SRC_RETURN_B002_000000017,R000021316,O000033227,C0036878,2026-02-16 03:58:44,COMPLETED,UNWANTED,738.14,2026-02-16 03:58:44,2026-02-16 03:58:44
SRC_RETURN_B002_000000018,R000021317,O000055892,C0040054,2025-05-11 06:33:06,COMPLETED,UNWANTED,2145.81,2025-05-11 06:33:06,2025-05-11 06:33:06
SRC_RETURN_B002_000000019,R000021318,O000059198,C0016292,2024-02-28 19:07:40,COMPLETED,UNWANTED,933.43,2024-02-28 19:07:40,2024-02-28 19:07:40
SRC_RETURN_B002_000000020,R000021319,O000037835,C0034077,2026-01-08 13:32:10,COMPLETED,UNWANTED,1012.95,2026-01-08 13:32:10,2026-01-08 13:32:10
SRC_RETURN_B002_000000021,R000021320,O000070838,C0006130,2024-12-16 15:16:44,COMPLETED,UNWANTED,475.97,2024-12-16 15:16:44,2024-12-16 15:16:44
SRC_RETURN_B002_000000022,R000021321,O000050728,C0031976,2026-05-29 18:16:51,COMPLETED,SIZE_FIT,445.50,2026-05-29 18:16:51,2026-05-29 18:16:51
SRC_RETURN_B002_000000023,R000021322,O000072432,C0007488,2025-05-06 23:59:54,COMPLETED,LATE_DELIVERY,2196.93,2025-05-06 23:59:54,2025-05-06 23:59:54
SRC_RETURN_B002_000000024,R000021323,O000071784,C0038061,2025-12-10 17:50:03,COMPLETED,DAMAGED,10.19,2025-12-10 17:50:03,2025-12-10 17:50:03
SRC_RETURN_B002_000000025,R000021324,O000029480,C0006552,2026-02-10 09:16:20,COMPLETED,SIZE_FIT,796.13,2026-02-10 09:16:20,2026-02-10 09:16:20
SRC_RETURN_B002_000000026,R000021325,O000027650,C0043173,2024-10-22 03:09:15,COMPLETED,DAMAGED,9.17,2024-10-22 03:09:15,2024-10-22 03:09:15
SRC_RETURN_B002_000000027,R000021326,O000089052,C0046786,2026-02-07 16:23:16,COMPLETED,WRONG_ITEM,2351.66,2026-02-07 16:23:16,2026-02-07 16:23:16
SRC_RETURN_B002_000000028,R000021327,O000031461,C0027246,2026-08-20 07:00:44,COMPLETED,SIZE_FIT,1057.06,2026-08-20 07:00:44,2026-08-20 07:00:44
SRC_RETURN_B002_000000029,R000021328,O000104271,C0031278,2024-07-18 07:19:25,COMPLETED,DEFECTIVE,522.63,2024-07-18 07:19:25,2024-07-18 07:19:25
SRC_RETURN_B002_000000030,R000021329,O000103410,C0039860,2026-03-09 23:24:33,COMPLETED,DAMAGED,482.65,2026-03-09 23:24:33,2026-03-09 23:24:33
SRC_RETURN_B002_000000031,R000021330,O000079027,C0029997,2026-06-14 13:39:46,COMPLETED,SIZE_FIT,488.06,2026-06-14 13:39:46,2026-06-14 13:39:46
SRC_RETURN_B002_000000032,R000021331,O000049098,C0043580,2025-01-09 09:59:06,COMPLETED,DEFECTIVE,939.05,2025-01-09 09:59:06,2025-01-09 09:59:06
SRC_RETURN_B002_000000033,R000021332,O000020944,C0004781,2024-04-22 18:03:02,COMPLETED,DEFECTIVE,153.13,2024-04-22 18:03:02,2024-04-22 18:03:02
SRC_RETURN_B002_000000034,R000021333,O000056512,C0026189,2025-09-06 01:30:40,COMPLETED,DEFECTIVE,88.61,2025-09-06 01:30:40,2025-09-06 01:30:40
SRC_RETURN_B002_000000035,R000021334,O000009841,C0049130,2026-03-03 22:52:13,COMPLETED,DAMAGED,335.96,2026-03-03 22:52:13,2026-03-03 22:52:13
SRC_RETURN_B002_000000036,R000021335,O000001138,C0020644,2024-01-29 06:37:32,COMPLETED,SIZE_FIT,2002.10,2024-01-29 06:37:32,2024-01-29 06:37:32
SRC_RETURN_B002_000000037,R000021336,O000088599,C0045920,2024-02-16 12:38:46,COMPLETED,WRONG_ITEM,634.27,2024-02-16 12:38:46,2024-02-16 12:38:46
SRC_RETURN_B002_000000038,R000021337,O000046169,C0028938,2024-09-16 22:29:12,COMPLETED,SIZE_FIT,1106.41,2024-09-16 22:29:12,2024-09-16 22:29:12
SRC_RETURN_B002_000000039,R000021338,O000015783,C0014399,2025-02-10 22:55:09,COMPLETED,WRONG_ITEM,3117.93,2025-02-10 22:55:09,2025-02-10 22:55:09
SRC_RETURN_B002_000000040,R000021339,O000042026,C0020886,2025-12-11 08:49:49,COMPLETED,DEFECTIVE,1322.52,2025-12-11 08:49:49,2025-12-11 08:49:49
SRC_RETURN_B002_000000041,R000021340,O000060238,C0022316,2024-05-23 11:14:35,COMPLETED,DEFECTIVE,274.31,2024-05-23 11:14:35,2024-05-23 11:14:35
SRC_RETURN_B002_000000042,R000021341,O000083604,C0003885,2024-11-10 11:24:40,COMPLETED,DAMAGED,1402.34,2024-11-10 11:24:40,2024-11-10 11:24:40
SRC_RETURN_B002_000000043,R000021342,O000004561,C0035830,2024-06-19 13:45:54,COMPLETED,DEFECTIVE,2276.21,2024-06-19 13:45:54,2024-06-19 13:45:54
SRC_RETURN_B002_000000044,R000021343,O000011327,C0047145,2025-07-29 19:46:02,COMPLETED,DEFECTIVE,1166.92,2025-07-29 19:46:02,2025-07-29 19:46:02
SRC_RETURN_B002_000000045,R000021344,O000073462,C0036139,2025-01-13 22:40:24,COMPLETED,DEFECTIVE,1844.66,2025-01-13 22:40:24,2025-01-13 22:40:24
SRC_RETURN_B002_000000046,R000021345,O000069189,C0035144,2025-12-23 13:32:47,COMPLETED,DAMAGED,1574.52,2025-12-23 13:32:47,2025-12-23 13:32:47
SRC_RETURN_B002_000000047,R000021346,O000094787,C0000359,2025-06-29 06:39:03,COMPLETED,UNWANTED,820.37,2025-06-29 06:39:03,2025-06-29 06:39:03
SRC_RETURN_B002_000000048,R000021347,O000084595,C0016019,2024-09-14 17:33:34,COMPLETED,DAMAGED,10.69,2024-09-14 17:33:34,2024-09-14 17:33:34
SRC_RETURN_B002_000000049,R000021348,O000010781,C0047075,2025-12-02 03:10:27,COMPLETED,SIZE_FIT,1211.79,2025-12-02 03:10:27,2025-12-02 03:10:27
SRC_RETURN_B002_000000050,R000021349,O000026042,C0002231,2026-01-22 16:24:18,COMPLETED,SIZE_FIT,95.00,2026-01-22 16:24:18,2026-01-22 16:24:18
SRC_RETURN_B002_000000051,R000021350,O000080415,C0034428,2026-06-06 04:27:18,COMPLETED,UNWANTED,567.08,2026-06-06 04:27:18,2026-06-06 04:27:18
SRC_RETURN_B002_000000052,R000021351,O000115895,C0047132,2024-10-19 15:49:13,COMPLETED,SIZE_FIT,101.81,2024-10-19 15:49:13,2024-10-19 15:49:13
SRC_RETURN_B002_000000053,R000021352,O000081407,C0019627,2024-05-11 11:21:35,COMPLETED,DAMAGED,583.79,2024-05-11 11:21:35,2024-05-11 11:21:35
SRC_RETURN_B002_000000054,R000021353,O000118690,C0029674,2024-09-09 11:22:23,COMPLETED,DAMAGED,1267.57,2024-09-09 11:22:23,2024-09-09 11:22:23
SRC_RETURN_B002_000000055,R000021354,O000055032,C0018368,2025-07-04 01:46:52,COMPLETED,SIZE_FIT,8.99,2025-07-04 01:46:52,2025-07-04 01:46:52
SRC_RETURN_B002_000000056,R000021355,O000092133,C0014650,2024-04-13 14:57:17,COMPLETED,WRONG_ITEM,650.46,2024-04-13 14:57:17,2024-04-13 14:57:17
SRC_RETURN_B002_000000057,R000021356,O000087991,C0017856,2024-04-27 06:37:34,COMPLETED,DEFECTIVE,1105.97,2024-04-27 06:37:34,2024-04-27 06:37:34
SRC_RETURN_B002_000000058,R000021357,O000042578,C0023423,2026-04-22 22:56:18,COMPLETED,DAMAGED,2318.69,2026-04-22 22:56:18,2026-04-22 22:56:18
SRC_RETURN_B002_000000059,R000021358,O000108316,C0045401,2024-12-03 11:37:52,COMPLETED,WRONG_ITEM,1479.99,2024-12-03 11:37:52,2024-12-03 11:37:52
SRC_RETURN_B002_000000060,R000021359,O000042030,C0049308,2026-09-09 16:20:18,COMPLETED,DEFECTIVE,2403.04,2026-09-09 16:20:18,2026-09-09 16:20:18
SRC_RETURN_B002_000000061,R000021360,O000042219,C0040875,2025-11-08 15:45:47,COMPLETED,WRONG_ITEM,1010.94,2025-11-08 15:45:47,2025-11-08 15:45:47
SRC_RETURN_B002_000000062,R000021361,O000035236,C0040194,2026-08-24 08:17:05,COMPLETED,DEFECTIVE,1476.66,2026-08-24 08:17:05,2026-08-24 08:17:05
SRC_RETURN_B002_000000063,R000021362,O000081336,C0024606,2025-07-21 19:32:37,COMPLETED,UNWANTED,3840.46,2025-07-21 19:32:37,2025-07-21 19:32:37
SRC_RETURN_B002_000000064,R000021363,O000119316,C0008950,2025-01-31 20:04:35,COMPLETED,LATE_DELIVERY,1048.62,2025-01-31 20:04:35,2025-01-31 20:04:35
SRC_RETURN_B002_000000065,R000021364,O000104894,C0003026,2024-02-08 19:54:50,COMPLETED,WRONG_ITEM,1166.85,2024-02-08 19:54:50,2024-02-08 19:54:50
SRC_RETURN_B002_000000066,R000021365,O000031045,C0012394,2025-09-12 06:50:36,COMPLETED,DAMAGED,415.99,2025-09-12 06:50:36,2025-09-12 06:50:36
SRC_RETURN_B002_000000067,R000021366,O000041837,C0011743,2024-11-27 01:56:02,COMPLETED,DAMAGED,1902.10,2024-11-27 01:56:02,2024-11-27 01:56:02
SRC_RETURN_B002_000000068,R000021367,O000007720,C0004363,2025-12-21 03:14:43,COMPLETED,DEFECTIVE,1987.00,2025-12-21 03:14:43,2025-12-21 03:14:43
SRC_RETURN_B002_000000069,R000021368,O000101876,C0031751,2025-09-10 00:31:55,COMPLETED,LATE_DELIVERY,163.34,2025-09-10 00:31:55,2025-09-10 00:31:55
SRC_RETURN_B002_000000070,R000021369,O000061942,C0033238,2024-06-28 21:34:29,COMPLETED,DAMAGED,199.51,2024-06-28 21:34:29,2024-06-28 21:34:29
SRC_RETURN_B002_000000071,R000021370,O000069917,C0032806,2024-07-23 04:09:03,COMPLETED,DEFECTIVE,1076.76,2024-07-23 04:09:03,2024-07-23 04:09:03
SRC_RETURN_B002_000000072,R000021371,O000036903,C0020543,2025-12-03 06:36:46,COMPLETED,UNWANTED,2114.88,2025-12-03 06:36:46,2025-12-03 06:36:46
SRC_RETURN_B002_000000073,R000021372,O000065116,C0048970,2025-11-10 18:36:31,COMPLETED,SIZE_FIT,941.98,2025-11-10 18:36:31,2025-11-10 18:36:31
SRC_RETURN_B002_000000074,R000021373,O000008779,C0011876,2025-02-18 15:22:23,COMPLETED,DAMAGED,2722.66,2025-02-18 15:22:23,2025-02-18 15:22:23
SRC_RETURN_B002_000000075,R000021374,O000107044,C0010619,2025-05-08 17:18:03,COMPLETED,WRONG_ITEM,1379.72,2025-05-08 17:18:03,2025-05-08 17:18:03
SRC_RETURN_B002_000000076,R000021375,O000024064,C0001596,2025-04-04 08:36:45,COMPLETED,UNWANTED,1531.38,2025-04-04 08:36:45,2025-04-04 08:36:45
SRC_RETURN_B002_000000077,R000021376,O000021267,C0032000,2024-08-11 11:04:24,COMPLETED,DAMAGED,166.89,2024-08-11 11:04:24,2024-08-11 11:04:24
SRC_RETURN_B002_000000078,R000021377,O000103883,C0003497,2024-09-13 21:13:01,COMPLETED,DAMAGED,638.71,2024-09-13 21:13:01,2024-09-13 21:13:01
SRC_RETURN_B002_000000079,R000021378,O000011386,C0038324,2025-11-15 18:36:22,COMPLETED,SIZE_FIT,2532.32,2025-11-15 18:36:22,2025-11-15 18:36:22
SRC_RETURN_B002_000000080,R000021379,O000048234,C0009078,2026-03-29 04:07:59,COMPLETED,LATE_DELIVERY,352.57,2026-03-29 04:07:59,2026-03-29 04:07:59
SRC_RETURN_B002_000000081,R000021380,O000032214,C0021515,2026-01-12 09:19:04,COMPLETED,DAMAGED,1808.57,2026-01-12 09:19:04,2026-01-12 09:19:04
SRC_RETURN_B002_000000082,R000021381,O000094976,C0035868,2025-08-21 01:57:54,COMPLETED,UNWANTED,2036.11,2025-08-21 01:57:54,2025-08-21 01:57:54
SRC_RETURN_B002_000000083,R000021382,O000018184,C0042227,2025-05-04 14:34:38,COMPLETED,LATE_DELIVERY,19.58,2025-05-04 14:34:38,2025-05-04 14:34:38
SRC_RETURN_B002_000000084,R000021383,O000106343,C0035677,2026-01-03 14:05:26,COMPLETED,UNWANTED,478.00,2026-01-03 14:05:26,2026-01-03 14:05:26
SRC_RETURN_B002_000000085,R000021384,O000004906,C0037000,2025-07-14 22:38:47,COMPLETED,WRONG_ITEM,1179.42,2025-07-14 22:38:47,2025-07-14 22:38:47
SRC_RETURN_B002_000000086,R000021385,O000110168,C0009501,2026-08-06 09:17:03,COMPLETED,DEFECTIVE,2421.96,2026-08-06 09:17:03,2026-08-06 09:17:03
SRC_RETURN_B002_000000087,R000021386,O000032269,C0033247,2024-03-28 06:37:07,COMPLETED,WRONG_ITEM,1448.31,2024-03-28 06:37:07,2024-03-28 06:37:07
SRC_RETURN_B002_000000088,R000021387,O000107572,C0048418,2026-01-04 03:02:49,COMPLETED,DEFECTIVE,658.54,2026-01-04 03:02:49,2026-01-04 03:02:49
SRC_RETURN_B002_000000089,R000021388,O000112833,C0015550,2024-03-20 03:27:12,COMPLETED,DEFECTIVE,1322.87,2024-03-20 03:27:12,2024-03-20 03:27:12
SRC_RETURN_B002_000000090,R000021389,O000094796,C0032589,2025-02-01 18:28:49,COMPLETED,DAMAGED,1736.90,2025-02-01 18:28:49,2025-02-01 18:28:49
SRC_RETURN_B002_000000091,R000021390,O000090938,C0037811,2024-03-15 18:02:10,COMPLETED,LATE_DELIVERY,1108.57,2024-03-15 18:02:10,2024-03-15 18:02:10
SRC_RETURN_B002_000000092,R000021391,O000030676,C0041318,2026-08-03 23:45:28,COMPLETED,DAMAGED,2147.03,2026-08-03 23:45:28,2026-08-03 23:45:28
SRC_RETURN_B002_000000093,R000021392,O000022922,C0046889,2024-09-28 00:33:51,COMPLETED,DEFECTIVE,632.64,2024-09-28 00:33:51,2024-09-28 00:33:51
SRC_RETURN_B002_000000094,R000021393,O000090035,C0000037,2024-09-10 06:56:27,COMPLETED,SIZE_FIT,1641.96,2024-09-10 06:56:27,2024-09-10 06:56:27
SRC_RETURN_B002_000000095,R000021394,O000031070,C0019859,2025-12-18 18:07:24,COMPLETED,WRONG_ITEM,2638.60,2025-12-18 18:07:24,2025-12-18 18:07:24
SRC_RETURN_B002_000000096,R000021395,O000114496,C0017317,2026-09-07 08:31:53,COMPLETED,DAMAGED,3693.41,2026-09-07 08:31:53,2026-09-07 08:31:53
SRC_RETURN_B002_000000097,R000021396,O000079053,C0036350,2025-08-16 04:40:55,COMPLETED,DEFECTIVE,1965.66,2025-08-16 04:40:55,2025-08-16 04:40:55
SRC_RETURN_B002_000000098,R000021397,O000051211,C0026324,2025-11-09 00:26:41,COMPLETED,DAMAGED,531.09,2025-11-09 00:26:41,2025-11-09 00:26:41
SRC_RETURN_B002_000000099,R000021398,O000105323,C0045300,2026-07-19 06:17:48,COMPLETED,UNWANTED,1176.77,2026-07-19 06:17:48,2026-07-19 06:17:48
SRC_RETURN_B002_000000100,R000021399,O000102855,C0044413,2025-07-05 20:40:21,COMPLETED,SIZE_FIT,405.32,2025-07-05 20:40:21,2025-07-05 20:40:21
SRC_RETURN_B002_000000101,R000021400,O000115800,C0000097,2025-09-25 20:56:53,COMPLETED,DEFECTIVE,118.70,2025-09-25 20:56:53,2025-09-25 20:56:53
SRC_RETURN_B002_000000102,R000021401,O000044343,C0040931,2025-04-02 01:14:00,COMPLETED,LATE_DELIVERY,1156.38,2025-04-02 01:14:00,2025-04-02 01:14:00
SRC_RETURN_B002_000000103,R000021402,O000004502,C0005621,2024-04-13 02:31:17,COMPLETED,SIZE_FIT,798.89,2024-04-13 02:31:17,2024-04-13 02:31:17
SRC_RETURN_B002_000000104,R000021403,O000111603,C0013616,2025-01-16 06:35:11,COMPLETED,LATE_DELIVERY,296.11,2025-01-16 06:35:11,2025-01-16 06:35:11
SRC_RETURN_B002_000000105,R000021404,O000049857,C0036226,2025-08-19 20:38:51,COMPLETED,DEFECTIVE,1925.95,2025-08-19 20:38:51,2025-08-19 20:38:51
SRC_RETURN_B002_000000106,R000021405,O000077606,C0035455,2025-10-01 21:00:47,COMPLETED,UNWANTED,185.57,2025-10-01 21:00:47,2025-10-01 21:00:47
SRC_RETURN_B002_000000107,R000021406,O000116199,C0017951,2026-05-06 23:15:13,COMPLETED,WRONG_ITEM,1509.79,2026-05-06 23:15:13,2026-05-06 23:15:13
SRC_RETURN_B002_000000108,R000021407,O000042107,C0044742,2024-07-24 14:34:08,COMPLETED,DAMAGED,1337.90,2024-07-24 14:34:08,2024-07-24 14:34:08
SRC_RETURN_B002_000000109,R000021408,O000035656,C0016219,2024-08-24 18:53:30,COMPLETED,LATE_DELIVERY,1291.10,2024-08-24 18:53:30,2024-08-24 18:53:30
SRC_RETURN_B002_000000110,R000021409,O000029807,C0039904,2025-07-31 10:54:29,COMPLETED,WRONG_ITEM,9.17,2025-07-31 10:54:29,2025-07-31 10:54:29
SRC_RETURN_B002_000000111,R000021410,O000058990,C0017817,2024-10-03 14:35:34,COMPLETED,DEFECTIVE,2886.34,2024-10-03 14:35:34,2024-10-03 14:35:34
SRC_RETURN_B002_000000112,R000021411,O000003297,C0026159,2026-08-17 11:28:34,COMPLETED,WRONG_ITEM,686.00,2026-08-17 11:28:34,2026-08-17 11:28:34
SRC_RETURN_B002_000000113,R000021412,O000072237,C0007254,2025-10-23 09:51:31,COMPLETED,LATE_DELIVERY,1463.83,2025-10-23 09:51:31,2025-10-23 09:51:31
SRC_RETURN_B002_000000114,R000021413,O000020141,C0036165,2025-08-30 04:50:20,COMPLETED,LATE_DELIVERY,555.52,2025-08-30 04:50:20,2025-08-30 04:50:20
SRC_RETURN_B002_000000115,R000021414,O000102612,C0013269,2024-08-31 00:23:16,COMPLETED,UNWANTED,1177.45,2024-08-31 00:23:16,2024-08-31 00:23:16
SRC_RETURN_B002_000000116,R000021415,O000057148,C0006952,2026-02-03 01:07:59,COMPLETED,SIZE_FIT,4114.67,2026-02-03 01:07:59,2026-02-03 01:07:59
SRC_RETURN_B002_000000117,R000021416,O000060532,C0013728,2024-09-20 00:00:47,COMPLETED,LATE_DELIVERY,18.72,2024-09-20 00:00:47,2024-09-20 00:00:47
SRC_RETURN_B002_000000118,R000021417,O000118876,C0028426,2025-07-05 20:45:53,COMPLETED,SIZE_FIT,1108.33,2025-07-05 20:45:53,2025-07-05 20:45:53
SRC_RETURN_B002_000000119,R000021418,O000061131,C0048262,2026-09-28 01:16:01,COMPLETED,DEFECTIVE,1126.48,2026-09-28 01:16:01,2026-09-28 01:16:01
SRC_RETURN_B002_000000120,R000021419,O000103677,C0040459,2025-04-18 07:24:11,COMPLETED,WRONG_ITEM,1660.98,2025-04-18 07:24:11,2025-04-18 07:24:11
SRC_RETURN_B002_000000121,R000021420,O000061805,C0025028,2025-05-06 02:53:40,COMPLETED,WRONG_ITEM,228.98,2025-05-06 02:53:40,2025-05-06 02:53:40
SRC_RETURN_B002_000000122,R000021421,O000088676,C0043886,2025-07-18 07:18:33,COMPLETED,DEFECTIVE,621.84,2025-07-18 07:18:33,2025-07-18 07:18:33
SRC_RETURN_B002_000000123,R000021422,O000115100,C0023044,2024-11-16 05:01:30,COMPLETED,LATE_DELIVERY,1644.37,2024-11-16 05:01:30,2024-11-16 05:01:30
SRC_RETURN_B002_000000124,R000021423,O000063134,C0007973,2025-02-14 23:08:51,COMPLETED,SIZE_FIT,540.00,2025-02-14 23:08:51,2025-02-14 23:08:51
SRC_RETURN_B002_000000125,R000021424,O000038930,C0042756,2025-10-19 15:14:49,COMPLETED,UNWANTED,770.90,2025-10-19 15:14:49,2025-10-19 15:14:49
SRC_RETURN_B002_000000126,R000021425,O000016965,C0034363,2024-05-22 11:02:33,COMPLETED,UNWANTED,836.58,2024-05-22 11:02:33,2024-05-22 11:02:33
SRC_RETURN_B002_000000127,R000021426,O000072164,C0046971,2024-12-10 11:10:54,COMPLETED,WRONG_ITEM,50.22,2024-12-10 11:10:54,2024-12-10 11:10:54
SRC_RETURN_B002_000000128,R000021427,O000118117,C0035424,2026-06-24 03:40:21,COMPLETED,UNWANTED,184.45,2026-06-24 03:40:21,2026-06-24 03:40:21
SRC_RETURN_B002_000000129,R000021428,O000076988,C0046719,2024-07-20 17:12:31,COMPLETED,WRONG_ITEM,1689.80,2024-07-20 17:12:31,2024-07-20 17:12:31
SRC_RETURN_B002_000000130,R000021429,O000077946,C0020824,2024-05-14 22:13:46,COMPLETED,WRONG_ITEM,3402.79,2024-05-14 22:13:46,2024-05-14 22:13:46
SRC_RETURN_B002_000000131,R000021430,O000025394,C0039207,2025-03-13 13:40:07,COMPLETED,SIZE_FIT,585.34,2025-03-13 13:40:07,2025-03-13 13:40:07
SRC_RETURN_B002_000000132,R000021431,O000071487,C0047220,2025-12-23 07:25:35,COMPLETED,DEFECTIVE,1317.48,2025-12-23 07:25:35,2025-12-23 07:25:35
SRC_RETURN_B002_000000133,R000021432,O000056421,C0049736,2024-11-21 19:14:47,COMPLETED,DAMAGED,1021.06,2024-11-21 19:14:47,2024-11-21 19:14:47
SRC_RETURN_B002_000000134,R000021433,O000111079,C0010598,2025-04-15 16:56:41,COMPLETED,UNWANTED,4427.20,2025-04-15 16:56:41,2025-04-15 16:56:41
SRC_RETURN_B002_000000135,R000021434,O000028109,C0036982,2025-04-16 06:25:36,COMPLETED,LATE_DELIVERY,650.38,2025-04-16 06:25:36,2025-04-16 06:25:36
SRC_RETURN_B002_000000136,R000021435,O000091540,C0025523,2026-02-16 06:11:10,COMPLETED,LATE_DELIVERY,1044.37,2026-02-16 06:11:10,2026-02-16 06:11:10
SRC_RETURN_B002_000000137,R000021436,O000087719,C0031160,2025-04-18 05:21:19,COMPLETED,LATE_DELIVERY,1364.04,2025-04-18 05:21:19,2025-04-18 05:21:19
SRC_RETURN_B002_000000138,R000021437,O000057479,C0007476,2026-04-28 05:48:16,COMPLETED,WRONG_ITEM,764.56,2026-04-28 05:48:16,2026-04-28 05:48:16
SRC_RETURN_B002_000000139,R000021438,O000094989,C0050012,2026-06-28 15:07:07,COMPLETED,LATE_DELIVERY,4361.86,2026-06-28 15:07:07,2026-06-28 15:07:07
SRC_RETURN_B002_000000140,R000021439,O000093119,C0043581,2026-01-14 19:10:51,COMPLETED,UNWANTED,1706.25,2026-01-14 19:10:51,2026-01-14 19:10:51
SRC_RETURN_B002_000000141,R000021440,O000101394,C0029291,2026-02-04 22:36:18,COMPLETED,UNWANTED,1620.82,2026-02-04 22:36:18,2026-02-04 22:36:18
SRC_RETURN_B002_000000142,R000021441,O000085999,C0023396,2024-08-21 04:34:12,COMPLETED,DEFECTIVE,1114.16,2024-08-21 04:34:12,2024-08-21 04:34:12
SRC_RETURN_B002_000000143,R000021442,O000028560,C0023268,2025-09-15 03:18:13,COMPLETED,DEFECTIVE,1597.38,2025-09-15 03:18:13,2025-09-15 03:18:13
SRC_RETURN_B002_000000144,R000021443,O000064974,C0048058,2025-09-11 20:53:19,COMPLETED,DEFECTIVE,1146.89,2025-09-11 20:53:19,2025-09-11 20:53:19
SRC_RETURN_B002_000000145,R000021444,O000030116,C0002568,2025-07-20 21:35:45,COMPLETED,LATE_DELIVERY,113.14,2025-07-20 21:35:45,2025-07-20 21:35:45
SRC_RETURN_B002_000000146,R000021445,O000108079,C0004271,2026-03-16 20:05:26,COMPLETED,DAMAGED,1546.85,2026-03-16 20:05:26,2026-03-16 20:05:26
SRC_RETURN_B002_000000147,R000021446,O000081914,C0033481,2026-07-02 01:52:11,COMPLETED,UNWANTED,2039.64,2026-07-02 01:52:11,2026-07-02 01:52:11
SRC_RETURN_B002_000000148,R000021447,O000119452,C0043359,2024-10-31 18:53:42,COMPLETED,UNWANTED,189.70,2024-10-31 18:53:42,2024-10-31 18:53:42
SRC_RETURN_B002_000000149,R000021448,O000006798,C0006441,2026-09-21 06:35:34,COMPLETED,DEFECTIVE,275.80,2026-09-21 06:35:34,2026-09-21 06:35:34
SRC_RETURN_B002_000000150,R000021449,O000010909,C0016091,2025-12-04 07:40:13,COMPLETED,WRONG_ITEM,168.12,2025-12-04 07:40:13,2025-12-04 07:40:13
SRC_RETURN_B002_000000151,R000021450,O000108388,C0028903,2024-10-20 22:56:51,COMPLETED,SIZE_FIT,654.77,2024-10-20 22:56:51,2024-10-20 22:56:51
SRC_RETURN_B002_000000152,R000021451,O000096521,C0010243,2026-05-23 04:49:12,COMPLETED,DAMAGED,624.22,2026-05-23 04:49:12,2026-05-23 04:49:12
SRC_RETURN_B002_000000153,R000021452,O000009185,C0047080,2025-04-29 01:26:24,COMPLETED,DAMAGED,1247.62,2025-04-29 01:26:24,2025-04-29 01:26:24
SRC_RETURN_B002_000000154,R000021453,O000061825,C0047508,2025-07-13 09:11:06,COMPLETED,DAMAGED,725.36,2025-07-13 09:11:06,2025-07-13 09:11:06
SRC_RETURN_B002_000000155,R000021454,O000083027,C0020204,2025-07-21 02:13:35,COMPLETED,UNWANTED,1130.52,2025-07-21 02:13:35,2025-07-21 02:13:35
SRC_RETURN_B002_000000156,R000021455,O000028050,C0042109,2025-02-11 08:01:04,COMPLETED,SIZE_FIT,525.04,2025-02-11 08:01:04,2025-02-11 08:01:04
SRC_RETURN_B002_000000157,R000021456,O000033692,C0039732,2024-06-30 11:16:17,COMPLETED,WRONG_ITEM,107.48,2024-06-30 11:16:17,2024-06-30 11:16:17
SRC_RETURN_B002_000000158,R000021457,O000086751,C0030837,2024-04-02 12:16:38,COMPLETED,SIZE_FIT,1507.63,2024-04-02 12:16:38,2024-04-02 12:16:38
SRC_RETURN_B002_000000159,R000021458,O000097101,C0041836,2026-01-19 06:05:34,COMPLETED,SIZE_FIT,417.29,2026-01-19 06:05:34,2026-01-19 06:05:34
SRC_RETURN_B002_000000160,R000021459,O000101085,C0009477,2026-02-06 05:24:53,COMPLETED,LATE_DELIVERY,269.27,2026-02-06 05:24:53,2026-02-06 05:24:53
SRC_RETURN_B002_000000161,R000021460,O000099373,C0027537,2026-08-23 11:22:00,COMPLETED,UNWANTED,479.73,2026-08-23 11:22:00,2026-08-23 11:22:00
SRC_RETURN_B002_000000162,R000021461,O000090917,C0027636,2024-11-22 05:50:53,COMPLETED,DEFECTIVE,2576.78,2024-11-22 05:50:53,2024-11-22 05:50:53
SRC_RETURN_B002_000000163,R000021462,O000015830,C0008551,2025-06-07 20:22:31,COMPLETED,WRONG_ITEM,1924.63,2025-06-07 20:22:31,2025-06-07 20:22:31
SRC_RETURN_B002_000000164,R000021463,O000117737,C0043126,2024-02-26 20:43:08,COMPLETED,DEFECTIVE,2249.62,2024-02-26 20:43:08,2024-02-26 20:43:08
SRC_RETURN_B002_000000165,R000021464,O000052551,C0029331,2024-12-30 11:54:31,COMPLETED,UNWANTED,81.72,2024-12-30 11:54:31,2024-12-30 11:54:31
SRC_RETURN_B002_000000166,R000021465,O000042212,C0011320,2026-08-14 04:13:00,COMPLETED,SIZE_FIT,1909.01,2026-08-14 04:13:00,2026-08-14 04:13:00
SRC_RETURN_B002_000000167,R000021466,O000090292,C0017978,2025-05-04 09:06:01,COMPLETED,DAMAGED,361.27,2025-05-04 09:06:01,2025-05-04 09:06:01
SRC_RETURN_B002_000000168,R000021467,O000111205,C0009190,2026-03-02 13:42:57,COMPLETED,SIZE_FIT,817.38,2026-03-02 13:42:57,2026-03-02 13:42:57
SRC_RETURN_B002_000000169,R000021468,O000093040,C0015033,2024-10-18 10:15:26,COMPLETED,LATE_DELIVERY,1103.18,2024-10-18 10:15:26,2024-10-18 10:15:26
SRC_RETURN_B002_000000170,R000021469,O000040096,C0038218,2025-04-09 23:07:24,COMPLETED,DAMAGED,1583.50,2025-04-09 23:07:24,2025-04-09 23:07:24
SRC_RETURN_B002_000000171,R000021470,O000098480,C0049456,2026-08-19 02:42:45,COMPLETED,WRONG_ITEM,1909.26,2026-08-19 02:42:45,2026-08-19 02:42:45
SRC_RETURN_B002_000000172,R000021471,O000025213,C0013863,2025-12-30 12:16:20,COMPLETED,DEFECTIVE,826.73,2025-12-30 12:16:20,2025-12-30 12:16:20
SRC_RETURN_B002_000000173,R000021472,O000069264,C0015229,2025-09-12 12:15:33,COMPLETED,DEFECTIVE,816.91,2025-09-12 12:15:33,2025-09-12 12:15:33
SRC_RETURN_B002_000000174,R000021473,O000052505,C0029541,2024-05-30 13:46:22,COMPLETED,DAMAGED,1618.03,2024-05-30 13:46:22,2024-05-30 13:46:22
SRC_RETURN_B002_000000175,R000021474,O000041344,C0036826,2025-12-30 11:33:18,COMPLETED,DAMAGED,709.64,2025-12-30 11:33:18,2025-12-30 11:33:18
SRC_RETURN_B002_000000176,R000021475,O000102110,C0036474,2025-11-22 03:25:53,COMPLETED,SIZE_FIT,2091.50,2025-11-22 03:25:53,2025-11-22 03:25:53
SRC_RETURN_B002_000000177,R000021476,O000036845,C0007519,2024-05-07 00:41:18,COMPLETED,SIZE_FIT,2356.86,2024-05-07 00:41:18,2024-05-07 00:41:18
SRC_RETURN_B002_000000178,R000021477,O000033116,C0013425,2025-05-04 01:14:29,COMPLETED,WRONG_ITEM,1881.30,2025-05-04 01:14:29,2025-05-04 01:14:29
SRC_RETURN_B002_000000179,R000021478,O000042701,C0026279,2024-06-17 08:56:27,COMPLETED,UNWANTED,802.68,2024-06-17 08:56:27,2024-06-17 08:56:27
SRC_RETURN_B002_000000180,R000021479,O000099802,C0001896,2026-08-22 20:21:53,COMPLETED,DEFECTIVE,1090.55,2026-08-22 20:21:53,2026-08-22 20:21:53
SRC_RETURN_B002_000000181,R000021480,O000032444,C0004318,2024-09-06 04:43:27,COMPLETED,LATE_DELIVERY,989.00,2024-09-06 04:43:27,2024-09-06 04:43:27
SRC_RETURN_B002_000000182,R000021481,O000006146,C0009564,2024-02-01 12:52:50,COMPLETED,UNWANTED,722.65,2024-02-01 12:52:50,2024-02-01 12:52:50
SRC_RETURN_B002_000000183,R000021482,O000017391,C0000553,2026-01-29 02:38:32,COMPLETED,LATE_DELIVERY,3262.66,2026-01-29 02:38:32,2026-01-29 02:38:32
SRC_RETURN_B002_000000184,R000021483,O000013026,C0036259,2024-09-18 04:09:34,COMPLETED,DEFECTIVE,1182.28,2024-09-18 04:09:34,2024-09-18 04:09:34
SRC_RETURN_B002_000000185,R000021484,O000088727,C0037793,2024-11-21 16:06:41,COMPLETED,DEFECTIVE,3332.14,2024-11-21 16:06:41,2024-11-21 16:06:41
SRC_RETURN_B002_000000186,R000021485,O000108937,C0029382,2024-04-07 17:03:49,COMPLETED,WRONG_ITEM,600.38,2024-04-07 17:03:49,2024-04-07 17:03:49
SRC_RETURN_B002_000000187,R000021486,O000082761,C0027441,2025-03-19 10:50:03,COMPLETED,LATE_DELIVERY,882.91,2025-03-19 10:50:03,2025-03-19 10:50:03
SRC_RETURN_B002_000000188,R000021487,O000082822,C0045643,2026-05-04 16:02:22,COMPLETED,WRONG_ITEM,1696.53,2026-05-04 16:02:22,2026-05-04 16:02:22
SRC_RETURN_B002_000000189,R000021488,O000000544,C0042296,2024-04-09 03:10:52,COMPLETED,UNWANTED,776.65,2024-04-09 03:10:52,2024-04-09 03:10:52
SRC_RETURN_B002_000000190,R000021489,O000053501,C0021349,2024-11-03 07:03:36,COMPLETED,SIZE_FIT,824.40,2024-11-03 07:03:36,2024-11-03 07:03:36
SRC_RETURN_B002_000000191,R000021490,O000107307,C0038141,2025-04-08 19:19:08,COMPLETED,SIZE_FIT,274.38,2025-04-08 19:19:08,2025-04-08 19:19:08
SRC_RETURN_B002_000000192,R000021491,O000063289,C0043269,2026-05-07 17:00:44,COMPLETED,SIZE_FIT,482.65,2026-05-07 17:00:44,2026-05-07 17:00:44
SRC_RETURN_B002_000000193,R000021492,O000023092,C0004401,2024-10-25 13:43:59,COMPLETED,WRONG_ITEM,864.71,2024-10-25 13:43:59,2024-10-25 13:43:59
SRC_RETURN_B002_000000194,R000021493,O000002125,C0031828,2026-05-07 15:55:15,COMPLETED,DEFECTIVE,1054.21,2026-05-07 15:55:15,2026-05-07 15:55:15
SRC_RETURN_B002_000000195,R000021494,O000097151,C0006743,2025-01-28 09:54:24,COMPLETED,DEFECTIVE,527.81,2025-01-28 09:54:24,2025-01-28 09:54:24
SRC_RETURN_B002_000000196,R000021495,O000013130,C0028147,2026-09-03 18:34:32,COMPLETED,WRONG_ITEM,793.09,2026-09-03 18:34:32,2026-09-03 18:34:32
SRC_RETURN_B002_000000197,R000021496,O000016265,C0006875,2024-08-20 20:46:45,COMPLETED,UNWANTED,4034.44,2024-08-20 20:46:45,2024-08-20 20:46:45
SRC_RETURN_B002_000000198,R000021497,O000059699,C0021423,2025-09-18 22:21:07,COMPLETED,WRONG_ITEM,2178.88,2025-09-18 22:21:07,2025-09-18 22:21:07
SRC_RETURN_B002_000000199,R000021498,O000080423,C0014302,2025-01-18 04:54:17,COMPLETED,UNWANTED,396.08,2025-01-18 04:54:17,2025-01-18 04:54:17
SRC_RETURN_B002_000000200,R000021499,O000026482,C0048386,2026-04-05 06:48:23,COMPLETED,WRONG_ITEM,415.18,2026-04-05 06:48:23,2026-04-05 06:48:23
SRC_RETURN_B002_000000201,R000021500,O000046943,C0033923,2026-04-17 09:48:59,COMPLETED,SIZE_FIT,1132.67,2026-04-17 09:48:59,2026-04-17 09:48:59
SRC_RETURN_B002_000000202,R000021501,O000041254,C0038357,2026-03-24 20:47:56,COMPLETED,UNWANTED,1344.69,2026-03-24 20:47:56,2026-03-24 20:47:56
SRC_RETURN_B002_000000203,R000021502,O000041117,C0040028,2026-03-05 14:13:59,COMPLETED,LATE_DELIVERY,2091.07,2026-03-05 14:13:59,2026-03-05 14:13:59
SRC_RETURN_B002_000000204,R000021503,O000092919,C0038567,2024-07-13 17:42:54,COMPLETED,DAMAGED,785.39,2024-07-13 17:42:54,2024-07-13 17:42:54
SRC_RETURN_B002_000000205,R000021504,O000014557,C0008470,2024-09-25 19:36:59,COMPLETED,SIZE_FIT,34.31,2024-09-25 19:36:59,2024-09-25 19:36:59
SRC_RETURN_B002_000000206,R000021505,O000034391,C0042977,2026-08-25 10:49:33,COMPLETED,DAMAGED,818.27,2026-08-25 10:49:33,2026-08-25 10:49:33
SRC_RETURN_B002_000000207,R000021506,O000034530,C0039896,2026-01-31 17:22:18,COMPLETED,WRONG_ITEM,1992.15,2026-01-31 17:22:18,2026-01-31 17:22:18
SRC_RETURN_B002_000000208,R000021507,O000046891,C0034508,2025-12-07 19:21:20,COMPLETED,WRONG_ITEM,1831.36,2025-12-07 19:21:20,2025-12-07 19:21:20
SRC_RETURN_B002_000000209,R000021508,O000021754,C0008518,2024-03-06 07:52:41,COMPLETED,LATE_DELIVERY,185.57,2024-03-06 07:52:41,2024-03-06 07:52:41
SRC_RETURN_B002_000000210,R000021509,O000098406,C0041480,2026-01-19 22:57:21,COMPLETED,LATE_DELIVERY,620.92,2026-01-19 22:57:21,2026-01-19 22:57:21
SRC_RETURN_B002_000000211,R000021510,O000036278,C0023713,2025-12-06 01:20:26,COMPLETED,SIZE_FIT,4247.00,2025-12-06 01:20:26,2025-12-06 01:20:26
SRC_RETURN_B002_000000212,R000021511,O000038648,C0014038,2025-01-16 13:23:48,COMPLETED,SIZE_FIT,2079.27,2025-01-16 13:23:48,2025-01-16 13:23:48
SRC_RETURN_B002_000000213,R000021512,O000025875,C0003044,2026-08-29 02:18:27,COMPLETED,DEFECTIVE,1028.12,2026-08-29 02:18:27,2026-08-29 02:18:27
SRC_RETURN_B002_000000214,R000021513,O000066557,C0024261,2024-09-15 19:54:06,COMPLETED,DEFECTIVE,383.30,2024-09-15 19:54:06,2024-09-15 19:54:06
SRC_RETURN_B002_000000215,R000021514,O000013450,C0044738,2025-09-22 09:58:47,COMPLETED,DAMAGED,716.98,2025-09-22 09:58:47,2025-09-22 09:58:47
SRC_RETURN_B002_000000216,R000021515,O000096096,C0035322,2026-07-30 17:45:55,COMPLETED,DAMAGED,857.72,2026-07-30 17:45:55,2026-07-30 17:45:55
SRC_RETURN_B002_000000217,R000021516,O000030329,C0041274,2025-10-11 23:41:55,COMPLETED,DEFECTIVE,1704.09,2025-10-11 23:41:55,2025-10-11 23:41:55
SRC_RETURN_B002_000000218,R000021517,O000113769,C0031356,2024-08-25 10:24:28,COMPLETED,UNWANTED,665.89,2024-08-25 10:24:28,2024-08-25 10:24:28
SRC_RETURN_B002_000000219,R000021518,O000069483,C0040342,2026-01-19 18:51:53,COMPLETED,DEFECTIVE,16.69,2026-01-19 18:51:53,2026-01-19 18:51:53
SRC_RETURN_B002_000000220,R000021519,O000061450,C0036879,2025-04-06 20:00:23,COMPLETED,WRONG_ITEM,258.16,2025-04-06 20:00:23,2025-04-06 20:00:23
SRC_RETURN_B002_000000221,R000021520,O000018731,C0017234,2025-02-18 20:15:49,COMPLETED,SIZE_FIT,907.92,2025-02-18 20:15:49,2025-02-18 20:15:49
SRC_RETURN_B002_000000222,R000021521,O000106516,C0045082,2024-12-24 05:02:34,COMPLETED,LATE_DELIVERY,1196.11,2024-12-24 05:02:34,2024-12-24 05:02:34
SRC_RETURN_B002_000000223,R000021522,O000120187,C0042340,2024-11-04 23:46:02,COMPLETED,DEFECTIVE,3861.53,2024-11-04 23:46:02,2024-11-04 23:46:02
SRC_RETURN_B002_000000224,R000021523,O000036812,C0032177,2026-06-16 01:55:24,COMPLETED,UNWANTED,2315.35,2026-06-16 01:55:24,2026-06-16 01:55:24
SRC_RETURN_B002_000000225,R000021524,O000026351,C0012869,2024-05-10 20:03:43,COMPLETED,SIZE_FIT,1200.18,2024-05-10 20:03:43,2024-05-10 20:03:43
SRC_RETURN_B002_000000226,R000021525,O000098542,C0044864,2024-11-13 13:59:54,COMPLETED,UNWANTED,735.58,2024-11-13 13:59:54,2024-11-13 13:59:54
SRC_RETURN_B002_000000227,R000021526,O000106195,C0021484,2024-12-05 18:58:58,COMPLETED,DAMAGED,2586.35,2024-12-05 18:58:58,2024-12-05 18:58:58
SRC_RETURN_B002_000000228,R000021527,O000075420,C0017488,2025-01-13 17:35:27,COMPLETED,UNWANTED,709.64,2025-01-13 17:35:27,2025-01-13 17:35:27
SRC_RETURN_B002_000000229,R000021528,O000091447,C0045487,2025-02-19 18:51:49,COMPLETED,UNWANTED,1493.60,2025-02-19 18:51:49,2025-02-19 18:51:49
SRC_RETURN_B002_000000230,R000021529,O000076169,C0038891,2025-04-12 13:50:41,COMPLETED,UNWANTED,628.53,2025-04-12 13:50:41,2025-04-12 13:50:41
SRC_RETURN_B002_000000231,R000021530,O000101314,C0015809,2024-03-18 03:26:21,COMPLETED,UNWANTED,1425.94,2024-03-18 03:26:21,2024-03-18 03:26:21
SRC_RETURN_B002_000000232,R000021531,O000041005,C0041104,2024-03-05 12:16:03,COMPLETED,DEFECTIVE,342.55,2024-03-05 12:16:03,2024-03-05 12:16:03
SRC_RETURN_B002_000000233,R000021532,O000118861,C0014746,2025-12-16 07:58:57,COMPLETED,WRONG_ITEM,1213.14,2025-12-16 07:58:57,2025-12-16 07:58:57
SRC_RETURN_B002_000000234,R000021533,O000116595,C0019041,2025-01-29 06:07:26,COMPLETED,UNWANTED,376.82,2025-01-29 06:07:26,2025-01-29 06:07:26
SRC_RETURN_B002_000000235,R000021534,O000098172,C0005515,2025-02-01 19:39:57,COMPLETED,LATE_DELIVERY,1600.13,2025-02-01 19:39:57,2025-02-01 19:39:57
SRC_RETURN_B002_000000236,R000021535,O000033168,C0037585,2026-04-02 06:11:10,COMPLETED,UNWANTED,1942.38,2026-04-02 06:11:10,2026-04-02 06:11:10
SRC_RETURN_B002_000000237,R000021536,O000089824,C0047649,2024-05-10 13:12:54,COMPLETED,SIZE_FIT,771.52,2024-05-10 13:12:54,2024-05-10 13:12:54
SRC_RETURN_B002_000000238,R000021537,O000016605,C0004157,2026-06-26 20:43:12,COMPLETED,DAMAGED,751.54,2026-06-26 20:43:12,2026-06-26 20:43:12
SRC_RETURN_B002_000000239,R000021538,O000008465,C0038281,2024-10-21 04:26:36,COMPLETED,SIZE_FIT,1668.74,2024-10-21 04:26:36,2024-10-21 04:26:36
SRC_RETURN_B002_000000240,R000021539,O000097465,C0022474,2025-03-04 10:54:48,COMPLETED,DAMAGED,382.99,2025-03-04 10:54:48,2025-03-04 10:54:48
SRC_RETURN_B002_000000241,R000021540,O000118839,C0017225,2024-05-04 23:50:29,COMPLETED,DEFECTIVE,1177.72,2024-05-04 23:50:29,2024-05-04 23:50:29
SRC_RETURN_B002_000000242,R000021541,O000004556,C0009807,2024-11-24 23:03:15,COMPLETED,LATE_DELIVERY,538.32,2024-11-24 23:03:15,2024-11-24 23:03:15
SRC_RETURN_B002_000000243,R000021542,O000038610,C0029528,2026-01-20 04:56:10,COMPLETED,DAMAGED,1639.60,2026-01-20 04:56:10,2026-01-20 04:56:10
SRC_RETURN_B002_000000244,R000021543,O000029703,C0014135,2026-08-23 00:57:29,COMPLETED,SIZE_FIT,738.98,2026-08-23 00:57:29,2026-08-23 00:57:29
SRC_RETURN_B002_000000245,R000021544,O000032188,C0025358,2026-01-13 16:10:24,COMPLETED,UNWANTED,55.82,2026-01-13 16:10:24,2026-01-13 16:10:24
SRC_RETURN_B002_000000246,R000021545,O000008220,C0027607,2024-04-10 23:36:42,COMPLETED,DAMAGED,170.12,2024-04-10 23:36:42,2024-04-10 23:36:42
SRC_RETURN_B002_000000247,R000021546,O000057675,C0020544,2026-02-23 00:20:22,COMPLETED,SIZE_FIT,2935.45,2026-02-23 00:20:22,2026-02-23 00:20:22
SRC_RETURN_B002_000000248,R000021547,O000053799,C0006684,2025-08-01 18:23:21,COMPLETED,WRONG_ITEM,699.45,2025-08-01 18:23:21,2025-08-01 18:23:21
SRC_RETURN_B002_000000249,R000021548,O000049086,C0011596,2026-06-02 02:51:18,COMPLETED,LATE_DELIVERY,494.20,2026-06-02 02:51:18,2026-06-02 02:51:18
SRC_RETURN_B002_000000250,R000021549,O000072662,C0023858,2025-08-20 02:45:28,COMPLETED,SIZE_FIT,2017.21,2025-08-20 02:45:28,2025-08-20 02:45:28
SRC_RETURN_B002_000000251,R000021550,O000084578,C0044513,2024-08-23 23:37:45,COMPLETED,LATE_DELIVERY,58.26,2024-08-23 23:37:45,2024-08-23 23:37:45
SRC_RETURN_B002_000000252,R000021551,O000108406,C0021597,2025-08-31 06:52:52,COMPLETED,DAMAGED,1515.68,2025-08-31 06:52:52,2025-08-31 06:52:52
SRC_RETURN_B002_000000253,R000021552,O000057945,C0011523,2025-07-24 15:32:11,COMPLETED,DAMAGED,262.01,2025-07-24 15:32:11,2025-07-24 15:32:11
SRC_RETURN_B002_000000254,R000021553,O000102326,C0048650,2025-10-20 17:22:26,COMPLETED,SIZE_FIT,1279.66,2025-10-20 17:22:26,2025-10-20 17:22:26
SRC_RETURN_B002_000000255,R000021554,O000110186,C0014667,2024-05-14 21:37:42,COMPLETED,SIZE_FIT,793.64,2024-05-14 21:37:42,2024-05-14 21:37:42
SRC_RETURN_B002_000000256,R000021555,O000003595,C0049953,2024-04-25 09:54:21,COMPLETED,SIZE_FIT,1602.40,2024-04-25 09:54:21,2024-04-25 09:54:21
SRC_RETURN_B002_000000257,R000021556,O000025111,C0033601,2026-01-03 17:16:40,COMPLETED,UNWANTED,453.96,2026-01-03 17:16:40,2026-01-03 17:16:40
SRC_RETURN_B002_000000258,R000021557,O000104980,C0011341,2025-04-10 02:26:53,COMPLETED,LATE_DELIVERY,2510.84,2025-04-10 02:26:53,2025-04-10 02:26:53
SRC_RETURN_B002_000000259,R000021558,O000030091,C0016841,2024-06-10 13:15:49,COMPLETED,SIZE_FIT,1150.06,2024-06-10 13:15:49,2024-06-10 13:15:49
SRC_RETURN_B002_000000260,R000021559,O000101397,C0023670,2025-08-20 22:24:09,COMPLETED,UNWANTED,196.52,2025-08-20 22:24:09,2025-08-20 22:24:09
SRC_RETURN_B002_000000261,R000021560,O000017244,C0037873,2024-12-23 04:40:47,COMPLETED,SIZE_FIT,928.43,2024-12-23 04:40:47,2024-12-23 04:40:47
SRC_RETURN_B002_000000262,R000021561,O000062223,C0011690,2024-08-22 21:36:08,COMPLETED,LATE_DELIVERY,783.32,2024-08-22 21:36:08,2024-08-22 21:36:08
SRC_RETURN_B002_000000263,R000021562,O000007008,C0042424,2024-04-25 05:52:31,COMPLETED,UNWANTED,594.64,2024-04-25 05:52:31,2024-04-25 05:52:31
SRC_RETURN_B002_000000264,R000021563,O000120194,C0010441,2025-04-30 13:29:31,COMPLETED,DEFECTIVE,2064.96,2025-04-30 13:29:31,2025-04-30 13:29:31
SRC_RETURN_B002_000000265,R000021564,O000001878,C0037645,2025-04-14 07:54:44,COMPLETED,SIZE_FIT,496.22,2025-04-14 07:54:44,2025-04-14 07:54:44
SRC_RETURN_B002_000000266,R000021565,O000006431,C0026830,2025-11-13 19:33:20,COMPLETED,UNWANTED,851.85,2025-11-13 19:33:20,2025-11-13 19:33:20
SRC_RETURN_B002_000000267,R000021566,O000063238,C0045872,2024-05-27 07:10:38,COMPLETED,LATE_DELIVERY,672.41,2024-05-27 07:10:38,2024-05-27 07:10:38
SRC_RETURN_B002_000000268,R000021567,O000059692,C0036930,2025-12-20 13:42:45,COMPLETED,SIZE_FIT,1009.51,2025-12-20 13:42:45,2025-12-20 13:42:45
SRC_RETURN_B002_000000269,R000021568,O000008345,C0038738,2026-06-01 19:15:15,COMPLETED,UNWANTED,2009.80,2026-06-01 19:15:15,2026-06-01 19:15:15
SRC_RETURN_B002_000000270,R000021569,O000108419,C0028164,2025-02-08 20:29:50,COMPLETED,WRONG_ITEM,654.83,2025-02-08 20:29:50,2025-02-08 20:29:50
SRC_RETURN_B002_000000271,R000021570,O000029484,C0013163,2025-12-26 21:57:13,COMPLETED,SIZE_FIT,426.66,2025-12-26 21:57:13,2025-12-26 21:57:13
SRC_RETURN_B002_000000272,R000021571,O000036710,C0045550,2024-08-29 16:54:11,COMPLETED,SIZE_FIT,484.10,2024-08-29 16:54:11,2024-08-29 16:54:11
SRC_RETURN_B002_000000273,R000021572,O000021737,C0036000,2025-10-04 07:12:56,COMPLETED,SIZE_FIT,753.50,2025-10-04 07:12:56,2025-10-04 07:12:56
SRC_RETURN_B002_000000274,R000021573,O000010176,C0020958,2024-04-12 08:14:58,COMPLETED,DAMAGED,221.46,2024-04-12 08:14:58,2024-04-12 08:14:58
SRC_RETURN_B002_000000275,R000021574,O000056418,C0016015,2026-06-23 15:23:17,COMPLETED,WRONG_ITEM,1184.04,2026-06-23 15:23:17,2026-06-23 15:23:17
SRC_RETURN_B002_000000276,R000021575,O000009909,C0014762,2024-05-07 19:38:43,COMPLETED,UNWANTED,576.19,2024-05-07 19:38:43,2024-05-07 19:38:43
SRC_RETURN_B002_000000277,R000021576,O000064667,C0018665,2024-09-27 02:12:18,COMPLETED,UNWANTED,1290.33,2024-09-27 02:12:18,2024-09-27 02:12:18
SRC_RETURN_B002_000000278,R000021577,O000053632,C0005961,2026-06-27 17:31:54,COMPLETED,LATE_DELIVERY,2357.02,2026-06-27 17:31:54,2026-06-27 17:31:54
SRC_RETURN_B002_000000279,R000021578,O000025685,C0019255,2025-08-26 20:23:46,COMPLETED,UNWANTED,634.61,2025-08-26 20:23:46,2025-08-26 20:23:46
SRC_RETURN_B002_000000280,R000021579,O000120260,C0048035,2026-06-02 14:25:24,COMPLETED,DEFECTIVE,930.38,2026-06-02 14:25:24,2026-06-02 14:25:24
SRC_RETURN_B002_000000281,R000021580,O000038161,C0035766,2025-12-08 02:55:54,COMPLETED,DEFECTIVE,913.44,2025-12-08 02:55:54,2025-12-08 02:55:54
SRC_RETURN_B002_000000282,R000021581,O000068573,C0009068,2026-05-15 11:44:43,COMPLETED,WRONG_ITEM,1372.83,2026-05-15 11:44:43,2026-05-15 11:44:43
SRC_RETURN_B002_000000283,R000021582,O000119974,C0035917,2024-02-27 23:42:45,COMPLETED,UNWANTED,2091.07,2024-02-27 23:42:45,2024-02-27 23:42:45
SRC_RETURN_B002_000000284,R000021583,O000072594,C0001566,2024-10-28 00:38:53,COMPLETED,SIZE_FIT,605.16,2024-10-28 00:38:53,2024-10-28 00:38:53
SRC_RETURN_B002_000000285,R000021584,O000053302,C0000090,2024-02-24 06:25:57,COMPLETED,DAMAGED,997.39,2024-02-24 06:25:57,2024-02-24 06:25:57
SRC_RETURN_B002_000000286,R000021585,O000096685,C0013233,2026-09-29 14:06:04,COMPLETED,UNWANTED,1107.16,2026-09-29 14:06:04,2026-09-29 14:06:04
SRC_RETURN_B002_000000287,R000021586,O000027458,C0050066,2024-04-02 04:58:56,COMPLETED,DEFECTIVE,250.57,2024-04-02 04:58:56,2024-04-02 04:58:56
SRC_RETURN_B002_000000288,R000021587,O000026893,C0036953,2026-03-10 02:57:39,COMPLETED,UNWANTED,2896.57,2026-03-10 02:57:39,2026-03-10 02:57:39
SRC_RETURN_B002_000000289,R000021588,O000109005,C0018422,2025-05-23 23:02:11,COMPLETED,LATE_DELIVERY,1655.47,2025-05-23 23:02:11,2025-05-23 23:02:11
SRC_RETURN_B002_000000290,R000021589,O000010977,C0010015,2026-08-23 09:00:32,COMPLETED,SIZE_FIT,1325.18,2026-08-23 09:00:32,2026-08-23 09:00:32
SRC_RETURN_B002_000000291,R000021590,O000008391,C0034447,2024-05-01 01:09:14,COMPLETED,DAMAGED,2391.74,2024-05-01 01:09:14,2024-05-01 01:09:14
SRC_RETURN_B002_000000292,R000021591,O000098086,C0047307,2024-08-29 05:21:41,COMPLETED,UNWANTED,1589.02,2024-08-29 05:21:41,2024-08-29 05:21:41
SRC_RETURN_B002_000000293,R000021592,O000000721,C0006190,2025-12-03 04:35:33,COMPLETED,DEFECTIVE,622.04,2025-12-03 04:35:33,2025-12-03 04:35:33
SRC_RETURN_B002_000000294,R000021593,O000058942,C0031031,2025-05-21 13:54:09,COMPLETED,DEFECTIVE,2044.86,2025-05-21 13:54:09,2025-05-21 13:54:09
SRC_RETURN_B002_000000295,R000021594,O000061254,C0014179,2025-09-19 19:14:00,COMPLETED,WRONG_ITEM,220.46,2025-09-19 19:14:00,2025-09-19 19:14:00
SRC_RETURN_B002_000000296,R000021595,O000058561,C0035171,2025-10-22 17:06:19,COMPLETED,DEFECTIVE,829.15,2025-10-22 17:06:19,2025-10-22 17:06:19
SRC_RETURN_B002_000000297,R000021596,O000109569,C0014634,2024-12-27 18:03:18,COMPLETED,WRONG_ITEM,482.65,2024-12-27 18:03:18,2024-12-27 18:03:18
SRC_RETURN_B002_000000298,R000021597,O000083213,C0038522,2025-01-02 15:25:06,COMPLETED,DAMAGED,379.28,2025-01-02 15:25:06,2025-01-02 15:25:06
SRC_RETURN_B002_000000299,R000021598,O000090643,C0016797,2024-08-06 00:54:07,COMPLETED,DEFECTIVE,1924.82,2024-08-06 00:54:07,2024-08-06 00:54:07
SRC_RETURN_B002_000000300,R000021599,O000032459,C0028011,2024-06-17 18:24:14,COMPLETED,WRONG_ITEM,88.12,2024-06-17 18:24:14,2024-06-17 18:24:14
SRC_RETURN_B002_000000301,R000021600,O000024723,C0041387,2025-12-15 00:55:10,COMPLETED,DAMAGED,1501.15,2025-12-15 00:55:10,2025-12-15 00:55:10
SRC_RETURN_B002_000000302,R000021601,O000049004,C0044960,2026-04-07 16:34:50,COMPLETED,DEFECTIVE,426.66,2026-04-07 16:34:50,2026-04-07 16:34:50
SRC_RETURN_B002_000000303,R000021602,O000112858,C0013087,2026-08-12 11:06:18,COMPLETED,DEFECTIVE,304.79,2026-08-12 11:06:18,2026-08-12 11:06:18
SRC_RETURN_B002_000000304,R000021603,O000118813,C0031572,2026-01-10 18:15:17,COMPLETED,LATE_DELIVERY,1854.32,2026-01-10 18:15:17,2026-01-10 18:15:17
SRC_RETURN_B002_000000305,R000021604,O000052298,C0013410,2024-04-13 11:14:52,COMPLETED,UNWANTED,1202.84,2024-04-13 11:14:52,2024-04-13 11:14:52
SRC_RETURN_B002_000000306,R000021605,O000090394,C0012366,2024-12-26 02:06:45,COMPLETED,DEFECTIVE,2766.37,2024-12-26 02:06:45,2024-12-26 02:06:45
SRC_RETURN_B002_000000307,R000021606,O000062816,C0043845,2024-03-21 20:48:43,COMPLETED,UNWANTED,801.55,2024-03-21 20:48:43,2024-03-21 20:48:43
SRC_RETURN_B002_000000308,R000021607,O000035990,C0000632,2024-05-17 20:40:45,COMPLETED,UNWANTED,2085.98,2024-05-17 20:40:45,2024-05-17 20:40:45
SRC_RETURN_B002_000000309,R000021608,O000087461,C0026487,2024-09-30 00:02:03,COMPLETED,WRONG_ITEM,555.46,2024-09-30 00:02:03,2024-09-30 00:02:03
SRC_RETURN_B002_000000310,R000021609,O000109488,C0013822,2025-11-18 18:10:55,COMPLETED,UNWANTED,960.59,2025-11-18 18:10:55,2025-11-18 18:10:55
SRC_RETURN_B002_000000311,R000021610,O000114571,C0007799,2026-01-19 04:21:22,COMPLETED,SIZE_FIT,2357.13,2026-01-19 04:21:22,2026-01-19 04:21:22
SRC_RETURN_B002_000000312,R000021611,O000019396,C0011966,2024-05-12 18:32:17,COMPLETED,SIZE_FIT,2939.38,2024-05-12 18:32:17,2024-05-12 18:32:17
SRC_RETURN_B002_000000313,R000021612,O000088716,C0000033,2025-10-25 18:12:27,COMPLETED,UNWANTED,1145.30,2025-10-25 18:12:27,2025-10-25 18:12:27
SRC_RETURN_B002_000000314,R000021613,O000009748,C0028841,2024-11-08 02:38:06,COMPLETED,DEFECTIVE,3593.78,2024-11-08 02:38:06,2024-11-08 02:38:06
SRC_RETURN_B002_000000315,R000021614,O000103985,C0008697,2026-02-02 21:51:03,COMPLETED,SIZE_FIT,2794.71,2026-02-02 21:51:03,2026-02-02 21:51:03
SRC_RETURN_B002_000000316,R000021615,O000116841,C0034452,2026-07-05 00:32:26,COMPLETED,DEFECTIVE,557.90,2026-07-05 00:32:26,2026-07-05 00:32:26
SRC_RETURN_B002_000000317,R000021616,O000053040,C0027280,2024-02-03 13:36:21,COMPLETED,LATE_DELIVERY,1030.52,2024-02-03 13:36:21,2024-02-03 13:36:21
SRC_RETURN_B002_000000318,R000021617,O000116490,C0028443,2025-09-15 11:27:38,COMPLETED,UNWANTED,922.27,2025-09-15 11:27:38,2025-09-15 11:27:38
SRC_RETURN_B002_000000319,R000021618,O000038562,C0009226,2026-08-11 18:10:34,COMPLETED,DAMAGED,4163.75,2026-08-11 18:10:34,2026-08-11 18:10:34
SRC_RETURN_B002_000000320,R000021619,O000072811,C0035810,2025-10-24 10:04:10,COMPLETED,WRONG_ITEM,1149.83,2025-10-24 10:04:10,2025-10-24 10:04:10
SRC_RETURN_B002_000000321,R000021620,O000021134,C0007524,2025-12-01 09:23:01,COMPLETED,SIZE_FIT,60.80,2025-12-01 09:23:01,2025-12-01 09:23:01
SRC_RETURN_B002_000000322,R000021621,O000015637,C0047531,2025-09-26 15:09:28,COMPLETED,WRONG_ITEM,1147.69,2025-09-26 15:09:28,2025-09-26 15:09:28
SRC_RETURN_B002_000000323,R000021622,O000088650,C0033456,2024-04-18 06:48:29,COMPLETED,DEFECTIVE,116.52,2024-04-18 06:48:29,2024-04-18 06:48:29
SRC_RETURN_B002_000000324,R000021623,O000048851,C0006419,2026-01-31 21:55:47,COMPLETED,LATE_DELIVERY,59.35,2026-01-31 21:55:47,2026-01-31 21:55:47
SRC_RETURN_B002_000000325,R000021624,O000061506,C0005688,2025-05-26 15:49:58,COMPLETED,SIZE_FIT,1136.87,2025-05-26 15:49:58,2025-05-26 15:49:58
SRC_RETURN_B002_000000326,R000021625,O000054065,C0016008,2025-07-27 16:27:25,COMPLETED,LATE_DELIVERY,1996.20,2025-07-27 16:27:25,2025-07-27 16:27:25
SRC_RETURN_B002_000000327,R000021626,O000013883,C0001519,2024-08-10 22:17:28,COMPLETED,DEFECTIVE,383.83,2024-08-10 22:17:28,2024-08-10 22:17:28
SRC_RETURN_B002_000000328,R000021627,O000047846,C0021607,2024-05-05 04:10:46,COMPLETED,DAMAGED,626.79,2024-05-05 04:10:46,2024-05-05 04:10:46
SRC_RETURN_B002_000000329,R000021628,O000002121,C0003447,2024-05-13 13:48:48,COMPLETED,WRONG_ITEM,2369.94,2024-05-13 13:48:48,2024-05-13 13:48:48
SRC_RETURN_B002_000000330,R000021629,O000002320,C0046095,2025-10-15 04:05:00,COMPLETED,DEFECTIVE,2847.01,2025-10-15 04:05:00,2025-10-15 04:05:00
SRC_RETURN_B002_000000331,R000021630,O000024632,C0045776,2024-10-15 04:03:27,COMPLETED,SIZE_FIT,2420.48,2024-10-15 04:03:27,2024-10-15 04:03:27
SRC_RETURN_B002_000000332,R000021631,O000099439,C0031161,2025-03-07 07:50:55,COMPLETED,DAMAGED,789.98,2025-03-07 07:50:55,2025-03-07 07:50:55
SRC_RETURN_B002_000000333,R000021632,O000074036,C0042722,2024-04-07 06:51:42,COMPLETED,UNWANTED,2010.04,2024-04-07 06:51:42,2024-04-07 06:51:42
SRC_RETURN_B002_000000334,R000021633,O000096653,C0039826,2026-03-19 17:02:43,COMPLETED,DAMAGED,228.98,2026-03-19 17:02:43,2026-03-19 17:02:43
SRC_RETURN_B002_000000335,R000021634,O000086957,C0014744,2024-08-10 15:35:21,COMPLETED,UNWANTED,53.28,2024-08-10 15:35:21,2024-08-10 15:35:21
SRC_RETURN_B002_000000336,R000021635,O000053641,C0033631,2025-12-28 15:49:48,COMPLETED,DEFECTIVE,1107.16,2025-12-28 15:49:48,2025-12-28 15:49:48
SRC_RETURN_B002_000000337,R000021636,O000006534,C0019878,2025-05-16 09:06:09,COMPLETED,DAMAGED,1187.27,2025-05-16 09:06:09,2025-05-16 09:06:09
SRC_RETURN_B002_000000338,R000021637,O000012324,C0026177,2025-01-29 08:09:38,COMPLETED,DAMAGED,3724.70,2025-01-29 08:09:38,2025-01-29 08:09:38
SRC_RETURN_B002_000000339,R000021638,O000094854,C0001543,2025-04-04 02:08:12,COMPLETED,DAMAGED,767.66,2025-04-04 02:08:12,2025-04-04 02:08:12
SRC_RETURN_B002_000000340,R000021639,O000054810,C0002857,2026-08-29 17:37:14,COMPLETED,DEFECTIVE,1006.75,2026-08-29 17:37:14,2026-08-29 17:37:14
SRC_RETURN_B002_000000341,R000021640,O000027513,C0036893,2024-05-27 09:16:21,COMPLETED,LATE_DELIVERY,915.20,2024-05-27 09:16:21,2024-05-27 09:16:21
SRC_RETURN_B002_000000342,R000021641,O000027880,C0024828,2024-07-02 02:04:22,COMPLETED,SIZE_FIT,437.67,2024-07-02 02:04:22,2024-07-02 02:04:22
SRC_RETURN_B002_000000343,R000021642,O000061921,C0036982,2024-03-22 03:33:29,COMPLETED,DEFECTIVE,788.50,2024-03-22 03:33:29,2024-03-22 03:33:29
SRC_RETURN_B002_000000344,R000021643,O000045685,C0050077,2026-01-03 19:50:37,COMPLETED,WRONG_ITEM,1361.12,2026-01-03 19:50:37,2026-01-03 19:50:37
SRC_RETURN_B002_000000345,R000021644,O000058999,C0005787,2024-04-01 10:41:32,COMPLETED,SIZE_FIT,1172.53,2024-04-01 10:41:32,2024-04-01 10:41:32
SRC_RETURN_B002_000000346,R000021645,O000115806,C0047698,2024-04-17 19:42:19,COMPLETED,WRONG_ITEM,520.30,2024-04-17 19:42:19,2024-04-17 19:42:19
SRC_RETURN_B002_000000347,R000021646,O000042279,C0008486,2026-08-10 10:11:09,COMPLETED,DEFECTIVE,1028.07,2026-08-10 10:11:09,2026-08-10 10:11:09
SRC_RETURN_B002_000000348,R000021647,O000059400,C0044459,2025-02-14 08:14:34,COMPLETED,SIZE_FIT,1075.60,2025-02-14 08:14:34,2025-02-14 08:14:34
SRC_RETURN_B002_000000349,R000021648,O000083209,C0042903,2025-11-27 07:12:00,COMPLETED,WRONG_ITEM,1915.27,2025-11-27 07:12:00,2025-11-27 07:12:00
SRC_RETURN_B002_000000350,R000021649,O000055179,C0027260,2025-07-04 21:48:01,COMPLETED,DAMAGED,201.45,2025-07-04 21:48:01,2025-07-04 21:48:01
SRC_RETURN_B002_000000351,R000021650,O000050320,C0007672,2024-12-30 04:18:56,COMPLETED,WRONG_ITEM,725.78,2024-12-30 04:18:56,2024-12-30 04:18:56
SRC_RETURN_B002_000000352,R000021651,O000086226,C0049782,2026-04-14 13:55:02,COMPLETED,WRONG_ITEM,970.81,2026-04-14 13:55:02,2026-04-14 13:55:02
SRC_RETURN_B002_000000353,R000021652,O000042165,C0013079,2025-08-31 16:38:59,COMPLETED,SIZE_FIT,882.91,2025-08-31 16:38:59,2025-08-31 16:38:59
SRC_RETURN_B002_000000354,R000021653,O000087284,C0023289,2026-02-24 17:36:21,COMPLETED,UNWANTED,934.01,2026-02-24 17:36:21,2026-02-24 17:36:21
SRC_RETURN_B002_000000355,R000021654,O000041851,C0017522,2024-05-25 19:11:35,COMPLETED,DEFECTIVE,1035.86,2024-05-25 19:11:35,2024-05-25 19:11:35
SRC_RETURN_B002_000000356,R000021655,O000006696,C0006501,2024-07-09 17:01:40,COMPLETED,LATE_DELIVERY,1531.47,2024-07-09 17:01:40,2024-07-09 17:01:40
SRC_RETURN_B002_000000357,R000021656,O000070980,C0021202,2025-08-23 12:27:31,COMPLETED,UNWANTED,849.87,2025-08-23 12:27:31,2025-08-23 12:27:31
SRC_RETURN_B002_000000358,R000021657,O000043727,C0005176,2024-07-06 20:13:26,COMPLETED,SIZE_FIT,1045.54,2024-07-06 20:13:26,2024-07-06 20:13:26
SRC_RETURN_B002_000000359,R000021658,O000103808,C0011788,2025-12-16 04:33:40,COMPLETED,LATE_DELIVERY,1377.69,2025-12-16 04:33:40,2025-12-16 04:33:40
SRC_RETURN_B002_000000360,R000021659,O000118853,C0039939,2024-08-11 00:53:00,COMPLETED,LATE_DELIVERY,801.14,2024-08-11 00:53:00,2024-08-11 00:53:00
SRC_RETURN_B002_000000361,R000021660,O000094437,C0016402,2025-03-15 20:41:41,COMPLETED,DAMAGED,213.94,2025-03-15 20:41:41,2025-03-15 20:41:41
SRC_RETURN_B002_000000362,R000021661,O000040413,C0048454,2025-10-22 01:19:10,COMPLETED,LATE_DELIVERY,1132.17,2025-10-22 01:19:10,2025-10-22 01:19:10
SRC_RETURN_B002_000000363,R000021662,O000070860,C0019546,2024-04-07 22:36:49,COMPLETED,LATE_DELIVERY,757.90,2024-04-07 22:36:49,2024-04-07 22:36:49
SRC_RETURN_B002_000000364,R000021663,O000044094,C0048921,2024-10-01 21:46:26,COMPLETED,DAMAGED,834.37,2024-10-01 21:46:26,2024-10-01 21:46:26
SRC_RETURN_B002_000000365,R000021664,O000014428,C0020854,2024-07-12 16:06:32,COMPLETED,WRONG_ITEM,1699.03,2024-07-12 16:06:32,2024-07-12 16:06:32
SRC_RETURN_B002_000000366,R000021665,O000084779,C0006253,2025-12-23 02:47:49,COMPLETED,SIZE_FIT,590.25,2025-12-23 02:47:49,2025-12-23 02:47:49
SRC_RETURN_B002_000000367,R000021666,O000098277,C0017227,2025-05-18 19:50:50,COMPLETED,SIZE_FIT,1076.38,2025-05-18 19:50:50,2025-05-18 19:50:50
SRC_RETURN_B002_000000368,R000021667,O000087201,C0017140,2025-09-05 11:22:28,COMPLETED,UNWANTED,1481.84,2025-09-05 11:22:28,2025-09-05 11:22:28
SRC_RETURN_B002_000000369,R000021668,O000030040,C0019374,2025-09-22 09:17:31,COMPLETED,LATE_DELIVERY,280.32,2025-09-22 09:17:31,2025-09-22 09:17:31
SRC_RETURN_B002_000000370,R000021669,O000084311,C0016724,2025-11-27 21:35:35,COMPLETED,DAMAGED,319.01,2025-11-27 21:35:35,2025-11-27 21:35:35
SRC_RETURN_B002_000000371,R000021670,O000036636,C0026022,2026-01-10 22:16:02,COMPLETED,LATE_DELIVERY,4150.31,2026-01-10 22:16:02,2026-01-10 22:16:02
SRC_RETURN_B002_000000372,R000021671,O000020105,C0026535,2025-11-11 00:34:17,COMPLETED,DEFECTIVE,1292.23,2025-11-11 00:34:17,2025-11-11 00:34:17
SRC_RETURN_B002_000000373,R000021672,O000117114,C0018100,2024-06-06 05:09:40,COMPLETED,UNWANTED,620.92,2024-06-06 05:09:40,2024-06-06 05:09:40
SRC_RETURN_B002_000000374,R000021673,O000001676,C0035966,2026-09-29 03:11:12,COMPLETED,DEFECTIVE,2926.16,2026-09-29 03:11:12,2026-09-29 03:11:12
SRC_RETURN_B002_000000375,R000021674,O000001598,C0021298,2025-10-23 15:13:07,COMPLETED,SIZE_FIT,964.97,2025-10-23 15:13:07,2025-10-23 15:13:07
SRC_RETURN_B002_000000376,R000021675,O000022843,C0027215,2025-01-19 19:43:33,COMPLETED,WRONG_ITEM,648.04,2025-01-19 19:43:33,2025-01-19 19:43:33
SRC_RETURN_B002_000000377,R000021676,O000071168,C0031248,2024-02-22 01:18:59,COMPLETED,WRONG_ITEM,1009.06,2024-02-22 01:18:59,2024-02-22 01:18:59
SRC_RETURN_B002_000000378,R000021677,O000087899,C0038540,2025-02-04 21:33:13,COMPLETED,LATE_DELIVERY,1462.48,2025-02-04 21:33:13,2025-02-04 21:33:13
SRC_RETURN_B002_000000379,R000021678,O000014312,C0023337,2025-09-10 02:21:44,COMPLETED,WRONG_ITEM,716.77,2025-09-10 02:21:44,2025-09-10 02:21:44
SRC_RETURN_B002_000000380,R000021679,O000098405,C0018135,2025-03-04 00:43:03,COMPLETED,DEFECTIVE,975.46,2025-03-04 00:43:03,2025-03-04 00:43:03
SRC_RETURN_B002_000000381,R000021680,O000026172,C0033898,2024-12-29 23:13:00,COMPLETED,DAMAGED,1102.13,2024-12-29 23:13:00,2024-12-29 23:13:00
SRC_RETURN_B002_000000382,R000021681,O000037512,C0000858,2025-02-02 10:01:58,COMPLETED,LATE_DELIVERY,125.23,2025-02-02 10:01:58,2025-02-02 10:01:58
SRC_RETURN_B002_000000383,R000021682,O000120779,C0029442,2024-03-08 12:29:39,COMPLETED,LATE_DELIVERY,1102.62,2024-03-08 12:29:39,2024-03-08 12:29:39
SRC_RETURN_B002_000000384,R000021683,O000038060,C0025542,2026-03-16 06:09:54,COMPLETED,WRONG_ITEM,177.40,2026-03-16 06:09:54,2026-03-16 06:09:54
SRC_RETURN_B002_000000385,R000021684,O000020252,C0009256,2024-05-12 02:45:39,COMPLETED,WRONG_ITEM,1086.91,2024-05-12 02:45:39,2024-05-12 02:45:39
SRC_RETURN_B002_000000386,R000021685,O000017190,C0024529,2026-02-08 02:58:20,COMPLETED,LATE_DELIVERY,523.91,2026-02-08 02:58:20,2026-02-08 02:58:20
SRC_RETURN_B002_000000387,R000021686,O000090583,C0008089,2025-08-28 17:38:34,COMPLETED,SIZE_FIT,310.73,2025-08-28 17:38:34,2025-08-28 17:38:34
SRC_RETURN_B002_000000388,R000021687,O000058389,C0000595,2024-09-06 14:06:59,COMPLETED,WRONG_ITEM,705.48,2024-09-06 14:06:59,2024-09-06 14:06:59
SRC_RETURN_B002_000000389,R000021688,O000040545,C0039347,2026-07-14 00:31:46,COMPLETED,SIZE_FIT,444.25,2026-07-14 00:31:46,2026-07-14 00:31:46
SRC_RETURN_B002_000000390,R000021689,O000098572,C0028814,2026-06-30 09:35:52,COMPLETED,UNWANTED,1680.18,2026-06-30 09:35:52,2026-06-30 09:35:52
SRC_RETURN_B002_000000391,R000021690,O000053841,C0032429,2025-03-31 20:56:40,COMPLETED,DEFECTIVE,1456.34,2025-03-31 20:56:40,2025-03-31 20:56:40
SRC_RETURN_B002_000000392,R000021691,O000048225,C0006305,2025-01-10 22:02:27,COMPLETED,DEFECTIVE,1065.90,2025-01-10 22:02:27,2025-01-10 22:02:27
SRC_RETURN_B002_000000393,R000021692,O000007480,C0004329,2025-09-19 19:08:04,COMPLETED,WRONG_ITEM,2511.90,2025-09-19 19:08:04,2025-09-19 19:08:04
SRC_RETURN_B002_000000394,R000021693,O000027159,C0032909,2026-07-26 11:39:13,COMPLETED,UNWANTED,824.36,2026-07-26 11:39:13,2026-07-26 11:39:13
SRC_RETURN_B002_000000395,R000021694,O000005277,C0019887,2025-08-11 22:18:36,COMPLETED,WRONG_ITEM,974.18,2025-08-11 22:18:36,2025-08-11 22:18:36
SRC_RETURN_B002_000000396,R000021695,O000063833,C0025628,2024-09-12 19:11:52,COMPLETED,SIZE_FIT,424.30,2024-09-12 19:11:52,2024-09-12 19:11:52
SRC_RETURN_B002_000000397,R000021696,O000084698,C0012780,2026-07-28 23:51:43,COMPLETED,DEFECTIVE,1792.90,2026-07-28 23:51:43,2026-07-28 23:51:43
SRC_RETURN_B002_000000398,R000021697,O000032042,C0021015,2025-08-26 18:30:28,COMPLETED,UNWANTED,2274.78,2025-08-26 18:30:28,2025-08-26 18:30:28
SRC_RETURN_B002_000000399,R000021698,O000032309,C0031527,2024-04-05 11:18:37,COMPLETED,DEFECTIVE,153.78,2024-04-05 11:18:37,2024-04-05 11:18:37
SRC_RETURN_B002_000000400,R000021699,O000062134,C0003877,2025-12-12 16:53:09,COMPLETED,WRONG_ITEM,651.25,2025-12-12 16:53:09,2025-12-12 16:53:09
SRC_RETURN_B002_000000401,R000021700,O000097683,C0049599,2024-12-23 06:07:53,COMPLETED,WRONG_ITEM,1663.01,2024-12-23 06:07:53,2024-12-23 06:07:53
SRC_RETURN_B002_000000402,R000021701,O000062645,C0024047,2026-01-16 07:59:48,COMPLETED,SIZE_FIT,1293.88,2026-01-16 07:59:48,2026-01-16 07:59:48
SRC_RETURN_B002_000000403,R000021702,O000008042,C0036598,2025-05-27 11:21:14,COMPLETED,DEFECTIVE,246.19,2025-05-27 11:21:14,2025-05-27 11:21:14
SRC_RETURN_B002_000000404,R000021703,O000061226,C0024277,2026-03-07 19:30:48,COMPLETED,DEFECTIVE,85.50,2026-03-07 19:30:48,2026-03-07 19:30:48
SRC_RETURN_B002_000000405,R000021704,O000089741,C0021391,2024-08-18 17:23:04,COMPLETED,UNWANTED,3328.81,2024-08-18 17:23:04,2024-08-18 17:23:04
SRC_RETURN_B002_000000406,R000021705,O000036878,C0035440,2026-02-05 19:17:47,COMPLETED,LATE_DELIVERY,1050.07,2026-02-05 19:17:47,2026-02-05 19:17:47
SRC_RETURN_B002_000000407,R000021706,O000004764,C0012101,2026-07-23 20:07:08,COMPLETED,DEFECTIVE,3646.19,2026-07-23 20:07:08,2026-07-23 20:07:08
SRC_RETURN_B002_000000408,R000021707,O000061798,C0027447,2025-02-27 16:36:07,COMPLETED,LATE_DELIVERY,934.22,2025-02-27 16:36:07,2025-02-27 16:36:07
SRC_RETURN_B002_000000409,R000021708,O000019371,C0040247,2025-06-15 05:06:07,COMPLETED,WRONG_ITEM,1228.94,2025-06-15 05:06:07,2025-06-15 05:06:07
SRC_RETURN_B002_000000410,R000021709,O000105228,C0033703,2025-10-07 03:47:51,COMPLETED,SIZE_FIT,234.43,2025-10-07 03:47:51,2025-10-07 03:47:51
SRC_RETURN_B002_000000411,R000021710,O000027689,C0006675,2024-11-16 05:23:58,COMPLETED,DAMAGED,688.01,2024-11-16 05:23:58,2024-11-16 05:23:58
SRC_RETURN_B002_000000412,R000021711,O000059651,C0032368,2026-08-16 04:31:05,COMPLETED,UNWANTED,1023.43,2026-08-16 04:31:05,2026-08-16 04:31:05
SRC_RETURN_B002_000000413,R000021712,O000090520,C0016223,2026-04-05 08:48:09,COMPLETED,LATE_DELIVERY,1209.12,2026-04-05 08:48:09,2026-04-05 08:48:09
SRC_RETURN_B002_000000414,R000021713,O000067764,C0017380,2026-07-29 23:07:28,COMPLETED,WRONG_ITEM,850.18,2026-07-29 23:07:28,2026-07-29 23:07:28
SRC_RETURN_B002_000000415,R000021714,O000072560,C0011207,2024-12-14 05:12:07,COMPLETED,UNWANTED,483.60,2024-12-14 05:12:07,2024-12-14 05:12:07
SRC_RETURN_B002_000000416,R000021715,O000099986,C0025153,2024-05-10 07:33:24,COMPLETED,SIZE_FIT,948.88,2024-05-10 07:33:24,2024-05-10 07:33:24
SRC_RETURN_B002_000000417,R000021716,O000100743,C0006268,2026-07-09 14:13:10,COMPLETED,DAMAGED,663.50,2026-07-09 14:13:10,2026-07-09 14:13:10
SRC_RETURN_B002_000000418,R000021717,O000114598,C0022378,2025-08-04 14:45:44,COMPLETED,DEFECTIVE,652.23,2025-08-04 14:45:44,2025-08-04 14:45:44
SRC_RETURN_B002_000000419,R000021718,O000063485,C0040878,2026-09-26 05:50:24,COMPLETED,SIZE_FIT,360.28,2026-09-26 05:50:24,2026-09-26 05:50:24
SRC_RETURN_B002_000000420,R000021719,O000031626,C0031233,2025-02-12 07:16:44,COMPLETED,SIZE_FIT,1515.49,2025-02-12 07:16:44,2025-02-12 07:16:44
SRC_RETURN_B002_000000421,R000021720,O000076352,C0041044,2024-12-31 19:22:28,COMPLETED,DAMAGED,342.07,2024-12-31 19:22:28,2024-12-31 19:22:28
SRC_RETURN_B002_000000422,R000021721,O000101981,C0011283,2026-01-05 08:03:19,COMPLETED,UNWANTED,103.09,2026-01-05 08:03:19,2026-01-05 08:03:19
SRC_RETURN_B002_000000423,R000021722,O000024570,C0041921,2024-08-21 21:01:42,COMPLETED,UNWANTED,1131.51,2024-08-21 21:01:42,2024-08-21 21:01:42
SRC_RETURN_B002_000000424,R000021723,O000100215,C0017855,2026-08-07 11:14:02,COMPLETED,DEFECTIVE,875.89,2026-08-07 11:14:02,2026-08-07 11:14:02
SRC_RETURN_B002_000000425,R000021724,O000082890,C0004172,2026-05-26 05:41:54,COMPLETED,WRONG_ITEM,2002.32,2026-05-26 05:41:54,2026-05-26 05:41:54
SRC_RETURN_B002_000000426,R000021725,O000012221,C0042400,2024-12-06 08:58:06,COMPLETED,DEFECTIVE,2864.24,2024-12-06 08:58:06,2024-12-06 08:58:06
SRC_RETURN_B002_000000427,R000021726,O000022548,C0020591,2025-11-24 23:33:42,COMPLETED,DEFECTIVE,970.01,2025-11-24 23:33:42,2025-11-24 23:33:42
SRC_RETURN_B002_000000428,R000021727,O000002505,C0009125,2026-07-08 07:13:17,COMPLETED,WRONG_ITEM,1836.27,2026-07-08 07:13:17,2026-07-08 07:13:17
SRC_RETURN_B002_000000429,R000021728,O000086803,C0001420,2026-05-09 01:11:53,COMPLETED,WRONG_ITEM,108.38,2026-05-09 01:11:53,2026-05-09 01:11:53
SRC_RETURN_B002_000000430,R000021729,O000101858,C0022368,2025-03-25 10:20:11,COMPLETED,UNWANTED,2552.31,2025-03-25 10:20:11,2025-03-25 10:20:11
SRC_RETURN_B002_000000431,R000021730,O000097528,C0048744,2025-12-09 12:00:40,COMPLETED,LATE_DELIVERY,1807.40,2025-12-09 12:00:40,2025-12-09 12:00:40
SRC_RETURN_B002_000000432,R000021731,O000106466,C0025144,2026-08-03 14:32:33,COMPLETED,UNWANTED,726.18,2026-08-03 14:32:33,2026-08-03 14:32:33
SRC_RETURN_B002_000000433,R000021732,O000033319,C0013852,2024-06-23 01:21:07,COMPLETED,DAMAGED,1893.91,2024-06-23 01:21:07,2024-06-23 01:21:07
SRC_RETURN_B002_000000434,R000021733,O000009974,C0032956,2025-01-11 15:38:31,COMPLETED,WRONG_ITEM,2295.77,2025-01-11 15:38:31,2025-01-11 15:38:31
SRC_RETURN_B002_000000435,R000021734,O000078665,C0028766,2026-06-05 20:44:59,COMPLETED,SIZE_FIT,1618.92,2026-06-05 20:44:59,2026-06-05 20:44:59
SRC_RETURN_B002_000000436,R000021735,O000119710,C0043159,2024-04-13 07:47:50,COMPLETED,DEFECTIVE,1039.10,2024-04-13 07:47:50,2024-04-13 07:47:50
SRC_RETURN_B002_000000437,R000021736,O000051875,C0037802,2026-05-06 13:05:15,COMPLETED,SIZE_FIT,794.78,2026-05-06 13:05:15,2026-05-06 13:05:15
SRC_RETURN_B002_000000438,R000021737,O000111788,C0010509,2024-04-22 03:56:04,COMPLETED,DEFECTIVE,425.38,2024-04-22 03:56:04,2024-04-22 03:56:04
SRC_RETURN_B002_000000439,R000021738,O000047314,C0000676,2025-10-30 20:16:11,COMPLETED,UNWANTED,348.29,2025-10-30 20:16:11,2025-10-30 20:16:11
SRC_RETURN_B002_000000440,R000021739,O000098283,C0000795,2025-11-03 01:11:00,COMPLETED,SIZE_FIT,2604.78,2025-11-03 01:11:00,2025-11-03 01:11:00
SRC_RETURN_B002_000000441,R000021740,O000018333,C0043753,2024-04-16 11:02:10,COMPLETED,UNWANTED,2676.70,2024-04-16 11:02:10,2024-04-16 11:02:10
SRC_RETURN_B002_000000442,R000021741,O000026911,C0047549,2024-09-18 16:03:13,COMPLETED,LATE_DELIVERY,85.18,2024-09-18 16:03:13,2024-09-18 16:03:13
SRC_RETURN_B002_000000443,R000021742,O000007070,C0038739,2024-02-01 03:00:59,COMPLETED,SIZE_FIT,1045.54,2024-02-01 03:00:59,2024-02-01 03:00:59
SRC_RETURN_B002_000000444,R000021743,O000084134,C0001363,2025-11-15 11:41:33,COMPLETED,DAMAGED,2306.89,2025-11-15 11:41:33,2025-11-15 11:41:33
SRC_RETURN_B002_000000445,R000021744,O000043962,C0036311,2024-06-22 11:31:08,COMPLETED,UNWANTED,170.12,2024-06-22 11:31:08,2024-06-22 11:31:08
SRC_RETURN_B002_000000446,R000021745,O000017641,C0015660,2025-05-06 17:40:39,COMPLETED,DEFECTIVE,809.75,2025-05-06 17:40:39,2025-05-06 17:40:39
SRC_RETURN_B002_000000447,R000021746,O000033322,C0039864,2024-11-30 08:17:50,COMPLETED,LATE_DELIVERY,1619.48,2024-11-30 08:17:50,2024-11-30 08:17:50
SRC_RETURN_B002_000000448,R000021747,O000014860,C0043735,2024-02-11 12:09:31,COMPLETED,DAMAGED,1875.02,2024-02-11 12:09:31,2024-02-11 12:09:31
SRC_RETURN_B002_000000449,R000021748,O000108982,C0014079,2026-02-20 20:45:37,COMPLETED,WRONG_ITEM,234.65,2026-02-20 20:45:37,2026-02-20 20:45:37
SRC_RETURN_B002_000000450,R000021749,O000032893,C0013195,2025-03-29 23:49:08,COMPLETED,SIZE_FIT,1080.09,2025-03-29 23:49:08,2025-03-29 23:49:08
SRC_RETURN_B002_000000451,R000021750,O000051837,C0020058,2025-12-13 23:21:55,COMPLETED,WRONG_ITEM,341.35,2025-12-13 23:21:55,2025-12-13 23:21:55
SRC_RETURN_B002_000000452,R000021751,O000095210,C0049398,2026-03-04 20:13:25,COMPLETED,LATE_DELIVERY,663.50,2026-03-04 20:13:25,2026-03-04 20:13:25
SRC_RETURN_B002_000000453,R000021752,O000030733,C0012700,2025-07-03 06:56:34,COMPLETED,DEFECTIVE,1039.11,2025-07-03 06:56:34,2025-07-03 06:56:34
SRC_RETURN_B002_000000454,R000021753,O000071896,C0014625,2024-06-26 02:52:36,COMPLETED,UNWANTED,1399.21,2024-06-26 02:52:36,2024-06-26 02:52:36
SRC_RETURN_B002_000000455,R000021754,O000040697,C0040558,2025-04-25 23:49:21,COMPLETED,SIZE_FIT,608.58,2025-04-25 23:49:21,2025-04-25 23:49:21
SRC_RETURN_B002_000000456,R000021755,O000074639,C0015911,2024-11-17 04:23:56,COMPLETED,WRONG_ITEM,2101.00,2024-11-17 04:23:56,2024-11-17 04:23:56
SRC_RETURN_B002_000000457,R000021756,O000107882,C0019997,2025-06-16 19:48:53,COMPLETED,UNWANTED,1175.69,2025-06-16 19:48:53,2025-06-16 19:48:53
SRC_RETURN_B002_000000458,R000021757,O000083612,C0008072,2024-03-10 12:51:46,COMPLETED,UNWANTED,3947.42,2024-03-10 12:51:46,2024-03-10 12:51:46
SRC_RETURN_B002_000000459,R000021758,O000079347,C0042417,2026-06-05 03:05:52,COMPLETED,DEFECTIVE,275.51,2026-06-05 03:05:52,2026-06-05 03:05:52
SRC_RETURN_B002_000000460,R000021759,O000102358,C0044368,2026-03-12 18:01:01,COMPLETED,LATE_DELIVERY,1302.32,2026-03-12 18:01:01,2026-03-12 18:01:01
SRC_RETURN_B002_000000461,R000021760,O000114162,C0032749,2025-12-31 20:46:25,COMPLETED,UNWANTED,1797.64,2025-12-31 20:46:25,2025-12-31 20:46:25
SRC_RETURN_B002_000000462,R000021761,O000064366,C0002668,2024-02-22 19:56:07,COMPLETED,DEFECTIVE,1571.77,2024-02-22 19:56:07,2024-02-22 19:56:07
SRC_RETURN_B002_000000463,R000021762,O000101405,C0045759,2024-03-28 09:22:17,COMPLETED,UNWANTED,2578.53,2024-03-28 09:22:17,2024-03-28 09:22:17
SRC_RETURN_B002_000000464,R000021763,O000082468,C0036192,2024-12-15 06:20:03,COMPLETED,UNWANTED,1627.28,2024-12-15 06:20:03,2024-12-15 06:20:03
SRC_RETURN_B002_000000465,R000021764,O000020647,C0026238,2024-06-26 11:41:51,COMPLETED,SIZE_FIT,60.07,2024-06-26 11:41:51,2024-06-26 11:41:51
SRC_RETURN_B002_000000466,R000021765,O000093711,C0038689,2025-09-10 11:48:10,COMPLETED,SIZE_FIT,719.09,2025-09-10 11:48:10,2025-09-10 11:48:10
SRC_RETURN_B002_000000467,R000021766,O000053782,C0025463,2026-07-31 11:17:18,COMPLETED,WRONG_ITEM,1173.30,2026-07-31 11:17:18,2026-07-31 11:17:18
SRC_RETURN_B002_000000468,R000021767,O000015568,C0001805,2024-08-04 08:24:02,COMPLETED,DEFECTIVE,405.59,2024-08-04 08:24:02,2024-08-04 08:24:02
SRC_RETURN_B002_000000469,R000021768,O000112437,C0013519,2026-06-22 06:13:43,COMPLETED,WRONG_ITEM,576.44,2026-06-22 06:13:43,2026-06-22 06:13:43
SRC_RETURN_B002_000000470,R000021769,O000047167,C0049125,2024-08-21 11:26:06,COMPLETED,DEFECTIVE,626.78,2024-08-21 11:26:06,2024-08-21 11:26:06
SRC_RETURN_B002_000000471,R000021770,O000080964,C0037451,2025-12-19 09:56:48,COMPLETED,DEFECTIVE,857.70,2025-12-19 09:56:48,2025-12-19 09:56:48
SRC_RETURN_B002_000000472,R000021771,O000049633,C0008441,2024-05-11 11:57:15,COMPLETED,WRONG_ITEM,1884.54,2024-05-11 11:57:15,2024-05-11 11:57:15
SRC_RETURN_B002_000000473,R000021772,O000120474,C0038108,2026-08-24 02:15:53,COMPLETED,UNWANTED,1174.70,2026-08-24 02:15:53,2026-08-24 02:15:53
SRC_RETURN_B002_000000474,R000021773,O000067570,C0022943,2025-05-04 17:22:06,COMPLETED,DEFECTIVE,22.02,2025-05-04 17:22:06,2025-05-04 17:22:06
SRC_RETURN_B002_000000475,R000021774,O000036558,C0017862,2025-01-18 01:34:30,COMPLETED,SIZE_FIT,160.22,2025-01-18 01:34:30,2025-01-18 01:34:30
SRC_RETURN_B002_000000476,R000021775,O000065716,C0016330,2025-12-31 12:48:29,COMPLETED,UNWANTED,2309.03,2025-12-31 12:48:29,2025-12-31 12:48:29
SRC_RETURN_B002_000000477,R000021776,O000018812,C0010747,2026-01-16 02:57:47,COMPLETED,SIZE_FIT,1926.21,2026-01-16 02:57:47,2026-01-16 02:57:47
SRC_RETURN_B002_000000478,R000021777,O000112406,C0035346,2025-08-29 09:37:24,COMPLETED,DEFECTIVE,1830.31,2025-08-29 09:37:24,2025-08-29 09:37:24
SRC_RETURN_B002_000000479,R000021778,O000073017,C0043838,2024-04-23 14:12:00,COMPLETED,DEFECTIVE,533.32,2024-04-23 14:12:00,2024-04-23 14:12:00
SRC_RETURN_B002_000000480,R000021779,O000025732,C0030604,2025-05-29 19:48:04,COMPLETED,SIZE_FIT,2066.94,2025-05-29 19:48:04,2025-05-29 19:48:04
SRC_RETURN_B002_000000481,R000021780,O000086778,C0023062,2026-08-02 01:54:08,COMPLETED,WRONG_ITEM,1744.92,2026-08-02 01:54:08,2026-08-02 01:54:08
SRC_RETURN_B002_000000482,R000021781,O000084744,C0036512,2024-05-13 10:04:02,COMPLETED,DEFECTIVE,595.19,2024-05-13 10:04:02,2024-05-13 10:04:02
SRC_RETURN_B002_000000483,R000021782,O000060698,C0022571,2024-08-21 05:32:09,COMPLETED,UNWANTED,572.50,2024-08-21 05:32:09,2024-08-21 05:32:09
SRC_RETURN_B002_000000484,R000021783,O000064862,C0032007,2024-06-22 01:06:18,COMPLETED,UNWANTED,523.75,2024-06-22 01:06:18,2024-06-22 01:06:18
SRC_RETURN_B002_000000485,R000021784,O000038146,C0042631,2025-02-27 08:00:19,COMPLETED,DAMAGED,980.40,2025-02-27 08:00:19,2025-02-27 08:00:19
SRC_RETURN_B002_000000486,R000021785,O000057910,C0002689,2024-03-24 03:07:35,COMPLETED,DEFECTIVE,614.57,2024-03-24 03:07:35,2024-03-24 03:07:35
SRC_RETURN_B002_000000487,R000021786,O000050123,C0009640,2024-10-08 13:24:18,COMPLETED,DEFECTIVE,2372.87,2024-10-08 13:24:18,2024-10-08 13:24:18
SRC_RETURN_B002_000000488,R000021787,O000093274,C0032676,2024-01-20 02:22:06,COMPLETED,WRONG_ITEM,3184.54,2024-01-20 02:22:06,2024-01-20 02:22:06
SRC_RETURN_B002_000000489,R000021788,O000014800,C0017454,2025-05-21 20:24:30,COMPLETED,UNWANTED,873.73,2025-05-21 20:24:30,2025-05-21 20:24:30
SRC_RETURN_B002_000000490,R000021789,O000058340,C0031008,2024-06-23 02:39:49,COMPLETED,LATE_DELIVERY,856.22,2024-06-23 02:39:49,2024-06-23 02:39:49
SRC_RETURN_B002_000000491,R000021790,O000078001,C0005345,2024-07-09 03:06:44,COMPLETED,SIZE_FIT,1513.07,2024-07-09 03:06:44,2024-07-09 03:06:44
SRC_RETURN_B002_000000492,R000021791,O000107961,C0045263,2024-10-27 01:12:33,COMPLETED,DEFECTIVE,215.41,2024-10-27 01:12:33,2024-10-27 01:12:33
SRC_RETURN_B002_000000493,R000021792,O000104391,C0004282,2025-02-14 08:18:41,COMPLETED,SIZE_FIT,1116.47,2025-02-14 08:18:41,2025-02-14 08:18:41
SRC_RETURN_B002_000000494,R000021793,O000032336,C0031956,2025-11-28 12:33:31,COMPLETED,DEFECTIVE,823.30,2025-11-28 12:33:31,2025-11-28 12:33:31
SRC_RETURN_B002_000000495,R000021794,O000081718,C0041126,2026-06-01 14:07:30,COMPLETED,DAMAGED,676.82,2026-06-01 14:07:30,2026-06-01 14:07:30
SRC_RETURN_B002_000000496,R000021795,O000070356,C0028022,2024-11-14 23:47:02,COMPLETED,WRONG_ITEM,3989.82,2024-11-14 23:47:02,2024-11-14 23:47:02
SRC_RETURN_B002_000000497,R000021796,O000038499,C0006903,2025-01-31 19:26:23,COMPLETED,UNWANTED,244.96,2025-01-31 19:26:23,2025-01-31 19:26:23
SRC_RETURN_B002_000000498,R000021797,O000090541,C0025338,2024-03-07 14:28:18,COMPLETED,LATE_DELIVERY,1044.77,2024-03-07 14:28:18,2024-03-07 14:28:18
SRC_RETURN_B002_000000499,R000021798,O000103226,C0039642,2024-12-16 04:56:31,COMPLETED,UNWANTED,706.73,2024-12-16 04:56:31,2024-12-16 04:56:31
SRC_RETURN_B002_000000500,R000021799,O000083448,C0046360,2024-07-11 01:25:17,COMPLETED,WRONG_ITEM,41.45,2024-07-11 01:25:17,2024-07-11 01:25:17
SRC_RETURN_B002_000000501,R000021800,O000057714,C0043733,2026-07-04 11:47:22,COMPLETED,LATE_DELIVERY,1092.75,2026-07-04 11:47:22,2026-07-04 11:47:22
SRC_RETURN_B002_000000502,R000021801,O000037690,C0045252,2025-12-17 19:44:43,COMPLETED,UNWANTED,1143.54,2025-12-17 19:44:43,2025-12-17 19:44:43
SRC_RETURN_B002_000000503,R000021802,O000025565,C0048178,2026-03-03 07:31:34,COMPLETED,SIZE_FIT,1899.74,2026-03-03 07:31:34,2026-03-03 07:31:34
SRC_RETURN_B002_000000504,R000021803,O000097554,C0030040,2024-04-29 22:02:36,COMPLETED,DAMAGED,200.82,2024-04-29 22:02:36,2024-04-29 22:02:36
SRC_RETURN_B002_000000505,R000021804,O000100135,C0044337,2024-06-17 09:24:54,COMPLETED,SIZE_FIT,1119.42,2024-06-17 09:24:54,2024-06-17 09:24:54
SRC_RETURN_B002_000000506,R000021805,O000117734,C0021992,2024-09-10 16:35:00,COMPLETED,DEFECTIVE,576.70,2024-09-10 16:35:00,2024-09-10 16:35:00
SRC_RETURN_B002_000000507,R000021806,O000070982,C0038449,2025-08-07 18:22:47,COMPLETED,LATE_DELIVERY,958.43,2025-08-07 18:22:47,2025-08-07 18:22:47
SRC_RETURN_B002_000000508,R000021807,O000022535,C0042682,2026-09-05 10:35:00,COMPLETED,WRONG_ITEM,374.59,2026-09-05 10:35:00,2026-09-05 10:35:00
SRC_RETURN_B002_000000509,R000021808,O000112107,C0007325,2024-08-07 08:28:57,COMPLETED,WRONG_ITEM,1110.83,2024-08-07 08:28:57,2024-08-07 08:28:57
SRC_RETURN_B002_000000510,R000021809,O000082960,C0014662,2025-10-19 07:29:49,COMPLETED,DEFECTIVE,3346.47,2025-10-19 07:29:49,2025-10-19 07:29:49
SRC_RETURN_B002_000000511,R000021810,O000001380,C0048361,2024-10-28 21:20:12,COMPLETED,DEFECTIVE,1842.57,2024-10-28 21:20:12,2024-10-28 21:20:12
SRC_RETURN_B002_000000512,R000021811,O000041840,C0043945,2026-08-19 21:19:17,COMPLETED,UNWANTED,1231.34,2026-08-19 21:19:17,2026-08-19 21:19:17
SRC_RETURN_B002_000000513,R000021812,O000036802,C0038626,2024-04-14 18:14:37,COMPLETED,UNWANTED,1279.98,2024-04-14 18:14:37,2024-04-14 18:14:37
SRC_RETURN_B002_000000514,R000021813,O000097115,C0001112,2024-02-17 19:35:46,COMPLETED,WRONG_ITEM,502.12,2024-02-17 19:35:46,2024-02-17 19:35:46
SRC_RETURN_B002_000000515,R000021814,O000074873,C0005389,2025-06-16 08:56:51,COMPLETED,DAMAGED,1339.88,2025-06-16 08:56:51,2025-06-16 08:56:51
SRC_RETURN_B002_000000516,R000021815,O000050393,C0003635,2026-02-22 04:49:27,COMPLETED,LATE_DELIVERY,11.74,2026-02-22 04:49:27,2026-02-22 04:49:27
SRC_RETURN_B002_000000517,R000021816,O000038727,C0036069,2024-12-26 00:28:27,COMPLETED,DEFECTIVE,1488.44,2024-12-26 00:28:27,2024-12-26 00:28:27
SRC_RETURN_B002_000000518,R000021817,O000077621,C0012578,2025-01-12 09:47:28,COMPLETED,LATE_DELIVERY,482.56,2025-01-12 09:47:28,2025-01-12 09:47:28
SRC_RETURN_B002_000000519,R000021818,O000010396,C0003613,2025-12-05 18:25:34,COMPLETED,SIZE_FIT,949.27,2025-12-05 18:25:34,2025-12-05 18:25:34
SRC_RETURN_B002_000000520,R000021819,O000050825,C0031922,2024-07-03 17:52:35,COMPLETED,UNWANTED,1945.29,2024-07-03 17:52:35,2024-07-03 17:52:35
SRC_RETURN_B002_000000521,R000021820,O000074957,C0045716,2025-07-13 17:41:26,COMPLETED,LATE_DELIVERY,3178.08,2025-07-13 17:41:26,2025-07-13 17:41:26
SRC_RETURN_B002_000000522,R000021821,O000057216,C0018315,2025-06-08 12:32:40,COMPLETED,UNWANTED,2526.88,2025-06-08 12:32:40,2025-06-08 12:32:40
SRC_RETURN_B002_000000523,R000021822,O000053559,C0016037,2024-05-06 06:50:14,COMPLETED,SIZE_FIT,81.72,2024-05-06 06:50:14,2024-05-06 06:50:14
SRC_RETURN_B002_000000524,R000021823,O000051129,C0032055,2024-08-06 21:07:15,COMPLETED,SIZE_FIT,2309.37,2024-08-06 21:07:15,2024-08-06 21:07:15
SRC_RETURN_B002_000000525,R000021824,O000064276,C0001724,2026-03-24 03:37:25,COMPLETED,WRONG_ITEM,751.84,2026-03-24 03:37:25,2026-03-24 03:37:25
SRC_RETURN_B002_000000526,R000021825,O000034643,C0007208,2024-06-09 03:15:43,COMPLETED,DAMAGED,757.72,2024-06-09 03:15:43,2024-06-09 03:15:43
SRC_RETURN_B002_000000527,R000021826,O000035699,C0004791,2026-04-29 21:39:50,COMPLETED,UNWANTED,2000.46,2026-04-29 21:39:50,2026-04-29 21:39:50
SRC_RETURN_B002_000000528,R000021827,O000049443,C0041736,2025-11-12 14:01:02,COMPLETED,UNWANTED,207.46,2025-11-12 14:01:02,2025-11-12 14:01:02
SRC_RETURN_B002_000000529,R000021828,O000112875,C0028719,2024-11-27 12:56:06,COMPLETED,DEFECTIVE,1781.28,2024-11-27 12:56:06,2024-11-27 12:56:06
SRC_RETURN_B002_000000530,R000021829,O000050797,C0004096,2024-12-22 05:07:16,COMPLETED,WRONG_ITEM,75.31,2024-12-22 05:07:16,2024-12-22 05:07:16
SRC_RETURN_B002_000000531,R000021830,O000047744,C0000849,2024-10-17 19:13:42,COMPLETED,UNWANTED,1273.59,2024-10-17 19:13:42,2024-10-17 19:13:42
SRC_RETURN_B002_000000532,R000021831,O000082355,C0008875,2026-01-01 11:47:15,COMPLETED,SIZE_FIT,2667.35,2026-01-01 11:47:15,2026-01-01 11:47:15
SRC_RETURN_B002_000000533,R000021832,O000036179,C0018484,2025-12-12 11:25:36,COMPLETED,LATE_DELIVERY,1261.04,2025-12-12 11:25:36,2025-12-12 11:25:36
SRC_RETURN_B002_000000534,R000021833,O000077614,C0010854,2024-09-07 01:47:05,COMPLETED,LATE_DELIVERY,736.44,2024-09-07 01:47:05,2024-09-07 01:47:05
SRC_RETURN_B002_000000535,R000021834,O000117640,C0015444,2026-06-21 06:38:07,COMPLETED,SIZE_FIT,2498.33,2026-06-21 06:38:07,2026-06-21 06:38:07
SRC_RETURN_B002_000000536,R000021835,O000002788,C0034003,2025-12-12 15:46:36,COMPLETED,DEFECTIVE,4566.99,2025-12-12 15:46:36,2025-12-12 15:46:36
SRC_RETURN_B002_000000537,R000021836,O000077545,C0045719,2025-07-08 04:55:52,COMPLETED,LATE_DELIVERY,319.56,2025-07-08 04:55:52,2025-07-08 04:55:52
SRC_RETURN_B002_000000538,R000021837,O000006077,C0036309,2024-02-20 02:54:48,COMPLETED,LATE_DELIVERY,967.39,2024-02-20 02:54:48,2024-02-20 02:54:48
SRC_RETURN_B002_000000539,R000021838,O000012294,C0020458,2026-05-18 23:42:18,COMPLETED,WRONG_ITEM,2328.81,2026-05-18 23:42:18,2026-05-18 23:42:18
SRC_RETURN_B002_000000540,R000021839,O000069389,C0030331,2026-06-28 22:43:42,COMPLETED,WRONG_ITEM,1911.62,2026-06-28 22:43:42,2026-06-28 22:43:42
SRC_RETURN_B002_000000541,R000021840,O000091774,C0005475,2026-08-23 08:42:50,COMPLETED,DAMAGED,1142.87,2026-08-23 08:42:50,2026-08-23 08:42:50
SRC_RETURN_B002_000000542,R000021841,O000032593,C0038163,2025-01-14 13:08:46,COMPLETED,WRONG_ITEM,1212.40,2025-01-14 13:08:46,2025-01-14 13:08:46
SRC_RETURN_B002_000000543,R000021842,O000045967,C0010622,2026-02-13 12:31:41,COMPLETED,SIZE_FIT,295.39,2026-02-13 12:31:41,2026-02-13 12:31:41
SRC_RETURN_B002_000000544,R000021843,O000081706,C0005450,2024-11-17 20:55:28,COMPLETED,DAMAGED,2740.21,2024-11-17 20:55:28,2024-11-17 20:55:28
SRC_RETURN_B002_000000545,R000021844,O000091095,C0018569,2026-03-28 11:08:21,COMPLETED,SIZE_FIT,1205.61,2026-03-28 11:08:21,2026-03-28 11:08:21
SRC_RETURN_B002_000000546,R000021845,O000005573,C0027403,2025-09-29 04:22:17,COMPLETED,SIZE_FIT,1102.13,2025-09-29 04:22:17,2025-09-29 04:22:17
SRC_RETURN_B002_000000547,R000021846,O000089709,C0000109,2024-09-25 02:59:02,COMPLETED,SIZE_FIT,88.12,2024-09-25 02:59:02,2024-09-25 02:59:02
SRC_RETURN_B002_000000548,R000021847,O000065695,C0014532,2025-04-30 09:42:01,COMPLETED,SIZE_FIT,2539.17,2025-04-30 09:42:01,2025-04-30 09:42:01
SRC_RETURN_B002_000000549,R000021848,O000046196,C0041115,2026-01-18 10:05:14,COMPLETED,WRONG_ITEM,1649.26,2026-01-18 10:05:14,2026-01-18 10:05:14
SRC_RETURN_B002_000000550,R000021849,O000079330,C0042056,2024-07-08 07:12:32,COMPLETED,UNWANTED,1333.25,2024-07-08 07:12:32,2024-07-08 07:12:32
SRC_RETURN_B002_000000551,R000021850,O000016741,C0018238,2026-03-18 06:02:06,COMPLETED,SIZE_FIT,1408.59,2026-03-18 06:02:06,2026-03-18 06:02:06
SRC_RETURN_B002_000000552,R000021851,O000005529,C0041814,2026-01-22 09:51:22,COMPLETED,DEFECTIVE,296.11,2026-01-22 09:51:22,2026-01-22 09:51:22
SRC_RETURN_B002_000000553,R000021852,O000059793,C0015538,2024-07-29 14:20:44,COMPLETED,WRONG_ITEM,1918.41,2024-07-29 14:20:44,2024-07-29 14:20:44
SRC_RETURN_B002_000000554,R000021853,O000005860,C0004251,2025-08-20 09:38:41,COMPLETED,SIZE_FIT,1357.15,2025-08-20 09:38:41,2025-08-20 09:38:41
SRC_RETURN_B002_000000555,R000021854,O000030907,C0006048,2025-02-19 22:12:48,COMPLETED,DEFECTIVE,55.82,2025-02-19 22:12:48,2025-02-19 22:12:48
SRC_RETURN_B002_000000556,R000021855,O000007309,C0027244,2025-11-06 12:05:21,COMPLETED,SIZE_FIT,1327.95,2025-11-06 12:05:21,2025-11-06 12:05:21
SRC_RETURN_B002_000000557,R000021856,O000104709,C0028486,2025-02-07 08:50:03,COMPLETED,DEFECTIVE,469.45,2025-02-07 08:50:03,2025-02-07 08:50:03
SRC_RETURN_B002_000000558,R000021857,O000082939,C0041513,2024-06-13 16:03:43,COMPLETED,DAMAGED,1699.43,2024-06-13 16:03:43,2024-06-13 16:03:43
SRC_RETURN_B002_000000559,R000021858,O000104900,C0040391,2024-11-01 13:50:20,COMPLETED,DEFECTIVE,1975.07,2024-11-01 13:50:20,2024-11-01 13:50:20
SRC_RETURN_B002_000000560,R000021859,O000022217,C0041483,2026-08-10 06:23:30,COMPLETED,LATE_DELIVERY,1553.82,2026-08-10 06:23:30,2026-08-10 06:23:30
SRC_RETURN_B002_000000561,R000021860,O000006421,C0018936,2026-08-26 15:35:59,COMPLETED,WRONG_ITEM,185.59,2026-08-26 15:35:59,2026-08-26 15:35:59
SRC_RETURN_B002_000000562,R000021861,O000082096,C0049337,2025-02-23 15:21:51,COMPLETED,SIZE_FIT,631.99,2025-02-23 15:21:51,2025-02-23 15:21:51
SRC_RETURN_B002_000000563,R000021862,O000058692,C0042360,2025-07-07 23:23:01,COMPLETED,WRONG_ITEM,1476.84,2025-07-07 23:23:01,2025-07-07 23:23:01
SRC_RETURN_B002_000000564,R000021863,O000065728,C0018639,2025-07-06 16:54:49,COMPLETED,LATE_DELIVERY,1101.46,2025-07-06 16:54:49,2025-07-06 16:54:49
SRC_RETURN_B002_000000565,R000021864,O000021375,C0018055,2024-03-05 00:23:52,COMPLETED,LATE_DELIVERY,738.98,2024-03-05 00:23:52,2024-03-05 00:23:52
SRC_RETURN_B002_000000566,R000021865,O000049511,C0022189,2025-12-18 14:32:13,COMPLETED,WRONG_ITEM,482.06,2025-12-18 14:32:13,2025-12-18 14:32:13
SRC_RETURN_B002_000000567,R000021866,O000100985,C0009370,2025-07-05 10:27:44,COMPLETED,UNWANTED,870.17,2025-07-05 10:27:44,2025-07-05 10:27:44
SRC_RETURN_B002_000000568,R000021867,O000057677,C0018828,2026-08-22 22:20:33,COMPLETED,UNWANTED,2988.98,2026-08-22 22:20:33,2026-08-22 22:20:33
SRC_RETURN_B002_000000569,R000021868,O000069584,C0002287,2024-11-20 01:12:41,COMPLETED,UNWANTED,652.35,2024-11-20 01:12:41,2024-11-20 01:12:41
SRC_RETURN_B002_000000570,R000021869,O000041390,C0021015,2026-02-10 22:10:00,COMPLETED,DAMAGED,500.86,2026-02-10 22:10:00,2026-02-10 22:10:00
SRC_RETURN_B002_000000571,R000021870,O000025644,C0049447,2025-04-16 17:55:32,COMPLETED,DAMAGED,862.82,2025-04-16 17:55:32,2025-04-16 17:55:32
SRC_RETURN_B002_000000572,R000021871,O000116332,C0042536,2026-06-05 18:53:08,COMPLETED,DAMAGED,21.23,2026-06-05 18:53:08,2026-06-05 18:53:08
SRC_RETURN_B002_000000573,R000021872,O000105795,C0031220,2026-02-13 14:08:52,COMPLETED,LATE_DELIVERY,952.35,2026-02-13 14:08:52,2026-02-13 14:08:52
SRC_RETURN_B002_000000574,R000021873,O000112483,C0004708,2024-08-04 22:49:41,COMPLETED,LATE_DELIVERY,1725.32,2024-08-04 22:49:41,2024-08-04 22:49:41
SRC_RETURN_B002_000000575,R000021874,O000116829,C0004902,2024-02-13 21:30:43,COMPLETED,DEFECTIVE,918.80,2024-02-13 21:30:43,2024-02-13 21:30:43
SRC_RETURN_B002_000000576,R000021875,O000100429,C0028616,2025-10-20 14:25:08,COMPLETED,WRONG_ITEM,1147.56,2025-10-20 14:25:08,2025-10-20 14:25:08
SRC_RETURN_B002_000000577,R000021876,O000107682,C0022175,2025-09-30 14:40:53,COMPLETED,SIZE_FIT,568.76,2025-09-30 14:40:53,2025-09-30 14:40:53
SRC_RETURN_B002_000000578,R000021877,O000096492,C0000136,2025-03-15 22:33:40,COMPLETED,UNWANTED,104.67,2025-03-15 22:33:40,2025-03-15 22:33:40
SRC_RETURN_B002_000000579,R000021878,O000095672,C0000294,2024-10-09 18:40:00,COMPLETED,SIZE_FIT,1093.50,2024-10-09 18:40:00,2024-10-09 18:40:00
SRC_RETURN_B002_000000580,R000021879,O000047247,C0021204,2024-11-18 21:11:56,COMPLETED,SIZE_FIT,269.27,2024-11-18 21:11:56,2024-11-18 21:11:56
SRC_RETURN_B002_000000581,R000021880,O000046695,C0013603,2025-06-03 18:11:09,COMPLETED,LATE_DELIVERY,537.28,2025-06-03 18:11:09,2025-06-03 18:11:09
SRC_RETURN_B002_000000582,R000021881,O000025709,C0047629,2026-04-26 23:08:43,COMPLETED,SIZE_FIT,379.28,2026-04-26 23:08:43,2026-04-26 23:08:43
SRC_RETURN_B002_000000583,R000021882,O000052319,C0042820,2024-11-24 11:51:01,COMPLETED,WRONG_ITEM,1689.79,2024-11-24 11:51:01,2024-11-24 11:51:01
SRC_RETURN_B002_000000584,R000021883,O000006852,C0001847,2024-03-31 22:21:42,COMPLETED,DEFECTIVE,3953.00,2024-03-31 22:21:42,2024-03-31 22:21:42
SRC_RETURN_B002_000000585,R000021884,O000021391,C0005875,2026-09-20 16:26:09,COMPLETED,SIZE_FIT,1882.03,2026-09-20 16:26:09,2026-09-20 16:26:09
SRC_RETURN_B002_000000586,R000021885,O000047541,C0005678,2024-03-27 22:17:50,COMPLETED,LATE_DELIVERY,2126.64,2024-03-27 22:17:50,2024-03-27 22:17:50
SRC_RETURN_B002_000000587,R000021886,O000113361,C0023485,2025-08-18 02:31:54,COMPLETED,SIZE_FIT,1793.39,2025-08-18 02:31:54,2025-08-18 02:31:54
SRC_RETURN_B002_000000588,R000021887,O000010252,C0013326,2025-02-11 11:54:48,COMPLETED,LATE_DELIVERY,765.30,2025-02-11 11:54:48,2025-02-11 11:54:48
SRC_RETURN_B002_000000589,R000021888,O000114144,C0013642,2026-09-11 17:42:58,COMPLETED,WRONG_ITEM,279.20,2026-09-11 17:42:58,2026-09-11 17:42:58
SRC_RETURN_B002_000000590,R000021889,O000039076,C0004536,2026-02-05 12:22:38,COMPLETED,DEFECTIVE,673.10,2026-02-05 12:22:38,2026-02-05 12:22:38
SRC_RETURN_B002_000000591,R000021890,O000061767,C0016012,2024-10-10 09:25:25,COMPLETED,SIZE_FIT,3973.03,2024-10-10 09:25:25,2024-10-10 09:25:25
SRC_RETURN_B002_000000592,R000021891,O000108736,C0003206,2025-12-07 17:58:11,COMPLETED,DEFECTIVE,1936.62,2025-12-07 17:58:11,2025-12-07 17:58:11
SRC_RETURN_B002_000000593,R000021892,O000018891,C0017866,2026-06-25 12:41:47,COMPLETED,SIZE_FIT,576.37,2026-06-25 12:41:47,2026-06-25 12:41:47
SRC_RETURN_B002_000000594,R000021893,O000050831,C0041728,2024-06-09 04:59:02,COMPLETED,SIZE_FIT,1840.35,2024-06-09 04:59:02,2024-06-09 04:59:02
SRC_RETURN_B002_000000595,R000021894,O000009035,C0015747,2024-02-29 22:12:52,COMPLETED,LATE_DELIVERY,35.77,2024-02-29 22:12:52,2024-02-29 22:12:52
SRC_RETURN_B002_000000596,R000021895,O000027066,C0034649,2025-05-10 08:37:12,COMPLETED,DAMAGED,256.94,2025-05-10 08:37:12,2025-05-10 08:37:12
SRC_RETURN_B002_000000597,R000021896,O000055759,C0042692,2025-05-11 21:42:37,COMPLETED,DAMAGED,51.68,2025-05-11 21:42:37,2025-05-11 21:42:37
SRC_RETURN_B002_000000598,R000021897,O000005443,C0034619,2024-05-16 07:51:44,COMPLETED,WRONG_ITEM,1680.80,2024-05-16 07:51:44,2024-05-16 07:51:44
SRC_RETURN_B002_000000599,R000021898,O000107002,C0033204,2024-10-19 22:57:48,COMPLETED,WRONG_ITEM,817.68,2024-10-19 22:57:48,2024-10-19 22:57:48
SRC_RETURN_B002_000000600,R000021899,O000035160,C0024047,2024-02-16 14:02:02,COMPLETED,DEFECTIVE,700.04,2024-02-16 14:02:02,2024-02-16 14:02:02
SRC_RETURN_B002_000000601,R000021900,O000079568,C0001136,2025-09-26 01:15:09,COMPLETED,SIZE_FIT,3182.18,2025-09-26 01:15:09,2025-09-26 01:15:09
SRC_RETURN_B002_000000602,R000021901,O000096342,C0015937,2026-07-08 19:36:06,COMPLETED,LATE_DELIVERY,134.23,2026-07-08 19:36:06,2026-07-08 19:36:06
SRC_RETURN_B002_000000603,R000021902,O000083131,C0015081,2025-09-26 01:28:50,COMPLETED,UNWANTED,1015.36,2025-09-26 01:28:50,2025-09-26 01:28:50
SRC_RETURN_B002_000000604,R000021903,O000071526,C0033886,2024-10-09 23:13:25,COMPLETED,SIZE_FIT,2811.90,2024-10-09 23:13:25,2024-10-09 23:13:25
SRC_RETURN_B002_000000605,R000021904,O000034501,C0012896,2025-07-27 03:49:18,COMPLETED,DAMAGED,434.28,2025-07-27 03:49:18,2025-07-27 03:49:18
SRC_RETURN_B002_000000606,R000021905,O000089142,C0027621,2025-07-08 02:35:19,COMPLETED,WRONG_ITEM,1139.25,2025-07-08 02:35:19,2025-07-08 02:35:19
SRC_RETURN_B002_000000607,R000021906,O000084784,C0031906,2025-08-30 22:56:17,COMPLETED,SIZE_FIT,1318.33,2025-08-30 22:56:17,2025-08-30 22:56:17
SRC_RETURN_B002_000000608,R000021907,O000004618,C0024284,2025-01-09 13:59:33,COMPLETED,WRONG_ITEM,755.10,2025-01-09 13:59:33,2025-01-09 13:59:33
SRC_RETURN_B002_000000609,R000021908,O000073081,C0009425,2025-05-12 18:27:36,COMPLETED,DAMAGED,638.28,2025-05-12 18:27:36,2025-05-12 18:27:36
SRC_RETURN_B002_000000610,R000021909,O000112439,C0043460,2026-09-19 00:13:53,COMPLETED,LATE_DELIVERY,1650.43,2026-09-19 00:13:53,2026-09-19 00:13:53
SRC_RETURN_B002_000000611,R000021910,O000022432,C0045245,2024-10-21 23:24:05,COMPLETED,WRONG_ITEM,892.23,2024-10-21 23:24:05,2024-10-21 23:24:05
SRC_RETURN_B002_000000612,R000021911,O000082843,C0000898,2024-12-28 04:55:22,COMPLETED,SIZE_FIT,396.17,2024-12-28 04:55:22,2024-12-28 04:55:22
SRC_RETURN_B002_000000613,R000021912,O000117452,C0013852,2024-08-07 09:28:39,COMPLETED,UNWANTED,203.77,2024-08-07 09:28:39,2024-08-07 09:28:39
SRC_RETURN_B002_000000614,R000021913,O000030257,C0017039,2024-04-18 10:33:36,COMPLETED,SIZE_FIT,542.58,2024-04-18 10:33:36,2024-04-18 10:33:36
SRC_RETURN_B002_000000615,R000021914,O000053882,C0046926,2026-08-14 04:27:07,COMPLETED,SIZE_FIT,1928.43,2026-08-14 04:27:07,2026-08-14 04:27:07
SRC_RETURN_B002_000000616,R000021915,O000098266,C0049818,2024-06-11 14:04:42,COMPLETED,DAMAGED,1751.79,2024-06-11 14:04:42,2024-06-11 14:04:42
SRC_RETURN_B002_000000617,R000021916,O000105056,C0040000,2024-03-02 21:43:49,COMPLETED,UNWANTED,1519.24,2024-03-02 21:43:49,2024-03-02 21:43:49
SRC_RETURN_B002_000000618,R000021917,O000049059,C0013584,2025-06-07 05:17:24,COMPLETED,LATE_DELIVERY,251.70,2025-06-07 05:17:24,2025-06-07 05:17:24
SRC_RETURN_B002_000000619,R000021918,O000082434,C0002591,2026-02-01 14:36:10,COMPLETED,UNWANTED,2029.68,2026-02-01 14:36:10,2026-02-01 14:36:10
SRC_RETURN_B002_000000620,R000021919,O000031463,C0010122,2025-09-19 04:01:26,COMPLETED,SIZE_FIT,1244.85,2025-09-19 04:01:26,2025-09-19 04:01:26
SRC_RETURN_B002_000000621,R000021920,O000007529,C0020184,2024-07-16 10:16:43,COMPLETED,LATE_DELIVERY,1185.86,2024-07-16 10:16:43,2024-07-16 10:16:43
SRC_RETURN_B002_000000622,R000021921,O000065406,C0041138,2024-06-11 20:23:18,COMPLETED,SIZE_FIT,488.68,2024-06-11 20:23:18,2024-06-11 20:23:18
SRC_RETURN_B002_000000623,R000021922,O000061365,C0036623,2025-03-27 18:27:41,COMPLETED,LATE_DELIVERY,3119.11,2025-03-27 18:27:41,2025-03-27 18:27:41
SRC_RETURN_B002_000000624,R000021923,O000005384,C0001533,2026-05-10 01:38:34,COMPLETED,SIZE_FIT,756.74,2026-05-10 01:38:34,2026-05-10 01:38:34
SRC_RETURN_B002_000000625,R000021924,O000046370,C0000557,2024-12-23 21:29:17,COMPLETED,DAMAGED,1118.18,2024-12-23 21:29:17,2024-12-23 21:29:17
SRC_RETURN_B002_000000626,R000021925,O000059887,C0034909,2026-06-02 00:47:59,COMPLETED,SIZE_FIT,110.04,2026-06-02 00:47:59,2026-06-02 00:47:59
SRC_RETURN_B002_000000627,R000021926,O000040323,C0036823,2026-04-11 03:06:44,COMPLETED,LATE_DELIVERY,455.29,2026-04-11 03:06:44,2026-04-11 03:06:44
SRC_RETURN_B002_000000628,R000021927,O000052128,C0007009,2024-12-15 10:44:22,COMPLETED,LATE_DELIVERY,1747.89,2024-12-15 10:44:22,2024-12-15 10:44:22
SRC_RETURN_B002_000000629,R000021928,O000078349,C0030664,2024-12-15 00:03:33,COMPLETED,DEFECTIVE,771.52,2024-12-15 00:03:33,2024-12-15 00:03:33
SRC_RETURN_B002_000000630,R000021929,O000000829,C0042373,2024-11-25 02:01:09,COMPLETED,DEFECTIVE,256.84,2024-11-25 02:01:09,2024-11-25 02:01:09
SRC_RETURN_B002_000000631,R000021930,O000004088,C0034906,2024-07-22 05:28:38,COMPLETED,LATE_DELIVERY,426.98,2024-07-22 05:28:38,2024-07-22 05:28:38
SRC_RETURN_B002_000000632,R000021931,O000022066,C0011322,2026-02-23 13:39:31,COMPLETED,SIZE_FIT,5848.65,2026-02-23 13:39:31,2026-02-23 13:39:31
SRC_RETURN_B002_000000633,R000021932,O000094298,C0042666,2025-05-24 08:32:55,COMPLETED,DAMAGED,1098.66,2025-05-24 08:32:55,2025-05-24 08:32:55
SRC_RETURN_B002_000000634,R000021933,O000073806,C0005963,2024-12-09 17:48:49,COMPLETED,DEFECTIVE,310.68,2024-12-09 17:48:49,2024-12-09 17:48:49
SRC_RETURN_B002_000000635,R000021934,O000117430,C0014136,2025-08-12 07:28:57,COMPLETED,DAMAGED,4715.34,2025-08-12 07:28:57,2025-08-12 07:28:57
SRC_RETURN_B002_000000636,R000021935,O000039540,C0025790,2026-01-10 23:29:13,COMPLETED,UNWANTED,2024.75,2026-01-10 23:29:13,2026-01-10 23:29:13
SRC_RETURN_B002_000000637,R000021936,O000004115,C0017371,2025-09-22 12:20:50,COMPLETED,DEFECTIVE,354.89,2025-09-22 12:20:50,2025-09-22 12:20:50
SRC_RETURN_B002_000000638,R000021937,O000028986,C0020432,2025-12-15 10:41:38,COMPLETED,LATE_DELIVERY,751.84,2025-12-15 10:41:38,2025-12-15 10:41:38
SRC_RETURN_B002_000000639,R000021938,O000061080,C0015119,2025-12-09 00:48:57,COMPLETED,UNWANTED,324.59,2025-12-09 00:48:57,2025-12-09 00:48:57
SRC_RETURN_B002_000000640,R000021939,O000088893,C0038848,2026-01-03 05:57:08,COMPLETED,WRONG_ITEM,691.69,2026-01-03 05:57:08,2026-01-03 05:57:08
SRC_RETURN_B002_000000641,R000021940,O000047734,C0028229,2026-07-02 13:45:58,COMPLETED,DEFECTIVE,400.94,2026-07-02 13:45:58,2026-07-02 13:45:58
SRC_RETURN_B002_000000642,R000021941,O000099347,C0004510,2025-01-15 19:15:55,COMPLETED,DEFECTIVE,1167.81,2025-01-15 19:15:55,2025-01-15 19:15:55
SRC_RETURN_B002_000000643,R000021942,O000063894,C0026749,2026-06-21 18:42:17,COMPLETED,LATE_DELIVERY,2545.39,2026-06-21 18:42:17,2026-06-21 18:42:17
SRC_RETURN_B002_000000644,R000021943,O000087042,C0026765,2025-08-02 07:01:47,COMPLETED,UNWANTED,1968.15,2025-08-02 07:01:47,2025-08-02 07:01:47
SRC_RETURN_B002_000000645,R000021944,O000087467,C0029064,2025-04-24 12:30:06,COMPLETED,DEFECTIVE,247.00,2025-04-24 12:30:06,2025-04-24 12:30:06
SRC_RETURN_B002_000000646,R000021945,O000021576,C0002608,2024-03-28 08:05:16,COMPLETED,UNWANTED,646.79,2024-03-28 08:05:16,2024-03-28 08:05:16
SRC_RETURN_B002_000000647,R000021946,O000002427,C0033861,2024-05-31 17:07:43,COMPLETED,DAMAGED,626.78,2024-05-31 17:07:43,2024-05-31 17:07:43
SRC_RETURN_B002_000000648,R000021947,O000016667,C0030877,2025-10-28 05:20:04,COMPLETED,DEFECTIVE,549.00,2025-10-28 05:20:04,2025-10-28 05:20:04
SRC_RETURN_B002_000000649,R000021948,O000045343,C0014212,2026-04-03 16:19:07,COMPLETED,WRONG_ITEM,5057.08,2026-04-03 16:19:07,2026-04-03 16:19:07
SRC_RETURN_B002_000000650,R000021949,O000031183,C0007012,2024-04-23 13:38:28,COMPLETED,DAMAGED,2632.57,2024-04-23 13:38:28,2024-04-23 13:38:28
SRC_RETURN_B002_000000651,R000021950,O000010358,C0001873,2025-04-13 10:43:29,COMPLETED,DAMAGED,1115.72,2025-04-13 10:43:29,2025-04-13 10:43:29
SRC_RETURN_B002_000000652,R000021951,O000066521,C0033987,2025-08-08 17:25:18,COMPLETED,LATE_DELIVERY,2218.28,2025-08-08 17:25:18,2025-08-08 17:25:18
SRC_RETURN_B002_000000653,R000021952,O000116973,C0015234,2025-12-05 21:18:45,COMPLETED,WRONG_ITEM,2751.62,2025-12-05 21:18:45,2025-12-05 21:18:45
SRC_RETURN_B002_000000654,R000021953,O000043756,C0025000,2025-11-09 13:09:29,COMPLETED,UNWANTED,30.08,2025-11-09 13:09:29,2025-11-09 13:09:29
SRC_RETURN_B002_000000655,R000021954,O000115185,C0005547,2025-03-31 01:37:27,COMPLETED,DAMAGED,2107.74,2025-03-31 01:37:27,2025-03-31 01:37:27
SRC_RETURN_B002_000000656,R000021955,O000068180,C0045067,2026-05-14 14:58:25,COMPLETED,UNWANTED,218.83,2026-05-14 14:58:25,2026-05-14 14:58:25
SRC_RETURN_B002_000000657,R000021956,O000016129,C0000490,2024-06-02 16:46:05,COMPLETED,DAMAGED,3349.81,2024-06-02 16:46:05,2024-06-02 16:46:05
SRC_RETURN_B002_000000658,R000021957,O000052270,C0004650,2024-04-27 04:33:50,COMPLETED,SIZE_FIT,1466.26,2024-04-27 04:33:50,2024-04-27 04:33:50
SRC_RETURN_B002_000000659,R000021958,O000069916,C0015400,2024-12-04 00:29:42,COMPLETED,SIZE_FIT,175.07,2024-12-04 00:29:42,2024-12-04 00:29:42
SRC_RETURN_B002_000000660,R000021959,O000077309,C0027756,2025-02-08 15:21:22,COMPLETED,SIZE_FIT,1136.60,2025-02-08 15:21:22,2025-02-08 15:21:22
SRC_RETURN_B002_000000661,R000021960,O000052995,C0034607,2024-09-15 08:11:39,COMPLETED,SIZE_FIT,786.52,2024-09-15 08:11:39,2024-09-15 08:11:39
SRC_RETURN_B002_000000662,R000021961,O000026624,C0027177,2025-11-29 12:48:00,COMPLETED,LATE_DELIVERY,928.85,2025-11-29 12:48:00,2025-11-29 12:48:00
SRC_RETURN_B002_000000663,R000021962,O000075820,C0004157,2026-05-19 02:26:00,COMPLETED,UNWANTED,583.37,2026-05-19 02:26:00,2026-05-19 02:26:00
SRC_RETURN_B002_000000664,R000021963,O000063468,C0048947,2026-01-02 06:50:10,COMPLETED,UNWANTED,803.88,2026-01-02 06:50:10,2026-01-02 06:50:10
SRC_RETURN_B002_000000665,R000021964,O000082887,C0017425,2025-10-28 09:01:38,COMPLETED,LATE_DELIVERY,2900.74,2025-10-28 09:01:38,2025-10-28 09:01:38
SRC_RETURN_B002_000000666,R000021965,O000027254,C0023186,2024-06-21 01:42:14,COMPLETED,UNWANTED,991.97,2024-06-21 01:42:14,2024-06-21 01:42:14
SRC_RETURN_B002_000000667,R000021966,O000013094,C0016613,2025-12-27 14:02:34,COMPLETED,SIZE_FIT,850.18,2025-12-27 14:02:34,2025-12-27 14:02:34
SRC_RETURN_B002_000000668,R000021967,O000081150,C0046164,2024-02-15 05:11:40,COMPLETED,WRONG_ITEM,1741.57,2024-02-15 05:11:40,2024-02-15 05:11:40
SRC_RETURN_B002_000000669,R000021968,O000084226,C0044598,2025-12-12 07:45:40,COMPLETED,SIZE_FIT,1793.40,2025-12-12 07:45:40,2025-12-12 07:45:40
SRC_RETURN_B002_000000670,R000021969,O000058723,C0019701,2024-04-07 03:31:52,COMPLETED,WRONG_ITEM,1850.23,2024-04-07 03:31:52,2024-04-07 03:31:52
SRC_RETURN_B002_000000671,R000021970,O000035255,C0008874,2026-04-09 20:06:45,COMPLETED,UNWANTED,754.90,2026-04-09 20:06:45,2026-04-09 20:06:45
SRC_RETURN_B002_000000672,R000021971,O000093835,C0000751,2026-01-06 19:31:39,COMPLETED,DAMAGED,1165.93,2026-01-06 19:31:39,2026-01-06 19:31:39
SRC_RETURN_B002_000000673,R000021972,O000073099,C0032270,2025-08-13 17:42:19,COMPLETED,UNWANTED,2207.55,2025-08-13 17:42:19,2025-08-13 17:42:19
SRC_RETURN_B002_000000674,R000021973,O000010793,C0017286,2024-07-04 09:39:45,COMPLETED,WRONG_ITEM,1326.41,2024-07-04 09:39:45,2024-07-04 09:39:45
SRC_RETURN_B002_000000675,R000021974,O000046128,C0037210,2025-11-20 02:34:52,COMPLETED,DEFECTIVE,863.23,2025-11-20 02:34:52,2025-11-20 02:34:52
SRC_RETURN_B002_000000676,R000021975,O000116618,C0009549,2026-06-20 07:34:47,COMPLETED,SIZE_FIT,2118.66,2026-06-20 07:34:47,2026-06-20 07:34:47
SRC_RETURN_B002_000000677,R000021976,O000069538,C0017574,2024-10-16 07:14:00,COMPLETED,DAMAGED,1653.96,2024-10-16 07:14:00,2024-10-16 07:14:00
SRC_RETURN_B002_000000678,R000021977,O000071904,C0009250,2026-01-19 01:37:09,COMPLETED,DAMAGED,2215.27,2026-01-19 01:37:09,2026-01-19 01:37:09
SRC_RETURN_B002_000000679,R000021978,O000010933,C0019054,2024-07-28 02:14:06,COMPLETED,SIZE_FIT,1026.80,2024-07-28 02:14:06,2024-07-28 02:14:06
SRC_RETURN_B002_000000680,R000021979,O000090143,C0013407,2024-10-05 04:42:16,COMPLETED,UNWANTED,520.21,2024-10-05 04:42:16,2024-10-05 04:42:16
SRC_RETURN_B002_000000681,R000021980,O000037865,C0007718,2025-03-05 02:36:15,COMPLETED,DAMAGED,1774.57,2025-03-05 02:36:15,2025-03-05 02:36:15
SRC_RETURN_B002_000000682,R000021981,O000115150,C0018859,2025-05-10 08:24:09,COMPLETED,WRONG_ITEM,1126.13,2025-05-10 08:24:09,2025-05-10 08:24:09
SRC_RETURN_B002_000000683,R000021982,O000006722,C0036392,2026-07-18 06:45:50,COMPLETED,DAMAGED,138.71,2026-07-18 06:45:50,2026-07-18 06:45:50
SRC_RETURN_B002_000000684,R000021983,O000043413,C0003323,2024-11-15 03:47:19,COMPLETED,DEFECTIVE,190.91,2024-11-15 03:47:19,2024-11-15 03:47:19
SRC_RETURN_B002_000000685,R000021984,O000021945,C0006623,2026-01-28 00:48:22,COMPLETED,WRONG_ITEM,1156.49,2026-01-28 00:48:22,2026-01-28 00:48:22
SRC_RETURN_B002_000000686,R000021985,O000118280,C0011550,2026-06-20 22:41:57,COMPLETED,SIZE_FIT,20.72,2026-06-20 22:41:57,2026-06-20 22:41:57
SRC_RETURN_B002_000000687,R000021986,O000030845,C0038927,2025-10-07 09:30:31,COMPLETED,SIZE_FIT,482.65,2025-10-07 09:30:31,2025-10-07 09:30:31
SRC_RETURN_B002_000000688,R000021987,O000048138,C0029234,2024-06-08 05:46:39,COMPLETED,UNWANTED,640.78,2024-06-08 05:46:39,2024-06-08 05:46:39
SRC_RETURN_B002_000000689,R000021988,O000085256,C0048859,2024-11-05 11:20:57,COMPLETED,DAMAGED,1864.90,2024-11-05 11:20:57,2024-11-05 11:20:57
SRC_RETURN_B002_000000690,R000021989,O000102251,C0032410,2025-04-28 14:57:48,COMPLETED,SIZE_FIT,1527.32,2025-04-28 14:57:48,2025-04-28 14:57:48
SRC_RETURN_B002_000000691,R000021990,O000106922,C0029796,2024-04-27 05:17:24,COMPLETED,DAMAGED,503.77,2024-04-27 05:17:24,2024-04-27 05:17:24
SRC_RETURN_B002_000000692,R000021991,O000060266,C0026405,2025-11-26 20:11:47,COMPLETED,DAMAGED,1635.36,2025-11-26 20:11:47,2025-11-26 20:11:47
SRC_RETURN_B002_000000693,R000021992,O000046698,C0015835,2026-09-21 02:45:58,COMPLETED,WRONG_ITEM,1648.92,2026-09-21 02:45:58,2026-09-21 02:45:58
SRC_RETURN_B002_000000694,R000021993,O000053681,C0024668,2026-06-20 21:14:38,COMPLETED,WRONG_ITEM,913.58,2026-06-20 21:14:38,2026-06-20 21:14:38
SRC_RETURN_B002_000000695,R000021994,O000114840,C0041225,2024-03-29 14:33:17,COMPLETED,DEFECTIVE,2471.03,2024-03-29 14:33:17,2024-03-29 14:33:17
SRC_RETURN_B002_000000696,R000021995,O000064403,C0011620,2024-04-07 09:33:14,COMPLETED,DAMAGED,442.38,2024-04-07 09:33:14,2024-04-07 09:33:14
SRC_RETURN_B002_000000697,R000021996,O000086002,C0016746,2026-07-29 08:16:07,COMPLETED,DEFECTIVE,1492.10,2026-07-29 08:16:07,2026-07-29 08:16:07
SRC_RETURN_B002_000000698,R000021997,O000003961,C0014300,2025-01-03 06:43:38,COMPLETED,SIZE_FIT,1126.78,2025-01-03 06:43:38,2025-01-03 06:43:38
SRC_RETURN_B002_000000699,R000021998,O000106372,C0011418,2026-04-28 11:27:52,COMPLETED,DAMAGED,1936.09,2026-04-28 11:27:52,2026-04-28 11:27:52
SRC_RETURN_B002_000000700,R000021999,O000092591,C0022278,2024-08-28 02:50:05,COMPLETED,DEFECTIVE,1042.04,2024-08-28 02:50:05,2024-08-28 02:50:05
SRC_RETURN_B002_000000701,R000022000,O000075609,C0011751,2024-03-17 12:05:22,COMPLETED,LATE_DELIVERY,1555.25,2024-03-17 12:05:22,2024-03-17 12:05:22
SRC_RETURN_B002_000000702,R000022001,O000082038,C0036805,2026-07-30 07:10:56,COMPLETED,DAMAGED,2030.20,2026-07-30 07:10:56,2026-07-30 07:10:56
SRC_RETURN_B002_000000703,R000022002,O000011960,C0045489,2026-01-09 08:54:38,COMPLETED,DEFECTIVE,1400.66,2026-01-09 08:54:38,2026-01-09 08:54:38
SRC_RETURN_B002_000000704,R000022003,O000097571,C0003019,2025-04-01 12:03:32,COMPLETED,WRONG_ITEM,872.83,2025-04-01 12:03:32,2025-04-01 12:03:32
SRC_RETURN_B002_000000705,R000022004,O000020735,C0011646,2025-07-24 03:07:22,COMPLETED,DEFECTIVE,402.88,2025-07-24 03:07:22,2025-07-24 03:07:22
SRC_RETURN_B002_000000706,R000022005,O000024263,C0025676,2024-02-05 20:42:09,COMPLETED,DEFECTIVE,1068.91,2024-02-05 20:42:09,2024-02-05 20:42:09
SRC_RETURN_B002_000000707,R000022006,O000000192,C0038569,2025-07-04 05:11:42,COMPLETED,LATE_DELIVERY,1453.56,2025-07-04 05:11:42,2025-07-04 05:11:42
SRC_RETURN_B002_000000708,R000022007,O000039419,C0019658,2024-05-09 21:52:01,COMPLETED,SIZE_FIT,1089.49,2024-05-09 21:52:01,2024-05-09 21:52:01
SRC_RETURN_B002_000000709,R000022008,O000060358,C0048504,2024-06-09 22:01:13,COMPLETED,UNWANTED,705.48,2024-06-09 22:01:13,2024-06-09 22:01:13
SRC_RETURN_B002_000000710,R000022009,O000118580,C0029460,2026-06-21 23:58:33,COMPLETED,SIZE_FIT,1065.06,2026-06-21 23:58:33,2026-06-21 23:58:33
SRC_RETURN_B002_000000711,R000022010,O000010757,C0041091,2024-10-20 21:49:27,COMPLETED,DAMAGED,1280.35,2024-10-20 21:49:27,2024-10-20 21:49:27
SRC_RETURN_B002_000000712,R000022011,O000116068,C0002363,2025-04-21 22:41:02,COMPLETED,UNWANTED,180.50,2025-04-21 22:41:02,2025-04-21 22:41:02
SRC_RETURN_B002_000000713,R000022012,O000055152,C0024534,2025-08-17 07:15:49,COMPLETED,LATE_DELIVERY,2508.90,2025-08-17 07:15:49,2025-08-17 07:15:49
SRC_RETURN_B002_000000714,R000022013,O000052680,C0047856,2024-07-10 19:54:36,COMPLETED,UNWANTED,1191.26,2024-07-10 19:54:36,2024-07-10 19:54:36
SRC_RETURN_B002_000000715,R000022014,O000004470,C0024303,2026-01-31 23:06:47,COMPLETED,DAMAGED,2549.66,2026-01-31 23:06:47,2026-01-31 23:06:47
SRC_RETURN_B002_000000716,R000022015,O000100441,C0002971,2025-02-07 03:17:42,COMPLETED,UNWANTED,58.32,2025-02-07 03:17:42,2025-02-07 03:17:42
SRC_RETURN_B002_000000717,R000022016,O000064381,C0003201,2024-05-06 14:17:16,COMPLETED,LATE_DELIVERY,1739.01,2024-05-06 14:17:16,2024-05-06 14:17:16
SRC_RETURN_B002_000000718,R000022017,O000043408,C0013901,2026-02-26 23:08:24,COMPLETED,SIZE_FIT,469.64,2026-02-26 23:08:24,2026-02-26 23:08:24
SRC_RETURN_B002_000000719,R000022018,O000027227,C0001726,2024-11-28 13:01:25,COMPLETED,WRONG_ITEM,76.06,2024-11-28 13:01:25,2024-11-28 13:01:25
SRC_RETURN_B002_000000720,R000022019,O000022010,C0033293,2024-06-12 03:19:14,COMPLETED,WRONG_ITEM,1538.28,2024-06-12 03:19:14,2024-06-12 03:19:14
SRC_RETURN_B002_000000721,R000022020,O000078687,C0024678,2024-06-29 04:12:42,COMPLETED,DEFECTIVE,975.96,2024-06-29 04:12:42,2024-06-29 04:12:42
SRC_RETURN_B002_000000722,R000022021,O000083105,C0043693,2025-07-09 14:17:51,COMPLETED,DAMAGED,964.02,2025-07-09 14:17:51,2025-07-09 14:17:51
SRC_RETURN_B002_000000723,R000022022,O000026535,C0016003,2025-11-17 18:50:57,COMPLETED,LATE_DELIVERY,1966.03,2025-11-17 18:50:57,2025-11-17 18:50:57
SRC_RETURN_B002_000000724,R000022023,O000082001,C0044369,2024-10-22 21:52:11,COMPLETED,LATE_DELIVERY,1327.14,2024-10-22 21:52:11,2024-10-22 21:52:11
SRC_RETURN_B002_000000725,R000022024,O000087476,C0026448,2024-09-19 01:42:36,COMPLETED,DAMAGED,1746.68,2024-09-19 01:42:36,2024-09-19 01:42:36
SRC_RETURN_B002_000000726,R000022025,O000086974,C0042691,2026-05-29 15:46:57,COMPLETED,LATE_DELIVERY,1001.06,2026-05-29 15:46:57,2026-05-29 15:46:57
SRC_RETURN_B002_000000727,R000022026,O000067858,C0027189,2026-01-20 03:22:08,COMPLETED,LATE_DELIVERY,1294.80,2026-01-20 03:22:08,2026-01-20 03:22:08
SRC_RETURN_B002_000000728,R000022027,O000108064,C0032642,2026-08-05 11:47:43,COMPLETED,WRONG_ITEM,2268.61,2026-08-05 11:47:43,2026-08-05 11:47:43
SRC_RETURN_B002_000000729,R000022028,O000098686,C0015874,2025-04-07 22:21:00,COMPLETED,DEFECTIVE,2089.23,2025-04-07 22:21:00,2025-04-07 22:21:00
SRC_RETURN_B002_000000730,R000022029,O000045248,C0021581,2024-01-25 01:43:42,COMPLETED,DAMAGED,1494.67,2024-01-25 01:43:42,2024-01-25 01:43:42
SRC_RETURN_B002_000000731,R000022030,O000052704,C0021236,2025-01-15 10:34:48,COMPLETED,UNWANTED,1119.95,2025-01-15 10:34:48,2025-01-15 10:34:48
SRC_RETURN_B002_000000732,R000022031,O000033839,C0043607,2026-03-08 19:23:17,COMPLETED,WRONG_ITEM,3581.30,2026-03-08 19:23:17,2026-03-08 19:23:17
SRC_RETURN_B002_000000733,R000022032,O000109100,C0004021,2026-06-15 23:08:59,COMPLETED,SIZE_FIT,1497.56,2026-06-15 23:08:59,2026-06-15 23:08:59
SRC_RETURN_B002_000000734,R000022033,O000096720,C0045172,2024-11-06 05:02:49,COMPLETED,DAMAGED,1713.05,2024-11-06 05:02:49,2024-11-06 05:02:49
SRC_RETURN_B002_000000735,R000022034,O000060127,C0035097,2024-09-26 23:05:24,COMPLETED,WRONG_ITEM,357.82,2024-09-26 23:05:24,2024-09-26 23:05:24
SRC_RETURN_B002_000000736,R000022035,O000028825,C0049587,2024-09-15 00:46:13,COMPLETED,DAMAGED,1031.56,2024-09-15 00:46:13,2024-09-15 00:46:13
SRC_RETURN_B002_000000737,R000022036,O000034663,C0021971,2026-05-16 19:04:46,COMPLETED,UNWANTED,638.81,2026-05-16 19:04:46,2026-05-16 19:04:46
SRC_RETURN_B002_000000738,R000022037,O000095014,C0025719,2026-04-29 18:40:11,COMPLETED,DEFECTIVE,464.60,2026-04-29 18:40:11,2026-04-29 18:40:11
SRC_RETURN_B002_000000739,R000022038,O000074567,C0037243,2026-06-28 19:55:32,COMPLETED,WRONG_ITEM,2323.37,2026-06-28 19:55:32,2026-06-28 19:55:32
SRC_RETURN_B002_000000740,R000022039,O000022699,C0040368,2024-06-29 04:31:16,COMPLETED,DAMAGED,319.92,2024-06-29 04:31:16,2024-06-29 04:31:16
SRC_RETURN_B002_000000741,R000022040,O000085382,C0024680,2026-08-14 00:51:54,COMPLETED,UNWANTED,765.16,2026-08-14 00:51:54,2026-08-14 00:51:54
SRC_RETURN_B002_000000742,R000022041,O000093725,C0011255,2024-06-15 14:02:53,COMPLETED,DAMAGED,458.15,2024-06-15 14:02:53,2024-06-15 14:02:53
SRC_RETURN_B002_000000743,R000022042,O000046414,C0027760,2024-05-14 09:20:59,COMPLETED,DEFECTIVE,460.84,2024-05-14 09:20:59,2024-05-14 09:20:59
SRC_RETURN_B002_000000744,R000022043,O000112525,C0002301,2025-11-12 18:38:21,COMPLETED,DAMAGED,1349.52,2025-11-12 18:38:21,2025-11-12 18:38:21
SRC_RETURN_B002_000000745,R000022044,O000102738,C0018151,2026-07-29 02:16:55,COMPLETED,DEFECTIVE,688.77,2026-07-29 02:16:55,2026-07-29 02:16:55
SRC_RETURN_B002_000000746,R000022045,O000036491,C0034975,2024-05-13 17:23:53,COMPLETED,WRONG_ITEM,1780.39,2024-05-13 17:23:53,2024-05-13 17:23:53
SRC_RETURN_B002_000000747,R000022046,O000009594,C0033448,2025-08-23 14:11:47,COMPLETED,DAMAGED,1885.53,2025-08-23 14:11:47,2025-08-23 14:11:47
SRC_RETURN_B002_000000748,R000022047,O000117102,C0034263,2024-03-05 06:04:40,COMPLETED,LATE_DELIVERY,410.42,2024-03-05 06:04:40,2024-03-05 06:04:40
SRC_RETURN_B002_000000749,R000022048,O000040648,C0034111,2026-01-18 02:28:47,COMPLETED,DAMAGED,1611.48,2026-01-18 02:28:47,2026-01-18 02:28:47
SRC_RETURN_B002_000000750,R000022049,O000029628,C0028547,2026-09-30 00:18:54,COMPLETED,LATE_DELIVERY,963.18,2026-09-30 00:18:54,2026-09-30 00:18:54
SRC_RETURN_B002_000000751,R000022050,O000023757,C0038800,2025-03-28 18:41:03,COMPLETED,UNWANTED,538.32,2025-03-28 18:41:03,2025-03-28 18:41:03
SRC_RETURN_B002_000000752,R000022051,O000060476,C0037307,2025-06-06 08:10:16,COMPLETED,LATE_DELIVERY,1275.17,2025-06-06 08:10:16,2025-06-06 08:10:16
SRC_RETURN_B002_000000753,R000022052,O000023143,C0022598,2024-11-02 03:16:53,COMPLETED,UNWANTED,3050.58,2024-11-02 03:16:53,2024-11-02 03:16:53
SRC_RETURN_B002_000000754,R000022053,O000094984,C0029752,2025-03-04 13:35:33,COMPLETED,WRONG_ITEM,295.13,2025-03-04 13:35:33,2025-03-04 13:35:33
SRC_RETURN_B002_000000755,R000022054,O000025371,C0020555,2024-12-16 20:58:09,COMPLETED,WRONG_ITEM,1046.97,2024-12-16 20:58:09,2024-12-16 20:58:09
SRC_RETURN_B002_000000756,R000022055,O000051548,C0035360,2026-04-08 01:51:32,COMPLETED,SIZE_FIT,1209.35,2026-04-08 01:51:32,2026-04-08 01:51:32
SRC_RETURN_B002_000000757,R000022056,O000075883,C0021416,2025-05-29 12:19:30,COMPLETED,DEFECTIVE,3663.56,2025-05-29 12:19:30,2025-05-29 12:19:30
SRC_RETURN_B002_000000758,R000022057,O000052365,C0049599,2026-07-14 11:09:04,COMPLETED,DAMAGED,1092.34,2026-07-14 11:09:04,2026-07-14 11:09:04
SRC_RETURN_B002_000000759,R000022058,O000057756,C0027585,2026-05-10 11:02:50,COMPLETED,UNWANTED,2081.33,2026-05-10 11:02:50,2026-05-10 11:02:50
SRC_RETURN_B002_000000760,R000022059,O000110653,C0029681,2024-10-19 23:58:41,COMPLETED,DEFECTIVE,1276.68,2024-10-19 23:58:41,2024-10-19 23:58:41
SRC_RETURN_B002_000000761,R000022060,O000024528,C0004247,2024-03-13 18:46:43,COMPLETED,WRONG_ITEM,1769.18,2024-03-13 18:46:43,2024-03-13 18:46:43
SRC_RETURN_B002_000000762,R000022061,O000011915,C0029430,2025-09-19 02:33:22,COMPLETED,WRONG_ITEM,202.13,2025-09-19 02:33:22,2025-09-19 02:33:22
SRC_RETURN_B002_000000763,R000022062,O000069306,C0044539,2025-07-12 08:23:18,COMPLETED,WRONG_ITEM,2072.38,2025-07-12 08:23:18,2025-07-12 08:23:18
SRC_RETURN_B002_000000764,R000022063,O000043575,C0044655,2024-09-19 01:01:53,COMPLETED,DEFECTIVE,2806.28,2024-09-19 01:01:53,2024-09-19 01:01:53
SRC_RETURN_B002_000000765,R000022064,O000081363,C0021156,2024-05-04 23:23:41,COMPLETED,DEFECTIVE,840.36,2024-05-04 23:23:41,2024-05-04 23:23:41
SRC_RETURN_B002_000000766,R000022065,O000034261,C0021897,2025-07-07 08:35:47,COMPLETED,LATE_DELIVERY,58.26,2025-07-07 08:35:47,2025-07-07 08:35:47
SRC_RETURN_B002_000000767,R000022066,O000110901,C0015093,2025-04-02 03:37:20,COMPLETED,LATE_DELIVERY,2268.69,2025-04-02 03:37:20,2025-04-02 03:37:20
SRC_RETURN_B002_000000768,R000022067,O000015185,C0032967,2024-02-27 16:28:19,COMPLETED,DAMAGED,650.38,2024-02-27 16:28:19,2024-02-27 16:28:19
SRC_RETURN_B002_000000769,R000022068,O000099472,C0038740,2026-09-14 18:49:39,COMPLETED,WRONG_ITEM,793.09,2026-09-14 18:49:39,2026-09-14 18:49:39
SRC_RETURN_B002_000000770,R000022069,O000003320,C0027170,2026-07-19 22:24:28,COMPLETED,DEFECTIVE,1840.97,2026-07-19 22:24:28,2026-07-19 22:24:28
SRC_RETURN_B002_000000771,R000022070,O000046210,C0003530,2025-03-11 12:58:32,COMPLETED,DEFECTIVE,1454.23,2025-03-11 12:58:32,2025-03-11 12:58:32
SRC_RETURN_B002_000000772,R000022071,O000088461,C0013560,2024-12-19 22:19:23,COMPLETED,DEFECTIVE,576.30,2024-12-19 22:19:23,2024-12-19 22:19:23
SRC_RETURN_B002_000000773,R000022072,O000037157,C0049728,2025-10-01 18:58:56,COMPLETED,DAMAGED,352.57,2025-10-01 18:58:56,2025-10-01 18:58:56
SRC_RETURN_B002_000000774,R000022073,O000031755,C0008601,2024-09-12 03:16:38,COMPLETED,LATE_DELIVERY,812.28,2024-09-12 03:16:38,2024-09-12 03:16:38
SRC_RETURN_B002_000000775,R000022074,O000089510,C0036227,2025-10-17 02:20:28,COMPLETED,WRONG_ITEM,1526.15,2025-10-17 02:20:28,2025-10-17 02:20:28
SRC_RETURN_B002_000000776,R000022075,O000002451,C0010271,2024-12-12 05:40:14,COMPLETED,WRONG_ITEM,3136.04,2024-12-12 05:40:14,2024-12-12 05:40:14
SRC_RETURN_B002_000000777,R000022076,O000094632,C0005904,2026-08-10 03:01:57,COMPLETED,DAMAGED,818.44,2026-08-10 03:01:57,2026-08-10 03:01:57
SRC_RETURN_B002_000000778,R000022077,O000107355,C0001214,2025-04-12 08:52:00,COMPLETED,SIZE_FIT,1853.08,2025-04-12 08:52:00,2025-04-12 08:52:00
SRC_RETURN_B002_000000779,R000022078,O000046713,C0046893,2025-04-24 01:15:04,COMPLETED,LATE_DELIVERY,499.29,2025-04-24 01:15:04,2025-04-24 01:15:04
SRC_RETURN_B002_000000780,R000022079,O000086256,C0031945,2026-03-27 04:21:46,COMPLETED,DAMAGED,1495.94,2026-03-27 04:21:46,2026-03-27 04:21:46
SRC_RETURN_B002_000000781,R000022080,O000031164,C0037776,2024-03-05 17:55:10,COMPLETED,SIZE_FIT,1828.39,2024-03-05 17:55:10,2024-03-05 17:55:10
SRC_RETURN_B002_000000782,R000022081,O000094897,C0016729,2026-04-28 05:58:50,COMPLETED,WRONG_ITEM,1787.61,2026-04-28 05:58:50,2026-04-28 05:58:50
SRC_RETURN_B002_000000783,R000022082,O000097912,C0029646,2024-03-16 04:13:41,COMPLETED,LATE_DELIVERY,2223.84,2024-03-16 04:13:41,2024-03-16 04:13:41
SRC_RETURN_B002_000000784,R000022083,O000049101,C0020865,2024-12-23 07:50:59,COMPLETED,LATE_DELIVERY,37.61,2024-12-23 07:50:59,2024-12-23 07:50:59
SRC_RETURN_B002_000000785,R000022084,O000029173,C0023599,2025-02-04 21:08:51,COMPLETED,WRONG_ITEM,1098.02,2025-02-04 21:08:51,2025-02-04 21:08:51
SRC_RETURN_B002_000000786,R000022085,O000103596,C0014095,2024-07-24 16:29:10,COMPLETED,UNWANTED,1268.43,2024-07-24 16:29:10,2024-07-24 16:29:10
SRC_RETURN_B002_000000787,R000022086,O000022536,C0045135,2026-04-15 10:28:35,COMPLETED,WRONG_ITEM,758.57,2026-04-15 10:28:35,2026-04-15 10:28:35
SRC_RETURN_B002_000000788,R000022087,O000055619,C0005943,2025-04-02 21:54:04,COMPLETED,LATE_DELIVERY,3799.42,2025-04-02 21:54:04,2025-04-02 21:54:04
SRC_RETURN_B002_000000789,R000022088,O000047849,C0042936,2026-04-09 14:13:23,COMPLETED,UNWANTED,762.52,2026-04-09 14:13:23,2026-04-09 14:13:23
SRC_RETURN_B002_000000790,R000022089,O000093731,C0010636,2024-10-30 17:49:03,COMPLETED,DEFECTIVE,51.06,2024-10-30 17:49:03,2024-10-30 17:49:03
SRC_RETURN_B002_000000791,R000022090,O000096010,C0027078,2025-09-23 20:07:45,COMPLETED,UNWANTED,2136.48,2025-09-23 20:07:45,2025-09-23 20:07:45
SRC_RETURN_B002_000000792,R000022091,O000097621,C0045851,2024-08-27 22:58:28,COMPLETED,UNWANTED,2547.28,2024-08-27 22:58:28,2024-08-27 22:58:28
SRC_RETURN_B002_000000793,R000022092,O000050581,C0014214,2024-05-28 13:47:02,COMPLETED,LATE_DELIVERY,582.23,2024-05-28 13:47:02,2024-05-28 13:47:02
SRC_RETURN_B002_000000794,R000022093,O000088153,C0016339,2024-04-27 14:48:39,COMPLETED,LATE_DELIVERY,1146.89,2024-04-27 14:48:39,2024-04-27 14:48:39
SRC_RETURN_B002_000000795,R000022094,O000027918,C0032909,2025-11-16 12:40:38,COMPLETED,DAMAGED,160.22,2025-11-16 12:40:38,2025-11-16 12:40:38
SRC_RETURN_B002_000000796,R000022095,O000042050,C0031189,2024-05-03 20:55:25,COMPLETED,WRONG_ITEM,3018.19,2024-05-03 20:55:25,2024-05-03 20:55:25
SRC_RETURN_B002_000000797,R000022096,O000008542,C0034985,2025-12-10 22:08:20,COMPLETED,DAMAGED,835.48,2025-12-10 22:08:20,2025-12-10 22:08:20
SRC_RETURN_B002_000000798,R000022097,O000066844,C0037615,2026-01-24 11:48:42,COMPLETED,DAMAGED,5680.19,2026-01-24 11:48:42,2026-01-24 11:48:42
SRC_RETURN_B002_000000799,R000022098,O000075315,C0042767,2025-10-30 23:12:24,COMPLETED,DEFECTIVE,1003.92,2025-10-30 23:12:24,2025-10-30 23:12:24
SRC_RETURN_B002_000000800,R000022099,O000115630,C0037843,2026-07-28 15:28:38,COMPLETED,LATE_DELIVERY,1077.04,2026-07-28 15:28:38,2026-07-28 15:28:38
SRC_RETURN_B002_000000801,R000022100,O000062094,C0026552,2025-10-15 19:07:59,COMPLETED,SIZE_FIT,18.28,2025-10-15 19:07:59,2025-10-15 19:07:59
SRC_RETURN_B002_000000802,R000022101,O000006420,C0022494,2024-05-04 09:24:17,COMPLETED,DEFECTIVE,2834.89,2024-05-04 09:24:17,2024-05-04 09:24:17
SRC_RETURN_B002_000000803,R000022102,O000053783,C0004137,2025-05-17 18:17:27,COMPLETED,LATE_DELIVERY,668.90,2025-05-17 18:17:27,2025-05-17 18:17:27
SRC_RETURN_B002_000000804,R000022103,O000012014,C0033517,2024-12-01 11:45:18,COMPLETED,LATE_DELIVERY,879.70,2024-12-01 11:45:18,2024-12-01 11:45:18
SRC_RETURN_B002_000000805,R000022104,O000115254,C0004952,2026-02-15 06:12:13,COMPLETED,DEFECTIVE,18.72,2026-02-15 06:12:13,2026-02-15 06:12:13
SRC_RETURN_B002_000000806,R000022105,O000065747,C0042629,2024-05-26 01:06:25,COMPLETED,DEFECTIVE,1166.92,2024-05-26 01:06:25,2024-05-26 01:06:25
SRC_RETURN_B002_000000807,R000022106,O000112130,C0010886,2025-11-09 06:31:34,COMPLETED,SIZE_FIT,2336.89,2025-11-09 06:31:34,2025-11-09 06:31:34
SRC_RETURN_B002_000000808,R000022107,O000019228,C0046237,2024-11-17 05:26:24,COMPLETED,DAMAGED,1143.54,2024-11-17 05:26:24,2024-11-17 05:26:24
SRC_RETURN_B002_000000809,R000022108,O000068809,C0038562,2025-06-11 13:44:09,COMPLETED,UNWANTED,3408.10,2025-06-11 13:44:09,2025-06-11 13:44:09
SRC_RETURN_B002_000000810,R000022109,O000077332,C0028995,2024-11-06 08:29:37,COMPLETED,UNWANTED,273.73,2024-11-06 08:29:37,2024-11-06 08:29:37
SRC_RETURN_B002_000000811,R000022110,O000017508,C0023816,2025-01-01 10:38:25,COMPLETED,WRONG_ITEM,1678.54,2025-01-01 10:38:25,2025-01-01 10:38:25
SRC_RETURN_B002_000000812,R000022111,O000036983,C0042085,2026-01-12 07:22:13,COMPLETED,LATE_DELIVERY,504.30,2026-01-12 07:22:13,2026-01-12 07:22:13
SRC_RETURN_B002_000000813,R000022112,O000031824,C0035275,2026-06-01 13:04:55,COMPLETED,UNWANTED,1941.97,2026-06-01 13:04:55,2026-06-01 13:04:55
SRC_RETURN_B002_000000814,R000022113,O000070634,C0013248,2024-06-17 22:45:16,COMPLETED,DEFECTIVE,1175.69,2024-06-17 22:45:16,2024-06-17 22:45:16
SRC_RETURN_B002_000000815,R000022114,O000085717,C0009854,2026-07-10 17:07:35,COMPLETED,DEFECTIVE,561.06,2026-07-10 17:07:35,2026-07-10 17:07:35
SRC_RETURN_B002_000000816,R000022115,O000110086,C0042915,2024-07-19 09:22:16,COMPLETED,DAMAGED,197.78,2024-07-19 09:22:16,2024-07-19 09:22:16
SRC_RETURN_B002_000000817,R000022116,O000028353,C0032518,2024-03-27 06:37:17,COMPLETED,SIZE_FIT,2206.33,2024-03-27 06:37:17,2024-03-27 06:37:17
SRC_RETURN_B002_000000818,R000022117,O000118882,C0020033,2024-12-03 12:13:54,COMPLETED,LATE_DELIVERY,532.76,2024-12-03 12:13:54,2024-12-03 12:13:54
SRC_RETURN_B002_000000819,R000022118,O000074516,C0032792,2026-02-10 02:26:21,COMPLETED,UNWANTED,376.68,2026-02-10 02:26:21,2026-02-10 02:26:21
SRC_RETURN_B002_000000820,R000022119,O000018763,C0039587,2024-08-30 14:53:31,COMPLETED,LATE_DELIVERY,3040.30,2024-08-30 14:53:31,2024-08-30 14:53:31
SRC_RETURN_B002_000000821,R000022120,O000073242,C0030150,2026-08-19 04:25:30,COMPLETED,DEFECTIVE,789.98,2026-08-19 04:25:30,2026-08-19 04:25:30
SRC_RETURN_B002_000000822,R000022121,O000091627,C0029294,2025-04-06 09:05:26,COMPLETED,SIZE_FIT,1654.85,2025-04-06 09:05:26,2025-04-06 09:05:26
SRC_RETURN_B002_000000823,R000022122,O000063371,C0044622,2026-01-08 11:01:54,COMPLETED,WRONG_ITEM,3924.98,2026-01-08 11:01:54,2026-01-08 11:01:54
SRC_RETURN_B002_000000824,R000022123,O000120698,C0028829,2024-10-21 09:22:57,COMPLETED,DAMAGED,1124.72,2024-10-21 09:22:57,2024-10-21 09:22:57
SRC_RETURN_B002_000000825,R000022124,O000042146,C0045234,2025-10-18 09:47:30,COMPLETED,WRONG_ITEM,1248.64,2025-10-18 09:47:30,2025-10-18 09:47:30
SRC_RETURN_B002_000000826,R000022125,O000017213,C0027432,2024-06-25 16:09:18,COMPLETED,LATE_DELIVERY,1452.20,2024-06-25 16:09:18,2024-06-25 16:09:18
SRC_RETURN_B002_000000827,R000022126,O000109663,C0049835,2025-03-16 12:23:05,COMPLETED,SIZE_FIT,622.04,2025-03-16 12:23:05,2025-03-16 12:23:05
SRC_RETURN_B002_000000828,R000022127,O000049450,C0004460,2025-01-10 00:37:12,COMPLETED,DEFECTIVE,265.55,2025-01-10 00:37:12,2025-01-10 00:37:12
SRC_RETURN_B002_000000829,R000022128,O000005958,C0012397,2025-05-18 06:15:52,COMPLETED,DEFECTIVE,1163.72,2025-05-18 06:15:52,2025-05-18 06:15:52
SRC_RETURN_B002_000000830,R000022129,O000075792,C0006429,2025-06-23 11:39:20,COMPLETED,WRONG_ITEM,782.69,2025-06-23 11:39:20,2025-06-23 11:39:20
SRC_RETURN_B002_000000831,R000022130,O000072827,C0014816,2025-10-02 05:25:40,COMPLETED,DEFECTIVE,3049.51,2025-10-02 05:25:40,2025-10-02 05:25:40
SRC_RETURN_B002_000000832,R000022131,O000078428,C0025699,2025-03-16 16:11:24,COMPLETED,WRONG_ITEM,1691.72,2025-03-16 16:11:24,2025-03-16 16:11:24
SRC_RETURN_B002_000000833,R000022132,O000110288,C0012224,2026-08-15 23:38:42,COMPLETED,UNWANTED,1380.73,2026-08-15 23:38:42,2026-08-15 23:38:42
SRC_RETURN_B002_000000834,R000022133,O000015356,C0028709,2024-03-04 15:46:20,COMPLETED,DEFECTIVE,409.28,2024-03-04 15:46:20,2024-03-04 15:46:20
SRC_RETURN_B002_000000835,R000022134,O000120411,C0022114,2026-04-03 19:51:57,COMPLETED,DAMAGED,1093.80,2026-04-03 19:51:57,2026-04-03 19:51:57
SRC_RETURN_B002_000000836,R000022135,O000096158,C0024364,2025-09-25 20:23:19,COMPLETED,WRONG_ITEM,2630.68,2025-09-25 20:23:19,2025-09-25 20:23:19
SRC_RETURN_B002_000000837,R000022136,O000055957,C0039551,2024-12-10 04:30:14,COMPLETED,DAMAGED,1387.03,2024-12-10 04:30:14,2024-12-10 04:30:14
SRC_RETURN_B002_000000838,R000022137,O000029804,C0019606,2024-07-17 16:46:43,COMPLETED,LATE_DELIVERY,2695.65,2024-07-17 16:46:43,2024-07-17 16:46:43
SRC_RETURN_B002_000000839,R000022138,O000084838,C0027210,2026-07-16 06:30:46,COMPLETED,DAMAGED,71.28,2026-07-16 06:30:46,2026-07-16 06:30:46
SRC_RETURN_B002_000000840,R000022139,O000005751,C0034258,2024-10-28 01:57:12,COMPLETED,WRONG_ITEM,1021.14,2024-10-28 01:57:12,2024-10-28 01:57:12
SRC_RETURN_B002_000000841,R000022140,O000052250,C0003746,2024-03-16 21:28:42,COMPLETED,DEFECTIVE,800.06,2024-03-16 21:28:42,2024-03-16 21:28:42
SRC_RETURN_B002_000000842,R000022141,O000044867,C0008719,2024-05-29 17:53:37,COMPLETED,WRONG_ITEM,1736.15,2024-05-29 17:53:37,2024-05-29 17:53:37
SRC_RETURN_B002_000000843,R000022142,O000054932,C0044304,2025-11-11 16:20:21,COMPLETED,LATE_DELIVERY,1277.42,2025-11-11 16:20:21,2025-11-11 16:20:21
SRC_RETURN_B002_000000844,R000022143,O000043536,C0012012,2025-09-18 10:48:19,COMPLETED,SIZE_FIT,959.58,2025-09-18 10:48:19,2025-09-18 10:48:19
SRC_RETURN_B002_000000845,R000022144,O000097557,C0030235,2025-01-06 12:03:17,COMPLETED,WRONG_ITEM,2051.48,2025-01-06 12:03:17,2025-01-06 12:03:17
SRC_RETURN_B002_000000846,R000022145,O000076183,C0047961,2025-01-12 22:13:53,COMPLETED,LATE_DELIVERY,1607.59,2025-01-12 22:13:53,2025-01-12 22:13:53
SRC_RETURN_B002_000000847,R000022146,O000055212,C0048478,2026-07-13 16:14:47,COMPLETED,DEFECTIVE,1616.98,2026-07-13 16:14:47,2026-07-13 16:14:47
SRC_RETURN_B002_000000848,R000022147,O000067102,C0014417,2024-07-11 04:08:03,COMPLETED,UNWANTED,4516.06,2024-07-11 04:08:03,2024-07-11 04:08:03
SRC_RETURN_B002_000000849,R000022148,O000053150,C0004795,2024-12-15 19:11:19,COMPLETED,SIZE_FIT,440.53,2024-12-15 19:11:19,2024-12-15 19:11:19
SRC_RETURN_B002_000000850,R000022149,O000031278,C0022023,2025-07-13 22:32:24,COMPLETED,WRONG_ITEM,258.16,2025-07-13 22:32:24,2025-07-13 22:32:24
SRC_RETURN_B002_000000851,R000022150,O000083817,C0036754,2024-09-26 06:56:55,COMPLETED,SIZE_FIT,2852.34,2024-09-26 06:56:55,2024-09-26 06:56:55
SRC_RETURN_B002_000000852,R000022151,O000098832,C0001816,2025-06-12 00:03:14,COMPLETED,DEFECTIVE,3202.52,2025-06-12 00:03:14,2025-06-12 00:03:14
SRC_RETURN_B002_000000853,R000022152,O000061408,C0030438,2025-04-27 20:18:17,COMPLETED,DAMAGED,2073.73,2025-04-27 20:18:17,2025-04-27 20:18:17
SRC_RETURN_B002_000000854,R000022153,O000090554,C0027013,2025-05-10 22:34:28,COMPLETED,SIZE_FIT,1600.13,2025-05-10 22:34:28,2025-05-10 22:34:28
SRC_RETURN_B002_000000855,R000022154,O000115866,C0023640,2024-12-05 21:53:23,COMPLETED,LATE_DELIVERY,816.62,2024-12-05 21:53:23,2024-12-05 21:53:23
SRC_RETURN_B002_000000856,R000022155,O000036377,C0042731,2024-06-01 00:09:27,COMPLETED,DAMAGED,2876.30,2024-06-01 00:09:27,2024-06-01 00:09:27
SRC_RETURN_B002_000000857,R000022156,O000027281,C0042933,2024-10-16 06:59:10,COMPLETED,WRONG_ITEM,2061.57,2024-10-16 06:59:10,2024-10-16 06:59:10
SRC_RETURN_B002_000000858,R000022157,O000013661,C0048876,2025-03-15 19:30:10,COMPLETED,LATE_DELIVERY,968.05,2025-03-15 19:30:10,2025-03-15 19:30:10
SRC_RETURN_B002_000000859,R000022158,O000088553,C0024111,2025-11-03 23:27:15,COMPLETED,SIZE_FIT,275.80,2025-11-03 23:27:15,2025-11-03 23:27:15
SRC_RETURN_B002_000000860,R000022159,O000025100,C0017822,2024-04-04 06:13:29,COMPLETED,DAMAGED,491.93,2024-04-04 06:13:29,2024-04-04 06:13:29
SRC_RETURN_B002_000000861,R000022160,O000006402,C0045743,2026-06-06 09:11:04,COMPLETED,WRONG_ITEM,800.11,2026-06-06 09:11:04,2026-06-06 09:11:04
SRC_RETURN_B002_000000862,R000022161,O000014048,C0042223,2026-05-22 07:03:02,COMPLETED,SIZE_FIT,831.91,2026-05-22 07:03:02,2026-05-22 07:03:02
SRC_RETURN_B002_000000863,R000022162,O000084841,C0036270,2025-09-02 19:08:28,COMPLETED,SIZE_FIT,625.91,2025-09-02 19:08:28,2025-09-02 19:08:28
SRC_RETURN_B002_000000864,R000022163,O000116428,C0024917,2025-09-20 17:29:59,COMPLETED,UNWANTED,3166.59,2025-09-20 17:29:59,2025-09-20 17:29:59
SRC_RETURN_B002_000000865,R000022164,O000102214,C0021647,2025-02-11 19:52:06,COMPLETED,DAMAGED,555.46,2025-02-11 19:52:06,2025-02-11 19:52:06
SRC_RETURN_B002_000000866,R000022165,O000052639,C0003282,2024-12-18 23:53:39,COMPLETED,UNWANTED,2571.30,2024-12-18 23:53:39,2024-12-18 23:53:39
SRC_RETURN_B002_000000867,R000022166,O000024545,C0021126,2025-10-03 12:51:55,COMPLETED,SIZE_FIT,3480.09,2025-10-03 12:51:55,2025-10-03 12:51:55
SRC_RETURN_B002_000000868,R000022167,O000094171,C0035325,2024-09-08 06:12:53,COMPLETED,DEFECTIVE,841.11,2024-09-08 06:12:53,2024-09-08 06:12:53
SRC_RETURN_B002_000000869,R000022168,O000106878,C0001661,2026-07-01 20:05:30,COMPLETED,WRONG_ITEM,952.43,2026-07-01 20:05:30,2026-07-01 20:05:30
SRC_RETURN_B002_000000870,R000022169,O000114113,C0028594,2026-10-08 22:50:15,COMPLETED,LATE_DELIVERY,1751.58,2026-10-08 22:50:15,2026-10-08 22:50:15
SRC_RETURN_B002_000000871,R000022170,O000033671,C0003872,2026-10-04 17:30:50,COMPLETED,SIZE_FIT,1051.90,2026-10-04 17:30:50,2026-10-04 17:30:50
SRC_RETURN_B002_000000872,R000022171,O000081250,C0008286,2024-08-22 05:16:56,COMPLETED,LATE_DELIVERY,818.30,2024-08-22 05:16:56,2024-08-22 05:16:56
SRC_RETURN_B002_000000873,R000022172,O000110894,C0027794,2025-03-02 09:58:45,COMPLETED,UNWANTED,1082.19,2025-03-02 09:58:45,2025-03-02 09:58:45
SRC_RETURN_B002_000000874,R000022173,O000017939,C0018027,2025-12-09 14:03:27,COMPLETED,SIZE_FIT,2735.98,2025-12-09 14:03:27,2025-12-09 14:03:27
SRC_RETURN_B002_000000875,R000022174,O000046522,C0005299,2025-09-04 05:33:42,COMPLETED,UNWANTED,1556.77,2025-09-04 05:33:42,2025-09-04 05:33:42
SRC_RETURN_B002_000000876,R000022175,O000036200,C0006602,2026-03-22 00:26:10,COMPLETED,DAMAGED,2124.26,2026-03-22 00:26:10,2026-03-22 00:26:10
SRC_RETURN_B002_000000877,R000022176,O000021020,C0045170,2024-05-05 11:29:26,COMPLETED,WRONG_ITEM,99.59,2024-05-05 11:29:26,2024-05-05 11:29:26
SRC_RETURN_B002_000000878,R000022177,O000059312,C0017150,2024-12-24 12:23:05,COMPLETED,UNWANTED,747.34,2024-12-24 12:23:05,2024-12-24 12:23:05
SRC_RETURN_B002_000000879,R000022178,O000012735,C0042595,2026-06-23 00:54:47,COMPLETED,WRONG_ITEM,1441.95,2026-06-23 00:54:47,2026-06-23 00:54:47
SRC_RETURN_B002_000000880,R000022179,O000044615,C0021746,2026-01-07 20:29:24,COMPLETED,SIZE_FIT,884.59,2026-01-07 20:29:24,2026-01-07 20:29:24
SRC_RETURN_B002_000000881,R000022180,O000018296,C0035640,2025-07-19 19:06:14,COMPLETED,DAMAGED,58.26,2025-07-19 19:06:14,2025-07-19 19:06:14
SRC_RETURN_B002_000000882,R000022181,O000099636,C0020063,2025-02-12 11:09:12,COMPLETED,WRONG_ITEM,1156.49,2025-02-12 11:09:12,2025-02-12 11:09:12
SRC_RETURN_B002_000000883,R000022182,O000049520,C0007251,2026-08-11 16:05:49,COMPLETED,LATE_DELIVERY,3576.24,2026-08-11 16:05:49,2026-08-11 16:05:49
SRC_RETURN_B002_000000884,R000022183,O000025809,C0032597,2026-01-17 20:23:20,COMPLETED,LATE_DELIVERY,1180.75,2026-01-17 20:23:20,2026-01-17 20:23:20
SRC_RETURN_B002_000000885,R000022184,O000046491,C0040196,2024-09-16 13:05:53,COMPLETED,WRONG_ITEM,813.05,2024-09-16 13:05:53,2024-09-16 13:05:53
SRC_RETURN_B002_000000886,R000022185,O000056605,C0011550,2026-08-27 14:29:37,COMPLETED,UNWANTED,893.35,2026-08-27 14:29:37,2026-08-27 14:29:37
SRC_RETURN_B002_000000887,R000022186,O000058863,C0001565,2024-10-16 22:32:46,COMPLETED,DAMAGED,880.88,2024-10-16 22:32:46,2024-10-16 22:32:46
SRC_RETURN_B002_000000888,R000022187,O000007553,C0049086,2025-06-04 18:13:44,COMPLETED,LATE_DELIVERY,1070.82,2025-06-04 18:13:44,2025-06-04 18:13:44
SRC_RETURN_B002_000000889,R000022188,O000018786,C0040582,2024-03-09 19:23:06,COMPLETED,UNWANTED,1481.01,2024-03-09 19:23:06,2024-03-09 19:23:06
SRC_RETURN_B002_000000890,R000022189,O000118989,C0005796,2025-01-17 07:02:34,COMPLETED,WRONG_ITEM,1553.02,2025-01-17 07:02:34,2025-01-17 07:02:34
SRC_RETURN_B002_000000891,R000022190,O000005701,C0006438,2024-07-20 20:45:35,COMPLETED,UNWANTED,2140.37,2024-07-20 20:45:35,2024-07-20 20:45:35
SRC_RETURN_B002_000000892,R000022191,O000118024,C0028039,2025-04-25 01:46:17,COMPLETED,WRONG_ITEM,2063.00,2025-04-25 01:46:17,2025-04-25 01:46:17
SRC_RETURN_B002_000000893,R000022192,O000078989,C0047658,2025-08-16 13:07:24,COMPLETED,WRONG_ITEM,2358.84,2025-08-16 13:07:24,2025-08-16 13:07:24
SRC_RETURN_B002_000000894,R000022193,O000025619,C0045776,2026-08-28 21:08:20,COMPLETED,LATE_DELIVERY,2184.53,2026-08-28 21:08:20,2026-08-28 21:08:20
SRC_RETURN_B002_000000895,R000022194,O000030847,C0003661,2024-07-17 05:09:32,COMPLETED,WRONG_ITEM,2177.56,2024-07-17 05:09:32,2024-07-17 05:09:32
SRC_RETURN_B002_000000896,R000022195,O000032914,C0027025,2025-03-22 23:12:35,COMPLETED,UNWANTED,1029.78,2025-03-22 23:12:35,2025-03-22 23:12:35
SRC_RETURN_B002_000000897,R000022196,O000101043,C0015380,2025-01-07 12:59:39,COMPLETED,SIZE_FIT,695.92,2025-01-07 12:59:39,2025-01-07 12:59:39
SRC_RETURN_B002_000000898,R000022197,O000048903,C0043310,2024-07-09 09:14:38,COMPLETED,WRONG_ITEM,2392.03,2024-07-09 09:14:38,2024-07-09 09:14:38
SRC_RETURN_B002_000000899,R000022198,O000113105,C0023182,2026-09-06 15:07:49,COMPLETED,SIZE_FIT,2125.08,2026-09-06 15:07:49,2026-09-06 15:07:49
SRC_RETURN_B002_000000900,R000022199,O000005505,C0039934,2026-02-18 06:22:32,COMPLETED,WRONG_ITEM,1179.42,2026-02-18 06:22:32,2026-02-18 06:22:32
SRC_RETURN_B002_000000901,R000022200,O000026127,C0026789,2024-08-16 08:31:00,COMPLETED,DAMAGED,1159.05,2024-08-16 08:31:00,2024-08-16 08:31:00
SRC_RETURN_B002_000000902,R000022201,O000003097,C0035732,2024-04-17 07:30:39,COMPLETED,LATE_DELIVERY,1105.51,2024-04-17 07:30:39,2024-04-17 07:30:39
SRC_RETURN_B002_000000903,R000022202,O000042383,C0047374,2024-08-13 03:57:30,COMPLETED,LATE_DELIVERY,1362.70,2024-08-13 03:57:30,2024-08-13 03:57:30
SRC_RETURN_B002_000000904,R000022203,O000054305,C0017818,2024-05-03 21:58:52,COMPLETED,DAMAGED,989.16,2024-05-03 21:58:52,2024-05-03 21:58:52
SRC_RETURN_B002_000000905,R000022204,O000089753,C0039814,2024-04-27 21:40:42,COMPLETED,UNWANTED,3752.29,2024-04-27 21:40:42,2024-04-27 21:40:42
SRC_RETURN_B002_000000906,R000022205,O000042561,C0042788,2024-09-09 12:08:13,COMPLETED,UNWANTED,303.47,2024-09-09 12:08:13,2024-09-09 12:08:13
SRC_RETURN_B002_000000907,R000022206,O000100038,C0015488,2026-04-27 09:18:16,COMPLETED,WRONG_ITEM,358.75,2026-04-27 09:18:16,2026-04-27 09:18:16
SRC_RETURN_B002_000000908,R000022207,O000011453,C0046330,2026-09-08 15:47:38,COMPLETED,WRONG_ITEM,2473.38,2026-09-08 15:47:38,2026-09-08 15:47:38
SRC_RETURN_B002_000000909,R000022208,O000008812,C0014150,2024-02-24 19:21:28,COMPLETED,UNWANTED,1238.67,2024-02-24 19:21:28,2024-02-24 19:21:28
SRC_RETURN_B002_000000910,R000022209,O000101777,C0016989,2026-07-23 12:18:48,COMPLETED,WRONG_ITEM,212.64,2026-07-23 12:18:48,2026-07-23 12:18:48
SRC_RETURN_B002_000000911,R000022210,O000048226,C0025807,2026-04-02 19:21:24,COMPLETED,UNWANTED,247.00,2026-04-02 19:21:24,2026-04-02 19:21:24
SRC_RETURN_B002_000000912,R000022211,O000069801,C0022014,2025-10-21 15:26:37,COMPLETED,LATE_DELIVERY,1342.90,2025-10-21 15:26:37,2025-10-21 15:26:37
SRC_RETURN_B002_000000913,R000022212,O000018041,C0048933,2025-10-24 05:10:11,COMPLETED,UNWANTED,250.57,2025-10-24 05:10:11,2025-10-24 05:10:11
SRC_RETURN_B002_000000914,R000022213,O000020600,C0034409,2025-08-04 16:35:06,COMPLETED,DEFECTIVE,646.62,2025-08-04 16:35:06,2025-08-04 16:35:06
SRC_RETURN_B002_000000915,R000022214,O000041131,C0012647,2024-12-05 01:48:01,COMPLETED,WRONG_ITEM,1301.78,2024-12-05 01:48:01,2024-12-05 01:48:01
SRC_RETURN_B002_000000916,R000022215,O000090439,C0049080,2026-06-28 03:57:50,COMPLETED,WRONG_ITEM,2922.29,2026-06-28 03:57:50,2026-06-28 03:57:50
SRC_RETURN_B002_000000917,R000022216,O000116583,C0022471,2025-11-06 23:54:42,COMPLETED,DAMAGED,370.55,2025-11-06 23:54:42,2025-11-06 23:54:42
SRC_RETURN_B002_000000918,R000022217,O000049358,C0043928,2024-12-29 11:34:46,COMPLETED,LATE_DELIVERY,1824.20,2024-12-29 11:34:46,2024-12-29 11:34:46
SRC_RETURN_B002_000000919,R000022218,O000081346,C0030513,2026-07-26 00:10:57,COMPLETED,SIZE_FIT,689.23,2026-07-26 00:10:57,2026-07-26 00:10:57
SRC_RETURN_B002_000000920,R000022219,O000075702,C0042475,2024-12-19 12:22:33,COMPLETED,SIZE_FIT,401.41,2024-12-19 12:22:33,2024-12-19 12:22:33
SRC_RETURN_B002_000000921,R000022220,O000090110,C0040389,2025-08-13 00:52:03,COMPLETED,DEFECTIVE,396.17,2025-08-13 00:52:03,2025-08-13 00:52:03
SRC_RETURN_B002_000000922,R000022221,O000100288,C0024263,2024-07-18 11:36:13,COMPLETED,DEFECTIVE,444.04,2024-07-18 11:36:13,2024-07-18 11:36:13
SRC_RETURN_B002_000000923,R000022222,O000020559,C0036275,2025-03-08 05:27:10,COMPLETED,DAMAGED,1692.44,2025-03-08 05:27:10,2025-03-08 05:27:10
SRC_RETURN_B002_000000924,R000022223,O000064012,C0042064,2026-03-23 22:49:50,COMPLETED,SIZE_FIT,2565.73,2026-03-23 22:49:50,2026-03-23 22:49:50
SRC_RETURN_B002_000000925,R000022224,O000031192,C0000698,2025-02-12 11:43:46,COMPLETED,WRONG_ITEM,810.65,2025-02-12 11:43:46,2025-02-12 11:43:46
SRC_RETURN_B002_000000926,R000022225,O000086876,C0024100,2026-01-11 00:44:59,COMPLETED,UNWANTED,1051.65,2026-01-11 00:44:59,2026-01-11 00:44:59
SRC_RETURN_B002_000000927,R000022226,O000079972,C0012123,2025-12-17 13:49:23,COMPLETED,SIZE_FIT,1031.56,2025-12-17 13:49:23,2025-12-17 13:49:23
SRC_RETURN_B002_000000928,R000022227,O000004555,C0037757,2026-06-29 14:02:05,COMPLETED,DAMAGED,1931.59,2026-06-29 14:02:05,2026-06-29 14:02:05
SRC_RETURN_B002_000000929,R000022228,O000001470,C0042287,2025-07-17 16:39:52,COMPLETED,SIZE_FIT,354.62,2025-07-17 16:39:52,2025-07-17 16:39:52
SRC_RETURN_B002_000000930,R000022229,O000004713,C0045792,2025-11-12 06:25:08,COMPLETED,LATE_DELIVERY,1110.55,2025-11-12 06:25:08,2025-11-12 06:25:08
SRC_RETURN_B002_000000931,R000022230,O000065264,C0048745,2024-12-19 17:05:56,COMPLETED,DEFECTIVE,1089.57,2024-12-19 17:05:56,2024-12-19 17:05:56
SRC_RETURN_B002_000000932,R000022231,O000070432,C0005459,2025-09-30 05:27:33,COMPLETED,WRONG_ITEM,920.48,2025-09-30 05:27:33,2025-09-30 05:27:33
SRC_RETURN_B002_000000933,R000022232,O000050381,C0015189,2025-01-08 19:33:02,COMPLETED,UNWANTED,599.55,2025-01-08 19:33:02,2025-01-08 19:33:02
SRC_RETURN_B002_000000934,R000022233,O000052236,C0016923,2026-09-03 11:40:15,COMPLETED,DAMAGED,1138.12,2026-09-03 11:40:15,2026-09-03 11:40:15
SRC_RETURN_B002_000000935,R000022234,O000074180,C0038081,2024-08-18 22:03:56,COMPLETED,SIZE_FIT,373.17,2024-08-18 22:03:56,2024-08-18 22:03:56
SRC_RETURN_B002_000000936,R000022235,O000051226,C0022105,2026-05-08 17:44:32,COMPLETED,WRONG_ITEM,4245.91,2026-05-08 17:44:32,2026-05-08 17:44:32
SRC_RETURN_B002_000000937,R000022236,O000106663,C0038598,2024-12-04 18:34:35,COMPLETED,UNWANTED,4332.04,2024-12-04 18:34:35,2024-12-04 18:34:35
SRC_RETURN_B002_000000938,R000022237,O000103509,C0017542,2024-09-28 09:15:29,COMPLETED,WRONG_ITEM,1302.80,2024-09-28 09:15:29,2024-09-28 09:15:29
SRC_RETURN_B002_000000939,R000022238,O000078459,C0040039,2026-04-24 20:48:44,COMPLETED,SIZE_FIT,1856.80,2026-04-24 20:48:44,2026-04-24 20:48:44
SRC_RETURN_B002_000000940,R000022239,O000035667,C0018664,2025-10-05 10:04:19,COMPLETED,DEFECTIVE,3846.75,2025-10-05 10:04:19,2025-10-05 10:04:19
SRC_RETURN_B002_000000941,R000022240,O000027789,C0040887,2024-04-14 09:23:40,COMPLETED,UNWANTED,1535.18,2024-04-14 09:23:40,2024-04-14 09:23:40
SRC_RETURN_B002_000000942,R000022241,O000074104,C0024247,2024-07-16 14:14:30,COMPLETED,UNWANTED,765.30,2024-07-16 14:14:30,2024-07-16 14:14:30
SRC_RETURN_B002_000000943,R000022242,O000064953,C0034498,2025-04-09 00:26:41,COMPLETED,DEFECTIVE,2262.67,2025-04-09 00:26:41,2025-04-09 00:26:41
SRC_RETURN_B002_000000944,R000022243,O000060499,C0049875,2026-03-08 07:34:35,COMPLETED,UNWANTED,1152.72,2026-03-08 07:34:35,2026-03-08 07:34:35
SRC_RETURN_B002_000000945,R000022244,O000091681,C0010579,2026-06-17 15:30:09,COMPLETED,DEFECTIVE,2729.23,2026-06-17 15:30:09,2026-06-17 15:30:09
SRC_RETURN_B002_000000946,R000022245,O000019669,C0025302,2025-05-23 08:26:54,COMPLETED,WRONG_ITEM,937.51,2025-05-23 08:26:54,2025-05-23 08:26:54
SRC_RETURN_B002_000000947,R000022246,O000084474,C0044989,2025-09-12 11:43:46,COMPLETED,WRONG_ITEM,1786.84,2025-09-12 11:43:46,2025-09-12 11:43:46
SRC_RETURN_B002_000000948,R000022247,O000102118,C0032248,2025-02-16 10:30:31,COMPLETED,DEFECTIVE,517.54,2025-02-16 10:30:31,2025-02-16 10:30:31
SRC_RETURN_B002_000000949,R000022248,O000010032,C0024807,2025-04-02 21:51:44,COMPLETED,LATE_DELIVERY,1848.06,2025-04-02 21:51:44,2025-04-02 21:51:44
SRC_RETURN_B002_000000950,R000022249,O000081485,C0014487,2025-04-25 07:45:32,COMPLETED,DEFECTIVE,939.80,2025-04-25 07:45:32,2025-04-25 07:45:32
SRC_RETURN_B002_000000951,R000022250,O000031627,C0007742,2024-11-14 15:15:27,COMPLETED,LATE_DELIVERY,247.00,2024-11-14 15:15:27,2024-11-14 15:15:27
SRC_RETURN_B002_000000952,R000022251,O000120715,C0032785,2025-08-11 10:58:07,COMPLETED,WRONG_ITEM,1189.69,2025-08-11 10:58:07,2025-08-11 10:58:07
SRC_RETURN_B002_000000953,R000022252,O000068548,C0017367,2026-09-06 12:39:09,COMPLETED,WRONG_ITEM,641.66,2026-09-06 12:39:09,2026-09-06 12:39:09
SRC_RETURN_B002_000000954,R000022253,O000012237,C0029963,2024-12-05 06:47:58,COMPLETED,SIZE_FIT,1727.98,2024-12-05 06:47:58,2024-12-05 06:47:58
SRC_RETURN_B002_000000955,R000022254,O000117254,C0013572,2025-12-25 13:42:35,COMPLETED,SIZE_FIT,1682.00,2025-12-25 13:42:35,2025-12-25 13:42:35
SRC_RETURN_B002_000000956,R000022255,O000021765,C0005627,2025-12-03 13:40:30,COMPLETED,SIZE_FIT,357.38,2025-12-03 13:40:30,2025-12-03 13:40:30
SRC_RETURN_B002_000000957,R000022256,O000077179,C0024944,2025-12-31 13:09:52,COMPLETED,UNWANTED,769.82,2025-12-31 13:09:52,2025-12-31 13:09:52
SRC_RETURN_B002_000000958,R000022257,O000042188,C0020617,2024-08-30 06:16:50,COMPLETED,WRONG_ITEM,716.86,2024-08-30 06:16:50,2024-08-30 06:16:50
SRC_RETURN_B002_000000959,R000022258,O000113262,C0031716,2024-11-20 04:27:07,COMPLETED,SIZE_FIT,1013.75,2024-11-20 04:27:07,2024-11-20 04:27:07
SRC_RETURN_B002_000000960,R000022259,O000025904,C0040659,2026-03-26 00:44:25,COMPLETED,LATE_DELIVERY,3526.00,2026-03-26 00:44:25,2026-03-26 00:44:25
SRC_RETURN_B002_000000961,R000022260,O000088825,C0038009,2024-07-31 00:57:59,COMPLETED,WRONG_ITEM,2088.49,2024-07-31 00:57:59,2024-07-31 00:57:59
SRC_RETURN_B002_000000962,R000022261,O000007830,C0040501,2025-02-13 08:23:49,COMPLETED,SIZE_FIT,6427.11,2025-02-13 08:23:49,2025-02-13 08:23:49
SRC_RETURN_B002_000000963,R000022262,O000091500,C0029332,2026-01-20 11:50:31,COMPLETED,SIZE_FIT,1417.75,2026-01-20 11:50:31,2026-01-20 11:50:31
SRC_RETURN_B002_000000964,R000022263,O000007493,C0019314,2025-02-24 17:24:45,COMPLETED,UNWANTED,63.37,2025-02-24 17:24:45,2025-02-24 17:24:45
SRC_RETURN_B002_000000965,R000022264,O000088857,C0016782,2024-11-17 01:05:52,COMPLETED,LATE_DELIVERY,391.32,2024-11-17 01:05:52,2024-11-17 01:05:52
SRC_RETURN_B002_000000966,R000022265,O000000578,C0041416,2026-09-15 04:21:49,COMPLETED,LATE_DELIVERY,1664.56,2026-09-15 04:21:49,2026-09-15 04:21:49
SRC_RETURN_B002_000000967,R000022266,O000073245,C0028067,2025-09-26 05:47:07,COMPLETED,DEFECTIVE,1158.95,2025-09-26 05:47:07,2025-09-26 05:47:07
SRC_RETURN_B002_000000968,R000022267,O000069704,C0042217,2025-08-03 17:47:22,COMPLETED,UNWANTED,1705.92,2025-08-03 17:47:22,2025-08-03 17:47:22
SRC_RETURN_B002_000000969,R000022268,O000059476,C0006002,2024-03-27 16:33:30,COMPLETED,DAMAGED,862.52,2024-03-27 16:33:30,2024-03-27 16:33:30
SRC_RETURN_B002_000000970,R000022269,O000090354,C0023434,2025-12-07 10:34:59,COMPLETED,WRONG_ITEM,2274.83,2025-12-07 10:34:59,2025-12-07 10:34:59
SRC_RETURN_B002_000000971,R000022270,O000068708,C0034320,2024-10-14 22:24:07,COMPLETED,WRONG_ITEM,1236.53,2024-10-14 22:24:07,2024-10-14 22:24:07
SRC_RETURN_B002_000000972,R000022271,O000016865,C0015324,2025-11-28 08:15:11,COMPLETED,DEFECTIVE,1269.51,2025-11-28 08:15:11,2025-11-28 08:15:11
SRC_RETURN_B002_000000973,R000022272,O000090001,C0039488,2024-09-17 19:32:56,COMPLETED,UNWANTED,989.16,2024-09-17 19:32:56,2024-09-17 19:32:56
SRC_RETURN_B002_000000974,R000022273,O000001828,C0032476,2026-03-07 11:55:59,COMPLETED,DEFECTIVE,272.59,2026-03-07 11:55:59,2026-03-07 11:55:59
SRC_RETURN_B002_000000975,R000022274,O000049166,C0049341,2024-11-22 00:24:29,COMPLETED,DEFECTIVE,2153.61,2024-11-22 00:24:29,2024-11-22 00:24:29
SRC_RETURN_B002_000000976,R000022275,O000054811,C0028439,2026-07-23 23:13:35,COMPLETED,DAMAGED,228.98,2026-07-23 23:13:35,2026-07-23 23:13:35
SRC_RETURN_B002_000000977,R000022276,O000073548,C0002233,2024-11-05 08:37:39,COMPLETED,LATE_DELIVERY,466.37,2024-11-05 08:37:39,2024-11-05 08:37:39
SRC_RETURN_B002_000000978,R000022277,O000019400,C0000371,2026-10-13 14:08:51,COMPLETED,DAMAGED,725.36,2026-10-13 14:08:51,2026-10-13 14:08:51
SRC_RETURN_B002_000000979,R000022278,O000079730,C0042822,2025-09-06 15:45:57,COMPLETED,SIZE_FIT,206.47,2025-09-06 15:45:57,2025-09-06 15:45:57
SRC_RETURN_B002_000000980,R000022279,O000058671,C0003043,2026-09-06 19:15:54,COMPLETED,DAMAGED,1335.00,2026-09-06 19:15:54,2026-09-06 19:15:54
SRC_RETURN_B002_000000981,R000022280,O000060640,C0029659,2025-04-01 12:53:10,COMPLETED,DEFECTIVE,404.77,2025-04-01 12:53:10,2025-04-01 12:53:10
SRC_RETURN_B002_000000982,R000022281,O000046291,C0006269,2024-08-11 04:11:08,COMPLETED,DAMAGED,603.38,2024-08-11 04:11:08,2024-08-11 04:11:08
SRC_RETURN_B002_000000983,R000022282,O000085516,C0024940,2024-10-16 06:40:21,COMPLETED,WRONG_ITEM,4474.98,2024-10-16 06:40:21,2024-10-16 06:40:21
SRC_RETURN_B002_000000984,R000022283,O000045899,C0011159,2024-04-24 13:06:00,COMPLETED,DEFECTIVE,697.91,2024-04-24 13:06:00,2024-04-24 13:06:00
SRC_RETURN_B002_000000985,R000022284,O000037080,C0033227,2026-04-07 10:32:03,COMPLETED,DEFECTIVE,1968.01,2026-04-07 10:32:03,2026-04-07 10:32:03
SRC_RETURN_B002_000000986,R000022285,O000034498,C0034736,2026-01-22 09:32:25,COMPLETED,DEFECTIVE,26.27,2026-01-22 09:32:25,2026-01-22 09:32:25
SRC_RETURN_B002_000000987,R000022286,O000081756,C0042636,2025-10-29 07:34:34,COMPLETED,LATE_DELIVERY,1871.51,2025-10-29 07:34:34,2025-10-29 07:34:34
SRC_RETURN_B002_000000988,R000022287,O000054652,C0026142,2025-11-21 11:51:31,COMPLETED,SIZE_FIT,1800.56,2025-11-21 11:51:31,2025-11-21 11:51:31
SRC_RETURN_B002_000000989,R000022288,O000068954,C0046082,2025-03-18 16:23:09,COMPLETED,SIZE_FIT,2265.81,2025-03-18 16:23:09,2025-03-18 16:23:09
SRC_RETURN_B002_000000990,R000022289,O000010744,C0021106,2024-03-11 14:15:00,COMPLETED,DAMAGED,470.84,2024-03-11 14:15:00,2024-03-11 14:15:00
SRC_RETURN_B002_000000991,R000022290,O000059340,C0004876,2026-07-23 18:25:15,COMPLETED,LATE_DELIVERY,1443.49,2026-07-23 18:25:15,2026-07-23 18:25:15
SRC_RETURN_B002_000000992,R000022291,O000048866,C0046741,2026-05-11 14:45:41,COMPLETED,DAMAGED,1069.82,2026-05-11 14:45:41,2026-05-11 14:45:41
SRC_RETURN_B002_000000993,R000022292,O000091112,C0007773,2024-07-02 17:37:13,COMPLETED,UNWANTED,888.51,2024-07-02 17:37:13,2024-07-02 17:37:13
SRC_RETURN_B002_000000994,R000022293,O000111263,C0014801,2026-02-18 16:26:56,COMPLETED,LATE_DELIVERY,90.17,2026-02-18 16:26:56,2026-02-18 16:26:56
SRC_RETURN_B002_000000995,R000022294,O000083773,C0022607,2024-11-14 03:20:55,COMPLETED,DEFECTIVE,2234.74,2024-11-14 03:20:55,2024-11-14 03:20:55
SRC_RETURN_B002_000000996,R000022295,O000028624,C0003677,2026-07-16 14:38:36,COMPLETED,LATE_DELIVERY,657.48,2026-07-16 14:38:36,2026-07-16 14:38:36
SRC_RETURN_B002_000000997,R000022296,O000050687,C0033513,2024-08-14 00:21:50,COMPLETED,DEFECTIVE,27.80,2024-08-14 00:21:50,2024-08-14 00:21:50
SRC_RETURN_B002_000000998,R000022297,O000076000,C0040746,2024-10-24 09:56:22,COMPLETED,LATE_DELIVERY,750.48,2024-10-24 09:56:22,2024-10-24 09:56:22
SRC_RETURN_B002_000000999,R000022298,O000022018,C0026575,2025-07-20 10:01:45,COMPLETED,DEFECTIVE,796.41,2025-07-20 10:01:45,2025-07-20 10:01:45
SRC_RETURN_B002_000001000,R000022299,O000046044,C0016405,2025-03-13 14:24:54,COMPLETED,DEFECTIVE,2140.18,2025-03-13 14:24:54,2025-03-13 14:24:54
SRC_RETURN_B002_000001001,R000022300,O000088143,C0018492,2025-09-30 09:53:06,COMPLETED,UNWANTED,375.92,2025-09-30 09:53:06,2025-09-30 09:53:06
SRC_RETURN_B002_000001002,R000022301,O000052838,C0008664,2025-03-27 06:10:47,COMPLETED,DAMAGED,193.78,2025-03-27 06:10:47,2025-03-27 06:10:47
SRC_RETURN_B002_000001003,R000022302,O000102804,C0039432,2025-08-08 09:49:03,COMPLETED,WRONG_ITEM,273.55,2025-08-08 09:49:03,2025-08-08 09:49:03
SRC_RETURN_B002_000001004,R000022303,O000120143,C0009693,2024-10-07 05:24:24,COMPLETED,WRONG_ITEM,741.26,2024-10-07 05:24:24,2024-10-07 05:24:24
SRC_RETURN_B002_000001005,R000022304,O000051065,C0017702,2026-09-28 10:14:02,COMPLETED,WRONG_ITEM,170.35,2026-09-28 10:14:02,2026-09-28 10:14:02
SRC_RETURN_B002_000001006,R000022305,O000108151,C0045630,2024-08-20 16:24:48,COMPLETED,SIZE_FIT,729.67,2024-08-20 16:24:48,2024-08-20 16:24:48
SRC_RETURN_B002_000001007,R000022306,O000046151,C0036360,2025-10-15 07:21:04,COMPLETED,DAMAGED,221.46,2025-10-15 07:21:04,2025-10-15 07:21:04
SRC_RETURN_B002_000001008,R000022307,O000101480,C0046056,2026-02-05 11:30:07,COMPLETED,SIZE_FIT,123.41,2026-02-05 11:30:07,2026-02-05 11:30:07
SRC_RETURN_B002_000001009,R000022308,O000037967,C0049256,2026-04-09 06:48:27,COMPLETED,DAMAGED,989.00,2026-04-09 06:48:27,2026-04-09 06:48:27
SRC_RETURN_B002_000001010,R000022309,O000016466,C0014497,2024-09-03 11:27:45,COMPLETED,WRONG_ITEM,913.14,2024-09-03 11:27:45,2024-09-03 11:27:45
SRC_RETURN_B002_000001011,R000022310,O000038796,C0021461,2024-12-24 15:09:57,COMPLETED,DEFECTIVE,825.75,2024-12-24 15:09:57,2024-12-24 15:09:57
SRC_RETURN_B002_000001012,R000022311,O000119835,C0025749,2026-03-12 00:56:01,COMPLETED,WRONG_ITEM,809.37,2026-03-12 00:56:01,2026-03-12 00:56:01
SRC_RETURN_B002_000001013,R000022312,O000028658,C0003516,2024-02-04 13:18:04,COMPLETED,DEFECTIVE,1842.47,2024-02-04 13:18:04,2024-02-04 13:18:04
SRC_RETURN_B002_000001014,R000022313,O000022534,C0044069,2025-03-01 23:15:43,COMPLETED,WRONG_ITEM,430.66,2025-03-01 23:15:43,2025-03-01 23:15:43
SRC_RETURN_B002_000001015,R000022314,O000119128,C0039392,2025-04-28 18:00:16,COMPLETED,DEFECTIVE,4.73,2025-04-28 18:00:16,2025-04-28 18:00:16
SRC_RETURN_B002_000001016,R000022315,O000025770,C0004541,2026-05-28 21:42:05,COMPLETED,DAMAGED,232.42,2026-05-28 21:42:05,2026-05-28 21:42:05
SRC_RETURN_B002_000001017,R000022316,O000065520,C0030544,2024-07-28 11:45:13,COMPLETED,UNWANTED,1332.46,2024-07-28 11:45:13,2024-07-28 11:45:13
SRC_RETURN_B002_000001018,R000022317,O000049848,C0042346,2026-05-11 08:16:07,COMPLETED,DAMAGED,1109.23,2026-05-11 08:16:07,2026-05-11 08:16:07
SRC_RETURN_B002_000001019,R000022318,O000110498,C0003757,2024-12-14 02:06:50,COMPLETED,LATE_DELIVERY,699.48,2024-12-14 02:06:50,2024-12-14 02:06:50
SRC_RETURN_B002_000001020,R000022319,O000118240,C0027846,2025-12-13 10:05:32,COMPLETED,UNWANTED,489.91,2025-12-13 10:05:32,2025-12-13 10:05:32
SRC_RETURN_B002_000001021,R000022320,O000021923,C0044775,2025-09-25 09:32:08,COMPLETED,DAMAGED,916.30,2025-09-25 09:32:08,2025-09-25 09:32:08
SRC_RETURN_B002_000001022,R000022321,O000023329,C0013650,2025-12-18 09:19:04,COMPLETED,SIZE_FIT,2726.39,2025-12-18 09:19:04,2025-12-18 09:19:04
SRC_RETURN_B002_000001023,R000022322,O000051500,C0029960,2026-09-18 15:59:59,COMPLETED,WRONG_ITEM,1365.43,2026-09-18 15:59:59,2026-09-18 15:59:59
SRC_RETURN_B002_000001024,R000022323,O000063506,C0021823,2025-02-03 05:30:04,COMPLETED,UNWANTED,266.16,2025-02-03 05:30:04,2025-02-03 05:30:04
SRC_RETURN_B002_000001025,R000022324,O000082197,C0026150,2024-11-24 18:32:35,COMPLETED,SIZE_FIT,1627.63,2024-11-24 18:32:35,2024-11-24 18:32:35
SRC_RETURN_B002_000001026,R000022325,O000068037,C0034473,2025-08-25 07:52:00,COMPLETED,LATE_DELIVERY,4973.83,2025-08-25 07:52:00,2025-08-25 07:52:00
SRC_RETURN_B002_000001027,R000022326,O000050346,C0023664,2024-12-24 16:06:26,COMPLETED,DAMAGED,1916.57,2024-12-24 16:06:26,2024-12-24 16:06:26
SRC_RETURN_B002_000001028,R000022327,O000086111,C0011297,2026-04-29 05:51:54,COMPLETED,LATE_DELIVERY,2730.04,2026-04-29 05:51:54,2026-04-29 05:51:54
SRC_RETURN_B002_000001029,R000022328,O000006841,C0033180,2024-09-27 01:47:05,COMPLETED,LATE_DELIVERY,668.74,2024-09-27 01:47:05,2024-09-27 01:47:05
SRC_RETURN_B002_000001030,R000022329,O000061070,C0047359,2026-01-05 08:09:28,COMPLETED,DEFECTIVE,1151.12,2026-01-05 08:09:28,2026-01-05 08:09:28
SRC_RETURN_B002_000001031,R000022330,O000089050,C0022773,2025-09-17 04:36:45,COMPLETED,LATE_DELIVERY,3580.65,2025-09-17 04:36:45,2025-09-17 04:36:45
SRC_RETURN_B002_000001032,R000022331,O000042243,C0028482,2024-07-07 02:55:51,COMPLETED,WRONG_ITEM,415.18,2024-07-07 02:55:51,2024-07-07 02:55:51
SRC_RETURN_B002_000001033,R000022332,O000115525,C0039186,2024-12-16 10:39:56,COMPLETED,WRONG_ITEM,111.98,2024-12-16 10:39:56,2024-12-16 10:39:56
SRC_RETURN_B002_000001034,R000022333,O000071627,C0035745,2024-09-06 11:04:42,COMPLETED,LATE_DELIVERY,927.31,2024-09-06 11:04:42,2024-09-06 11:04:42
SRC_RETURN_B002_000001035,R000022334,O000110795,C0048307,2026-02-21 06:36:27,COMPLETED,UNWANTED,401.41,2026-02-21 06:36:27,2026-02-21 06:36:27
SRC_RETURN_B002_000001036,R000022335,O000082164,C0038125,2025-06-19 17:21:37,COMPLETED,UNWANTED,2738.67,2025-06-19 17:21:37,2025-06-19 17:21:37
SRC_RETURN_B002_000001037,R000022336,O000005380,C0032654,2025-07-01 11:54:46,COMPLETED,LATE_DELIVERY,2351.63,2025-07-01 11:54:46,2025-07-01 11:54:46
SRC_RETURN_B002_000001038,R000022337,O000028367,C0041941,2026-01-02 11:22:39,COMPLETED,SIZE_FIT,421.12,2026-01-02 11:22:39,2026-01-02 11:22:39
SRC_RETURN_B002_000001039,R000022338,O000060884,C0023745,2025-07-25 08:16:54,COMPLETED,SIZE_FIT,618.25,2025-07-25 08:16:54,2025-07-25 08:16:54
SRC_RETURN_B002_000001040,R000022339,O000055117,C0015543,2026-07-15 07:38:16,COMPLETED,SIZE_FIT,2002.20,2026-07-15 07:38:16,2026-07-15 07:38:16
SRC_RETURN_B002_000001041,R000022340,O000119276,C0034915,2025-09-26 07:09:34,COMPLETED,WRONG_ITEM,1385.10,2025-09-26 07:09:34,2025-09-26 07:09:34
SRC_RETURN_B002_000001042,R000022341,O000093923,C0040075,2025-05-08 10:26:35,COMPLETED,WRONG_ITEM,1446.57,2025-05-08 10:26:35,2025-05-08 10:26:35
SRC_RETURN_B002_000001043,R000022342,O000082553,C0013644,2024-10-25 15:11:32,COMPLETED,DEFECTIVE,3403.25,2024-10-25 15:11:32,2024-10-25 15:11:32
SRC_RETURN_B002_000001044,R000022343,O000058624,C0016899,2026-02-20 23:49:56,COMPLETED,WRONG_ITEM,1162.21,2026-02-20 23:49:56,2026-02-20 23:49:56
SRC_RETURN_B002_000001045,R000022344,O000023110,C0013737,2024-12-10 00:55:33,COMPLETED,DAMAGED,860.73,2024-12-10 00:55:33,2024-12-10 00:55:33
SRC_RETURN_B002_000001046,R000022345,O000049236,C0001631,2026-08-07 05:34:37,COMPLETED,LATE_DELIVERY,885.38,2026-08-07 05:34:37,2026-08-07 05:34:37
SRC_RETURN_B002_000001047,R000022346,O000004732,C0021038,2024-11-25 17:41:19,COMPLETED,DAMAGED,1411.90,2024-11-25 17:41:19,2024-11-25 17:41:19
SRC_RETURN_B002_000001048,R000022347,O000021805,C0036455,2024-02-01 05:17:09,COMPLETED,DAMAGED,290.57,2024-02-01 05:17:09,2024-02-01 05:17:09
SRC_RETURN_B002_000001049,R000022348,O000116310,C0015108,2024-05-21 07:51:51,COMPLETED,UNWANTED,1169.90,2024-05-21 07:51:51,2024-05-21 07:51:51
SRC_RETURN_B002_000001050,R000022349,O000104536,C0049167,2024-09-23 10:35:57,COMPLETED,LATE_DELIVERY,1064.35,2024-09-23 10:35:57,2024-09-23 10:35:57
SRC_RETURN_B002_000001051,R000022350,O000024894,C0031520,2024-12-14 17:58:57,COMPLETED,DAMAGED,1179.42,2024-12-14 17:58:57,2024-12-14 17:58:57
SRC_RETURN_B002_000001052,R000022351,O000011447,C0013065,2026-09-10 07:46:16,COMPLETED,WRONG_ITEM,1636.54,2026-09-10 07:46:16,2026-09-10 07:46:16
SRC_RETURN_B002_000001053,R000022352,O000120050,C0043949,2025-10-07 23:42:07,COMPLETED,DAMAGED,637.38,2025-10-07 23:42:07,2025-10-07 23:42:07
SRC_RETURN_B002_000001054,R000022353,O000064082,C0027546,2025-08-30 01:13:38,COMPLETED,DEFECTIVE,2541.85,2025-08-30 01:13:38,2025-08-30 01:13:38
SRC_RETURN_B002_000001055,R000022354,O000048039,C0044353,2025-04-02 02:50:18,COMPLETED,DAMAGED,405.07,2025-04-02 02:50:18,2025-04-02 02:50:18
SRC_RETURN_B002_000001056,R000022355,O000033998,C0024273,2026-04-15 07:32:30,COMPLETED,WRONG_ITEM,1116.90,2026-04-15 07:32:30,2026-04-15 07:32:30
SRC_RETURN_B002_000001057,R000022356,O000035589,C0038353,2026-03-26 06:09:49,COMPLETED,WRONG_ITEM,901.64,2026-03-26 06:09:49,2026-03-26 06:09:49
SRC_RETURN_B002_000001058,R000022357,O000014307,C0019137,2024-12-10 09:04:51,COMPLETED,UNWANTED,1417.45,2024-12-10 09:04:51,2024-12-10 09:04:51
SRC_RETURN_B002_000001059,R000022358,O000066828,C0006517,2024-05-16 16:13:54,COMPLETED,LATE_DELIVERY,2657.34,2024-05-16 16:13:54,2024-05-16 16:13:54
SRC_RETURN_B002_000001060,R000022359,O000051478,C0007341,2024-07-02 17:16:57,COMPLETED,DAMAGED,186.70,2024-07-02 17:16:57,2024-07-02 17:16:57
SRC_RETURN_B002_000001061,R000022360,O000045822,C0029988,2026-01-27 09:06:04,COMPLETED,DAMAGED,368.14,2026-01-27 09:06:04,2026-01-27 09:06:04
SRC_RETURN_B002_000001062,R000022361,O000049064,C0005576,2026-09-18 14:21:22,COMPLETED,UNWANTED,2089.68,2026-09-18 14:21:22,2026-09-18 14:21:22
SRC_RETURN_B002_000001063,R000022362,O000082671,C0002261,2024-03-10 14:21:11,COMPLETED,SIZE_FIT,792.68,2024-03-10 14:21:11,2024-03-10 14:21:11
SRC_RETURN_B002_000001064,R000022363,O000032248,C0041962,2025-04-11 00:16:58,COMPLETED,DAMAGED,1011.79,2025-04-11 00:16:58,2025-04-11 00:16:58
SRC_RETURN_B002_000001065,R000022364,O000048978,C0047772,2025-06-06 19:28:54,COMPLETED,WRONG_ITEM,870.17,2025-06-06 19:28:54,2025-06-06 19:28:54
SRC_RETURN_B002_000001066,R000022365,O000068063,C0043378,2025-07-28 15:21:29,COMPLETED,UNWANTED,872.31,2025-07-28 15:21:29,2025-07-28 15:21:29
SRC_RETURN_B002_000001067,R000022366,O000073926,C0041599,2026-04-12 06:59:19,COMPLETED,DAMAGED,192.54,2026-04-12 06:59:19,2026-04-12 06:59:19
SRC_RETURN_B002_000001068,R000022367,O000087919,C0045734,2024-09-04 09:29:17,COMPLETED,WRONG_ITEM,1012.88,2024-09-04 09:29:17,2024-09-04 09:29:17
SRC_RETURN_B002_000001069,R000022368,O000109936,C0001363,2025-09-19 23:10:08,COMPLETED,SIZE_FIT,549.77,2025-09-19 23:10:08,2025-09-19 23:10:08
SRC_RETURN_B002_000001070,R000022369,O000009614,C0043779,2024-09-14 18:58:54,COMPLETED,UNWANTED,428.90,2024-09-14 18:58:54,2024-09-14 18:58:54
SRC_RETURN_B002_000001071,R000022370,O000002445,C0033879,2024-05-17 08:39:52,COMPLETED,UNWANTED,2539.79,2024-05-17 08:39:52,2024-05-17 08:39:52
SRC_RETURN_B002_000001072,R000022371,O000117469,C0045934,2026-07-14 08:35:11,COMPLETED,DAMAGED,844.08,2026-07-14 08:35:11,2026-07-14 08:35:11
SRC_RETURN_B002_000001073,R000022372,O000104361,C0028810,2026-05-18 18:58:07,COMPLETED,SIZE_FIT,1065.06,2026-05-18 18:58:07,2026-05-18 18:58:07
SRC_RETURN_B002_000001074,R000022373,O000037344,C0017902,2025-01-25 09:28:21,COMPLETED,SIZE_FIT,1300.35,2025-01-25 09:28:21,2025-01-25 09:28:21
SRC_RETURN_B002_000001075,R000022374,O000099281,C0034049,2024-06-23 01:48:25,COMPLETED,SIZE_FIT,3271.23,2024-06-23 01:48:25,2024-06-23 01:48:25
SRC_RETURN_B002_000001076,R000022375,O000087243,C0008164,2024-04-17 16:56:41,COMPLETED,WRONG_ITEM,1734.14,2024-04-17 16:56:41,2024-04-17 16:56:41
SRC_RETURN_B002_000001077,R000022376,O000013140,C0021483,2024-08-06 01:07:55,COMPLETED,SIZE_FIT,2171.33,2024-08-06 01:07:55,2024-08-06 01:07:55
SRC_RETURN_B002_000001078,R000022377,O000003875,C0027117,2024-08-22 06:38:06,COMPLETED,DAMAGED,3196.11,2024-08-22 06:38:06,2024-08-22 06:38:06
SRC_RETURN_B002_000001079,R000022378,O000026572,C0004374,2024-11-08 09:18:21,COMPLETED,DEFECTIVE,475.48,2024-11-08 09:18:21,2024-11-08 09:18:21
SRC_RETURN_B002_000001080,R000022379,O000105370,C0047359,2024-08-08 17:47:12,COMPLETED,UNWANTED,405.33,2024-08-08 17:47:12,2024-08-08 17:47:12
SRC_RETURN_B002_000001081,R000022380,O000053557,C0034034,2025-10-15 02:04:54,COMPLETED,UNWANTED,886.51,2025-10-15 02:04:54,2025-10-15 02:04:54
SRC_RETURN_B002_000001082,R000022381,O000014696,C0016596,2024-03-15 01:21:02,COMPLETED,WRONG_ITEM,499.31,2024-03-15 01:21:02,2024-03-15 01:21:02
SRC_RETURN_B002_000001083,R000022382,O000031262,C0026199,2024-01-28 03:59:28,COMPLETED,UNWANTED,3723.66,2024-01-28 03:59:28,2024-01-28 03:59:28
SRC_RETURN_B002_000001084,R000022383,O000071684,C0004394,2026-03-31 03:44:42,COMPLETED,DEFECTIVE,1244.94,2026-03-31 03:44:42,2026-03-31 03:44:42
SRC_RETURN_B002_000001085,R000022384,O000107398,C0005314,2025-04-14 11:54:43,COMPLETED,LATE_DELIVERY,435.07,2025-04-14 11:54:43,2025-04-14 11:54:43
SRC_RETURN_B002_000001086,R000022385,O000027201,C0046464,2024-09-11 16:17:52,COMPLETED,LATE_DELIVERY,316.93,2024-09-11 16:17:52,2024-09-11 16:17:52
SRC_RETURN_B002_000001087,R000022386,O000108280,C0021209,2026-01-02 05:16:17,COMPLETED,DAMAGED,2004.96,2026-01-02 05:16:17,2026-01-02 05:16:17
SRC_RETURN_B002_000001088,R000022387,O000009965,C0036629,2026-07-11 20:48:12,COMPLETED,WRONG_ITEM,1278.63,2026-07-11 20:48:12,2026-07-11 20:48:12
SRC_RETURN_B002_000001089,R000022388,O000033612,C0008858,2024-06-13 19:31:31,COMPLETED,UNWANTED,2022.65,2024-06-13 19:31:31,2024-06-13 19:31:31
SRC_RETURN_B002_000001090,R000022389,O000038759,C0047441,2026-02-26 15:00:40,COMPLETED,DEFECTIVE,2305.44,2026-02-26 15:00:40,2026-02-26 15:00:40
SRC_RETURN_B002_000001091,R000022390,O000029394,C0024214,2025-08-07 14:42:39,COMPLETED,SIZE_FIT,1564.78,2025-08-07 14:42:39,2025-08-07 14:42:39
SRC_RETURN_B002_000001092,R000022391,O000119873,C0032613,2025-12-09 12:16:40,COMPLETED,DAMAGED,1184.33,2025-12-09 12:16:40,2025-12-09 12:16:40
SRC_RETURN_B002_000001093,R000022392,O000018148,C0043415,2025-07-12 11:55:59,COMPLETED,DEFECTIVE,280.32,2025-07-12 11:55:59,2025-07-12 11:55:59
SRC_RETURN_B002_000001094,R000022393,O000033484,C0012683,2024-11-21 04:09:07,COMPLETED,DEFECTIVE,3064.35,2024-11-21 04:09:07,2024-11-21 04:09:07
SRC_RETURN_B002_000001095,R000022394,O000055517,C0050083,2024-07-29 05:20:53,COMPLETED,LATE_DELIVERY,1372.70,2024-07-29 05:20:53,2024-07-29 05:20:53
SRC_RETURN_B002_000001096,R000022395,O000074657,C0002274,2026-02-24 13:43:54,COMPLETED,UNWANTED,53.28,2026-02-24 13:43:54,2026-02-24 13:43:54
SRC_RETURN_B002_000001097,R000022396,O000045795,C0045350,2024-11-23 03:16:48,COMPLETED,SIZE_FIT,701.33,2024-11-23 03:16:48,2024-11-23 03:16:48
SRC_RETURN_B002_000001098,R000022397,O000045651,C0038371,2026-04-26 22:00:53,COMPLETED,DEFECTIVE,537.11,2026-04-26 22:00:53,2026-04-26 22:00:53
SRC_RETURN_B002_000001099,R000022398,O000103500,C0041447,2024-06-27 09:45:40,COMPLETED,UNWANTED,1286.61,2024-06-27 09:45:40,2024-06-27 09:45:40
SRC_RETURN_B002_000001100,R000022399,O000010470,C0012432,2025-10-16 19:07:07,COMPLETED,SIZE_FIT,2286.16,2025-10-16 19:07:07,2025-10-16 19:07:07
SRC_RETURN_B002_000001101,R000022400,O000036147,C0030047,2025-03-08 14:04:29,COMPLETED,DEFECTIVE,1257.23,2025-03-08 14:04:29,2025-03-08 14:04:29
SRC_RETURN_B002_000001102,R000022401,O000006163,C0009484,2025-10-15 23:40:47,COMPLETED,DAMAGED,4012.20,2025-10-15 23:40:47,2025-10-15 23:40:47
SRC_RETURN_B002_000001103,R000022402,O000046837,C0012217,2025-11-21 03:32:22,COMPLETED,DAMAGED,2547.92,2025-11-21 03:32:22,2025-11-21 03:32:22
SRC_RETURN_B002_000001104,R000022403,O000013553,C0003157,2024-06-19 23:28:09,COMPLETED,SIZE_FIT,1739.24,2024-06-19 23:28:09,2024-06-19 23:28:09
SRC_RETURN_B002_000001105,R000022404,O000112077,C0008462,2025-11-11 05:57:01,COMPLETED,UNWANTED,261.31,2025-11-11 05:57:01,2025-11-11 05:57:01
SRC_RETURN_B002_000001106,R000022405,O000104945,C0008839,2024-02-11 08:20:56,COMPLETED,DEFECTIVE,49.72,2024-02-11 08:20:56,2024-02-11 08:20:56
SRC_RETURN_B002_000001107,R000022406,O000097555,C0034426,2024-07-01 19:20:09,COMPLETED,DAMAGED,856.31,2024-07-01 19:20:09,2024-07-01 19:20:09
SRC_RETURN_B002_000001108,R000022407,O000049445,C0034464,2024-07-07 16:30:16,COMPLETED,LATE_DELIVERY,659.28,2024-07-07 16:30:16,2024-07-07 16:30:16
SRC_RETURN_B002_000001109,R000022408,O000035282,C0010258,2025-07-18 11:49:46,COMPLETED,UNWANTED,260.03,2025-07-18 11:49:46,2025-07-18 11:49:46
SRC_RETURN_B002_000001110,R000022409,O000106361,C0025605,2025-11-04 22:20:37,COMPLETED,DEFECTIVE,1249.67,2025-11-04 22:20:37,2025-11-04 22:20:37
SRC_RETURN_B002_000001111,R000022410,O000098513,C0021353,2024-05-22 07:21:20,COMPLETED,LATE_DELIVERY,580.30,2024-05-22 07:21:20,2024-05-22 07:21:20
SRC_RETURN_B002_000001112,R000022411,O000019137,C0015919,2024-11-14 01:14:15,COMPLETED,WRONG_ITEM,98.45,2024-11-14 01:14:15,2024-11-14 01:14:15
SRC_RETURN_B002_000001113,R000022412,O000120724,C0040468,2025-04-08 00:21:18,COMPLETED,DEFECTIVE,1011.72,2025-04-08 00:21:18,2025-04-08 00:21:18
SRC_RETURN_B002_000001114,R000022413,O000080193,C0044464,2024-07-12 03:27:23,COMPLETED,DAMAGED,1015.36,2024-07-12 03:27:23,2024-07-12 03:27:23
SRC_RETURN_B002_000001115,R000022414,O000052676,C0017652,2024-06-17 16:27:29,COMPLETED,DAMAGED,190.78,2024-06-17 16:27:29,2024-06-17 16:27:29
SRC_RETURN_B002_000001116,R000022415,O000001485,C0002404,2025-11-02 18:15:44,COMPLETED,DEFECTIVE,788.14,2025-11-02 18:15:44,2025-11-02 18:15:44
SRC_RETURN_B002_000001117,R000022416,O000107376,C0011875,2026-06-14 21:35:11,COMPLETED,LATE_DELIVERY,83.45,2026-06-14 21:35:11,2026-06-14 21:35:11
SRC_RETURN_B002_000001118,R000022417,O000080654,C0043342,2025-01-07 18:18:56,COMPLETED,DEFECTIVE,2421.14,2025-01-07 18:18:56,2025-01-07 18:18:56
SRC_RETURN_B002_000001119,R000022418,O000025171,C0028984,2025-04-26 19:16:35,COMPLETED,UNWANTED,446.11,2025-04-26 19:16:35,2025-04-26 19:16:35
SRC_RETURN_B002_000001120,R000022419,O000092293,C0005467,2026-05-21 00:05:47,COMPLETED,UNWANTED,1092.26,2026-05-21 00:05:47,2026-05-21 00:05:47
SRC_RETURN_B002_000001121,R000022420,O000075452,C0048431,2024-09-22 11:33:44,COMPLETED,SIZE_FIT,1983.07,2024-09-22 11:33:44,2024-09-22 11:33:44
SRC_RETURN_B002_000001122,R000022421,O000055638,C0033485,2025-12-17 10:20:53,COMPLETED,LATE_DELIVERY,4.90,2025-12-17 10:20:53,2025-12-17 10:20:53
SRC_RETURN_B002_000001123,R000022422,O000069688,C0034895,2025-10-15 15:46:16,COMPLETED,WRONG_ITEM,442.38,2025-10-15 15:46:16,2025-10-15 15:46:16
SRC_RETURN_B002_000001124,R000022423,O000066490,C0006999,2024-08-08 19:26:51,COMPLETED,DAMAGED,1987.72,2024-08-08 19:26:51,2024-08-08 19:26:51
SRC_RETURN_B002_000001125,R000022424,O000057860,C0048685,2024-10-30 21:46:36,COMPLETED,WRONG_ITEM,1081.92,2024-10-30 21:46:36,2024-10-30 21:46:36
SRC_RETURN_B002_000001126,R000022425,O000107566,C0025936,2026-01-28 02:01:04,COMPLETED,DEFECTIVE,1750.11,2026-01-28 02:01:04,2026-01-28 02:01:04
SRC_RETURN_B002_000001127,R000022426,O000073542,C0001819,2025-09-09 03:53:55,COMPLETED,DAMAGED,435.07,2025-09-09 03:53:55,2025-09-09 03:53:55
SRC_RETURN_B002_000001128,R000022427,O000025775,C0010028,2024-02-17 06:56:31,COMPLETED,SIZE_FIT,30.08,2024-02-17 06:56:31,2024-02-17 06:56:31
SRC_RETURN_B002_000001129,R000022428,O000095851,C0018934,2024-12-21 05:14:18,COMPLETED,WRONG_ITEM,1419.33,2024-12-21 05:14:18,2024-12-21 05:14:18
SRC_RETURN_B002_000001130,R000022429,O000112104,C0021625,2025-05-01 03:39:03,COMPLETED,LATE_DELIVERY,800.48,2025-05-01 03:39:03,2025-05-01 03:39:03
SRC_RETURN_B002_000001131,R000022430,O000046202,C0000298,2026-02-27 18:14:59,COMPLETED,WRONG_ITEM,85.18,2026-02-27 18:14:59,2026-02-27 18:14:59
SRC_RETURN_B002_000001132,R000022431,O000012508,C0037316,2026-09-02 13:43:58,COMPLETED,DEFECTIVE,2607.66,2026-09-02 13:43:58,2026-09-02 13:43:58
SRC_RETURN_B002_000001133,R000022432,O000010444,C0031372,2026-06-06 10:51:55,COMPLETED,SIZE_FIT,2180.42,2026-06-06 10:51:55,2026-06-06 10:51:55
SRC_RETURN_B002_000001134,R000022433,O000017113,C0019692,2024-12-25 18:53:19,COMPLETED,DAMAGED,1585.60,2024-12-25 18:53:19,2024-12-25 18:53:19
SRC_RETURN_B002_000001135,R000022434,O000071007,C0018871,2025-02-26 04:20:22,COMPLETED,WRONG_ITEM,1430.15,2025-02-26 04:20:22,2025-02-26 04:20:22
SRC_RETURN_B002_000001136,R000022435,O000035736,C0021713,2025-12-01 11:17:52,COMPLETED,LATE_DELIVERY,469.45,2025-12-01 11:17:52,2025-12-01 11:17:52
SRC_RETURN_B002_000001137,R000022436,O000113093,C0008160,2025-10-14 03:46:56,COMPLETED,DAMAGED,251.58,2025-10-14 03:46:56,2025-10-14 03:46:56
SRC_RETURN_B002_000001138,R000022437,O000108319,C0012041,2026-03-20 09:27:49,COMPLETED,DEFECTIVE,1505.34,2026-03-20 09:27:49,2026-03-20 09:27:49
SRC_RETURN_B002_000001139,R000022438,O000103161,C0037662,2025-02-24 23:34:23,COMPLETED,DEFECTIVE,2330.39,2025-02-24 23:34:23,2025-02-24 23:34:23
SRC_RETURN_B002_000001140,R000022439,O000019113,C0045117,2026-05-10 04:36:07,COMPLETED,WRONG_ITEM,510.53,2026-05-10 04:36:07,2026-05-10 04:36:07
SRC_RETURN_B002_000001141,R000022440,O000050826,C0018276,2024-12-20 10:20:30,COMPLETED,LATE_DELIVERY,503.77,2024-12-20 10:20:30,2024-12-20 10:20:30
SRC_RETURN_B002_000001142,R000022441,O000109724,C0038851,2024-12-31 16:27:28,COMPLETED,LATE_DELIVERY,1013.50,2024-12-31 16:27:28,2024-12-31 16:27:28
SRC_RETURN_B002_000001143,R000022442,O000035901,C0010747,2024-05-26 08:36:20,COMPLETED,SIZE_FIT,1316.73,2024-05-26 08:36:20,2024-05-26 08:36:20
SRC_RETURN_B002_000001144,R000022443,O000021537,C0019633,2026-04-07 12:48:25,COMPLETED,SIZE_FIT,983.62,2026-04-07 12:48:25,2026-04-07 12:48:25
SRC_RETURN_B002_000001145,R000022444,O000020226,C0037197,2024-04-15 07:07:56,COMPLETED,DEFECTIVE,2117.24,2024-04-15 07:07:56,2024-04-15 07:07:56
SRC_RETURN_B002_000001146,R000022445,O000058668,C0007217,2025-09-25 10:52:01,COMPLETED,SIZE_FIT,299.93,2025-09-25 10:52:01,2025-09-25 10:52:01
SRC_RETURN_B002_000001147,R000022446,O000048208,C0002097,2024-08-23 08:53:01,COMPLETED,UNWANTED,1623.52,2024-08-23 08:53:01,2024-08-23 08:53:01
SRC_RETURN_B002_000001148,R000022447,O000014548,C0019836,2025-02-17 21:42:48,COMPLETED,LATE_DELIVERY,1268.35,2025-02-17 21:42:48,2025-02-17 21:42:48
SRC_RETURN_B002_000001149,R000022448,O000078161,C0031005,2025-04-21 13:47:53,COMPLETED,LATE_DELIVERY,1438.73,2025-04-21 13:47:53,2025-04-21 13:47:53
SRC_RETURN_B002_000001150,R000022449,O000065473,C0024558,2025-09-06 18:17:21,COMPLETED,SIZE_FIT,445.32,2025-09-06 18:17:21,2025-09-06 18:17:21
SRC_RETURN_B002_000001151,R000022450,O000114791,C0026863,2024-07-11 21:29:08,COMPLETED,LATE_DELIVERY,968.05,2024-07-11 21:29:08,2024-07-11 21:29:08
SRC_RETURN_B002_000001152,R000022451,O000004767,C0033881,2025-02-04 09:04:54,COMPLETED,LATE_DELIVERY,2087.47,2025-02-04 09:04:54,2025-02-04 09:04:54
SRC_RETURN_B002_000001153,R000022452,O000099647,C0042659,2026-05-07 15:58:09,COMPLETED,DAMAGED,1075.02,2026-05-07 15:58:09,2026-05-07 15:58:09
SRC_RETURN_B002_000001154,R000022453,O000061388,C0017232,2025-08-03 15:49:50,COMPLETED,DEFECTIVE,1779.53,2025-08-03 15:49:50,2025-08-03 15:49:50
SRC_RETURN_B002_000001155,R000022454,O000015167,C0023026,2024-04-17 16:46:12,COMPLETED,SIZE_FIT,52.33,2024-04-17 16:46:12,2024-04-17 16:46:12
SRC_RETURN_B002_000001156,R000022455,O000079345,C0043829,2025-12-21 19:57:56,COMPLETED,UNWANTED,1196.86,2025-12-21 19:57:56,2025-12-21 19:57:56
SRC_RETURN_B002_000001157,R000022456,O000054928,C0021865,2024-06-26 04:56:14,COMPLETED,SIZE_FIT,711.54,2024-06-26 04:56:14,2024-06-26 04:56:14
SRC_RETURN_B002_000001158,R000022457,O000060091,C0012043,2026-09-14 18:36:21,COMPLETED,SIZE_FIT,828.43,2026-09-14 18:36:21,2026-09-14 18:36:21
SRC_RETURN_B002_000001159,R000022458,O000062553,C0036783,2026-04-10 22:40:56,COMPLETED,SIZE_FIT,2873.05,2026-04-10 22:40:56,2026-04-10 22:40:56
SRC_RETURN_B002_000001160,R000022459,O000054804,C0024962,2024-02-21 16:23:15,COMPLETED,DEFECTIVE,1542.66,2024-02-21 16:23:15,2024-02-21 16:23:15
SRC_RETURN_B002_000001161,R000022460,O000086839,C0002951,2026-10-11 09:15:42,COMPLETED,DAMAGED,1580.67,2026-10-11 09:15:42,2026-10-11 09:15:42
SRC_RETURN_B002_000001162,R000022461,O000062057,C0037565,2024-12-20 17:45:05,COMPLETED,DEFECTIVE,1846.62,2024-12-20 17:45:05,2024-12-20 17:45:05
SRC_RETURN_B002_000001163,R000022462,O000022355,C0000935,2024-01-22 10:44:59,COMPLETED,SIZE_FIT,361.51,2024-01-22 10:44:59,2024-01-22 10:44:59
SRC_RETURN_B002_000001164,R000022463,O000085714,C0037853,2026-06-24 03:59:28,COMPLETED,SIZE_FIT,2849.24,2026-06-24 03:59:28,2026-06-24 03:59:28
SRC_RETURN_B002_000001165,R000022464,O000025016,C0032866,2024-05-13 13:47:09,COMPLETED,DAMAGED,892.26,2024-05-13 13:47:09,2024-05-13 13:47:09
SRC_RETURN_B002_000001166,R000022465,O000118022,C0023013,2024-09-19 10:31:13,COMPLETED,SIZE_FIT,1239.39,2024-09-19 10:31:13,2024-09-19 10:31:13
SRC_RETURN_B002_000001167,R000022466,O000115155,C0021343,2025-08-07 01:12:54,COMPLETED,DAMAGED,1314.51,2025-08-07 01:12:54,2025-08-07 01:12:54
SRC_RETURN_B002_000001168,R000022467,O000078127,C0039532,2024-08-13 21:00:58,COMPLETED,DAMAGED,1246.26,2024-08-13 21:00:58,2024-08-13 21:00:58
SRC_RETURN_B002_000001169,R000022468,O000112198,C0017160,2024-05-20 21:54:39,COMPLETED,UNWANTED,3314.34,2024-05-20 21:54:39,2024-05-20 21:54:39
SRC_RETURN_B002_000001170,R000022469,O000118528,C0044267,2026-07-26 07:15:32,COMPLETED,WRONG_ITEM,2605.55,2026-07-26 07:15:32,2026-07-26 07:15:32
SRC_RETURN_B002_000001171,R000022470,O000083794,C0048433,2024-12-28 21:40:58,COMPLETED,LATE_DELIVERY,3152.65,2024-12-28 21:40:58,2024-12-28 21:40:58
SRC_RETURN_B002_000001172,R000022471,O000010585,C0048701,2024-10-18 11:49:22,COMPLETED,DAMAGED,974.10,2024-10-18 11:49:22,2024-10-18 11:49:22
SRC_RETURN_B002_000001173,R000022472,O000007976,C0019921,2024-07-06 18:40:42,COMPLETED,UNWANTED,991.20,2024-07-06 18:40:42,2024-07-06 18:40:42
SRC_RETURN_B002_000001174,R000022473,O000016955,C0000604,2026-09-07 09:15:24,COMPLETED,DEFECTIVE,4809.43,2026-09-07 09:15:24,2026-09-07 09:15:24
SRC_RETURN_B002_000001175,R000022474,O000019173,C0005116,2024-06-01 22:07:03,COMPLETED,DAMAGED,1929.10,2024-06-01 22:07:03,2024-06-01 22:07:03
SRC_RETURN_B002_000001176,R000022475,O000049916,C0048903,2024-08-02 04:53:12,COMPLETED,DEFECTIVE,2038.68,2024-08-02 04:53:12,2024-08-02 04:53:12
SRC_RETURN_B002_000001177,R000022476,O000030552,C0034007,2025-01-31 21:22:41,COMPLETED,LATE_DELIVERY,791.12,2025-01-31 21:22:41,2025-01-31 21:22:41
SRC_RETURN_B002_000001178,R000022477,O000078773,C0020243,2026-08-14 03:03:47,COMPLETED,SIZE_FIT,266.26,2026-08-14 03:03:47,2026-08-14 03:03:47
SRC_RETURN_B002_000001179,R000022478,O000072417,C0043241,2024-12-28 09:43:14,COMPLETED,WRONG_ITEM,251.58,2024-12-28 09:43:14,2024-12-28 09:43:14
SRC_RETURN_B002_000001180,R000022479,O000098919,C0001728,2024-09-30 19:44:16,COMPLETED,SIZE_FIT,179.56,2024-09-30 19:44:16,2024-09-30 19:44:16
SRC_RETURN_B002_000001181,R000022480,O000066677,C0034247,2026-07-31 18:28:28,COMPLETED,WRONG_ITEM,1070.18,2026-07-31 18:28:28,2026-07-31 18:28:28
SRC_RETURN_B002_000001182,R000022481,O000093487,C0001940,2025-03-20 06:52:37,COMPLETED,DAMAGED,585.84,2025-03-20 06:52:37,2025-03-20 06:52:37
SRC_RETURN_B002_000001183,R000022482,O000115774,C0035145,2025-02-23 07:59:13,COMPLETED,SIZE_FIT,193.26,2025-02-23 07:59:13,2025-02-23 07:59:13
SRC_RETURN_B002_000001184,R000022483,O000068652,C0035962,2026-06-22 13:39:42,COMPLETED,SIZE_FIT,626.06,2026-06-22 13:39:42,2026-06-22 13:39:42
SRC_RETURN_B002_000001185,R000022484,O000093595,C0018123,2025-10-16 22:07:22,COMPLETED,LATE_DELIVERY,1189.69,2025-10-16 22:07:22,2025-10-16 22:07:22
SRC_RETURN_B002_000001186,R000022485,O000082201,C0037001,2025-04-15 09:23:19,COMPLETED,DEFECTIVE,715.82,2025-04-15 09:23:19,2025-04-15 09:23:19
SRC_RETURN_B002_000001187,R000022486,O000095934,C0036150,2024-08-18 08:22:42,COMPLETED,UNWANTED,4827.60,2024-08-18 08:22:42,2024-08-18 08:22:42
SRC_RETURN_B002_000001188,R000022487,O000075215,C0005978,2025-04-11 10:53:25,COMPLETED,DEFECTIVE,1813.59,2025-04-11 10:53:25,2025-04-11 10:53:25
SRC_RETURN_B002_000001189,R000022488,O000095443,C0038264,2024-05-05 11:11:12,COMPLETED,DEFECTIVE,1092.26,2024-05-05 11:11:12,2024-05-05 11:11:12
SRC_RETURN_B002_000001190,R000022489,O000046234,C0017926,2024-12-28 14:36:22,COMPLETED,UNWANTED,542.33,2024-12-28 14:36:22,2024-12-28 14:36:22
SRC_RETURN_B002_000001191,R000022490,O000041877,C0007098,2024-03-07 14:26:15,COMPLETED,LATE_DELIVERY,896.72,2024-03-07 14:26:15,2024-03-07 14:26:15
SRC_RETURN_B002_000001192,R000022491,O000049261,C0009896,2026-01-23 22:00:57,COMPLETED,WRONG_ITEM,295.73,2026-01-23 22:00:57,2026-01-23 22:00:57
SRC_RETURN_B002_000001193,R000022492,O000112153,C0008650,2024-05-02 22:26:34,COMPLETED,WRONG_ITEM,3673.96,2024-05-02 22:26:34,2024-05-02 22:26:34
SRC_RETURN_B002_000001194,R000022493,O000083077,C0047215,2025-04-22 01:17:18,COMPLETED,SIZE_FIT,259.98,2025-04-22 01:17:18,2025-04-22 01:17:18
SRC_RETURN_B002_000001195,R000022494,O000100936,C0044906,2024-08-13 15:21:46,COMPLETED,UNWANTED,1209.52,2024-08-13 15:21:46,2024-08-13 15:21:46
SRC_RETURN_B002_000001196,R000022495,O000017898,C0043047,2024-10-29 10:36:57,COMPLETED,UNWANTED,134.23,2024-10-29 10:36:57,2024-10-29 10:36:57
SRC_RETURN_B002_000001197,R000022496,O000113478,C0030672,2024-03-15 13:18:55,COMPLETED,DEFECTIVE,791.92,2024-03-15 13:18:55,2024-03-15 13:18:55
SRC_RETURN_B002_000001198,R000022497,O000009022,C0026658,2025-10-27 10:20:13,COMPLETED,DAMAGED,878.65,2025-10-27 10:20:13,2025-10-27 10:20:13
SRC_RETURN_B002_000001199,R000022498,O000005606,C0008709,2025-07-03 22:16:29,COMPLETED,UNWANTED,461.36,2025-07-03 22:16:29,2025-07-03 22:16:29
SRC_RETURN_B002_000001200,R000022499,O000028684,C0001733,2025-01-29 03:17:40,COMPLETED,UNWANTED,1774.30,2025-01-29 03:17:40,2025-01-29 03:17:40
SRC_RETURN_B002_000001201,R000022500,O000120564,C0007873,2024-09-07 04:56:49,COMPLETED,DAMAGED,553.93,2024-09-07 04:56:49,2024-09-07 04:56:49
SRC_RETURN_B002_000001202,R000022501,O000053710,C0041068,2025-03-04 04:46:40,COMPLETED,WRONG_ITEM,1836.57,2025-03-04 04:46:40,2025-03-04 04:46:40
SRC_RETURN_B002_000001203,R000022502,O000113737,C0025316,2026-01-29 22:29:44,COMPLETED,WRONG_ITEM,1009.06,2026-01-29 22:29:44,2026-01-29 22:29:44
SRC_RETURN_B002_000001204,R000022503,O000039909,C0026458,2025-09-27 21:29:44,COMPLETED,UNWANTED,5449.34,2025-09-27 21:29:44,2025-09-27 21:29:44
SRC_RETURN_B002_000001205,R000022504,O000012589,C0012643,2025-05-14 18:03:53,COMPLETED,LATE_DELIVERY,2700.60,2025-05-14 18:03:53,2025-05-14 18:03:53
SRC_RETURN_B002_000001206,R000022505,O000012257,C0023165,2024-08-08 20:44:48,COMPLETED,DAMAGED,3060.97,2024-08-08 20:44:48,2024-08-08 20:44:48
SRC_RETURN_B002_000001207,R000022506,O000086639,C0011194,2026-03-09 06:47:10,COMPLETED,DAMAGED,161.83,2026-03-09 06:47:10,2026-03-09 06:47:10
SRC_RETURN_B002_000001208,R000022507,O000028583,C0044161,2025-01-23 16:01:40,COMPLETED,SIZE_FIT,1065.06,2025-01-23 16:01:40,2025-01-23 16:01:40
SRC_RETURN_B002_000001209,R000022508,O000099727,C0033382,2024-11-26 20:58:11,COMPLETED,WRONG_ITEM,180.86,2024-11-26 20:58:11,2024-11-26 20:58:11
SRC_RETURN_B002_000001210,R000022509,O000059060,C0029593,2024-06-10 13:28:28,COMPLETED,DAMAGED,1655.96,2024-06-10 13:28:28,2024-06-10 13:28:28
SRC_RETURN_B002_000001211,R000022510,O000046173,C0018670,2024-04-09 19:07:38,COMPLETED,LATE_DELIVERY,1126.13,2024-04-09 19:07:38,2024-04-09 19:07:38
SRC_RETURN_B002_000001212,R000022511,O000101337,C0005139,2024-06-06 04:47:21,COMPLETED,WRONG_ITEM,485.34,2024-06-06 04:47:21,2024-06-06 04:47:21
SRC_RETURN_B002_000001213,R000022512,O000042530,C0003717,2025-05-24 08:45:51,COMPLETED,DEFECTIVE,1931.19,2025-05-24 08:45:51,2025-05-24 08:45:51
SRC_RETURN_B002_000001214,R000022513,O000005114,C0036419,2026-04-23 00:18:39,COMPLETED,LATE_DELIVERY,1899.70,2026-04-23 00:18:39,2026-04-23 00:18:39
SRC_RETURN_B002_000001215,R000022514,O000004639,C0027631,2026-06-15 19:48:21,COMPLETED,LATE_DELIVERY,873.73,2026-06-15 19:48:21,2026-06-15 19:48:21
SRC_RETURN_B002_000001216,R000022515,O000076668,C0044075,2026-09-21 17:47:53,COMPLETED,LATE_DELIVERY,420.26,2026-09-21 17:47:53,2026-09-21 17:47:53
SRC_RETURN_B002_000001217,R000022516,O000038834,C0008214,2024-08-29 09:41:51,COMPLETED,WRONG_ITEM,1570.28,2024-08-29 09:41:51,2024-08-29 09:41:51
SRC_RETURN_B002_000001218,R000022517,O000112548,C0023746,2024-11-17 01:11:05,COMPLETED,SIZE_FIT,793.09,2024-11-17 01:11:05,2024-11-17 01:11:05
SRC_RETURN_B002_000001219,R000022518,O000076349,C0025042,2024-10-20 22:39:58,COMPLETED,DEFECTIVE,1542.02,2024-10-20 22:39:58,2024-10-20 22:39:58
SRC_RETURN_B002_000001220,R000022519,O000014785,C0037611,2026-02-09 08:00:13,COMPLETED,LATE_DELIVERY,1856.92,2026-02-09 08:00:13,2026-02-09 08:00:13
SRC_RETURN_B002_000001221,R000022520,O000109058,C0032517,2024-02-22 06:34:44,COMPLETED,LATE_DELIVERY,1095.23,2024-02-22 06:34:44,2024-02-22 06:34:44
SRC_RETURN_B002_000001222,R000022521,O000043810,C0004209,2026-03-31 15:35:13,COMPLETED,DAMAGED,3304.16,2026-03-31 15:35:13,2026-03-31 15:35:13
SRC_RETURN_B002_000001223,R000022522,O000000837,C0042505,2026-03-10 03:42:25,COMPLETED,WRONG_ITEM,1401.32,2026-03-10 03:42:25,2026-03-10 03:42:25
SRC_RETURN_B002_000001224,R000022523,O000054121,C0034382,2026-08-15 14:17:27,COMPLETED,WRONG_ITEM,771.52,2026-08-15 14:17:27,2026-08-15 14:17:27
SRC_RETURN_B002_000001225,R000022524,O000091628,C0043609,2025-08-29 06:06:53,COMPLETED,UNWANTED,1774.29,2025-08-29 06:06:53,2025-08-29 06:06:53
SRC_RETURN_B002_000001226,R000022525,O000086588,C0014179,2026-04-07 10:17:21,COMPLETED,DEFECTIVE,1538.79,2026-04-07 10:17:21,2026-04-07 10:17:21
SRC_RETURN_B002_000001227,R000022526,O000031584,C0013252,2025-04-06 01:41:33,COMPLETED,DAMAGED,1899.92,2025-04-06 01:41:33,2025-04-06 01:41:33
SRC_RETURN_B002_000001228,R000022527,O000084420,C0047015,2024-11-24 22:53:00,COMPLETED,DEFECTIVE,872.83,2024-11-24 22:53:00,2024-11-24 22:53:00
SRC_RETURN_B002_000001229,R000022528,O000100982,C0046276,2024-11-15 23:17:38,COMPLETED,LATE_DELIVERY,1027.01,2024-11-15 23:17:38,2024-11-15 23:17:38
SRC_RETURN_B002_000001230,R000022529,O000067201,C0040989,2024-10-16 09:59:04,COMPLETED,DEFECTIVE,1764.55,2024-10-16 09:59:04,2024-10-16 09:59:04
SRC_RETURN_B002_000001231,R000022530,O000086116,C0019695,2024-06-03 02:21:30,COMPLETED,SIZE_FIT,900.22,2024-06-03 02:21:30,2024-06-03 02:21:30
SRC_RETURN_B002_000001232,R000022531,O000116307,C0031431,2025-08-31 00:56:36,COMPLETED,DEFECTIVE,26.71,2025-08-31 00:56:36,2025-08-31 00:56:36
SRC_RETURN_B002_000001233,R000022532,O000078716,C0048733,2026-09-18 11:41:54,COMPLETED,UNWANTED,1783.04,2026-09-18 11:41:54,2026-09-18 11:41:54
SRC_RETURN_B002_000001234,R000022533,O000106079,C0030769,2024-06-04 09:07:17,COMPLETED,DAMAGED,179.35,2024-06-04 09:07:17,2024-06-04 09:07:17
SRC_RETURN_B002_000001235,R000022534,O000091832,C0002390,2024-03-01 05:37:18,COMPLETED,UNWANTED,1035.86,2024-03-01 05:37:18,2024-03-01 05:37:18
SRC_RETURN_B002_000001236,R000022535,O000044337,C0024260,2026-05-06 15:16:23,COMPLETED,SIZE_FIT,2638.66,2026-05-06 15:16:23,2026-05-06 15:16:23
SRC_RETURN_B002_000001237,R000022536,O000084308,C0025731,2024-05-09 10:38:03,COMPLETED,DAMAGED,1292.70,2024-05-09 10:38:03,2024-05-09 10:38:03
SRC_RETURN_B002_000001238,R000022537,O000071039,C0008450,2024-04-27 06:28:28,COMPLETED,LATE_DELIVERY,1608.66,2024-04-27 06:28:28,2024-04-27 06:28:28
SRC_RETURN_B002_000001239,R000022538,O000073618,C0010594,2026-02-28 12:33:49,COMPLETED,DEFECTIVE,425.38,2026-02-28 12:33:49,2026-02-28 12:33:49
SRC_RETURN_B002_000001240,R000022539,O000044605,C0008505,2024-02-22 22:56:13,COMPLETED,DEFECTIVE,1083.98,2024-02-22 22:56:13,2024-02-22 22:56:13
SRC_RETURN_B002_000001241,R000022540,O000054853,C0044930,2024-08-18 05:28:26,COMPLETED,WRONG_ITEM,1432.64,2024-08-18 05:28:26,2024-08-18 05:28:26
SRC_RETURN_B002_000001242,R000022541,O000011747,C0033567,2024-11-28 10:32:38,COMPLETED,WRONG_ITEM,636.40,2024-11-28 10:32:38,2024-11-28 10:32:38
SRC_RETURN_B002_000001243,R000022542,O000002261,C0032338,2024-11-21 09:29:27,COMPLETED,UNWANTED,1362.65,2024-11-21 09:29:27,2024-11-21 09:29:27
SRC_RETURN_B002_000001244,R000022543,O000046159,C0002136,2026-09-06 13:54:51,COMPLETED,WRONG_ITEM,1362.13,2026-09-06 13:54:51,2026-09-06 13:54:51
SRC_RETURN_B002_000001245,R000022544,O000023689,C0027210,2025-08-21 21:46:57,COMPLETED,DAMAGED,1699.63,2025-08-21 21:46:57,2025-08-21 21:46:57
SRC_RETURN_B002_000001246,R000022545,O000047308,C0047830,2026-03-17 12:20:08,COMPLETED,WRONG_ITEM,3305.79,2026-03-17 12:20:08,2026-03-17 12:20:08
SRC_RETURN_B002_000001247,R000022546,O000092689,C0030888,2024-05-21 02:26:26,COMPLETED,UNWANTED,2838.85,2024-05-21 02:26:26,2024-05-21 02:26:26
SRC_RETURN_B002_000001248,R000022547,O000014453,C0000850,2026-05-22 22:14:40,COMPLETED,UNWANTED,1867.95,2026-05-22 22:14:40,2026-05-22 22:14:40
SRC_RETURN_B002_000001249,R000022548,O000053467,C0019296,2026-06-24 06:21:16,COMPLETED,LATE_DELIVERY,1390.88,2026-06-24 06:21:16,2026-06-24 06:21:16
SRC_RETURN_B002_000001250,R000022549,O000036847,C0020593,2026-01-16 03:52:21,COMPLETED,DAMAGED,1758.73,2026-01-16 03:52:21,2026-01-16 03:52:21
SRC_RETURN_B002_000001251,R000022550,O000010531,C0021747,2026-03-16 07:55:58,COMPLETED,WRONG_ITEM,2011.05,2026-03-16 07:55:58,2026-03-16 07:55:58
SRC_RETURN_B002_000001252,R000022551,O000103696,C0024450,2024-07-31 16:03:51,COMPLETED,WRONG_ITEM,1848.53,2024-07-31 16:03:51,2024-07-31 16:03:51
SRC_RETURN_B002_000001253,R000022552,O000071070,C0034617,2024-11-19 23:28:53,COMPLETED,UNWANTED,270.35,2024-11-19 23:28:53,2024-11-19 23:28:53
SRC_RETURN_B002_000001254,R000022553,O000021726,C0036275,2024-03-27 16:38:37,COMPLETED,SIZE_FIT,1240.39,2024-03-27 16:38:37,2024-03-27 16:38:37
SRC_RETURN_B002_000001255,R000022554,O000091611,C0048901,2026-05-17 12:01:43,COMPLETED,DAMAGED,2391.40,2026-05-17 12:01:43,2026-05-17 12:01:43
SRC_RETURN_B002_000001256,R000022555,O000069363,C0025471,2025-05-29 23:51:24,COMPLETED,WRONG_ITEM,10.19,2025-05-29 23:51:24,2025-05-29 23:51:24
SRC_RETURN_B002_000001257,R000022556,O000064566,C0017676,2026-01-31 05:50:57,COMPLETED,LATE_DELIVERY,4054.75,2026-01-31 05:50:57,2026-01-31 05:50:57
SRC_RETURN_B002_000001258,R000022557,O000002566,C0007521,2024-08-09 01:57:36,COMPLETED,DAMAGED,1944.64,2024-08-09 01:57:36,2024-08-09 01:57:36
SRC_RETURN_B002_000001259,R000022558,O000083516,C0040782,2026-05-05 16:56:00,COMPLETED,DEFECTIVE,1130.10,2026-05-05 16:56:00,2026-05-05 16:56:00
SRC_RETURN_B002_000001260,R000022559,O000058182,C0016193,2026-09-19 11:40:44,COMPLETED,WRONG_ITEM,107.48,2026-09-19 11:40:44,2026-09-19 11:40:44
SRC_RETURN_B002_000001261,R000022560,O000100124,C0023107,2025-04-04 04:06:58,COMPLETED,DAMAGED,490.26,2025-04-04 04:06:58,2025-04-04 04:06:58
SRC_RETURN_B002_000001262,R000022561,O000078157,C0025472,2025-10-27 17:32:34,COMPLETED,WRONG_ITEM,1936.26,2025-10-27 17:32:34,2025-10-27 17:32:34
SRC_RETURN_B002_000001263,R000022562,O000064781,C0019906,2025-01-25 17:39:59,COMPLETED,WRONG_ITEM,2123.15,2025-01-25 17:39:59,2025-01-25 17:39:59
SRC_RETURN_B002_000001264,R000022563,O000117350,C0033844,2026-04-21 20:06:40,COMPLETED,UNWANTED,2073.04,2026-04-21 20:06:40,2026-04-21 20:06:40
SRC_RETURN_B002_000001265,R000022564,O000094391,C0002622,2025-12-18 09:53:30,COMPLETED,SIZE_FIT,394.07,2025-12-18 09:53:30,2025-12-18 09:53:30
SRC_RETURN_B002_000001266,R000022565,O000098147,C0038907,2026-05-04 05:58:59,COMPLETED,DAMAGED,1191.10,2026-05-04 05:58:59,2026-05-04 05:58:59
SRC_RETURN_B002_000001267,R000022566,O000071966,C0006368,2024-10-03 11:38:59,COMPLETED,UNWANTED,83.57,2024-10-03 11:38:59,2024-10-03 11:38:59
SRC_RETURN_B002_000001268,R000022567,O000017925,C0024299,2024-11-27 01:12:37,COMPLETED,LATE_DELIVERY,907.92,2024-11-27 01:12:37,2024-11-27 01:12:37
SRC_RETURN_B002_000001269,R000022568,O000013585,C0031729,2025-04-11 03:11:43,COMPLETED,DAMAGED,1295.51,2025-04-11 03:11:43,2025-04-11 03:11:43
SRC_RETURN_B002_000001270,R000022569,O000014203,C0039930,2025-05-23 20:59:30,COMPLETED,DEFECTIVE,2053.61,2025-05-23 20:59:30,2025-05-23 20:59:30
SRC_RETURN_B002_000001271,R000022570,O000004511,C0006083,2026-06-05 21:25:16,COMPLETED,SIZE_FIT,402.88,2026-06-05 21:25:16,2026-06-05 21:25:16
SRC_RETURN_B002_000001272,R000022571,O000009484,C0003765,2025-02-15 11:56:07,COMPLETED,DAMAGED,1023.43,2025-02-15 11:56:07,2025-02-15 11:56:07
SRC_RETURN_B002_000001273,R000022572,O000106549,C0025446,2024-10-05 05:13:05,COMPLETED,UNWANTED,1084.15,2024-10-05 05:13:05,2024-10-05 05:13:05
SRC_RETURN_B002_000001274,R000022573,O000050073,C0013931,2026-06-14 03:14:08,COMPLETED,WRONG_ITEM,1043.64,2026-06-14 03:14:08,2026-06-14 03:14:08
SRC_RETURN_B002_000001275,R000022574,O000062315,C0044057,2025-11-04 18:57:03,COMPLETED,UNWANTED,2060.68,2025-11-04 18:57:03,2025-11-04 18:57:03
SRC_RETURN_B002_000001276,R000022575,O000049378,C0033858,2024-11-15 12:20:28,COMPLETED,SIZE_FIT,1614.61,2024-11-15 12:20:28,2024-11-15 12:20:28
SRC_RETURN_B002_000001277,R000022576,O000077133,C0029282,2024-12-08 07:19:42,COMPLETED,WRONG_ITEM,1143.54,2024-12-08 07:19:42,2024-12-08 07:19:42
SRC_RETURN_B002_000001278,R000022577,O000005175,C0020972,2025-09-17 12:01:06,COMPLETED,UNWANTED,1838.23,2025-09-17 12:01:06,2025-09-17 12:01:06
SRC_RETURN_B002_000001279,R000022578,O000037985,C0045704,2024-09-18 22:53:34,COMPLETED,LATE_DELIVERY,744.64,2024-09-18 22:53:34,2024-09-18 22:53:34
SRC_RETURN_B002_000001280,R000022579,O000000500,C0044136,2024-04-22 12:03:34,COMPLETED,DEFECTIVE,1478.29,2024-04-22 12:03:34,2024-04-22 12:03:34
SRC_RETURN_B002_000001281,R000022580,O000031066,C0015746,2026-07-20 02:55:46,COMPLETED,UNWANTED,917.79,2026-07-20 02:55:46,2026-07-20 02:55:46
SRC_RETURN_B002_000001282,R000022581,O000021932,C0041627,2025-07-05 22:23:49,COMPLETED,LATE_DELIVERY,3186.83,2025-07-05 22:23:49,2025-07-05 22:23:49
SRC_RETURN_B002_000001283,R000022582,O000088131,C0005690,2025-09-16 08:06:15,COMPLETED,WRONG_ITEM,1242.73,2025-09-16 08:06:15,2025-09-16 08:06:15
SRC_RETURN_B002_000001284,R000022583,O000015826,C0023005,2026-08-10 16:11:59,COMPLETED,DEFECTIVE,775.49,2026-08-10 16:11:59,2026-08-10 16:11:59
SRC_RETURN_B002_000001285,R000022584,O000101352,C0044272,2026-03-14 00:08:43,COMPLETED,SIZE_FIT,354.62,2026-03-14 00:08:43,2026-03-14 00:08:43
SRC_RETURN_B002_000001286,R000022585,O000048616,C0041981,2025-10-25 09:34:55,COMPLETED,UNWANTED,22.02,2025-10-25 09:34:55,2025-10-25 09:34:55
SRC_RETURN_B002_000001287,R000022586,O000071956,C0039171,2025-04-01 04:29:14,COMPLETED,SIZE_FIT,663.50,2025-04-01 04:29:14,2025-04-01 04:29:14
SRC_RETURN_B002_000001288,R000022587,O000111781,C0007328,2026-07-06 01:14:43,COMPLETED,UNWANTED,1421.98,2026-07-06 01:14:43,2026-07-06 01:14:43
SRC_RETURN_B002_000001289,R000022588,O000116729,C0012222,2024-09-13 02:57:27,COMPLETED,LATE_DELIVERY,1166.92,2024-09-13 02:57:27,2024-09-13 02:57:27
SRC_RETURN_B002_000001290,R000022589,O000072884,C0007449,2025-07-10 13:15:31,COMPLETED,WRONG_ITEM,2748.45,2025-07-10 13:15:31,2025-07-10 13:15:31
SRC_RETURN_B002_000001291,R000022590,O000035966,C0023910,2026-05-30 06:20:32,COMPLETED,WRONG_ITEM,3294.77,2026-05-30 06:20:32,2026-05-30 06:20:32
SRC_RETURN_B002_000001292,R000022591,O000107510,C0015171,2026-02-02 04:19:14,COMPLETED,WRONG_ITEM,2625.42,2026-02-02 04:19:14,2026-02-02 04:19:14
SRC_RETURN_B002_000001293,R000022592,O000012664,C0020362,2025-11-13 03:13:28,COMPLETED,DEFECTIVE,1753.39,2025-11-13 03:13:28,2025-11-13 03:13:28
SRC_RETURN_B002_000001294,R000022593,O000064707,C0047567,2025-04-07 13:53:20,COMPLETED,LATE_DELIVERY,1025.64,2025-04-07 13:53:20,2025-04-07 13:53:20
SRC_RETURN_B002_000001295,R000022594,O000014872,C0030145,2026-04-28 03:20:48,COMPLETED,LATE_DELIVERY,1011.72,2026-04-28 03:20:48,2026-04-28 03:20:48
SRC_RETURN_B002_000001296,R000022595,O000111189,C0015747,2025-10-21 11:20:38,COMPLETED,SIZE_FIT,218.83,2025-10-21 11:20:38,2025-10-21 11:20:38
SRC_RETURN_B002_000001297,R000022596,O000087286,C0011501,2024-04-17 08:06:54,COMPLETED,DAMAGED,497.57,2024-04-17 08:06:54,2024-04-17 08:06:54
SRC_RETURN_B002_000001298,R000022597,O000074376,C0035145,2025-06-22 19:38:35,COMPLETED,DEFECTIVE,658.07,2025-06-22 19:38:35,2025-06-22 19:38:35
SRC_RETURN_B002_000001299,R000022598,O000004323,C0030437,2025-03-31 21:33:08,COMPLETED,SIZE_FIT,2416.42,2025-03-31 21:33:08,2025-03-31 21:33:08
SRC_RETURN_B002_000001300,R000022599,O000053834,C0030846,2025-12-04 04:26:54,COMPLETED,LATE_DELIVERY,184.90,2025-12-04 04:26:54,2025-12-04 04:26:54
SRC_RETURN_B002_000001301,R000022600,O000100609,C0013775,2024-03-16 02:39:28,COMPLETED,SIZE_FIT,17.28,2024-03-16 02:39:28,2024-03-16 02:39:28
SRC_RETURN_B002_000001302,R000022601,O000043196,C0025584,2025-08-22 09:42:08,COMPLETED,DAMAGED,1766.85,2025-08-22 09:42:08,2025-08-22 09:42:08
SRC_RETURN_B002_000001303,R000022602,O000095914,C0032058,2024-06-22 09:38:11,COMPLETED,SIZE_FIT,556.13,2024-06-22 09:38:11,2024-06-22 09:38:11
SRC_RETURN_B002_000001304,R000022603,O000048321,C0008899,2024-02-15 21:42:02,COMPLETED,UNWANTED,5614.22,2024-02-15 21:42:02,2024-02-15 21:42:02
SRC_RETURN_B002_000001305,R000022604,O000110055,C0013200,2025-12-16 16:32:22,COMPLETED,UNWANTED,2636.12,2025-12-16 16:32:22,2025-12-16 16:32:22
SRC_RETURN_B002_000001306,R000022605,O000038363,C0001493,2026-02-21 00:15:32,COMPLETED,WRONG_ITEM,1134.17,2026-02-21 00:15:32,2026-02-21 00:15:32
SRC_RETURN_B002_000001307,R000022606,O000039383,C0027652,2025-11-24 08:06:48,COMPLETED,SIZE_FIT,567.47,2025-11-24 08:06:48,2025-11-24 08:06:48
SRC_RETURN_B002_000001308,R000022607,O000030426,C0041188,2026-05-19 04:56:34,COMPLETED,DEFECTIVE,1186.13,2026-05-19 04:56:34,2026-05-19 04:56:34
SRC_RETURN_B002_000001309,R000022608,O000099213,C0022831,2025-06-09 02:00:20,COMPLETED,SIZE_FIT,98.45,2025-06-09 02:00:20,2025-06-09 02:00:20
SRC_RETURN_B002_000001310,R000022609,O000033453,C0048406,2026-08-08 02:11:01,COMPLETED,DAMAGED,843.67,2026-08-08 02:11:01,2026-08-08 02:11:01
SRC_RETURN_B002_000001311,R000022610,O000052177,C0029225,2024-12-30 01:03:20,COMPLETED,DEFECTIVE,996.59,2024-12-30 01:03:20,2024-12-30 01:03:20
SRC_RETURN_B002_000001312,R000022611,O000082050,C0041315,2024-02-28 09:19:06,COMPLETED,SIZE_FIT,2106.35,2024-02-28 09:19:06,2024-02-28 09:19:06
SRC_RETURN_B002_000001313,R000022612,O000014938,C0043878,2026-02-11 21:19:50,COMPLETED,DEFECTIVE,1797.81,2026-02-11 21:19:50,2026-02-11 21:19:50
SRC_RETURN_B002_000001314,R000022613,O000100405,C0028563,2025-07-14 21:35:17,COMPLETED,LATE_DELIVERY,2361.45,2025-07-14 21:35:17,2025-07-14 21:35:17
SRC_RETURN_B002_000001315,R000022614,O000060862,C0012429,2026-02-19 19:52:56,COMPLETED,WRONG_ITEM,675.66,2026-02-19 19:52:56,2026-02-19 19:52:56
SRC_RETURN_B002_000001316,R000022615,O000022458,C0025335,2024-09-23 10:27:18,COMPLETED,DEFECTIVE,803.14,2024-09-23 10:27:18,2024-09-23 10:27:18
SRC_RETURN_B002_000001317,R000022616,O000030777,C0029192,2024-05-02 01:28:33,COMPLETED,DEFECTIVE,1221.08,2024-05-02 01:28:33,2024-05-02 01:28:33
SRC_RETURN_B002_000001318,R000022617,O000087213,C0022821,2026-01-06 08:26:35,COMPLETED,UNWANTED,2239.49,2026-01-06 08:26:35,2026-01-06 08:26:35
SRC_RETURN_B002_000001319,R000022618,O000055025,C0005396,2025-07-21 01:06:30,COMPLETED,UNWANTED,207.23,2025-07-21 01:06:30,2025-07-21 01:06:30
SRC_RETURN_B002_000001320,R000022619,O000065362,C0019714,2024-11-27 17:37:28,COMPLETED,DAMAGED,1491.40,2024-11-27 17:37:28,2024-11-27 17:37:28
SRC_RETURN_B002_000001321,R000022620,O000057089,C0046851,2025-01-23 13:55:30,COMPLETED,DEFECTIVE,557.55,2025-01-23 13:55:30,2025-01-23 13:55:30
SRC_RETURN_B002_000001322,R000022621,O000042686,C0014880,2025-10-14 17:38:49,COMPLETED,LATE_DELIVERY,1916.02,2025-10-14 17:38:49,2025-10-14 17:38:49
SRC_RETURN_B002_000001323,R000022622,O000061510,C0006198,2024-03-11 04:03:09,COMPLETED,LATE_DELIVERY,867.16,2024-03-11 04:03:09,2024-03-11 04:03:09
SRC_RETURN_B002_000001324,R000022623,O000102248,C0026795,2024-10-23 15:03:39,COMPLETED,UNWANTED,1002.56,2024-10-23 15:03:39,2024-10-23 15:03:39
SRC_RETURN_B002_000001325,R000022624,O000107224,C0005313,2024-06-22 21:29:37,COMPLETED,DAMAGED,2597.92,2024-06-22 21:29:37,2024-06-22 21:29:37
SRC_RETURN_B002_000001326,R000022625,O000027882,C0042896,2026-01-08 11:52:01,COMPLETED,UNWANTED,836.18,2026-01-08 11:52:01,2026-01-08 11:52:01
SRC_RETURN_B002_000001327,R000022626,O000083535,C0048060,2026-09-29 09:37:51,COMPLETED,DEFECTIVE,1283.28,2026-09-29 09:37:51,2026-09-29 09:37:51
SRC_RETURN_B002_000001328,R000022627,O000097258,C0011574,2024-02-05 01:07:37,COMPLETED,UNWANTED,1113.44,2024-02-05 01:07:37,2024-02-05 01:07:37
SRC_RETURN_B002_000001329,R000022628,O000053436,C0006785,2026-02-21 03:19:42,COMPLETED,DEFECTIVE,1573.06,2026-02-21 03:19:42,2026-02-21 03:19:42
SRC_RETURN_B002_000001330,R000022629,O000070784,C0002980,2025-09-08 20:17:31,COMPLETED,DAMAGED,1115.31,2025-09-08 20:17:31,2025-09-08 20:17:31
SRC_RETURN_B002_000001331,R000022630,O000056872,C0016384,2024-05-04 15:35:44,COMPLETED,UNWANTED,1351.32,2024-05-04 15:35:44,2024-05-04 15:35:44
SRC_RETURN_B002_000001332,R000022631,O000087681,C0047381,2025-02-21 16:10:06,COMPLETED,WRONG_ITEM,874.76,2025-02-21 16:10:06,2025-02-21 16:10:06
SRC_RETURN_B002_000001333,R000022632,O000011127,C0022732,2026-09-10 23:31:58,COMPLETED,UNWANTED,325.43,2026-09-10 23:31:58,2026-09-10 23:31:58
SRC_RETURN_B002_000001334,R000022633,O000057037,C0035611,2024-02-21 16:42:47,COMPLETED,SIZE_FIT,637.53,2024-02-21 16:42:47,2024-02-21 16:42:47
SRC_RETURN_B002_000001335,R000022634,O000059615,C0004052,2025-05-25 18:18:34,COMPLETED,LATE_DELIVERY,361.65,2025-05-25 18:18:34,2025-05-25 18:18:34
SRC_RETURN_B002_000001336,R000022635,O000006081,C0004388,2024-11-30 10:29:34,COMPLETED,SIZE_FIT,646.92,2024-11-30 10:29:34,2024-11-30 10:29:34
SRC_RETURN_B002_000001337,R000022636,O000051745,C0041001,2025-12-30 11:09:36,COMPLETED,DEFECTIVE,2955.90,2025-12-30 11:09:36,2025-12-30 11:09:36
SRC_RETURN_B002_000001338,R000022637,O000068111,C0006921,2026-01-26 07:56:38,COMPLETED,DEFECTIVE,1132.68,2026-01-26 07:56:38,2026-01-26 07:56:38
SRC_RETURN_B002_000001339,R000022638,O000052685,C0040446,2025-05-18 21:45:56,COMPLETED,WRONG_ITEM,2193.19,2025-05-18 21:45:56,2025-05-18 21:45:56
SRC_RETURN_B002_000001340,R000022639,O000106763,C0022321,2025-04-16 17:42:57,COMPLETED,DAMAGED,1518.32,2025-04-16 17:42:57,2025-04-16 17:42:57
SRC_RETURN_B002_000001341,R000022640,O000119667,C0028278,2024-11-15 20:38:28,COMPLETED,UNWANTED,913.82,2024-11-15 20:38:28,2024-11-15 20:38:28
SRC_RETURN_B002_000001342,R000022641,O000047892,C0008880,2026-03-19 16:15:39,COMPLETED,WRONG_ITEM,2823.99,2026-03-19 16:15:39,2026-03-19 16:15:39
SRC_RETURN_B002_000001343,R000022642,O000058998,C0002639,2024-05-05 00:56:48,COMPLETED,SIZE_FIT,17.63,2024-05-05 00:56:48,2024-05-05 00:56:48
SRC_RETURN_B002_000001344,R000022643,O000001264,C0028171,2024-03-14 09:56:47,COMPLETED,LATE_DELIVERY,563.34,2024-03-14 09:56:47,2024-03-14 09:56:47
SRC_RETURN_B002_000001345,R000022644,O000006228,C0013206,2024-11-27 02:15:40,COMPLETED,DAMAGED,295.13,2024-11-27 02:15:40,2024-11-27 02:15:40
SRC_RETURN_B002_000001346,R000022645,O000027891,C0046071,2024-07-31 23:17:45,COMPLETED,UNWANTED,4001.16,2024-07-31 23:17:45,2024-07-31 23:17:45
SRC_RETURN_B002_000001347,R000022646,O000109540,C0003818,2025-11-01 00:29:08,COMPLETED,DEFECTIVE,116.52,2025-11-01 00:29:08,2025-11-01 00:29:08
SRC_RETURN_B002_000001348,R000022647,O000064301,C0021802,2025-07-09 09:22:22,COMPLETED,DEFECTIVE,1049.76,2025-07-09 09:22:22,2025-07-09 09:22:22
SRC_RETURN_B002_000001349,R000022648,O000040909,C0018173,2026-05-21 11:53:54,COMPLETED,WRONG_ITEM,934.10,2026-05-21 11:53:54,2026-05-21 11:53:54
SRC_RETURN_B002_000001350,R000022649,O000083415,C0037281,2024-08-20 21:48:29,COMPLETED,UNWANTED,2336.07,2024-08-20 21:48:29,2024-08-20 21:48:29
SRC_RETURN_B002_000001351,R000022650,O000011301,C0014093,2025-07-11 03:19:30,COMPLETED,DEFECTIVE,71.28,2025-07-11 03:19:30,2025-07-11 03:19:30
SRC_RETURN_B002_000001352,R000022651,O000097699,C0028927,2025-03-09 08:52:55,COMPLETED,DAMAGED,1001.10,2025-03-09 08:52:55,2025-03-09 08:52:55
SRC_RETURN_B002_000001353,R000022652,O000018701,C0011194,2025-01-31 11:23:37,COMPLETED,SIZE_FIT,24.72,2025-01-31 11:23:37,2025-01-31 11:23:37
SRC_RETURN_B002_000001354,R000022653,O000000294,C0009340,2026-01-26 11:10:46,COMPLETED,SIZE_FIT,2726.09,2026-01-26 11:10:46,2026-01-26 11:10:46
SRC_RETURN_B002_000001355,R000022654,O000119432,C0010342,2025-01-11 04:48:15,COMPLETED,DAMAGED,1708.22,2025-01-11 04:48:15,2025-01-11 04:48:15
SRC_RETURN_B002_000001356,R000022655,O000017037,C0017044,2026-04-07 13:14:56,COMPLETED,SIZE_FIT,555.56,2026-04-07 13:14:56,2026-04-07 13:14:56
SRC_RETURN_B002_000001357,R000022656,O000034153,C0026936,2026-04-29 13:36:23,COMPLETED,DAMAGED,224.08,2026-04-29 13:36:23,2026-04-29 13:36:23
SRC_RETURN_B002_000001358,R000022657,O000016101,C0029320,2025-05-06 08:47:17,COMPLETED,DAMAGED,1615.24,2025-05-06 08:47:17,2025-05-06 08:47:17
SRC_RETURN_B002_000001359,R000022658,O000069021,C0003767,2025-08-28 22:31:22,COMPLETED,UNWANTED,42.35,2025-08-28 22:31:22,2025-08-28 22:31:22
SRC_RETURN_B002_000001360,R000022659,O000115118,C0040710,2024-04-13 08:16:26,COMPLETED,WRONG_ITEM,2535.86,2024-04-13 08:16:26,2024-04-13 08:16:26
SRC_RETURN_B002_000001361,R000022660,O000103074,C0033247,2024-06-16 20:09:13,COMPLETED,SIZE_FIT,123.41,2024-06-16 20:09:13,2024-06-16 20:09:13
SRC_RETURN_B002_000001362,R000022661,O000109534,C0016111,2024-12-25 10:43:53,COMPLETED,DEFECTIVE,596.98,2024-12-25 10:43:53,2024-12-25 10:43:53
SRC_RETURN_B002_000001363,R000022662,O000093287,C0024892,2025-09-09 05:35:56,COMPLETED,WRONG_ITEM,371.13,2025-09-09 05:35:56,2025-09-09 05:35:56
SRC_RETURN_B002_000001364,R000022663,O000018500,C0020056,2025-09-17 06:38:18,COMPLETED,LATE_DELIVERY,673.10,2025-09-17 06:38:18,2025-09-17 06:38:18
SRC_RETURN_B002_000001365,R000022664,O000070457,C0002325,2025-11-14 20:15:53,COMPLETED,DEFECTIVE,3010.34,2025-11-14 20:15:53,2025-11-14 20:15:53
SRC_RETURN_B002_000001366,R000022665,O000071444,C0002552,2024-03-21 05:27:45,COMPLETED,UNWANTED,1497.61,2024-03-21 05:27:45,2024-03-21 05:27:45
SRC_RETURN_B002_000001367,R000022666,O000019410,C0045597,2024-07-13 09:43:35,COMPLETED,DAMAGED,2253.55,2024-07-13 09:43:35,2024-07-13 09:43:35
SRC_RETURN_B002_000001368,R000022667,O000008436,C0040522,2025-03-13 22:41:11,COMPLETED,DAMAGED,346.76,2025-03-13 22:41:11,2025-03-13 22:41:11
SRC_RETURN_B002_000001369,R000022668,O000058210,C0027184,2026-02-23 08:27:22,COMPLETED,WRONG_ITEM,2455.03,2026-02-23 08:27:22,2026-02-23 08:27:22
SRC_RETURN_B002_000001370,R000022669,O000087964,C0038260,2024-03-26 01:49:52,COMPLETED,LATE_DELIVERY,3458.56,2024-03-26 01:49:52,2024-03-26 01:49:52
SRC_RETURN_B002_000001371,R000022670,O000069334,C0023364,2024-12-04 22:19:36,COMPLETED,WRONG_ITEM,540.70,2024-12-04 22:19:36,2024-12-04 22:19:36
SRC_RETURN_B002_000001372,R000022671,O000035386,C0042141,2026-08-24 15:27:35,COMPLETED,UNWANTED,1724.32,2026-08-24 15:27:35,2026-08-24 15:27:35
SRC_RETURN_B002_000001373,R000022672,O000093069,C0018832,2026-02-03 21:47:15,COMPLETED,DAMAGED,1165.93,2026-02-03 21:47:15,2026-02-03 21:47:15
SRC_RETURN_B002_000001374,R000022673,O000090429,C0038097,2026-01-26 01:20:56,COMPLETED,LATE_DELIVERY,623.70,2026-01-26 01:20:56,2026-01-26 01:20:56
SRC_RETURN_B002_000001375,R000022674,O000114550,C0013121,2026-09-14 15:23:28,COMPLETED,WRONG_ITEM,1413.97,2026-09-14 15:23:28,2026-09-14 15:23:28
SRC_RETURN_B002_000001376,R000022675,O000009399,C0022685,2024-04-23 23:33:03,COMPLETED,LATE_DELIVERY,689.40,2024-04-23 23:33:03,2024-04-23 23:33:03
SRC_RETURN_B002_000001377,R000022676,O000092127,C0045183,2024-09-20 18:51:03,COMPLETED,LATE_DELIVERY,1274.38,2024-09-20 18:51:03,2024-09-20 18:51:03
SRC_RETURN_B002_000001378,R000022677,O000016862,C0045678,2025-07-04 15:33:17,COMPLETED,WRONG_ITEM,269.27,2025-07-04 15:33:17,2025-07-04 15:33:17
SRC_RETURN_B002_000001379,R000022678,O000094195,C0015724,2024-03-24 20:08:28,COMPLETED,DEFECTIVE,2057.98,2024-03-24 20:08:28,2024-03-24 20:08:28
SRC_RETURN_B002_000001380,R000022679,O000108416,C0025289,2026-07-20 19:26:57,COMPLETED,WRONG_ITEM,824.38,2026-07-20 19:26:57,2026-07-20 19:26:57
SRC_RETURN_B002_000001381,R000022680,O000074129,C0019713,2025-09-28 19:15:16,COMPLETED,SIZE_FIT,1709.24,2025-09-28 19:15:16,2025-09-28 19:15:16
SRC_RETURN_B002_000001382,R000022681,O000099234,C0006240,2025-12-20 23:44:32,COMPLETED,DAMAGED,2170.52,2025-12-20 23:44:32,2025-12-20 23:44:32
SRC_RETURN_B002_000001383,R000022682,O000058802,C0027875,2026-01-23 18:38:32,COMPLETED,SIZE_FIT,1821.10,2026-01-23 18:38:32,2026-01-23 18:38:32
SRC_RETURN_B002_000001384,R000022683,O000115435,C0010877,2024-03-20 09:04:00,COMPLETED,UNWANTED,1845.53,2024-03-20 09:04:00,2024-03-20 09:04:00
SRC_RETURN_B002_000001385,R000022684,O000065104,C0016472,2025-02-28 08:45:25,COMPLETED,LATE_DELIVERY,2899.26,2025-02-28 08:45:25,2025-02-28 08:45:25
SRC_RETURN_B002_000001386,R000022685,O000046552,C0042949,2025-04-29 20:03:45,COMPLETED,LATE_DELIVERY,1115.72,2025-04-29 20:03:45,2025-04-29 20:03:45
SRC_RETURN_B002_000001387,R000022686,O000043427,C0049599,2024-09-30 14:56:47,COMPLETED,LATE_DELIVERY,266.26,2024-09-30 14:56:47,2024-09-30 14:56:47
SRC_RETURN_B002_000001388,R000022687,O000027430,C0034666,2024-04-21 20:14:47,COMPLETED,WRONG_ITEM,442.38,2024-04-21 20:14:47,2024-04-21 20:14:47
SRC_RETURN_B002_000001389,R000022688,O000029511,C0017430,2026-06-01 17:20:28,COMPLETED,SIZE_FIT,2419.52,2026-06-01 17:20:28,2026-06-01 17:20:28
SRC_RETURN_B002_000001390,R000022689,O000020210,C0024198,2025-08-30 02:56:51,COMPLETED,UNWANTED,2539.11,2025-08-30 02:56:51,2025-08-30 02:56:51
SRC_RETURN_B002_000001391,R000022690,O000046934,C0009894,2026-01-07 21:29:28,COMPLETED,SIZE_FIT,863.74,2026-01-07 21:29:28,2026-01-07 21:29:28
SRC_RETURN_B002_000001392,R000022691,O000001527,C0020808,2024-08-12 11:37:40,COMPLETED,WRONG_ITEM,815.09,2024-08-12 11:37:40,2024-08-12 11:37:40
SRC_RETURN_B002_000001393,R000022692,O000111516,C0039162,2026-08-11 22:33:38,COMPLETED,WRONG_ITEM,553.93,2026-08-11 22:33:38,2026-08-11 22:33:38
SRC_RETURN_B002_000001394,R000022693,O000013267,C0024851,2025-06-05 00:36:40,COMPLETED,SIZE_FIT,167.01,2025-06-05 00:36:40,2025-06-05 00:36:40
SRC_RETURN_B002_000001395,R000022694,O000102483,C0019260,2025-03-08 00:25:11,COMPLETED,UNWANTED,610.00,2025-03-08 00:25:11,2025-03-08 00:25:11
SRC_RETURN_B002_000001396,R000022695,O000100205,C0030517,2024-10-27 03:44:44,COMPLETED,WRONG_ITEM,145.69,2024-10-27 03:44:44,2024-10-27 03:44:44
SRC_RETURN_B002_000001397,R000022696,O000091577,C0001746,2024-08-05 06:40:43,COMPLETED,SIZE_FIT,324.76,2024-08-05 06:40:43,2024-08-05 06:40:43
SRC_RETURN_B002_000001398,R000022697,O000029090,C0040196,2026-03-03 23:23:19,COMPLETED,UNWANTED,1338.65,2026-03-03 23:23:19,2026-03-03 23:23:19
SRC_RETURN_B002_000001399,R000022698,O000052753,C0038733,2025-10-06 08:35:16,COMPLETED,UNWANTED,296.11,2025-10-06 08:35:16,2025-10-06 08:35:16
SRC_RETURN_B002_000001400,R000022699,O000046845,C0010897,2025-10-23 08:02:23,COMPLETED,WRONG_ITEM,2098.78,2025-10-23 08:02:23,2025-10-23 08:02:23
SRC_RETURN_B002_000001401,R000022700,O000066375,C0036073,2025-09-18 08:50:00,COMPLETED,LATE_DELIVERY,1175.21,2025-09-18 08:50:00,2025-09-18 08:50:00
SRC_RETURN_B002_000001402,R000022701,O000094758,C0024888,2024-05-31 14:00:50,COMPLETED,DEFECTIVE,994.31,2024-05-31 14:00:50,2024-05-31 14:00:50
SRC_RETURN_B002_000001403,R000022702,O000078512,C0046633,2025-07-11 23:51:28,COMPLETED,SIZE_FIT,2979.15,2025-07-11 23:51:28,2025-07-11 23:51:28
SRC_RETURN_B002_000001404,R000022703,O000090879,C0039075,2024-04-17 15:58:57,COMPLETED,DAMAGED,639.80,2024-04-17 15:58:57,2024-04-17 15:58:57
SRC_RETURN_B002_000001405,R000022704,O000001960,C0033007,2024-12-14 05:19:51,COMPLETED,WRONG_ITEM,660.51,2024-12-14 05:19:51,2024-12-14 05:19:51
SRC_RETURN_B002_000001406,R000022705,O000023426,C0021553,2024-02-25 19:47:24,COMPLETED,WRONG_ITEM,650.44,2024-02-25 19:47:24,2024-02-25 19:47:24
SRC_RETURN_B002_000001407,R000022706,O000049973,C0047508,2026-10-06 18:34:13,COMPLETED,UNWANTED,610.84,2026-10-06 18:34:13,2026-10-06 18:34:13
SRC_RETURN_B002_000001408,R000022707,O000100011,C0012311,2025-10-01 03:59:01,COMPLETED,LATE_DELIVERY,1109.39,2025-10-01 03:59:01,2025-10-01 03:59:01
SRC_RETURN_B002_000001409,R000022708,O000013290,C0032292,2026-08-20 09:12:58,COMPLETED,LATE_DELIVERY,1065.06,2026-08-20 09:12:58,2026-08-20 09:12:58
SRC_RETURN_B002_000001410,R000022709,O000056950,C0037458,2026-03-16 01:01:50,COMPLETED,DEFECTIVE,586.09,2026-03-16 01:01:50,2026-03-16 01:01:50
SRC_RETURN_B002_000001411,R000022710,O000009668,C0022667,2026-03-24 15:55:16,COMPLETED,SIZE_FIT,472.14,2026-03-24 15:55:16,2026-03-24 15:55:16
SRC_RETURN_B002_000001412,R000022711,O000119608,C0009826,2024-10-28 01:26:05,COMPLETED,WRONG_ITEM,1488.36,2024-10-28 01:26:05,2024-10-28 01:26:05
SRC_RETURN_B002_000001413,R000022712,O000079739,C0013139,2024-09-08 02:02:48,COMPLETED,DEFECTIVE,1676.50,2024-09-08 02:02:48,2024-09-08 02:02:48
SRC_RETURN_B002_000001414,R000022713,O000006302,C0040568,2026-04-04 20:08:57,COMPLETED,DAMAGED,753.43,2026-04-04 20:08:57,2026-04-04 20:08:57
SRC_RETURN_B002_000001415,R000022714,O000021847,C0000831,2025-12-03 01:05:22,COMPLETED,UNWANTED,1207.81,2025-12-03 01:05:22,2025-12-03 01:05:22
SRC_RETURN_B002_000001416,R000022715,O000065672,C0026560,2024-09-17 23:09:28,COMPLETED,UNWANTED,2006.10,2024-09-17 23:09:28,2024-09-17 23:09:28
SRC_RETURN_B002_000001417,R000022716,O000059983,C0016668,2024-04-12 19:03:09,COMPLETED,DAMAGED,3246.35,2024-04-12 19:03:09,2024-04-12 19:03:09
SRC_RETURN_B002_000001418,R000022717,O000069212,C0023162,2026-05-04 16:36:01,COMPLETED,LATE_DELIVERY,2317.90,2026-05-04 16:36:01,2026-05-04 16:36:01
SRC_RETURN_B002_000001419,R000022718,O000074353,C0045347,2025-05-16 02:29:48,COMPLETED,LATE_DELIVERY,1913.64,2025-05-16 02:29:48,2025-05-16 02:29:48
SRC_RETURN_B002_000001420,R000022719,O000098792,C0013611,2026-01-22 15:31:36,COMPLETED,DAMAGED,2989.54,2026-01-22 15:31:36,2026-01-22 15:31:36
SRC_RETURN_B002_000001421,R000022720,O000118294,C0010992,2024-01-13 10:12:11,COMPLETED,SIZE_FIT,1174.11,2024-01-13 10:12:11,2024-01-13 10:12:11
SRC_RETURN_B002_000001422,R000022721,O000083469,C0023630,2026-04-20 08:44:42,COMPLETED,UNWANTED,151.62,2026-04-20 08:44:42,2026-04-20 08:44:42
SRC_RETURN_B002_000001423,R000022722,O000056236,C0045539,2024-05-16 19:09:59,COMPLETED,LATE_DELIVERY,933.43,2024-05-16 19:09:59,2024-05-16 19:09:59
SRC_RETURN_B002_000001424,R000022723,O000025647,C0016904,2024-12-30 12:50:36,COMPLETED,DEFECTIVE,1589.39,2024-12-30 12:50:36,2024-12-30 12:50:36
SRC_RETURN_B002_000001425,R000022724,O000054893,C0047693,2026-09-21 06:41:07,COMPLETED,SIZE_FIT,4.99,2026-09-21 06:41:07,2026-09-21 06:41:07
SRC_RETURN_B002_000001426,R000022725,O000010359,C0016909,2026-02-17 23:24:53,COMPLETED,LATE_DELIVERY,955.85,2026-02-17 23:24:53,2026-02-17 23:24:53
SRC_RETURN_B002_000001427,R000022726,O000026871,C0024448,2024-05-14 03:24:42,COMPLETED,DEFECTIVE,925.31,2024-05-14 03:24:42,2024-05-14 03:24:42
SRC_RETURN_B002_000001428,R000022727,O000042276,C0030772,2025-01-05 15:56:32,COMPLETED,WRONG_ITEM,862.73,2025-01-05 15:56:32,2025-01-05 15:56:32
SRC_RETURN_B002_000001429,R000022728,O000068396,C0008502,2026-09-22 13:22:55,COMPLETED,SIZE_FIT,657.23,2026-09-22 13:22:55,2026-09-22 13:22:55
SRC_RETURN_B002_000001430,R000022729,O000015864,C0005868,2024-12-12 16:08:09,COMPLETED,WRONG_ITEM,1672.25,2024-12-12 16:08:09,2024-12-12 16:08:09
SRC_RETURN_B002_000001431,R000022730,O000100218,C0043169,2026-03-25 16:36:44,COMPLETED,DEFECTIVE,893.98,2026-03-25 16:36:44,2026-03-25 16:36:44
SRC_RETURN_B002_000001432,R000022731,O000045578,C0029595,2025-06-25 03:12:07,COMPLETED,DEFECTIVE,27.80,2025-06-25 03:12:07,2025-06-25 03:12:07
SRC_RETURN_B002_000001433,R000022732,O000084720,C0023534,2024-04-01 23:24:12,COMPLETED,UNWANTED,1107.16,2024-04-01 23:24:12,2024-04-01 23:24:12
SRC_RETURN_B002_000001434,R000022733,O000053011,C0013352,2026-05-16 07:16:35,COMPLETED,UNWANTED,1044.37,2026-05-16 07:16:35,2026-05-16 07:16:35
SRC_RETURN_B002_000001435,R000022734,O000066426,C0013535,2024-05-18 10:59:27,COMPLETED,DAMAGED,3532.23,2024-05-18 10:59:27,2024-05-18 10:59:27
SRC_RETURN_B002_000001436,R000022735,O000060129,C0043651,2024-02-02 18:48:48,COMPLETED,DEFECTIVE,167.75,2024-02-02 18:48:48,2024-02-02 18:48:48
SRC_RETURN_B002_000001437,R000022736,O000001767,C0010566,2025-08-26 12:13:44,COMPLETED,SIZE_FIT,2816.10,2025-08-26 12:13:44,2025-08-26 12:13:44
SRC_RETURN_B002_000001438,R000022737,O000049947,C0036580,2025-03-25 06:58:19,COMPLETED,DEFECTIVE,1611.25,2025-03-25 06:58:19,2025-03-25 06:58:19
SRC_RETURN_B002_000001439,R000022738,O000078969,C0021898,2024-05-11 11:56:18,COMPLETED,LATE_DELIVERY,3257.10,2024-05-11 11:56:18,2024-05-11 11:56:18
SRC_RETURN_B002_000001440,R000022739,O000002022,C0031257,2025-08-11 12:02:10,COMPLETED,LATE_DELIVERY,460.49,2025-08-11 12:02:10,2025-08-11 12:02:10
SRC_RETURN_B002_000001441,R000022740,O000034305,C0022197,2026-01-21 22:40:35,COMPLETED,UNWANTED,53.28,2026-01-21 22:40:35,2026-01-21 22:40:35
SRC_RETURN_B002_000001442,R000022741,O000013029,C0026354,2025-08-14 08:35:10,COMPLETED,SIZE_FIT,780.44,2025-08-14 08:35:10,2025-08-14 08:35:10
SRC_RETURN_B002_000001443,R000022742,O000063941,C0039725,2026-04-18 19:34:56,COMPLETED,LATE_DELIVERY,559.89,2026-04-18 19:34:56,2026-04-18 19:34:56
SRC_RETURN_B002_000001444,R000022743,O000047409,C0014977,2025-12-01 07:54:45,COMPLETED,DEFECTIVE,689.23,2025-12-01 07:54:45,2025-12-01 07:54:45
SRC_RETURN_B002_000001445,R000022744,O000071166,C0003527,2025-12-19 12:46:02,COMPLETED,DAMAGED,100.19,2025-12-19 12:46:02,2025-12-19 12:46:02
SRC_RETURN_B002_000001446,R000022745,O000022195,C0020551,2024-12-09 20:13:23,COMPLETED,LATE_DELIVERY,428.90,2024-12-09 20:13:23,2024-12-09 20:13:23
SRC_RETURN_B002_000001447,R000022746,O000093359,C0030014,2025-06-12 21:02:02,COMPLETED,DEFECTIVE,2098.59,2025-06-12 21:02:02,2025-06-12 21:02:02
SRC_RETURN_B002_000001448,R000022747,O000066576,C0034056,2025-12-30 13:49:59,COMPLETED,LATE_DELIVERY,1780.48,2025-12-30 13:49:59,2025-12-30 13:49:59
SRC_RETURN_B002_000001449,R000022748,O000113217,C0021836,2026-01-27 05:44:07,COMPLETED,DAMAGED,1111.51,2026-01-27 05:44:07,2026-01-27 05:44:07
SRC_RETURN_B002_000001450,R000022749,O000031557,C0033252,2025-12-21 16:20:33,COMPLETED,WRONG_ITEM,875.70,2025-12-21 16:20:33,2025-12-21 16:20:33
SRC_RETURN_B002_000001451,R000022750,O000074757,C0011200,2026-03-09 23:46:31,COMPLETED,DEFECTIVE,1769.19,2026-03-09 23:46:31,2026-03-09 23:46:31
SRC_RETURN_B002_000001452,R000022751,O000094882,C0020020,2025-02-21 17:04:22,COMPLETED,DEFECTIVE,1464.60,2025-02-21 17:04:22,2025-02-21 17:04:22
SRC_RETURN_B002_000001453,R000022752,O000001060,C0012113,2025-06-17 04:34:18,COMPLETED,SIZE_FIT,2211.89,2025-06-17 04:34:18,2025-06-17 04:34:18
SRC_RETURN_B002_000001454,R000022753,O000003479,C0038240,2025-09-15 07:29:55,COMPLETED,WRONG_ITEM,2458.55,2025-09-15 07:29:55,2025-09-15 07:29:55
SRC_RETURN_B002_000001455,R000022754,O000039678,C0021783,2025-07-15 15:20:46,COMPLETED,DAMAGED,1591.36,2025-07-15 15:20:46,2025-07-15 15:20:46
SRC_RETURN_B002_000001456,R000022755,O000097099,C0029679,2025-07-23 11:48:33,COMPLETED,DAMAGED,1103.86,2025-07-23 11:48:33,2025-07-23 11:48:33
SRC_RETURN_B002_000001457,R000022756,O000112061,C0017418,2026-07-27 07:03:06,COMPLETED,WRONG_ITEM,2276.00,2026-07-27 07:03:06,2026-07-27 07:03:06
SRC_RETURN_B002_000001458,R000022757,O000012468,C0031849,2026-02-02 22:36:20,COMPLETED,DEFECTIVE,1069.82,2026-02-02 22:36:20,2026-02-02 22:36:20
SRC_RETURN_B002_000001459,R000022758,O000013176,C0014098,2026-07-06 20:24:56,COMPLETED,DAMAGED,1065.90,2026-07-06 20:24:56,2026-07-06 20:24:56
SRC_RETURN_B002_000001460,R000022759,O000100327,C0000653,2025-11-19 14:35:48,COMPLETED,LATE_DELIVERY,243.31,2025-11-19 14:35:48,2025-11-19 14:35:48
SRC_RETURN_B002_000001461,R000022760,O000070571,C0021661,2024-06-07 23:52:30,COMPLETED,DEFECTIVE,1299.43,2024-06-07 23:52:30,2024-06-07 23:52:30
SRC_RETURN_B002_000001462,R000022761,O000001955,C0002169,2026-08-06 21:19:39,COMPLETED,DEFECTIVE,1481.59,2026-08-06 21:19:39,2026-08-06 21:19:39
SRC_RETURN_B002_000001463,R000022762,O000018090,C0017101,2024-08-28 15:29:56,COMPLETED,UNWANTED,966.70,2024-08-28 15:29:56,2024-08-28 15:29:56
SRC_RETURN_B002_000001464,R000022763,O000051056,C0003057,2026-08-04 02:31:48,COMPLETED,SIZE_FIT,324.76,2026-08-04 02:31:48,2026-08-04 02:31:48
SRC_RETURN_B002_000001465,R000022764,O000049216,C0017810,2025-12-04 09:33:49,COMPLETED,DEFECTIVE,842.46,2025-12-04 09:33:49,2025-12-04 09:33:49
SRC_RETURN_B002_000001466,R000022765,O000087304,C0039433,2024-05-11 03:12:17,COMPLETED,DEFECTIVE,100.19,2024-05-11 03:12:17,2024-05-11 03:12:17
SRC_RETURN_B002_000001467,R000022766,O000116065,C0018841,2026-08-30 06:53:46,COMPLETED,SIZE_FIT,2351.38,2026-08-30 06:53:46,2026-08-30 06:53:46
SRC_RETURN_B002_000001468,R000022767,O000052624,C0038831,2024-08-29 15:08:19,COMPLETED,SIZE_FIT,232.28,2024-08-29 15:08:19,2024-08-29 15:08:19
SRC_RETURN_B002_000001469,R000022768,O000040454,C0017901,2025-01-13 02:55:05,COMPLETED,DAMAGED,5130.11,2025-01-13 02:55:05,2025-01-13 02:55:05
SRC_RETURN_B002_000001470,R000022769,O000054825,C0037458,2025-02-27 08:55:22,COMPLETED,UNWANTED,1158.99,2025-02-27 08:55:22,2025-02-27 08:55:22
SRC_RETURN_B002_000001471,R000022770,O000035769,C0016937,2025-02-02 21:49:09,COMPLETED,UNWANTED,548.02,2025-02-02 21:49:09,2025-02-02 21:49:09
SRC_RETURN_B002_000001472,R000022771,O000078724,C0027116,2024-05-07 03:00:16,COMPLETED,DEFECTIVE,299.68,2024-05-07 03:00:16,2024-05-07 03:00:16
SRC_RETURN_B002_000001473,R000022772,O000030857,C0038040,2026-06-15 04:26:17,COMPLETED,DEFECTIVE,1265.31,2026-06-15 04:26:17,2026-06-15 04:26:17
SRC_RETURN_B002_000001474,R000022773,O000077820,C0023252,2026-06-11 18:15:57,COMPLETED,SIZE_FIT,1241.79,2026-06-11 18:15:57,2026-06-11 18:15:57
SRC_RETURN_B002_000001475,R000022774,O000039615,C0011429,2024-06-07 15:30:34,COMPLETED,UNWANTED,2033.58,2024-06-07 15:30:34,2024-06-07 15:30:34
SRC_RETURN_B002_000001476,R000022775,O000067878,C0049728,2025-06-22 19:56:42,COMPLETED,UNWANTED,1126.78,2025-06-22 19:56:42,2025-06-22 19:56:42
SRC_RETURN_B002_000001477,R000022776,O000009156,C0039070,2025-02-17 15:02:15,COMPLETED,DAMAGED,625.93,2025-02-17 15:02:15,2025-02-17 15:02:15
SRC_RETURN_B002_000001478,R000022777,O000048280,C0047017,2025-05-30 16:46:15,COMPLETED,DEFECTIVE,958.32,2025-05-30 16:46:15,2025-05-30 16:46:15
SRC_RETURN_B002_000001479,R000022778,O000098232,C0035554,2025-08-08 10:41:36,COMPLETED,DEFECTIVE,2837.34,2025-08-08 10:41:36,2025-08-08 10:41:36
SRC_RETURN_B002_000001480,R000022779,O000072863,C0010700,2025-03-10 15:42:46,COMPLETED,DEFECTIVE,538.36,2025-03-10 15:42:46,2025-03-10 15:42:46
SRC_RETURN_B002_000001481,R000022780,O000036262,C0017469,2024-07-12 22:16:19,COMPLETED,DAMAGED,1525.41,2024-07-12 22:16:19,2024-07-12 22:16:19
SRC_RETURN_B002_000001482,R000022781,O000031277,C0011450,2025-06-30 12:24:27,COMPLETED,DAMAGED,661.49,2025-06-30 12:24:27,2025-06-30 12:24:27
SRC_RETURN_B002_000001483,R000022782,O000045078,C0012278,2024-04-11 13:47:58,COMPLETED,WRONG_ITEM,2058.65,2024-04-11 13:47:58,2024-04-11 13:47:58
SRC_RETURN_B002_000001484,R000022783,O000077093,C0040025,2024-09-26 06:44:38,COMPLETED,UNWANTED,2785.98,2024-09-26 06:44:38,2024-09-26 06:44:38
SRC_RETURN_B002_000001485,R000022784,O000016524,C0036149,2026-08-25 05:17:11,COMPLETED,SIZE_FIT,2142.52,2026-08-25 05:17:11,2026-08-25 05:17:11
SRC_RETURN_B002_000001486,R000022785,O000069185,C0030773,2024-03-17 08:18:02,COMPLETED,DEFECTIVE,1624.90,2024-03-17 08:18:02,2024-03-17 08:18:02
SRC_RETURN_B002_000001487,R000022786,O000078799,C0015132,2025-01-03 16:55:37,COMPLETED,DEFECTIVE,3036.08,2025-01-03 16:55:37,2025-01-03 16:55:37
SRC_RETURN_B002_000001488,R000022787,O000043249,C0013446,2024-10-04 09:33:54,COMPLETED,WRONG_ITEM,1482.60,2024-10-04 09:33:54,2024-10-04 09:33:54
SRC_RETURN_B002_000001489,R000022788,O000005136,C0014872,2025-01-31 13:21:53,COMPLETED,DEFECTIVE,1305.43,2025-01-31 13:21:53,2025-01-31 13:21:53
SRC_RETURN_B002_000001490,R000022789,O000018000,C0005320,2025-11-20 16:38:48,COMPLETED,DEFECTIVE,2336.49,2025-11-20 16:38:48,2025-11-20 16:38:48
SRC_RETURN_B002_000001491,R000022790,O000062283,C0042491,2026-06-26 20:55:46,COMPLETED,LATE_DELIVERY,2012.39,2026-06-26 20:55:46,2026-06-26 20:55:46
SRC_RETURN_B002_000001492,R000022791,O000022529,C0015011,2025-11-18 12:03:58,COMPLETED,UNWANTED,856.31,2025-11-18 12:03:58,2025-11-18 12:03:58
SRC_RETURN_B002_000001493,R000022792,O000073612,C0030345,2026-07-08 06:08:52,COMPLETED,DAMAGED,2030.63,2026-07-08 06:08:52,2026-07-08 06:08:52
SRC_RETURN_B002_000001494,R000022793,O000067432,C0025941,2026-01-07 22:20:55,COMPLETED,SIZE_FIT,1065.40,2026-01-07 22:20:55,2026-01-07 22:20:55
SRC_RETURN_B002_000001495,R000022794,O000000443,C0030502,2025-01-05 07:27:28,COMPLETED,LATE_DELIVERY,1410.90,2025-01-05 07:27:28,2025-01-05 07:27:28
SRC_RETURN_B002_000001496,R000022795,O000017095,C0037429,2026-06-17 21:17:26,COMPLETED,WRONG_ITEM,224.20,2026-06-17 21:17:26,2026-06-17 21:17:26
SRC_RETURN_B002_000001497,R000022796,O000105124,C0021892,2024-07-30 16:16:44,COMPLETED,WRONG_ITEM,91.84,2024-07-30 16:16:44,2024-07-30 16:16:44
SRC_RETURN_B002_000001498,R000022797,O000015737,C0036310,2025-06-12 23:51:15,COMPLETED,UNWANTED,1357.25,2025-06-12 23:51:15,2025-06-12 23:51:15
SRC_RETURN_B002_000001499,R000022798,O000116147,C0016229,2026-02-12 03:44:38,COMPLETED,DEFECTIVE,1075.02,2026-02-12 03:44:38,2026-02-12 03:44:38
SRC_RETURN_B002_000001500,R000022799,O000031670,C0003596,2025-01-13 20:48:05,COMPLETED,WRONG_ITEM,53.28,2025-01-13 20:48:05,2025-01-13 20:48:05
DEF_RETURN_ORPHAN_B002_001,R_BAD_B002_001,O_DOES_NOT_EXIST,C0015942,2025-04-18 07:07:32,COMPLETED,WRONG_ITEM,1772.30,2025-04-18 07:07:32,2025-04-18 07:07:32
