source_record_id,product_category_id,product_id,category_id,is_primary,active_from,active_to,created_at,updated_at
SRC_PRODUCT_CATEGORY_B001_000000001,PC00000001,P000001,CAT0024,Y,2025-06-10,NULL,2025-06-10 16:56:12.0000000,2025-06-10 16:56:12.0000000
SRC_PRODUCT_CATEGORY_B001_000000002,PC00000002,P000002,CAT0007,Y,2025-06-06,NULL,2025-06-06 18:15:29.0000000,2025-06-06 18:15:29.0000000
SRC_PRODUCT_CATEGORY_B001_000000003,PC00000003,P000003,CAT0028,Y,2024-10-23,NULL,2024-10-23 07:16:59.0000000,2024-10-23 07:16:59.0000000
SRC_PRODUCT_CATEGORY_B001_000000004,PC00000004,P000003,CAT0012,N,2024-10-23,NULL,2024-10-23 07:16:59.0000000,2024-10-23 07:16:59.0000000
SRC_PRODUCT_CATEGORY_B001_000000005,PC00000005,P000004,CAT0024,Y,2024-07-12,NULL,2024-07-12 19:10:31.0000000,2024-07-12 19:10:31.0000000
SRC_PRODUCT_CATEGORY_B001_000000006,PC00000006,P000004,CAT0020,N,2024-07-12,NULL,2024-07-12 19:10:31.0000000,2024-07-12 19:10:31.0000000
SRC_PRODUCT_CATEGORY_B001_000000007,PC00000007,P000005,CAT0010,Y,2024-04-03,NULL,2024-04-03 05:01:02.0000000,2024-04-03 05:01:02.0000000
SRC_PRODUCT_CATEGORY_B001_000000008,PC00000008,P000005,CAT0009,N,2024-04-03,NULL,2024-04-03 05:01:02.0000000,2024-04-03 05:01:02.0000000
SRC_PRODUCT_CATEGORY_B001_000000009,PC00000009,P000006,CAT0009,Y,2025-07-20,NULL,2025-07-20 16:19:17.0000000,2025-07-20 16:19:17.0000000
SRC_PRODUCT_CATEGORY_B001_000000010,PC00000010,P000007,CAT0026,Y,2025-11-26,NULL,2025-11-26 21:42:52.0000000,2025-11-26 21:42:52.0000000
SRC_PRODUCT_CATEGORY_B001_000000011,PC00000011,P000007,CAT0015,N,2025-11-26,NULL,2025-11-26 21:42:52.0000000,2025-11-26 21:42:52.0000000
SRC_PRODUCT_CATEGORY_B001_000000012,PC00000012,P000008,CAT0013,Y,2025-12-30,NULL,2025-12-30 21:14:12.0000000,2025-12-30 21:14:12.0000000
SRC_PRODUCT_CATEGORY_B001_000000013,PC00000013,P000009,CAT0027,Y,2025-12-18,NULL,2025-12-18 13:03:47.0000000,2025-12-18 13:03:47.0000000
SRC_PRODUCT_CATEGORY_B001_000000014,PC00000014,P000009,CAT0023,N,2025-12-18,NULL,2025-12-18 13:03:47.0000000,2025-12-18 13:03:47.0000000
SRC_PRODUCT_CATEGORY_B001_000000015,PC00000015,P000009,CAT0020,N,2025-12-18,NULL,2025-12-18 13:03:47.0000000,2025-12-18 13:03:47.0000000
SRC_PRODUCT_CATEGORY_B001_000000016,PC00000016,P000010,CAT0021,Y,2026-04-10,NULL,2026-04-10 18:22:04.0000000,2026-04-10 18:22:04.0000000
SRC_PRODUCT_CATEGORY_B001_000000017,PC00000017,P000010,CAT0020,N,2026-04-10,NULL,2026-04-10 18:22:04.0000000,2026-04-10 18:22:04.0000000
SRC_PRODUCT_CATEGORY_B001_000000018,PC00000018,P000011,CAT0013,Y,2023-04-06,NULL,2023-04-06 12:31:23.0000000,2023-04-06 12:31:23.0000000
SRC_PRODUCT_CATEGORY_B001_000000019,PC00000019,P000012,CAT0015,Y,2024-12-07,NULL,2024-12-07 20:15:08.0000000,2024-12-07 20:15:08.0000000
SRC_PRODUCT_CATEGORY_B001_000000020,PC00000020,P000013,CAT0020,Y,2025-11-10,NULL,2025-11-10 13:53:26.0000000,2025-11-10 13:53:26.0000000
SRC_PRODUCT_CATEGORY_B001_000000021,PC00000021,P000013,CAT0030,N,2025-11-10,NULL,2025-11-10 13:53:26.0000000,2025-11-10 13:53:26.0000000
SRC_PRODUCT_CATEGORY_B001_000000022,PC00000022,P000013,CAT0024,N,2025-11-10,NULL,2025-11-10 13:53:26.0000000,2025-11-10 13:53:26.0000000
SRC_PRODUCT_CATEGORY_B001_000000023,PC00000023,P000014,CAT0019,Y,2025-08-30,NULL,2025-08-30 06:55:03.0000000,2025-08-30 06:55:03.0000000
SRC_PRODUCT_CATEGORY_B001_000000024,PC00000024,P000015,CAT0027,Y,2026-04-25,NULL,2026-04-25 21:47:27.0000000,2026-04-25 21:47:27.0000000
SRC_PRODUCT_CATEGORY_B001_000000025,PC00000025,P000015,CAT0014,N,2026-04-25,NULL,2026-04-25 21:47:27.0000000,2026-04-25 21:47:27.0000000
SRC_PRODUCT_CATEGORY_B001_000000026,PC00000026,P000015,CAT0022,N,2026-04-25,NULL,2026-04-25 21:47:27.0000000,2026-04-25 21:47:27.0000000
SRC_PRODUCT_CATEGORY_B001_000000027,PC00000027,P000016,CAT0011,Y,2024-05-24,NULL,2024-05-24 13:10:16.0000000,2024-05-24 13:10:16.0000000
SRC_PRODUCT_CATEGORY_B001_000000028,PC00000028,P000017,CAT0012,Y,2023-02-23,NULL,2023-02-23 01:07:47.0000000,2023-02-23 01:07:47.0000000
SRC_PRODUCT_CATEGORY_B001_000000029,PC00000029,P000017,CAT0009,N,2023-02-23,NULL,2023-02-23 01:07:47.0000000,2023-02-23 01:07:47.0000000
SRC_PRODUCT_CATEGORY_B001_000000030,PC00000030,P000018,CAT0025,Y,2026-06-20,NULL,2026-06-20 10:48:30.0000000,2026-06-20 10:48:30.0000000
SRC_PRODUCT_CATEGORY_B001_000000031,PC00000031,P000019,CAT0016,Y,2026-01-31,NULL,2026-01-31 01:36:22.0000000,2026-01-31 01:36:22.0000000
SRC_PRODUCT_CATEGORY_B001_000000032,PC00000032,P000019,CAT0030,N,2026-01-31,NULL,2026-01-31 01:36:22.0000000,2026-01-31 01:36:22.0000000
SRC_PRODUCT_CATEGORY_B001_000000033,PC00000033,P000020,CAT0014,Y,2025-09-14,NULL,2025-09-14 15:52:39.0000000,2025-09-14 15:52:39.0000000
SRC_PRODUCT_CATEGORY_B001_000000034,PC00000034,P000020,CAT0020,N,2025-09-14,NULL,2025-09-14 15:52:39.0000000,2025-09-14 15:52:39.0000000
SRC_PRODUCT_CATEGORY_B001_000000035,PC00000035,P000021,CAT0014,Y,2025-04-09,NULL,2025-04-09 11:04:01.0000000,2025-04-09 11:04:01.0000000
SRC_PRODUCT_CATEGORY_B001_000000036,PC00000036,P000022,CAT0012,Y,2025-02-02,NULL,2025-02-02 04:10:00.0000000,2025-02-02 04:10:00.0000000
SRC_PRODUCT_CATEGORY_B001_000000037,PC00000037,P000023,CAT0019,Y,2024-05-12,NULL,2024-05-12 06:00:06.0000000,2024-05-12 06:00:06.0000000
SRC_PRODUCT_CATEGORY_B001_000000038,PC00000038,P000024,CAT0025,Y,2025-08-06,NULL,2025-08-06 22:58:55.0000000,2025-08-06 22:58:55.0000000
SRC_PRODUCT_CATEGORY_B001_000000039,PC00000039,P000025,CAT0009,Y,2025-10-08,NULL,2025-10-08 17:38:56.0000000,2025-10-08 17:38:56.0000000
SRC_PRODUCT_CATEGORY_B001_000000040,PC00000040,P000026,CAT0023,Y,2023-08-01,NULL,2023-08-01 00:02:45.0000000,2023-08-01 00:02:45.0000000
SRC_PRODUCT_CATEGORY_B001_000000041,PC00000041,P000026,CAT0011,N,2023-08-01,NULL,2023-08-01 00:02:45.0000000,2023-08-01 00:02:45.0000000
SRC_PRODUCT_CATEGORY_B001_000000042,PC00000042,P000026,CAT0016,N,2023-08-01,NULL,2023-08-01 00:02:45.0000000,2023-08-01 00:02:45.0000000
SRC_PRODUCT_CATEGORY_B001_000000043,PC00000043,P000027,CAT0025,Y,2023-07-30,NULL,2023-07-30 04:13:23.0000000,2023-07-30 04:13:23.0000000
SRC_PRODUCT_CATEGORY_B001_000000044,PC00000044,P000027,CAT0017,N,2023-07-30,NULL,2023-07-30 04:13:23.0000000,2023-07-30 04:13:23.0000000
SRC_PRODUCT_CATEGORY_B001_000000045,PC00000045,P000028,CAT0018,Y,2025-04-21,NULL,2025-04-21 20:27:20.0000000,2025-04-21 20:27:20.0000000
SRC_PRODUCT_CATEGORY_B001_000000046,PC00000046,P000029,CAT0012,Y,2024-03-01,NULL,2024-03-01 10:40:53.0000000,2024-03-01 10:40:53.0000000
SRC_PRODUCT_CATEGORY_B001_000000047,PC00000047,P000029,CAT0013,N,2024-03-01,NULL,2024-03-01 10:40:53.0000000,2024-03-01 10:40:53.0000000
SRC_PRODUCT_CATEGORY_B001_000000048,PC00000048,P000030,CAT0024,Y,2023-12-04,NULL,2023-12-04 06:10:36.0000000,2023-12-04 06:10:36.0000000
SRC_PRODUCT_CATEGORY_B001_000000049,PC00000049,P000030,CAT0030,N,2023-12-04,NULL,2023-12-04 06:10:36.0000000,2023-12-04 06:10:36.0000000
SRC_PRODUCT_CATEGORY_B001_000000050,PC00000050,P000031,CAT0016,Y,2023-12-08,NULL,2023-12-08 21:05:31.0000000,2023-12-08 21:05:31.0000000
SRC_PRODUCT_CATEGORY_B001_000000051,PC00000051,P000031,CAT0020,N,2023-12-08,NULL,2023-12-08 21:05:31.0000000,2023-12-08 21:05:31.0000000
SRC_PRODUCT_CATEGORY_B001_000000052,PC00000052,P000032,CAT0025,Y,2025-03-08,NULL,2025-03-08 05:45:26.0000000,2025-03-08 05:45:26.0000000
SRC_PRODUCT_CATEGORY_B001_000000053,PC00000053,P000033,CAT0014,Y,2024-10-31,NULL,2024-10-31 22:44:27.0000000,2024-10-31 22:44:27.0000000
SRC_PRODUCT_CATEGORY_B001_000000054,PC00000054,P000034,CAT0025,Y,2024-05-19,NULL,2024-05-19 07:24:44.0000000,2024-05-19 07:24:44.0000000
SRC_PRODUCT_CATEGORY_B001_000000055,PC00000055,P000034,CAT0018,N,2024-05-19,NULL,2024-05-19 07:24:44.0000000,2024-05-19 07:24:44.0000000
SRC_PRODUCT_CATEGORY_B001_000000056,PC00000056,P000035,CAT0008,Y,2023-02-14,NULL,2023-02-14 18:32:03.0000000,2023-02-14 18:32:03.0000000
SRC_PRODUCT_CATEGORY_B001_000000057,PC00000057,P000036,CAT0012,Y,2023-05-30,NULL,2023-05-30 21:49:11.0000000,2023-05-30 21:49:11.0000000
SRC_PRODUCT_CATEGORY_B001_000000058,PC00000058,P000037,CAT0027,Y,2026-02-19,NULL,2026-02-19 03:56:06.0000000,2026-02-19 03:56:06.0000000
SRC_PRODUCT_CATEGORY_B001_000000059,PC00000059,P000037,CAT0017,N,2026-02-19,NULL,2026-02-19 03:56:06.0000000,2026-02-19 03:56:06.0000000
SRC_PRODUCT_CATEGORY_B001_000000060,PC00000060,P000038,CAT0009,Y,2024-02-21,NULL,2024-02-21 13:11:39.0000000,2024-02-21 13:11:39.0000000
SRC_PRODUCT_CATEGORY_B001_000000061,PC00000061,P000038,CAT0007,N,2024-02-21,NULL,2024-02-21 13:11:39.0000000,2024-02-21 13:11:39.0000000
SRC_PRODUCT_CATEGORY_B001_000000062,PC00000062,P000039,CAT0011,Y,2025-04-29,NULL,2025-04-29 12:30:26.0000000,2025-04-29 12:30:26.0000000
SRC_PRODUCT_CATEGORY_B001_000000063,PC00000063,P000040,CAT0025,Y,2026-03-29,NULL,2026-03-29 11:53:01.0000000,2026-03-29 11:53:01.0000000
SRC_PRODUCT_CATEGORY_B001_000000064,PC00000064,P000041,CAT0019,Y,2023-02-10,NULL,2023-02-10 15:48:13.0000000,2023-02-10 15:48:13.0000000
SRC_PRODUCT_CATEGORY_B001_000000065,PC00000065,P000042,CAT0021,Y,2025-07-04,NULL,2025-07-04 10:57:39.0000000,2025-07-04 10:57:39.0000000
SRC_PRODUCT_CATEGORY_B001_000000066,PC00000066,P000043,CAT0029,Y,2024-04-07,NULL,2024-04-07 19:50:32.0000000,2024-04-07 19:50:32.0000000
SRC_PRODUCT_CATEGORY_B001_000000067,PC00000067,P000043,CAT0017,N,2024-04-07,NULL,2024-04-07 19:50:32.0000000,2024-04-07 19:50:32.0000000
SRC_PRODUCT_CATEGORY_B001_000000068,PC00000068,P000044,CAT0010,Y,2024-05-13,NULL,2024-05-13 19:26:37.0000000,2024-05-13 19:26:37.0000000
SRC_PRODUCT_CATEGORY_B001_000000069,PC00000069,P000044,CAT0012,N,2024-05-13,NULL,2024-05-13 19:26:37.0000000,2024-05-13 19:26:37.0000000
SRC_PRODUCT_CATEGORY_B001_000000070,PC00000070,P000045,CAT0026,Y,2023-07-26,NULL,2023-07-26 07:10:53.0000000,2023-07-26 07:10:53.0000000
SRC_PRODUCT_CATEGORY_B001_000000071,PC00000071,P000046,CAT0028,Y,2026-07-14,NULL,2026-07-14 10:28:05.0000000,2026-07-14 10:28:05.0000000
SRC_PRODUCT_CATEGORY_B001_000000072,PC00000072,P000047,CAT0025,Y,2023-08-31,NULL,2023-08-31 14:18:02.0000000,2023-08-31 14:18:02.0000000
SRC_PRODUCT_CATEGORY_B001_000000073,PC00000073,P000048,CAT0013,Y,2025-10-05,NULL,2025-10-05 06:17:45.0000000,2025-10-05 06:17:45.0000000
SRC_PRODUCT_CATEGORY_B001_000000074,PC00000074,P000048,CAT0024,N,2025-10-05,NULL,2025-10-05 06:17:45.0000000,2025-10-05 06:17:45.0000000
SRC_PRODUCT_CATEGORY_B001_000000075,PC00000075,P000049,CAT0007,Y,2026-06-23,NULL,2026-06-23 23:36:21.0000000,2026-06-23 23:36:21.0000000
SRC_PRODUCT_CATEGORY_B001_000000076,PC00000076,P000049,CAT0016,N,2026-06-23,NULL,2026-06-23 23:36:21.0000000,2026-06-23 23:36:21.0000000
SRC_PRODUCT_CATEGORY_B001_000000077,PC00000077,P000050,CAT0027,Y,2026-03-03,NULL,2026-03-03 05:31:40.0000000,2026-03-03 05:31:40.0000000
SRC_PRODUCT_CATEGORY_B001_000000078,PC00000078,P000050,CAT0007,N,2026-03-03,NULL,2026-03-03 05:31:40.0000000,2026-03-03 05:31:40.0000000
SRC_PRODUCT_CATEGORY_B001_000000079,PC00000079,P000050,CAT0029,N,2026-03-03,NULL,2026-03-03 05:31:40.0000000,2026-03-03 05:31:40.0000000
SRC_PRODUCT_CATEGORY_B001_000000080,PC00000080,P000051,CAT0025,Y,2026-05-25,NULL,2026-05-25 06:40:39.0000000,2026-05-25 06:40:39.0000000
SRC_PRODUCT_CATEGORY_B001_000000081,PC00000081,P000051,CAT0026,N,2026-05-25,NULL,2026-05-25 06:40:39.0000000,2026-05-25 06:40:39.0000000
SRC_PRODUCT_CATEGORY_B001_000000082,PC00000082,P000052,CAT0010,Y,2025-04-21,NULL,2025-04-21 09:06:30.0000000,2025-04-21 09:06:30.0000000
SRC_PRODUCT_CATEGORY_B001_000000083,PC00000083,P000053,CAT0025,Y,2024-03-04,NULL,2024-03-04 10:54:11.0000000,2024-03-04 10:54:11.0000000
SRC_PRODUCT_CATEGORY_B001_000000084,PC00000084,P000053,CAT0018,N,2024-03-04,NULL,2024-03-04 10:54:11.0000000,2024-03-04 10:54:11.0000000
SRC_PRODUCT_CATEGORY_B001_000000085,PC00000085,P000054,CAT0010,Y,2026-07-07,NULL,2026-07-07 06:29:49.0000000,2026-07-07 06:29:49.0000000
SRC_PRODUCT_CATEGORY_B001_000000086,PC00000086,P000055,CAT0011,Y,2025-03-04,NULL,2025-03-04 19:52:24.0000000,2025-03-04 19:52:24.0000000
SRC_PRODUCT_CATEGORY_B001_000000087,PC00000087,P000055,CAT0018,N,2025-03-04,NULL,2025-03-04 19:52:24.0000000,2025-03-04 19:52:24.0000000
SRC_PRODUCT_CATEGORY_B001_000000088,PC00000088,P000056,CAT0008,Y,2026-01-27,NULL,2026-01-27 14:34:52.0000000,2026-01-27 14:34:52.0000000
SRC_PRODUCT_CATEGORY_B001_000000089,PC00000089,P000057,CAT0017,Y,2025-06-01,NULL,2025-06-01 07:45:56.0000000,2025-06-01 07:45:56.0000000
SRC_PRODUCT_CATEGORY_B001_000000090,PC00000090,P000058,CAT0015,Y,2026-03-03,NULL,2026-03-03 03:36:33.0000000,2026-03-03 03:36:33.0000000
SRC_PRODUCT_CATEGORY_B001_000000091,PC00000091,P000058,CAT0024,N,2026-03-03,NULL,2026-03-03 03:36:33.0000000,2026-03-03 03:36:33.0000000
SRC_PRODUCT_CATEGORY_B001_000000092,PC00000092,P000059,CAT0012,Y,2025-12-23,NULL,2025-12-23 19:58:27.0000000,2025-12-23 19:58:27.0000000
SRC_PRODUCT_CATEGORY_B001_000000093,PC00000093,P000060,CAT0016,Y,2024-09-22,NULL,2024-09-22 19:20:20.0000000,2024-09-22 19:20:20.0000000
SRC_PRODUCT_CATEGORY_B001_000000094,PC00000094,P000061,CAT0018,Y,2024-05-24,NULL,2024-05-24 15:02:49.0000000,2024-05-24 15:02:49.0000000
SRC_PRODUCT_CATEGORY_B001_000000095,PC00000095,P000061,CAT0029,N,2024-05-24,NULL,2024-05-24 15:02:49.0000000,2024-05-24 15:02:49.0000000
SRC_PRODUCT_CATEGORY_B001_000000096,PC00000096,P000062,CAT0030,Y,2025-03-26,NULL,2025-03-26 02:34:45.0000000,2025-03-26 02:34:45.0000000
SRC_PRODUCT_CATEGORY_B001_000000097,PC00000097,P000063,CAT0008,Y,2025-09-26,NULL,2025-09-26 00:01:55.0000000,2025-09-26 00:01:55.0000000
SRC_PRODUCT_CATEGORY_B001_000000098,PC00000098,P000064,CAT0028,Y,2024-10-14,NULL,2024-10-14 06:50:26.0000000,2024-10-14 06:50:26.0000000
SRC_PRODUCT_CATEGORY_B001_000000099,PC00000099,P000065,CAT0008,Y,2025-01-29,NULL,2025-01-29 02:01:27.0000000,2025-01-29 02:01:27.0000000
SRC_PRODUCT_CATEGORY_B001_000000100,PC00000100,P000065,CAT0014,N,2025-01-29,NULL,2025-01-29 02:01:27.0000000,2025-01-29 02:01:27.0000000
SRC_PRODUCT_CATEGORY_B001_000000101,PC00000101,P000066,CAT0007,Y,2024-10-17,NULL,2024-10-17 07:36:51.0000000,2024-10-17 07:36:51.0000000
SRC_PRODUCT_CATEGORY_B001_000000102,PC00000102,P000067,CAT0014,Y,2024-05-16,NULL,2024-05-16 04:14:55.0000000,2024-05-16 04:14:55.0000000
SRC_PRODUCT_CATEGORY_B001_000000103,PC00000103,P000068,CAT0030,Y,2026-04-16,NULL,2026-04-16 11:39:03.0000000,2026-04-16 11:39:03.0000000
SRC_PRODUCT_CATEGORY_B001_000000104,PC00000104,P000068,CAT0010,N,2026-04-16,NULL,2026-04-16 11:39:03.0000000,2026-04-16 11:39:03.0000000
SRC_PRODUCT_CATEGORY_B001_000000105,PC00000105,P000069,CAT0022,Y,2023-01-07,NULL,2023-01-07 16:50:25.0000000,2023-01-07 16:50:25.0000000
SRC_PRODUCT_CATEGORY_B001_000000106,PC00000106,P000070,CAT0020,Y,2025-05-25,NULL,2025-05-25 20:19:30.0000000,2025-05-25 20:19:30.0000000
SRC_PRODUCT_CATEGORY_B001_000000107,PC00000107,P000070,CAT0029,N,2025-05-25,NULL,2025-05-25 20:19:30.0000000,2025-05-25 20:19:30.0000000
SRC_PRODUCT_CATEGORY_B001_000000108,PC00000108,P000071,CAT0017,Y,2023-03-08,NULL,2023-03-08 18:21:03.0000000,2023-03-08 18:21:03.0000000
SRC_PRODUCT_CATEGORY_B001_000000109,PC00000109,P000071,CAT0014,N,2023-03-08,NULL,2023-03-08 18:21:03.0000000,2023-03-08 18:21:03.0000000
SRC_PRODUCT_CATEGORY_B001_000000110,PC00000110,P000072,CAT0008,Y,2024-04-30,NULL,2024-04-30 23:01:53.0000000,2024-04-30 23:01:53.0000000
SRC_PRODUCT_CATEGORY_B001_000000111,PC00000111,P000072,CAT0012,N,2024-04-30,NULL,2024-04-30 23:01:53.0000000,2024-04-30 23:01:53.0000000
SRC_PRODUCT_CATEGORY_B001_000000112,PC00000112,P000073,CAT0019,Y,2024-01-27,NULL,2024-01-27 18:18:17.0000000,2024-01-27 18:18:17.0000000
SRC_PRODUCT_CATEGORY_B001_000000113,PC00000113,P000073,CAT0016,N,2024-01-27,NULL,2024-01-27 18:18:17.0000000,2024-01-27 18:18:17.0000000
SRC_PRODUCT_CATEGORY_B001_000000114,PC00000114,P000074,CAT0029,Y,2025-11-02,NULL,2025-11-02 14:31:01.0000000,2025-11-02 14:31:01.0000000
SRC_PRODUCT_CATEGORY_B001_000000115,PC00000115,P000075,CAT0028,Y,2024-12-08,NULL,2024-12-08 15:28:57.0000000,2024-12-08 15:28:57.0000000
SRC_PRODUCT_CATEGORY_B001_000000116,PC00000116,P000076,CAT0011,Y,2024-10-08,NULL,2024-10-08 08:46:25.0000000,2024-10-08 08:46:25.0000000
SRC_PRODUCT_CATEGORY_B001_000000117,PC00000117,P000077,CAT0015,Y,2025-11-23,NULL,2025-11-23 19:17:30.0000000,2025-11-23 19:17:30.0000000
SRC_PRODUCT_CATEGORY_B001_000000118,PC00000118,P000078,CAT0025,Y,2026-02-23,NULL,2026-02-23 07:17:36.0000000,2026-02-23 07:17:36.0000000
SRC_PRODUCT_CATEGORY_B001_000000119,PC00000119,P000079,CAT0007,Y,2023-11-14,NULL,2023-11-14 09:17:14.0000000,2023-11-14 09:17:14.0000000
SRC_PRODUCT_CATEGORY_B001_000000120,PC00000120,P000080,CAT0020,Y,2025-09-13,NULL,2025-09-13 12:13:58.0000000,2025-09-13 12:13:58.0000000
SRC_PRODUCT_CATEGORY_B001_000000121,PC00000121,P000081,CAT0017,Y,2024-03-29,NULL,2024-03-29 23:06:59.0000000,2024-03-29 23:06:59.0000000
SRC_PRODUCT_CATEGORY_B001_000000122,PC00000122,P000082,CAT0026,Y,2023-10-24,NULL,2023-10-24 18:37:20.0000000,2023-10-24 18:37:20.0000000
SRC_PRODUCT_CATEGORY_B001_000000123,PC00000123,P000082,CAT0028,N,2023-10-24,NULL,2023-10-24 18:37:20.0000000,2023-10-24 18:37:20.0000000
SRC_PRODUCT_CATEGORY_B001_000000124,PC00000124,P000082,CAT0024,N,2023-10-24,NULL,2023-10-24 18:37:20.0000000,2023-10-24 18:37:20.0000000
SRC_PRODUCT_CATEGORY_B001_000000125,PC00000125,P000083,CAT0029,Y,2025-03-31,NULL,2025-03-31 07:09:47.0000000,2025-03-31 07:09:47.0000000
SRC_PRODUCT_CATEGORY_B001_000000126,PC00000126,P000084,CAT0022,Y,2025-03-21,NULL,2025-03-21 08:12:14.0000000,2025-03-21 08:12:14.0000000
SRC_PRODUCT_CATEGORY_B001_000000127,PC00000127,P000085,CAT0018,Y,2024-09-24,NULL,2024-09-24 08:52:25.0000000,2024-09-24 08:52:25.0000000
SRC_PRODUCT_CATEGORY_B001_000000128,PC00000128,P000086,CAT0026,Y,2023-01-27,NULL,2023-01-27 05:33:22.0000000,2023-01-27 05:33:22.0000000
SRC_PRODUCT_CATEGORY_B001_000000129,PC00000129,P000087,CAT0026,Y,2024-03-02,NULL,2024-03-02 18:24:52.0000000,2024-03-02 18:24:52.0000000
SRC_PRODUCT_CATEGORY_B001_000000130,PC00000130,P000087,CAT0017,N,2024-03-02,NULL,2024-03-02 18:24:52.0000000,2024-03-02 18:24:52.0000000
SRC_PRODUCT_CATEGORY_B001_000000131,PC00000131,P000087,CAT0011,N,2024-03-02,NULL,2024-03-02 18:24:52.0000000,2024-03-02 18:24:52.0000000
SRC_PRODUCT_CATEGORY_B001_000000132,PC00000132,P000088,CAT0018,Y,2025-10-30,NULL,2025-10-30 10:24:36.0000000,2025-10-30 10:24:36.0000000
SRC_PRODUCT_CATEGORY_B001_000000133,PC00000133,P000088,CAT0019,N,2025-10-30,NULL,2025-10-30 10:24:36.0000000,2025-10-30 10:24:36.0000000
SRC_PRODUCT_CATEGORY_B001_000000134,PC00000134,P000088,CAT0028,N,2025-10-30,NULL,2025-10-30 10:24:36.0000000,2025-10-30 10:24:36.0000000
SRC_PRODUCT_CATEGORY_B001_000000135,PC00000135,P000089,CAT0012,Y,2024-09-28,NULL,2024-09-28 10:08:47.0000000,2024-09-28 10:08:47.0000000
SRC_PRODUCT_CATEGORY_B001_000000136,PC00000136,P000090,CAT0010,Y,2025-01-22,NULL,2025-01-22 04:00:16.0000000,2025-01-22 04:00:16.0000000
SRC_PRODUCT_CATEGORY_B001_000000137,PC00000137,P000091,CAT0020,Y,2024-07-13,NULL,2024-07-13 10:12:52.0000000,2024-07-13 10:12:52.0000000
SRC_PRODUCT_CATEGORY_B001_000000138,PC00000138,P000092,CAT0014,Y,2026-03-22,NULL,2026-03-22 08:07:09.0000000,2026-03-22 08:07:09.0000000
SRC_PRODUCT_CATEGORY_B001_000000139,PC00000139,P000093,CAT0012,Y,2023-03-25,NULL,2023-03-25 13:14:09.0000000,2023-03-25 13:14:09.0000000
SRC_PRODUCT_CATEGORY_B001_000000140,PC00000140,P000093,CAT0019,N,2023-03-25,NULL,2023-03-25 13:14:09.0000000,2023-03-25 13:14:09.0000000
SRC_PRODUCT_CATEGORY_B001_000000141,PC00000141,P000094,CAT0017,Y,2025-08-02,NULL,2025-08-02 13:50:41.0000000,2025-08-02 13:50:41.0000000
SRC_PRODUCT_CATEGORY_B001_000000142,PC00000142,P000095,CAT0009,Y,2024-01-17,NULL,2024-01-17 17:01:06.0000000,2024-01-17 17:01:06.0000000
SRC_PRODUCT_CATEGORY_B001_000000143,PC00000143,P000096,CAT0026,Y,2025-11-17,NULL,2025-11-17 08:15:49.0000000,2025-11-17 08:15:49.0000000
SRC_PRODUCT_CATEGORY_B001_000000144,PC00000144,P000097,CAT0017,Y,2023-10-28,NULL,2023-10-28 10:43:59.0000000,2023-10-28 10:43:59.0000000
SRC_PRODUCT_CATEGORY_B001_000000145,PC00000145,P000098,CAT0018,Y,2025-07-25,NULL,2025-07-25 12:38:52.0000000,2025-07-25 12:38:52.0000000
SRC_PRODUCT_CATEGORY_B001_000000146,PC00000146,P000099,CAT0013,Y,2024-01-20,NULL,2024-01-20 14:24:18.0000000,2024-01-20 14:24:18.0000000
SRC_PRODUCT_CATEGORY_B001_000000147,PC00000147,P000100,CAT0018,Y,2024-09-17,NULL,2024-09-17 10:54:02.0000000,2024-09-17 10:54:02.0000000
SRC_PRODUCT_CATEGORY_B001_000000148,PC00000148,P000101,CAT0029,Y,2026-01-11,NULL,2026-01-11 09:56:31.0000000,2026-01-11 09:56:31.0000000
SRC_PRODUCT_CATEGORY_B001_000000149,PC00000149,P000102,CAT0026,Y,2025-06-18,NULL,2025-06-18 08:10:26.0000000,2025-06-18 08:10:26.0000000
SRC_PRODUCT_CATEGORY_B001_000000150,PC00000150,P000102,CAT0021,N,2025-06-18,NULL,2025-06-18 08:10:26.0000000,2025-06-18 08:10:26.0000000
SRC_PRODUCT_CATEGORY_B001_000000151,PC00000151,P000102,CAT0011,N,2025-06-18,NULL,2025-06-18 08:10:26.0000000,2025-06-18 08:10:26.0000000
SRC_PRODUCT_CATEGORY_B001_000000152,PC00000152,P000103,CAT0015,Y,2023-05-08,NULL,2023-05-08 12:27:31.0000000,2023-05-08 12:27:31.0000000
SRC_PRODUCT_CATEGORY_B001_000000153,PC00000153,P000104,CAT0019,Y,2023-01-06,NULL,2023-01-06 10:53:44.0000000,2023-01-06 10:53:44.0000000
SRC_PRODUCT_CATEGORY_B001_000000154,PC00000154,P000104,CAT0026,N,2023-01-06,NULL,2023-01-06 10:53:44.0000000,2023-01-06 10:53:44.0000000
SRC_PRODUCT_CATEGORY_B001_000000155,PC00000155,P000104,CAT0024,N,2023-01-06,NULL,2023-01-06 10:53:44.0000000,2023-01-06 10:53:44.0000000
SRC_PRODUCT_CATEGORY_B001_000000156,PC00000156,P000105,CAT0019,Y,2024-12-21,NULL,2024-12-21 00:36:04.0000000,2024-12-21 00:36:04.0000000
SRC_PRODUCT_CATEGORY_B001_000000157,PC00000157,P000105,CAT0013,N,2024-12-21,NULL,2024-12-21 00:36:04.0000000,2024-12-21 00:36:04.0000000
SRC_PRODUCT_CATEGORY_B001_000000158,PC00000158,P000106,CAT0011,Y,2025-05-01,NULL,2025-05-01 18:47:28.0000000,2025-05-01 18:47:28.0000000
SRC_PRODUCT_CATEGORY_B001_000000159,PC00000159,P000106,CAT0029,N,2025-05-01,NULL,2025-05-01 18:47:28.0000000,2025-05-01 18:47:28.0000000
SRC_PRODUCT_CATEGORY_B001_000000160,PC00000160,P000107,CAT0015,Y,2023-07-15,NULL,2023-07-15 02:35:32.0000000,2023-07-15 02:35:32.0000000
SRC_PRODUCT_CATEGORY_B001_000000161,PC00000161,P000108,CAT0011,Y,2023-12-10,NULL,2023-12-10 23:12:27.0000000,2023-12-10 23:12:27.0000000
SRC_PRODUCT_CATEGORY_B001_000000162,PC00000162,P000109,CAT0014,Y,2026-05-16,NULL,2026-05-16 11:50:47.0000000,2026-05-16 11:50:47.0000000
SRC_PRODUCT_CATEGORY_B001_000000163,PC00000163,P000110,CAT0012,Y,2024-04-14,NULL,2024-04-14 11:14:25.0000000,2024-04-14 11:14:25.0000000
SRC_PRODUCT_CATEGORY_B001_000000164,PC00000164,P000111,CAT0020,Y,2023-04-13,NULL,2023-04-13 21:29:58.0000000,2023-04-13 21:29:58.0000000
SRC_PRODUCT_CATEGORY_B001_000000165,PC00000165,P000112,CAT0029,Y,2026-01-19,NULL,2026-01-19 18:08:53.0000000,2026-01-19 18:08:53.0000000
SRC_PRODUCT_CATEGORY_B001_000000166,PC00000166,P000112,CAT0011,N,2026-01-19,NULL,2026-01-19 18:08:53.0000000,2026-01-19 18:08:53.0000000
SRC_PRODUCT_CATEGORY_B001_000000167,PC00000167,P000113,CAT0012,Y,2025-09-06,NULL,2025-09-06 07:50:48.0000000,2025-09-06 07:50:48.0000000
SRC_PRODUCT_CATEGORY_B001_000000168,PC00000168,P000113,CAT0007,N,2025-09-06,NULL,2025-09-06 07:50:48.0000000,2025-09-06 07:50:48.0000000
SRC_PRODUCT_CATEGORY_B001_000000169,PC00000169,P000113,CAT0021,N,2025-09-06,NULL,2025-09-06 07:50:48.0000000,2025-09-06 07:50:48.0000000
SRC_PRODUCT_CATEGORY_B001_000000170,PC00000170,P000114,CAT0009,Y,2025-10-08,NULL,2025-10-08 22:49:04.0000000,2025-10-08 22:49:04.0000000
SRC_PRODUCT_CATEGORY_B001_000000171,PC00000171,P000115,CAT0016,Y,2024-03-21,NULL,2024-03-21 20:28:54.0000000,2024-03-21 20:28:54.0000000
SRC_PRODUCT_CATEGORY_B001_000000172,PC00000172,P000116,CAT0020,Y,2024-06-23,NULL,2024-06-23 10:20:24.0000000,2024-06-23 10:20:24.0000000
SRC_PRODUCT_CATEGORY_B001_000000173,PC00000173,P000116,CAT0014,N,2024-06-23,NULL,2024-06-23 10:20:24.0000000,2024-06-23 10:20:24.0000000
SRC_PRODUCT_CATEGORY_B001_000000174,PC00000174,P000117,CAT0026,Y,2026-01-10,NULL,2026-01-10 00:38:49.0000000,2026-01-10 00:38:49.0000000
SRC_PRODUCT_CATEGORY_B001_000000175,PC00000175,P000118,CAT0027,Y,2023-12-02,NULL,2023-12-02 03:57:40.0000000,2023-12-02 03:57:40.0000000
SRC_PRODUCT_CATEGORY_B001_000000176,PC00000176,P000118,CAT0009,N,2023-12-02,NULL,2023-12-02 03:57:40.0000000,2023-12-02 03:57:40.0000000
SRC_PRODUCT_CATEGORY_B001_000000177,PC00000177,P000118,CAT0011,N,2023-12-02,NULL,2023-12-02 03:57:40.0000000,2023-12-02 03:57:40.0000000
SRC_PRODUCT_CATEGORY_B001_000000178,PC00000178,P000119,CAT0025,Y,2026-05-05,NULL,2026-05-05 05:36:46.0000000,2026-05-05 05:36:46.0000000
SRC_PRODUCT_CATEGORY_B001_000000179,PC00000179,P000120,CAT0018,Y,2023-03-06,NULL,2023-03-06 01:16:13.0000000,2023-03-06 01:16:13.0000000
SRC_PRODUCT_CATEGORY_B001_000000180,PC00000180,P000121,CAT0015,Y,2025-05-15,NULL,2025-05-15 15:47:01.0000000,2025-05-15 15:47:01.0000000
SRC_PRODUCT_CATEGORY_B001_000000181,PC00000181,P000121,CAT0030,N,2025-05-15,NULL,2025-05-15 15:47:01.0000000,2025-05-15 15:47:01.0000000
SRC_PRODUCT_CATEGORY_B001_000000182,PC00000182,P000122,CAT0013,Y,2025-02-22,NULL,2025-02-22 00:39:10.0000000,2025-02-22 00:39:10.0000000
SRC_PRODUCT_CATEGORY_B001_000000183,PC00000183,P000122,CAT0030,N,2025-02-22,NULL,2025-02-22 00:39:10.0000000,2025-02-22 00:39:10.0000000
SRC_PRODUCT_CATEGORY_B001_000000184,PC00000184,P000123,CAT0015,Y,2024-01-07,NULL,2024-01-07 17:03:44.0000000,2024-01-07 17:03:44.0000000
SRC_PRODUCT_CATEGORY_B001_000000185,PC00000185,P000124,CAT0023,Y,2026-02-07,NULL,2026-02-07 02:46:50.0000000,2026-02-07 02:46:50.0000000
SRC_PRODUCT_CATEGORY_B001_000000186,PC00000186,P000125,CAT0030,Y,2026-01-25,NULL,2026-01-25 04:42:46.0000000,2026-01-25 04:42:46.0000000
SRC_PRODUCT_CATEGORY_B001_000000187,PC00000187,P000126,CAT0013,Y,2024-06-14,NULL,2024-06-14 13:50:29.0000000,2024-06-14 13:50:29.0000000
SRC_PRODUCT_CATEGORY_B001_000000188,PC00000188,P000127,CAT0014,Y,2024-10-17,NULL,2024-10-17 14:26:14.0000000,2024-10-17 14:26:14.0000000
SRC_PRODUCT_CATEGORY_B001_000000189,PC00000189,P000128,CAT0026,Y,2023-09-30,NULL,2023-09-30 21:07:22.0000000,2023-09-30 21:07:22.0000000
SRC_PRODUCT_CATEGORY_B001_000000190,PC00000190,P000129,CAT0012,Y,2025-03-28,NULL,2025-03-28 02:03:46.0000000,2025-03-28 02:03:46.0000000
SRC_PRODUCT_CATEGORY_B001_000000191,PC00000191,P000129,CAT0020,N,2025-03-28,NULL,2025-03-28 02:03:46.0000000,2025-03-28 02:03:46.0000000
SRC_PRODUCT_CATEGORY_B001_000000192,PC00000192,P000129,CAT0011,N,2025-03-28,NULL,2025-03-28 02:03:46.0000000,2025-03-28 02:03:46.0000000
SRC_PRODUCT_CATEGORY_B001_000000193,PC00000193,P000130,CAT0025,Y,2025-05-12,NULL,2025-05-12 04:54:49.0000000,2025-05-12 04:54:49.0000000
SRC_PRODUCT_CATEGORY_B001_000000194,PC00000194,P000130,CAT0030,N,2025-05-12,NULL,2025-05-12 04:54:49.0000000,2025-05-12 04:54:49.0000000
SRC_PRODUCT_CATEGORY_B001_000000195,PC00000195,P000131,CAT0027,Y,2025-04-08,NULL,2025-04-08 06:04:04.0000000,2025-04-08 06:04:04.0000000
SRC_PRODUCT_CATEGORY_B001_000000196,PC00000196,P000131,CAT0023,N,2025-04-08,NULL,2025-04-08 06:04:04.0000000,2025-04-08 06:04:04.0000000
SRC_PRODUCT_CATEGORY_B001_000000197,PC00000197,P000132,CAT0019,Y,2024-07-08,NULL,2024-07-08 08:18:33.0000000,2024-07-08 08:18:33.0000000
SRC_PRODUCT_CATEGORY_B001_000000198,PC00000198,P000133,CAT0023,Y,2026-03-13,NULL,2026-03-13 13:46:45.0000000,2026-03-13 13:46:45.0000000
SRC_PRODUCT_CATEGORY_B001_000000199,PC00000199,P000134,CAT0008,Y,2023-11-30,NULL,2023-11-30 20:43:17.0000000,2023-11-30 20:43:17.0000000
SRC_PRODUCT_CATEGORY_B001_000000200,PC00000200,P000135,CAT0019,Y,2023-06-02,NULL,2023-06-02 15:17:42.0000000,2023-06-02 15:17:42.0000000
SRC_PRODUCT_CATEGORY_B001_000000201,PC00000201,P000135,CAT0012,N,2023-06-02,NULL,2023-06-02 15:17:42.0000000,2023-06-02 15:17:42.0000000
SRC_PRODUCT_CATEGORY_B001_000000202,PC00000202,P000136,CAT0019,Y,2025-06-02,NULL,2025-06-02 02:36:24.0000000,2025-06-02 02:36:24.0000000
SRC_PRODUCT_CATEGORY_B001_000000203,PC00000203,P000137,CAT0026,Y,2026-05-31,NULL,2026-05-31 05:25:03.0000000,2026-05-31 05:25:03.0000000
SRC_PRODUCT_CATEGORY_B001_000000204,PC00000204,P000138,CAT0024,Y,2025-01-29,NULL,2025-01-29 20:03:37.0000000,2025-01-29 20:03:37.0000000
SRC_PRODUCT_CATEGORY_B001_000000205,PC00000205,P000139,CAT0017,Y,2026-05-15,NULL,2026-05-15 23:03:30.0000000,2026-05-15 23:03:30.0000000
SRC_PRODUCT_CATEGORY_B001_000000206,PC00000206,P000140,CAT0026,Y,2024-10-29,NULL,2024-10-29 09:38:17.0000000,2024-10-29 09:38:17.0000000
SRC_PRODUCT_CATEGORY_B001_000000207,PC00000207,P000141,CAT0015,Y,2025-04-14,NULL,2025-04-14 08:32:02.0000000,2025-04-14 08:32:02.0000000
SRC_PRODUCT_CATEGORY_B001_000000208,PC00000208,P000142,CAT0016,Y,2025-12-15,NULL,2025-12-15 22:20:21.0000000,2025-12-15 22:20:21.0000000
SRC_PRODUCT_CATEGORY_B001_000000209,PC00000209,P000142,CAT0018,N,2025-12-15,NULL,2025-12-15 22:20:21.0000000,2025-12-15 22:20:21.0000000
SRC_PRODUCT_CATEGORY_B001_000000210,PC00000210,P000143,CAT0021,Y,2026-05-11,NULL,2026-05-11 01:25:15.0000000,2026-05-11 01:25:15.0000000
SRC_PRODUCT_CATEGORY_B001_000000211,PC00000211,P000144,CAT0021,Y,2023-03-12,NULL,2023-03-12 18:25:16.0000000,2023-03-12 18:25:16.0000000
SRC_PRODUCT_CATEGORY_B001_000000212,PC00000212,P000144,CAT0025,N,2023-03-12,NULL,2023-03-12 18:25:16.0000000,2023-03-12 18:25:16.0000000
SRC_PRODUCT_CATEGORY_B001_000000213,PC00000213,P000145,CAT0024,Y,2025-07-14,NULL,2025-07-14 01:49:59.0000000,2025-07-14 01:49:59.0000000
SRC_PRODUCT_CATEGORY_B001_000000214,PC00000214,P000146,CAT0010,Y,2025-12-11,NULL,2025-12-11 14:45:07.0000000,2025-12-11 14:45:07.0000000
SRC_PRODUCT_CATEGORY_B001_000000215,PC00000215,P000146,CAT0008,N,2025-12-11,NULL,2025-12-11 14:45:07.0000000,2025-12-11 14:45:07.0000000
SRC_PRODUCT_CATEGORY_B001_000000216,PC00000216,P000147,CAT0022,Y,2025-03-09,NULL,2025-03-09 20:28:25.0000000,2025-03-09 20:28:25.0000000
SRC_PRODUCT_CATEGORY_B001_000000217,PC00000217,P000147,CAT0012,N,2025-03-09,NULL,2025-03-09 20:28:25.0000000,2025-03-09 20:28:25.0000000
SRC_PRODUCT_CATEGORY_B001_000000218,PC00000218,P000147,CAT0010,N,2025-03-09,NULL,2025-03-09 20:28:25.0000000,2025-03-09 20:28:25.0000000
SRC_PRODUCT_CATEGORY_B001_000000219,PC00000219,P000148,CAT0027,Y,2023-08-26,NULL,2023-08-26 11:56:27.0000000,2023-08-26 11:56:27.0000000
SRC_PRODUCT_CATEGORY_B001_000000220,PC00000220,P000148,CAT0007,N,2023-08-26,NULL,2023-08-26 11:56:27.0000000,2023-08-26 11:56:27.0000000
SRC_PRODUCT_CATEGORY_B001_000000221,PC00000221,P000148,CAT0022,N,2023-08-26,NULL,2023-08-26 11:56:27.0000000,2023-08-26 11:56:27.0000000
SRC_PRODUCT_CATEGORY_B001_000000222,PC00000222,P000149,CAT0016,Y,2024-08-24,NULL,2024-08-24 10:03:14.0000000,2024-08-24 10:03:14.0000000
SRC_PRODUCT_CATEGORY_B001_000000223,PC00000223,P000149,CAT0029,N,2024-08-24,NULL,2024-08-24 10:03:14.0000000,2024-08-24 10:03:14.0000000
SRC_PRODUCT_CATEGORY_B001_000000224,PC00000224,P000150,CAT0013,Y,2025-11-24,NULL,2025-11-24 02:51:56.0000000,2025-11-24 02:51:56.0000000
SRC_PRODUCT_CATEGORY_B001_000000225,PC00000225,P000151,CAT0026,Y,2025-11-14,NULL,2025-11-14 11:36:04.0000000,2025-11-14 11:36:04.0000000
SRC_PRODUCT_CATEGORY_B001_000000226,PC00000226,P000151,CAT0007,N,2025-11-14,NULL,2025-11-14 11:36:04.0000000,2025-11-14 11:36:04.0000000
SRC_PRODUCT_CATEGORY_B001_000000227,PC00000227,P000152,CAT0013,Y,2025-03-18,NULL,2025-03-18 01:48:27.0000000,2025-03-18 01:48:27.0000000
SRC_PRODUCT_CATEGORY_B001_000000228,PC00000228,P000152,CAT0008,N,2025-03-18,NULL,2025-03-18 01:48:27.0000000,2025-03-18 01:48:27.0000000
SRC_PRODUCT_CATEGORY_B001_000000229,PC00000229,P000153,CAT0011,Y,2024-01-30,NULL,2024-01-30 03:50:42.0000000,2024-01-30 03:50:42.0000000
SRC_PRODUCT_CATEGORY_B001_000000230,PC00000230,P000154,CAT0019,Y,2023-08-13,NULL,2023-08-13 03:55:39.0000000,2023-08-13 03:55:39.0000000
SRC_PRODUCT_CATEGORY_B001_000000231,PC00000231,P000154,CAT0022,N,2023-08-13,NULL,2023-08-13 03:55:39.0000000,2023-08-13 03:55:39.0000000
SRC_PRODUCT_CATEGORY_B001_000000232,PC00000232,P000155,CAT0008,Y,2025-07-19,NULL,2025-07-19 08:14:19.0000000,2025-07-19 08:14:19.0000000
SRC_PRODUCT_CATEGORY_B001_000000233,PC00000233,P000155,CAT0022,N,2025-07-19,NULL,2025-07-19 08:14:19.0000000,2025-07-19 08:14:19.0000000
SRC_PRODUCT_CATEGORY_B001_000000234,PC00000234,P000156,CAT0015,Y,2025-04-28,NULL,2025-04-28 09:08:55.0000000,2025-04-28 09:08:55.0000000
SRC_PRODUCT_CATEGORY_B001_000000235,PC00000235,P000156,CAT0020,N,2025-04-28,NULL,2025-04-28 09:08:55.0000000,2025-04-28 09:08:55.0000000
SRC_PRODUCT_CATEGORY_B001_000000236,PC00000236,P000157,CAT0007,Y,2025-02-03,NULL,2025-02-03 10:55:22.0000000,2025-02-03 10:55:22.0000000
SRC_PRODUCT_CATEGORY_B001_000000237,PC00000237,P000157,CAT0021,N,2025-02-03,NULL,2025-02-03 10:55:22.0000000,2025-02-03 10:55:22.0000000
SRC_PRODUCT_CATEGORY_B001_000000238,PC00000238,P000158,CAT0010,Y,2024-05-15,NULL,2024-05-15 19:29:56.0000000,2024-05-15 19:29:56.0000000
SRC_PRODUCT_CATEGORY_B001_000000239,PC00000239,P000159,CAT0026,Y,2025-09-04,NULL,2025-09-04 17:35:35.0000000,2025-09-04 17:35:35.0000000
SRC_PRODUCT_CATEGORY_B001_000000240,PC00000240,P000159,CAT0014,N,2025-09-04,NULL,2025-09-04 17:35:35.0000000,2025-09-04 17:35:35.0000000
SRC_PRODUCT_CATEGORY_B001_000000241,PC00000241,P000160,CAT0024,Y,2023-08-04,NULL,2023-08-04 04:52:32.0000000,2023-08-04 04:52:32.0000000
SRC_PRODUCT_CATEGORY_B001_000000242,PC00000242,P000161,CAT0028,Y,2024-05-19,NULL,2024-05-19 06:06:09.0000000,2024-05-19 06:06:09.0000000
SRC_PRODUCT_CATEGORY_B001_000000243,PC00000243,P000162,CAT0009,Y,2025-03-15,NULL,2025-03-15 02:48:08.0000000,2025-03-15 02:48:08.0000000
SRC_PRODUCT_CATEGORY_B001_000000244,PC00000244,P000163,CAT0030,Y,2024-04-28,NULL,2024-04-28 12:55:10.0000000,2024-04-28 12:55:10.0000000
SRC_PRODUCT_CATEGORY_B001_000000245,PC00000245,P000163,CAT0027,N,2024-04-28,NULL,2024-04-28 12:55:10.0000000,2024-04-28 12:55:10.0000000
SRC_PRODUCT_CATEGORY_B001_000000246,PC00000246,P000164,CAT0022,Y,2023-03-22,NULL,2023-03-22 07:34:20.0000000,2023-03-22 07:34:20.0000000
SRC_PRODUCT_CATEGORY_B001_000000247,PC00000247,P000165,CAT0014,Y,2026-05-13,NULL,2026-05-13 05:03:04.0000000,2026-05-13 05:03:04.0000000
SRC_PRODUCT_CATEGORY_B001_000000248,PC00000248,P000165,CAT0018,N,2026-05-13,NULL,2026-05-13 05:03:04.0000000,2026-05-13 05:03:04.0000000
SRC_PRODUCT_CATEGORY_B001_000000249,PC00000249,P000166,CAT0022,Y,2024-06-09,NULL,2024-06-09 07:12:07.0000000,2024-06-09 07:12:07.0000000
SRC_PRODUCT_CATEGORY_B001_000000250,PC00000250,P000167,CAT0022,Y,2025-10-22,NULL,2025-10-22 08:42:30.0000000,2025-10-22 08:42:30.0000000
SRC_PRODUCT_CATEGORY_B001_000000251,PC00000251,P000168,CAT0026,Y,2023-03-16,NULL,2023-03-16 12:13:15.0000000,2023-03-16 12:13:15.0000000
SRC_PRODUCT_CATEGORY_B001_000000252,PC00000252,P000168,CAT0012,N,2023-03-16,NULL,2023-03-16 12:13:15.0000000,2023-03-16 12:13:15.0000000
SRC_PRODUCT_CATEGORY_B001_000000253,PC00000253,P000169,CAT0022,Y,2024-04-30,NULL,2024-04-30 08:46:21.0000000,2024-04-30 08:46:21.0000000
SRC_PRODUCT_CATEGORY_B001_000000254,PC00000254,P000169,CAT0024,N,2024-04-30,NULL,2024-04-30 08:46:21.0000000,2024-04-30 08:46:21.0000000
SRC_PRODUCT_CATEGORY_B001_000000255,PC00000255,P000169,CAT0029,N,2024-04-30,NULL,2024-04-30 08:46:21.0000000,2024-04-30 08:46:21.0000000
SRC_PRODUCT_CATEGORY_B001_000000256,PC00000256,P000170,CAT0016,Y,2024-08-01,NULL,2024-08-01 21:44:22.0000000,2024-08-01 21:44:22.0000000
SRC_PRODUCT_CATEGORY_B001_000000257,PC00000257,P000171,CAT0025,Y,2023-02-27,NULL,2023-02-27 09:07:20.0000000,2023-02-27 09:07:20.0000000
SRC_PRODUCT_CATEGORY_B001_000000258,PC00000258,P000172,CAT0017,Y,2023-03-28,NULL,2023-03-28 12:35:57.0000000,2023-03-28 12:35:57.0000000
SRC_PRODUCT_CATEGORY_B001_000000259,PC00000259,P000173,CAT0029,Y,2023-10-20,NULL,2023-10-20 21:32:22.0000000,2023-10-20 21:32:22.0000000
SRC_PRODUCT_CATEGORY_B001_000000260,PC00000260,P000174,CAT0025,Y,2024-03-15,NULL,2024-03-15 13:53:45.0000000,2024-03-15 13:53:45.0000000
SRC_PRODUCT_CATEGORY_B001_000000261,PC00000261,P000174,CAT0019,N,2024-03-15,NULL,2024-03-15 13:53:45.0000000,2024-03-15 13:53:45.0000000
SRC_PRODUCT_CATEGORY_B001_000000262,PC00000262,P000175,CAT0028,Y,2025-09-03,NULL,2025-09-03 08:10:22.0000000,2025-09-03 08:10:22.0000000
SRC_PRODUCT_CATEGORY_B001_000000263,PC00000263,P000175,CAT0016,N,2025-09-03,NULL,2025-09-03 08:10:22.0000000,2025-09-03 08:10:22.0000000
SRC_PRODUCT_CATEGORY_B001_000000264,PC00000264,P000176,CAT0024,Y,2023-06-03,NULL,2023-06-03 14:54:41.0000000,2023-06-03 14:54:41.0000000
SRC_PRODUCT_CATEGORY_B001_000000265,PC00000265,P000176,CAT0030,N,2023-06-03,NULL,2023-06-03 14:54:41.0000000,2023-06-03 14:54:41.0000000
SRC_PRODUCT_CATEGORY_B001_000000266,PC00000266,P000176,CAT0016,N,2023-06-03,NULL,2023-06-03 14:54:41.0000000,2023-06-03 14:54:41.0000000
SRC_PRODUCT_CATEGORY_B001_000000267,PC00000267,P000177,CAT0024,Y,2025-03-19,NULL,2025-03-19 15:33:38.0000000,2025-03-19 15:33:38.0000000
SRC_PRODUCT_CATEGORY_B001_000000268,PC00000268,P000177,CAT0023,N,2025-03-19,NULL,2025-03-19 15:33:38.0000000,2025-03-19 15:33:38.0000000
SRC_PRODUCT_CATEGORY_B001_000000269,PC00000269,P000178,CAT0027,Y,2024-05-21,NULL,2024-05-21 19:36:21.0000000,2024-05-21 19:36:21.0000000
SRC_PRODUCT_CATEGORY_B001_000000270,PC00000270,P000178,CAT0029,N,2024-05-21,NULL,2024-05-21 19:36:21.0000000,2024-05-21 19:36:21.0000000
SRC_PRODUCT_CATEGORY_B001_000000271,PC00000271,P000179,CAT0028,Y,2023-10-29,NULL,2023-10-29 08:42:53.0000000,2023-10-29 08:42:53.0000000
SRC_PRODUCT_CATEGORY_B001_000000272,PC00000272,P000179,CAT0027,N,2023-10-29,NULL,2023-10-29 08:42:53.0000000,2023-10-29 08:42:53.0000000
SRC_PRODUCT_CATEGORY_B001_000000273,PC00000273,P000179,CAT0014,N,2023-10-29,NULL,2023-10-29 08:42:53.0000000,2023-10-29 08:42:53.0000000
SRC_PRODUCT_CATEGORY_B001_000000274,PC00000274,P000180,CAT0026,Y,2023-02-07,NULL,2023-02-07 19:45:18.0000000,2023-02-07 19:45:18.0000000
SRC_PRODUCT_CATEGORY_B001_000000275,PC00000275,P000181,CAT0021,Y,2024-03-25,NULL,2024-03-25 04:45:40.0000000,2024-03-25 04:45:40.0000000
SRC_PRODUCT_CATEGORY_B001_000000276,PC00000276,P000181,CAT0025,N,2024-03-25,NULL,2024-03-25 04:45:40.0000000,2024-03-25 04:45:40.0000000
SRC_PRODUCT_CATEGORY_B001_000000277,PC00000277,P000181,CAT0012,N,2024-03-25,NULL,2024-03-25 04:45:40.0000000,2024-03-25 04:45:40.0000000
SRC_PRODUCT_CATEGORY_B001_000000278,PC00000278,P000182,CAT0021,Y,2024-08-16,NULL,2024-08-16 06:53:29.0000000,2024-08-16 06:53:29.0000000
SRC_PRODUCT_CATEGORY_B001_000000279,PC00000279,P000183,CAT0023,Y,2025-02-03,NULL,2025-02-03 20:56:44.0000000,2025-02-03 20:56:44.0000000
SRC_PRODUCT_CATEGORY_B001_000000280,PC00000280,P000183,CAT0011,N,2025-02-03,NULL,2025-02-03 20:56:44.0000000,2025-02-03 20:56:44.0000000
SRC_PRODUCT_CATEGORY_B001_000000281,PC00000281,P000183,CAT0018,N,2025-02-03,NULL,2025-02-03 20:56:44.0000000,2025-02-03 20:56:44.0000000
SRC_PRODUCT_CATEGORY_B001_000000282,PC00000282,P000184,CAT0011,Y,2025-10-10,NULL,2025-10-10 06:03:02.0000000,2025-10-10 06:03:02.0000000
SRC_PRODUCT_CATEGORY_B001_000000283,PC00000283,P000185,CAT0016,Y,2023-03-14,NULL,2023-03-14 06:00:19.0000000,2023-03-14 06:00:19.0000000
SRC_PRODUCT_CATEGORY_B001_000000284,PC00000284,P000186,CAT0023,Y,2024-08-12,NULL,2024-08-12 02:06:35.0000000,2024-08-12 02:06:35.0000000
SRC_PRODUCT_CATEGORY_B001_000000285,PC00000285,P000187,CAT0016,Y,2023-12-21,NULL,2023-12-21 16:02:04.0000000,2023-12-21 16:02:04.0000000
SRC_PRODUCT_CATEGORY_B001_000000286,PC00000286,P000187,CAT0009,N,2023-12-21,NULL,2023-12-21 16:02:04.0000000,2023-12-21 16:02:04.0000000
SRC_PRODUCT_CATEGORY_B001_000000287,PC00000287,P000188,CAT0011,Y,2024-12-17,NULL,2024-12-17 21:22:13.0000000,2024-12-17 21:22:13.0000000
SRC_PRODUCT_CATEGORY_B001_000000288,PC00000288,P000189,CAT0008,Y,2026-06-06,NULL,2026-06-06 21:33:16.0000000,2026-06-06 21:33:16.0000000
SRC_PRODUCT_CATEGORY_B001_000000289,PC00000289,P000190,CAT0025,Y,2025-06-11,NULL,2025-06-11 01:04:56.0000000,2025-06-11 01:04:56.0000000
SRC_PRODUCT_CATEGORY_B001_000000290,PC00000290,P000191,CAT0024,Y,2024-03-20,NULL,2024-03-20 10:21:03.0000000,2024-03-20 10:21:03.0000000
SRC_PRODUCT_CATEGORY_B001_000000291,PC00000291,P000192,CAT0024,Y,2026-06-19,NULL,2026-06-19 18:09:55.0000000,2026-06-19 18:09:55.0000000
SRC_PRODUCT_CATEGORY_B001_000000292,PC00000292,P000192,CAT0022,N,2026-06-19,NULL,2026-06-19 18:09:55.0000000,2026-06-19 18:09:55.0000000
SRC_PRODUCT_CATEGORY_B001_000000293,PC00000293,P000193,CAT0028,Y,2023-03-24,NULL,2023-03-24 13:46:36.0000000,2023-03-24 13:46:36.0000000
SRC_PRODUCT_CATEGORY_B001_000000294,PC00000294,P000194,CAT0012,Y,2026-02-09,NULL,2026-02-09 19:47:19.0000000,2026-02-09 19:47:19.0000000
SRC_PRODUCT_CATEGORY_B001_000000295,PC00000295,P000195,CAT0009,Y,2024-06-28,NULL,2024-06-28 10:47:14.0000000,2024-06-28 10:47:14.0000000
SRC_PRODUCT_CATEGORY_B001_000000296,PC00000296,P000196,CAT0016,Y,2024-09-28,NULL,2024-09-28 18:01:55.0000000,2024-09-28 18:01:55.0000000
SRC_PRODUCT_CATEGORY_B001_000000297,PC00000297,P000197,CAT0015,Y,2024-06-05,NULL,2024-06-05 11:06:07.0000000,2024-06-05 11:06:07.0000000
SRC_PRODUCT_CATEGORY_B001_000000298,PC00000298,P000197,CAT0017,N,2024-06-05,NULL,2024-06-05 11:06:07.0000000,2024-06-05 11:06:07.0000000
SRC_PRODUCT_CATEGORY_B001_000000299,PC00000299,P000198,CAT0010,Y,2025-05-29,NULL,2025-05-29 18:14:24.0000000,2025-05-29 18:14:24.0000000
SRC_PRODUCT_CATEGORY_B001_000000300,PC00000300,P000198,CAT0014,N,2025-05-29,NULL,2025-05-29 18:14:24.0000000,2025-05-29 18:14:24.0000000
SRC_PRODUCT_CATEGORY_B001_000000301,PC00000301,P000198,CAT0018,N,2025-05-29,NULL,2025-05-29 18:14:24.0000000,2025-05-29 18:14:24.0000000
SRC_PRODUCT_CATEGORY_B001_000000302,PC00000302,P000199,CAT0009,Y,2025-05-05,NULL,2025-05-05 03:36:35.0000000,2025-05-05 03:36:35.0000000
SRC_PRODUCT_CATEGORY_B001_000000303,PC00000303,P000200,CAT0018,Y,2026-05-08,NULL,2026-05-08 21:42:36.0000000,2026-05-08 21:42:36.0000000
SRC_PRODUCT_CATEGORY_B001_000000304,PC00000304,P000200,CAT0024,N,2026-05-08,NULL,2026-05-08 21:42:36.0000000,2026-05-08 21:42:36.0000000
SRC_PRODUCT_CATEGORY_B001_000000305,PC00000305,P000200,CAT0014,N,2026-05-08,NULL,2026-05-08 21:42:36.0000000,2026-05-08 21:42:36.0000000
SRC_PRODUCT_CATEGORY_B001_000000306,PC00000306,P000201,CAT0020,Y,2023-02-27,NULL,2023-02-27 22:36:54.0000000,2023-02-27 22:36:54.0000000
SRC_PRODUCT_CATEGORY_B001_000000307,PC00000307,P000202,CAT0016,Y,2025-08-15,NULL,2025-08-15 04:28:52.0000000,2025-08-15 04:28:52.0000000
SRC_PRODUCT_CATEGORY_B001_000000308,PC00000308,P000202,CAT0024,N,2025-08-15,NULL,2025-08-15 04:28:52.0000000,2025-08-15 04:28:52.0000000
SRC_PRODUCT_CATEGORY_B001_000000309,PC00000309,P000202,CAT0026,N,2025-08-15,NULL,2025-08-15 04:28:52.0000000,2025-08-15 04:28:52.0000000
SRC_PRODUCT_CATEGORY_B001_000000310,PC00000310,P000203,CAT0023,Y,2024-08-28,NULL,2024-08-28 22:17:31.0000000,2024-08-28 22:17:31.0000000
SRC_PRODUCT_CATEGORY_B001_000000311,PC00000311,P000204,CAT0030,Y,2024-09-22,NULL,2024-09-22 02:58:38.0000000,2024-09-22 02:58:38.0000000
SRC_PRODUCT_CATEGORY_B001_000000312,PC00000312,P000204,CAT0024,N,2024-09-22,NULL,2024-09-22 02:58:38.0000000,2024-09-22 02:58:38.0000000
SRC_PRODUCT_CATEGORY_B001_000000313,PC00000313,P000205,CAT0013,Y,2025-11-09,NULL,2025-11-09 11:57:39.0000000,2025-11-09 11:57:39.0000000
SRC_PRODUCT_CATEGORY_B001_000000314,PC00000314,P000205,CAT0020,N,2025-11-09,NULL,2025-11-09 11:57:39.0000000,2025-11-09 11:57:39.0000000
SRC_PRODUCT_CATEGORY_B001_000000315,PC00000315,P000206,CAT0025,Y,2023-12-12,NULL,2023-12-12 00:51:20.0000000,2023-12-12 00:51:20.0000000
SRC_PRODUCT_CATEGORY_B001_000000316,PC00000316,P000206,CAT0020,N,2023-12-12,NULL,2023-12-12 00:51:20.0000000,2023-12-12 00:51:20.0000000
SRC_PRODUCT_CATEGORY_B001_000000317,PC00000317,P000207,CAT0014,Y,2025-01-07,NULL,2025-01-07 03:47:56.0000000,2025-01-07 03:47:56.0000000
SRC_PRODUCT_CATEGORY_B001_000000318,PC00000318,P000207,CAT0023,N,2025-01-07,NULL,2025-01-07 03:47:56.0000000,2025-01-07 03:47:56.0000000
SRC_PRODUCT_CATEGORY_B001_000000319,PC00000319,P000208,CAT0008,Y,2024-10-24,NULL,2024-10-24 01:51:46.0000000,2024-10-24 01:51:46.0000000
SRC_PRODUCT_CATEGORY_B001_000000320,PC00000320,P000208,CAT0023,N,2024-10-24,NULL,2024-10-24 01:51:46.0000000,2024-10-24 01:51:46.0000000
SRC_PRODUCT_CATEGORY_B001_000000321,PC00000321,P000209,CAT0028,Y,2023-06-03,NULL,2023-06-03 17:17:18.0000000,2023-06-03 17:17:18.0000000
SRC_PRODUCT_CATEGORY_B001_000000322,PC00000322,P000210,CAT0018,Y,2024-06-25,NULL,2024-06-25 01:00:51.0000000,2024-06-25 01:00:51.0000000
SRC_PRODUCT_CATEGORY_B001_000000323,PC00000323,P000210,CAT0026,N,2024-06-25,NULL,2024-06-25 01:00:51.0000000,2024-06-25 01:00:51.0000000
SRC_PRODUCT_CATEGORY_B001_000000324,PC00000324,P000211,CAT0010,Y,2025-12-26,NULL,2025-12-26 04:16:16.0000000,2025-12-26 04:16:16.0000000
SRC_PRODUCT_CATEGORY_B001_000000325,PC00000325,P000212,CAT0012,Y,2026-04-08,NULL,2026-04-08 22:01:06.0000000,2026-04-08 22:01:06.0000000
SRC_PRODUCT_CATEGORY_B001_000000326,PC00000326,P000213,CAT0013,Y,2023-02-03,NULL,2023-02-03 20:21:55.0000000,2023-02-03 20:21:55.0000000
SRC_PRODUCT_CATEGORY_B001_000000327,PC00000327,P000213,CAT0008,N,2023-02-03,NULL,2023-02-03 20:21:55.0000000,2023-02-03 20:21:55.0000000
SRC_PRODUCT_CATEGORY_B001_000000328,PC00000328,P000214,CAT0028,Y,2025-07-03,NULL,2025-07-03 03:21:20.0000000,2025-07-03 03:21:20.0000000
SRC_PRODUCT_CATEGORY_B001_000000329,PC00000329,P000214,CAT0020,N,2025-07-03,NULL,2025-07-03 03:21:20.0000000,2025-07-03 03:21:20.0000000
SRC_PRODUCT_CATEGORY_B001_000000330,PC00000330,P000215,CAT0008,Y,2024-12-10,NULL,2024-12-10 01:27:04.0000000,2024-12-10 01:27:04.0000000
SRC_PRODUCT_CATEGORY_B001_000000331,PC00000331,P000215,CAT0022,N,2024-12-10,NULL,2024-12-10 01:27:04.0000000,2024-12-10 01:27:04.0000000
SRC_PRODUCT_CATEGORY_B001_000000332,PC00000332,P000216,CAT0021,Y,2026-02-07,NULL,2026-02-07 12:28:53.0000000,2026-02-07 12:28:53.0000000
SRC_PRODUCT_CATEGORY_B001_000000333,PC00000333,P000216,CAT0011,N,2026-02-07,NULL,2026-02-07 12:28:53.0000000,2026-02-07 12:28:53.0000000
SRC_PRODUCT_CATEGORY_B001_000000334,PC00000334,P000217,CAT0020,Y,2023-08-02,NULL,2023-08-02 19:03:41.0000000,2023-08-02 19:03:41.0000000
SRC_PRODUCT_CATEGORY_B001_000000335,PC00000335,P000217,CAT0022,N,2023-08-02,NULL,2023-08-02 19:03:41.0000000,2023-08-02 19:03:41.0000000
SRC_PRODUCT_CATEGORY_B001_000000336,PC00000336,P000218,CAT0020,Y,2025-11-26,NULL,2025-11-26 13:05:50.0000000,2025-11-26 13:05:50.0000000
SRC_PRODUCT_CATEGORY_B001_000000337,PC00000337,P000218,CAT0011,N,2025-11-26,NULL,2025-11-26 13:05:50.0000000,2025-11-26 13:05:50.0000000
SRC_PRODUCT_CATEGORY_B001_000000338,PC00000338,P000218,CAT0007,N,2025-11-26,NULL,2025-11-26 13:05:50.0000000,2025-11-26 13:05:50.0000000
SRC_PRODUCT_CATEGORY_B001_000000339,PC00000339,P000219,CAT0012,Y,2025-10-18,NULL,2025-10-18 10:39:01.0000000,2025-10-18 10:39:01.0000000
SRC_PRODUCT_CATEGORY_B001_000000340,PC00000340,P000220,CAT0014,Y,2023-03-07,NULL,2023-03-07 11:29:31.0000000,2023-03-07 11:29:31.0000000
SRC_PRODUCT_CATEGORY_B001_000000341,PC00000341,P000221,CAT0025,Y,2024-07-31,NULL,2024-07-31 13:49:51.0000000,2024-07-31 13:49:51.0000000
SRC_PRODUCT_CATEGORY_B001_000000342,PC00000342,P000222,CAT0028,Y,2023-12-27,NULL,2023-12-27 01:57:54.0000000,2023-12-27 01:57:54.0000000
SRC_PRODUCT_CATEGORY_B001_000000343,PC00000343,P000223,CAT0020,Y,2026-03-10,NULL,2026-03-10 00:39:10.0000000,2026-03-10 00:39:10.0000000
SRC_PRODUCT_CATEGORY_B001_000000344,PC00000344,P000223,CAT0019,N,2026-03-10,NULL,2026-03-10 00:39:10.0000000,2026-03-10 00:39:10.0000000
SRC_PRODUCT_CATEGORY_B001_000000345,PC00000345,P000224,CAT0028,Y,2023-03-14,NULL,2023-03-14 18:10:34.0000000,2023-03-14 18:10:34.0000000
SRC_PRODUCT_CATEGORY_B001_000000346,PC00000346,P000224,CAT0010,N,2023-03-14,NULL,2023-03-14 18:10:34.0000000,2023-03-14 18:10:34.0000000
SRC_PRODUCT_CATEGORY_B001_000000347,PC00000347,P000224,CAT0026,N,2023-03-14,NULL,2023-03-14 18:10:34.0000000,2023-03-14 18:10:34.0000000
SRC_PRODUCT_CATEGORY_B001_000000348,PC00000348,P000225,CAT0015,Y,2024-02-16,NULL,2024-02-16 13:08:38.0000000,2024-02-16 13:08:38.0000000
SRC_PRODUCT_CATEGORY_B001_000000349,PC00000349,P000226,CAT0022,Y,2025-03-25,NULL,2025-03-25 09:41:57.0000000,2025-03-25 09:41:57.0000000
SRC_PRODUCT_CATEGORY_B001_000000350,PC00000350,P000226,CAT0008,N,2025-03-25,NULL,2025-03-25 09:41:57.0000000,2025-03-25 09:41:57.0000000
SRC_PRODUCT_CATEGORY_B001_000000351,PC00000351,P000227,CAT0017,Y,2026-06-20,NULL,2026-06-20 07:35:33.0000000,2026-06-20 07:35:33.0000000
SRC_PRODUCT_CATEGORY_B001_000000352,PC00000352,P000228,CAT0025,Y,2026-05-27,NULL,2026-05-27 17:27:03.0000000,2026-05-27 17:27:03.0000000
SRC_PRODUCT_CATEGORY_B001_000000353,PC00000353,P000229,CAT0007,Y,2025-03-11,NULL,2025-03-11 01:50:14.0000000,2025-03-11 01:50:14.0000000
SRC_PRODUCT_CATEGORY_B001_000000354,PC00000354,P000229,CAT0027,N,2025-03-11,NULL,2025-03-11 01:50:14.0000000,2025-03-11 01:50:14.0000000
SRC_PRODUCT_CATEGORY_B001_000000355,PC00000355,P000230,CAT0024,Y,2025-02-24,NULL,2025-02-24 09:54:10.0000000,2025-02-24 09:54:10.0000000
SRC_PRODUCT_CATEGORY_B001_000000356,PC00000356,P000231,CAT0027,Y,2025-11-19,NULL,2025-11-19 05:20:12.0000000,2025-11-19 05:20:12.0000000
SRC_PRODUCT_CATEGORY_B001_000000357,PC00000357,P000231,CAT0016,N,2025-11-19,NULL,2025-11-19 05:20:12.0000000,2025-11-19 05:20:12.0000000
SRC_PRODUCT_CATEGORY_B001_000000358,PC00000358,P000231,CAT0007,N,2025-11-19,NULL,2025-11-19 05:20:12.0000000,2025-11-19 05:20:12.0000000
SRC_PRODUCT_CATEGORY_B001_000000359,PC00000359,P000232,CAT0029,Y,2024-05-18,NULL,2024-05-18 19:07:54.0000000,2024-05-18 19:07:54.0000000
SRC_PRODUCT_CATEGORY_B001_000000360,PC00000360,P000232,CAT0012,N,2024-05-18,NULL,2024-05-18 19:07:54.0000000,2024-05-18 19:07:54.0000000
SRC_PRODUCT_CATEGORY_B001_000000361,PC00000361,P000233,CAT0014,Y,2025-11-25,NULL,2025-11-25 17:53:59.0000000,2025-11-25 17:53:59.0000000
SRC_PRODUCT_CATEGORY_B001_000000362,PC00000362,P000233,CAT0023,N,2025-11-25,NULL,2025-11-25 17:53:59.0000000,2025-11-25 17:53:59.0000000
SRC_PRODUCT_CATEGORY_B001_000000363,PC00000363,P000234,CAT0017,Y,2024-10-13,NULL,2024-10-13 11:23:45.0000000,2024-10-13 11:23:45.0000000
SRC_PRODUCT_CATEGORY_B001_000000364,PC00000364,P000235,CAT0007,Y,2026-02-02,NULL,2026-02-02 22:28:53.0000000,2026-02-02 22:28:53.0000000
SRC_PRODUCT_CATEGORY_B001_000000365,PC00000365,P000236,CAT0029,Y,2023-07-17,NULL,2023-07-17 03:40:50.0000000,2023-07-17 03:40:50.0000000
SRC_PRODUCT_CATEGORY_B001_000000366,PC00000366,P000237,CAT0028,Y,2026-06-16,NULL,2026-06-16 16:06:06.0000000,2026-06-16 16:06:06.0000000
SRC_PRODUCT_CATEGORY_B001_000000367,PC00000367,P000238,CAT0028,Y,2023-04-08,NULL,2023-04-08 00:56:07.0000000,2023-04-08 00:56:07.0000000
SRC_PRODUCT_CATEGORY_B001_000000368,PC00000368,P000238,CAT0020,N,2023-04-08,NULL,2023-04-08 00:56:07.0000000,2023-04-08 00:56:07.0000000
SRC_PRODUCT_CATEGORY_B001_000000369,PC00000369,P000239,CAT0026,Y,2025-06-05,NULL,2025-06-05 06:45:42.0000000,2025-06-05 06:45:42.0000000
SRC_PRODUCT_CATEGORY_B001_000000370,PC00000370,P000240,CAT0018,Y,2024-12-14,NULL,2024-12-14 14:42:18.0000000,2024-12-14 14:42:18.0000000
SRC_PRODUCT_CATEGORY_B001_000000371,PC00000371,P000241,CAT0008,Y,2023-01-20,NULL,2023-01-20 06:47:02.0000000,2023-01-20 06:47:02.0000000
SRC_PRODUCT_CATEGORY_B001_000000372,PC00000372,P000242,CAT0022,Y,2025-10-17,NULL,2025-10-17 07:58:50.0000000,2025-10-17 07:58:50.0000000
SRC_PRODUCT_CATEGORY_B001_000000373,PC00000373,P000243,CAT0022,Y,2023-09-04,NULL,2023-09-04 12:54:21.0000000,2023-09-04 12:54:21.0000000
SRC_PRODUCT_CATEGORY_B001_000000374,PC00000374,P000243,CAT0023,N,2023-09-04,NULL,2023-09-04 12:54:21.0000000,2023-09-04 12:54:21.0000000
SRC_PRODUCT_CATEGORY_B001_000000375,PC00000375,P000244,CAT0018,Y,2023-04-08,NULL,2023-04-08 22:12:59.0000000,2023-04-08 22:12:59.0000000
SRC_PRODUCT_CATEGORY_B001_000000376,PC00000376,P000245,CAT0011,Y,2026-05-22,NULL,2026-05-22 17:29:18.0000000,2026-05-22 17:29:18.0000000
SRC_PRODUCT_CATEGORY_B001_000000377,PC00000377,P000245,CAT0008,N,2026-05-22,NULL,2026-05-22 17:29:18.0000000,2026-05-22 17:29:18.0000000
SRC_PRODUCT_CATEGORY_B001_000000378,PC00000378,P000246,CAT0022,Y,2025-08-20,NULL,2025-08-20 03:04:55.0000000,2025-08-20 03:04:55.0000000
SRC_PRODUCT_CATEGORY_B001_000000379,PC00000379,P000247,CAT0010,Y,2023-09-01,NULL,2023-09-01 19:15:36.0000000,2023-09-01 19:15:36.0000000
SRC_PRODUCT_CATEGORY_B001_000000380,PC00000380,P000247,CAT0019,N,2023-09-01,NULL,2023-09-01 19:15:36.0000000,2023-09-01 19:15:36.0000000
SRC_PRODUCT_CATEGORY_B001_000000381,PC00000381,P000247,CAT0018,N,2023-09-01,NULL,2023-09-01 19:15:36.0000000,2023-09-01 19:15:36.0000000
SRC_PRODUCT_CATEGORY_B001_000000382,PC00000382,P000248,CAT0024,Y,2023-03-29,NULL,2023-03-29 11:56:41.0000000,2023-03-29 11:56:41.0000000
SRC_PRODUCT_CATEGORY_B001_000000383,PC00000383,P000249,CAT0028,Y,2025-02-15,NULL,2025-02-15 08:35:55.0000000,2025-02-15 08:35:55.0000000
SRC_PRODUCT_CATEGORY_B001_000000384,PC00000384,P000249,CAT0030,N,2025-02-15,NULL,2025-02-15 08:35:55.0000000,2025-02-15 08:35:55.0000000
SRC_PRODUCT_CATEGORY_B001_000000385,PC00000385,P000250,CAT0009,Y,2023-12-04,NULL,2023-12-04 00:34:31.0000000,2023-12-04 00:34:31.0000000
SRC_PRODUCT_CATEGORY_B001_000000386,PC00000386,P000251,CAT0016,Y,2024-03-21,NULL,2024-03-21 19:44:07.0000000,2024-03-21 19:44:07.0000000
SRC_PRODUCT_CATEGORY_B001_000000387,PC00000387,P000251,CAT0011,N,2024-03-21,NULL,2024-03-21 19:44:07.0000000,2024-03-21 19:44:07.0000000
SRC_PRODUCT_CATEGORY_B001_000000388,PC00000388,P000252,CAT0020,Y,2023-08-05,NULL,2023-08-05 23:24:21.0000000,2023-08-05 23:24:21.0000000
SRC_PRODUCT_CATEGORY_B001_000000389,PC00000389,P000253,CAT0021,Y,2024-12-06,NULL,2024-12-06 10:11:09.0000000,2024-12-06 10:11:09.0000000
SRC_PRODUCT_CATEGORY_B001_000000390,PC00000390,P000254,CAT0017,Y,2026-06-02,NULL,2026-06-02 18:33:17.0000000,2026-06-02 18:33:17.0000000
SRC_PRODUCT_CATEGORY_B001_000000391,PC00000391,P000255,CAT0019,Y,2024-08-24,NULL,2024-08-24 03:06:39.0000000,2024-08-24 03:06:39.0000000
SRC_PRODUCT_CATEGORY_B001_000000392,PC00000392,P000256,CAT0021,Y,2023-10-08,NULL,2023-10-08 07:18:27.0000000,2023-10-08 07:18:27.0000000
SRC_PRODUCT_CATEGORY_B001_000000393,PC00000393,P000256,CAT0010,N,2023-10-08,NULL,2023-10-08 07:18:27.0000000,2023-10-08 07:18:27.0000000
SRC_PRODUCT_CATEGORY_B001_000000394,PC00000394,P000257,CAT0010,Y,2026-07-12,NULL,2026-07-12 11:13:41.0000000,2026-07-12 11:13:41.0000000
SRC_PRODUCT_CATEGORY_B001_000000395,PC00000395,P000258,CAT0029,Y,2026-01-02,NULL,2026-01-02 10:00:46.0000000,2026-01-02 10:00:46.0000000
SRC_PRODUCT_CATEGORY_B001_000000396,PC00000396,P000259,CAT0013,Y,2025-09-17,NULL,2025-09-17 15:27:09.0000000,2025-09-17 15:27:09.0000000
SRC_PRODUCT_CATEGORY_B001_000000397,PC00000397,P000259,CAT0016,N,2025-09-17,NULL,2025-09-17 15:27:09.0000000,2025-09-17 15:27:09.0000000
SRC_PRODUCT_CATEGORY_B001_000000398,PC00000398,P000259,CAT0030,N,2025-09-17,NULL,2025-09-17 15:27:09.0000000,2025-09-17 15:27:09.0000000
SRC_PRODUCT_CATEGORY_B001_000000399,PC00000399,P000260,CAT0024,Y,2026-05-21,NULL,2026-05-21 23:36:24.0000000,2026-05-21 23:36:24.0000000
SRC_PRODUCT_CATEGORY_B001_000000400,PC00000400,P000260,CAT0030,N,2026-05-21,NULL,2026-05-21 23:36:24.0000000,2026-05-21 23:36:24.0000000
SRC_PRODUCT_CATEGORY_B001_000000401,PC00000401,P000260,CAT0019,N,2026-05-21,NULL,2026-05-21 23:36:24.0000000,2026-05-21 23:36:24.0000000
SRC_PRODUCT_CATEGORY_B001_000000402,PC00000402,P000261,CAT0010,Y,2023-06-12,NULL,2023-06-12 02:55:32.0000000,2023-06-12 02:55:32.0000000
SRC_PRODUCT_CATEGORY_B001_000000403,PC00000403,P000262,CAT0024,Y,2025-08-05,NULL,2025-08-05 00:22:20.0000000,2025-08-05 00:22:20.0000000
SRC_PRODUCT_CATEGORY_B001_000000404,PC00000404,P000262,CAT0016,N,2025-08-05,NULL,2025-08-05 00:22:20.0000000,2025-08-05 00:22:20.0000000
SRC_PRODUCT_CATEGORY_B001_000000405,PC00000405,P000262,CAT0018,N,2025-08-05,NULL,2025-08-05 00:22:20.0000000,2025-08-05 00:22:20.0000000
SRC_PRODUCT_CATEGORY_B001_000000406,PC00000406,P000263,CAT0013,Y,2026-03-03,NULL,2026-03-03 04:11:00.0000000,2026-03-03 04:11:00.0000000
SRC_PRODUCT_CATEGORY_B001_000000407,PC00000407,P000263,CAT0015,N,2026-03-03,NULL,2026-03-03 04:11:00.0000000,2026-03-03 04:11:00.0000000
SRC_PRODUCT_CATEGORY_B001_000000408,PC00000408,P000264,CAT0026,Y,2024-03-11,NULL,2024-03-11 17:54:33.0000000,2024-03-11 17:54:33.0000000
SRC_PRODUCT_CATEGORY_B001_000000409,PC00000409,P000265,CAT0014,Y,2024-05-01,NULL,2024-05-01 11:51:32.0000000,2024-05-01 11:51:32.0000000
SRC_PRODUCT_CATEGORY_B001_000000410,PC00000410,P000266,CAT0013,Y,2023-04-16,NULL,2023-04-16 05:37:01.0000000,2023-04-16 05:37:01.0000000
SRC_PRODUCT_CATEGORY_B001_000000411,PC00000411,P000267,CAT0028,Y,2024-07-12,NULL,2024-07-12 04:46:54.0000000,2024-07-12 04:46:54.0000000
SRC_PRODUCT_CATEGORY_B001_000000412,PC00000412,P000268,CAT0007,Y,2025-05-23,NULL,2025-05-23 15:33:04.0000000,2025-05-23 15:33:04.0000000
SRC_PRODUCT_CATEGORY_B001_000000413,PC00000413,P000268,CAT0013,N,2025-05-23,NULL,2025-05-23 15:33:04.0000000,2025-05-23 15:33:04.0000000
SRC_PRODUCT_CATEGORY_B001_000000414,PC00000414,P000269,CAT0025,Y,2025-09-09,NULL,2025-09-09 13:33:08.0000000,2025-09-09 13:33:08.0000000
SRC_PRODUCT_CATEGORY_B001_000000415,PC00000415,P000270,CAT0011,Y,2023-10-25,NULL,2023-10-25 09:57:49.0000000,2023-10-25 09:57:49.0000000
SRC_PRODUCT_CATEGORY_B001_000000416,PC00000416,P000270,CAT0024,N,2023-10-25,NULL,2023-10-25 09:57:49.0000000,2023-10-25 09:57:49.0000000
SRC_PRODUCT_CATEGORY_B001_000000417,PC00000417,P000270,CAT0012,N,2023-10-25,NULL,2023-10-25 09:57:49.0000000,2023-10-25 09:57:49.0000000
SRC_PRODUCT_CATEGORY_B001_000000418,PC00000418,P000271,CAT0015,Y,2023-09-04,NULL,2023-09-04 10:00:14.0000000,2023-09-04 10:00:14.0000000
SRC_PRODUCT_CATEGORY_B001_000000419,PC00000419,P000272,CAT0025,Y,2026-06-01,NULL,2026-06-01 18:31:48.0000000,2026-06-01 18:31:48.0000000
SRC_PRODUCT_CATEGORY_B001_000000420,PC00000420,P000273,CAT0027,Y,2023-04-18,NULL,2023-04-18 09:34:05.0000000,2023-04-18 09:34:05.0000000
SRC_PRODUCT_CATEGORY_B001_000000421,PC00000421,P000274,CAT0010,Y,2025-04-09,NULL,2025-04-09 18:59:09.0000000,2025-04-09 18:59:09.0000000
SRC_PRODUCT_CATEGORY_B001_000000422,PC00000422,P000275,CAT0026,Y,2025-08-19,NULL,2025-08-19 09:32:34.0000000,2025-08-19 09:32:34.0000000
SRC_PRODUCT_CATEGORY_B001_000000423,PC00000423,P000276,CAT0016,Y,2024-06-30,NULL,2024-06-30 09:20:32.0000000,2024-06-30 09:20:32.0000000
SRC_PRODUCT_CATEGORY_B001_000000424,PC00000424,P000277,CAT0025,Y,2024-10-17,NULL,2024-10-17 03:07:23.0000000,2024-10-17 03:07:23.0000000
SRC_PRODUCT_CATEGORY_B001_000000425,PC00000425,P000278,CAT0022,Y,2025-06-09,NULL,2025-06-09 14:42:55.0000000,2025-06-09 14:42:55.0000000
SRC_PRODUCT_CATEGORY_B001_000000426,PC00000426,P000278,CAT0028,N,2025-06-09,NULL,2025-06-09 14:42:55.0000000,2025-06-09 14:42:55.0000000
SRC_PRODUCT_CATEGORY_B001_000000427,PC00000427,P000279,CAT0022,Y,2024-04-11,NULL,2024-04-11 18:33:40.0000000,2024-04-11 18:33:40.0000000
SRC_PRODUCT_CATEGORY_B001_000000428,PC00000428,P000280,CAT0024,Y,2025-01-01,NULL,2025-01-01 00:51:49.0000000,2025-01-01 00:51:49.0000000
SRC_PRODUCT_CATEGORY_B001_000000429,PC00000429,P000280,CAT0013,N,2025-01-01,NULL,2025-01-01 00:51:49.0000000,2025-01-01 00:51:49.0000000
SRC_PRODUCT_CATEGORY_B001_000000430,PC00000430,P000280,CAT0007,N,2025-01-01,NULL,2025-01-01 00:51:49.0000000,2025-01-01 00:51:49.0000000
SRC_PRODUCT_CATEGORY_B001_000000431,PC00000431,P000281,CAT0008,Y,2023-09-12,NULL,2023-09-12 03:42:48.0000000,2023-09-12 03:42:48.0000000
SRC_PRODUCT_CATEGORY_B001_000000432,PC00000432,P000282,CAT0019,Y,2023-12-14,NULL,2023-12-14 21:20:48.0000000,2023-12-14 21:20:48.0000000
SRC_PRODUCT_CATEGORY_B001_000000433,PC00000433,P000283,CAT0017,Y,2026-04-13,NULL,2026-04-13 02:07:21.0000000,2026-04-13 02:07:21.0000000
SRC_PRODUCT_CATEGORY_B001_000000434,PC00000434,P000283,CAT0021,N,2026-04-13,NULL,2026-04-13 02:07:21.0000000,2026-04-13 02:07:21.0000000
SRC_PRODUCT_CATEGORY_B001_000000435,PC00000435,P000284,CAT0015,Y,2024-04-25,NULL,2024-04-25 02:02:16.0000000,2024-04-25 02:02:16.0000000
SRC_PRODUCT_CATEGORY_B001_000000436,PC00000436,P000285,CAT0027,Y,2023-01-14,NULL,2023-01-14 01:51:41.0000000,2023-01-14 01:51:41.0000000
SRC_PRODUCT_CATEGORY_B001_000000437,PC00000437,P000286,CAT0009,Y,2024-04-23,NULL,2024-04-23 11:45:57.0000000,2024-04-23 11:45:57.0000000
SRC_PRODUCT_CATEGORY_B001_000000438,PC00000438,P000287,CAT0026,Y,2025-05-30,NULL,2025-05-30 15:32:46.0000000,2025-05-30 15:32:46.0000000
SRC_PRODUCT_CATEGORY_B001_000000439,PC00000439,P000288,CAT0024,Y,2023-07-25,NULL,2023-07-25 14:14:32.0000000,2023-07-25 14:14:32.0000000
SRC_PRODUCT_CATEGORY_B001_000000440,PC00000440,P000288,CAT0009,N,2023-07-25,NULL,2023-07-25 14:14:32.0000000,2023-07-25 14:14:32.0000000
SRC_PRODUCT_CATEGORY_B001_000000441,PC00000441,P000288,CAT0018,N,2023-07-25,NULL,2023-07-25 14:14:32.0000000,2023-07-25 14:14:32.0000000
SRC_PRODUCT_CATEGORY_B001_000000442,PC00000442,P000289,CAT0018,Y,2026-02-19,NULL,2026-02-19 08:06:52.0000000,2026-02-19 08:06:52.0000000
SRC_PRODUCT_CATEGORY_B001_000000443,PC00000443,P000290,CAT0013,Y,2023-09-19,NULL,2023-09-19 12:37:30.0000000,2023-09-19 12:37:30.0000000
SRC_PRODUCT_CATEGORY_B001_000000444,PC00000444,P000291,CAT0018,Y,2024-03-21,NULL,2024-03-21 11:25:10.0000000,2024-03-21 11:25:10.0000000
SRC_PRODUCT_CATEGORY_B001_000000445,PC00000445,P000291,CAT0025,N,2024-03-21,NULL,2024-03-21 11:25:10.0000000,2024-03-21 11:25:10.0000000
SRC_PRODUCT_CATEGORY_B001_000000446,PC00000446,P000292,CAT0009,Y,2024-06-05,NULL,2024-06-05 18:42:46.0000000,2024-06-05 18:42:46.0000000
SRC_PRODUCT_CATEGORY_B001_000000447,PC00000447,P000293,CAT0021,Y,2023-06-01,NULL,2023-06-01 15:20:16.0000000,2023-06-01 15:20:16.0000000
SRC_PRODUCT_CATEGORY_B001_000000448,PC00000448,P000293,CAT0030,N,2023-06-01,NULL,2023-06-01 15:20:16.0000000,2023-06-01 15:20:16.0000000
SRC_PRODUCT_CATEGORY_B001_000000449,PC00000449,P000294,CAT0011,Y,2026-05-15,NULL,2026-05-15 01:48:45.0000000,2026-05-15 01:48:45.0000000
SRC_PRODUCT_CATEGORY_B001_000000450,PC00000450,P000295,CAT0018,Y,2026-05-18,NULL,2026-05-18 06:41:47.0000000,2026-05-18 06:41:47.0000000
SRC_PRODUCT_CATEGORY_B001_000000451,PC00000451,P000296,CAT0025,Y,2025-02-22,NULL,2025-02-22 15:10:25.0000000,2025-02-22 15:10:25.0000000
SRC_PRODUCT_CATEGORY_B001_000000452,PC00000452,P000296,CAT0022,N,2025-02-22,NULL,2025-02-22 15:10:25.0000000,2025-02-22 15:10:25.0000000
SRC_PRODUCT_CATEGORY_B001_000000453,PC00000453,P000297,CAT0007,Y,2026-06-10,NULL,2026-06-10 23:49:10.0000000,2026-06-10 23:49:10.0000000
SRC_PRODUCT_CATEGORY_B001_000000454,PC00000454,P000298,CAT0028,Y,2025-07-13,NULL,2025-07-13 15:41:38.0000000,2025-07-13 15:41:38.0000000
SRC_PRODUCT_CATEGORY_B001_000000455,PC00000455,P000299,CAT0010,Y,2024-07-01,NULL,2024-07-01 07:07:23.0000000,2024-07-01 07:07:23.0000000
SRC_PRODUCT_CATEGORY_B001_000000456,PC00000456,P000299,CAT0026,N,2024-07-01,NULL,2024-07-01 07:07:23.0000000,2024-07-01 07:07:23.0000000
SRC_PRODUCT_CATEGORY_B001_000000457,PC00000457,P000300,CAT0021,Y,2025-02-01,NULL,2025-02-01 17:47:51.0000000,2025-02-01 17:47:51.0000000
SRC_PRODUCT_CATEGORY_B001_000000458,PC00000458,P000301,CAT0021,Y,2026-01-04,NULL,2026-01-04 06:31:35.0000000,2026-01-04 06:31:35.0000000
SRC_PRODUCT_CATEGORY_B001_000000459,PC00000459,P000302,CAT0013,Y,2026-03-19,NULL,2026-03-19 19:45:53.0000000,2026-03-19 19:45:53.0000000
SRC_PRODUCT_CATEGORY_B001_000000460,PC00000460,P000303,CAT0030,Y,2024-12-01,NULL,2024-12-01 14:30:16.0000000,2024-12-01 14:30:16.0000000
SRC_PRODUCT_CATEGORY_B001_000000461,PC00000461,P000304,CAT0020,Y,2025-07-20,NULL,2025-07-20 22:16:33.0000000,2025-07-20 22:16:33.0000000
SRC_PRODUCT_CATEGORY_B001_000000462,PC00000462,P000304,CAT0010,N,2025-07-20,NULL,2025-07-20 22:16:33.0000000,2025-07-20 22:16:33.0000000
SRC_PRODUCT_CATEGORY_B001_000000463,PC00000463,P000305,CAT0023,Y,2023-09-26,NULL,2023-09-26 15:45:55.0000000,2023-09-26 15:45:55.0000000
SRC_PRODUCT_CATEGORY_B001_000000464,PC00000464,P000306,CAT0021,Y,2023-10-03,NULL,2023-10-03 21:17:28.0000000,2023-10-03 21:17:28.0000000
SRC_PRODUCT_CATEGORY_B001_000000465,PC00000465,P000307,CAT0009,Y,2025-05-04,NULL,2025-05-04 18:41:22.0000000,2025-05-04 18:41:22.0000000
SRC_PRODUCT_CATEGORY_B001_000000466,PC00000466,P000308,CAT0015,Y,2025-08-16,NULL,2025-08-16 14:56:05.0000000,2025-08-16 14:56:05.0000000
SRC_PRODUCT_CATEGORY_B001_000000467,PC00000467,P000309,CAT0020,Y,2026-07-28,NULL,2026-07-28 10:15:04.0000000,2026-07-28 10:15:04.0000000
SRC_PRODUCT_CATEGORY_B001_000000468,PC00000468,P000309,CAT0019,N,2026-07-28,NULL,2026-07-28 10:15:04.0000000,2026-07-28 10:15:04.0000000
SRC_PRODUCT_CATEGORY_B001_000000469,PC00000469,P000310,CAT0011,Y,2024-05-22,NULL,2024-05-22 09:29:33.0000000,2024-05-22 09:29:33.0000000
SRC_PRODUCT_CATEGORY_B001_000000470,PC00000470,P000311,CAT0017,Y,2026-04-08,NULL,2026-04-08 16:25:34.0000000,2026-04-08 16:25:34.0000000
SRC_PRODUCT_CATEGORY_B001_000000471,PC00000471,P000312,CAT0014,Y,2025-06-26,NULL,2025-06-26 02:35:36.0000000,2025-06-26 02:35:36.0000000
SRC_PRODUCT_CATEGORY_B001_000000472,PC00000472,P000313,CAT0029,Y,2023-10-09,NULL,2023-10-09 09:35:40.0000000,2023-10-09 09:35:40.0000000
SRC_PRODUCT_CATEGORY_B001_000000473,PC00000473,P000313,CAT0019,N,2023-10-09,NULL,2023-10-09 09:35:40.0000000,2023-10-09 09:35:40.0000000
SRC_PRODUCT_CATEGORY_B001_000000474,PC00000474,P000313,CAT0012,N,2023-10-09,NULL,2023-10-09 09:35:40.0000000,2023-10-09 09:35:40.0000000
SRC_PRODUCT_CATEGORY_B001_000000475,PC00000475,P000314,CAT0018,Y,2024-02-11,NULL,2024-02-11 09:11:37.0000000,2024-02-11 09:11:37.0000000
SRC_PRODUCT_CATEGORY_B001_000000476,PC00000476,P000315,CAT0007,Y,2023-07-08,NULL,2023-07-08 09:56:46.0000000,2023-07-08 09:56:46.0000000
SRC_PRODUCT_CATEGORY_B001_000000477,PC00000477,P000316,CAT0023,Y,2025-12-15,NULL,2025-12-15 21:31:29.0000000,2025-12-15 21:31:29.0000000
SRC_PRODUCT_CATEGORY_B001_000000478,PC00000478,P000316,CAT0022,N,2025-12-15,NULL,2025-12-15 21:31:29.0000000,2025-12-15 21:31:29.0000000
SRC_PRODUCT_CATEGORY_B001_000000479,PC00000479,P000317,CAT0013,Y,2025-05-05,NULL,2025-05-05 10:33:34.0000000,2025-05-05 10:33:34.0000000
SRC_PRODUCT_CATEGORY_B001_000000480,PC00000480,P000317,CAT0016,N,2025-05-05,NULL,2025-05-05 10:33:34.0000000,2025-05-05 10:33:34.0000000
SRC_PRODUCT_CATEGORY_B001_000000481,PC00000481,P000318,CAT0016,Y,2023-01-11,NULL,2023-01-11 11:04:21.0000000,2023-01-11 11:04:21.0000000
SRC_PRODUCT_CATEGORY_B001_000000482,PC00000482,P000319,CAT0013,Y,2023-05-26,NULL,2023-05-26 11:34:28.0000000,2023-05-26 11:34:28.0000000
SRC_PRODUCT_CATEGORY_B001_000000483,PC00000483,P000320,CAT0025,Y,2023-05-01,NULL,2023-05-01 14:11:50.0000000,2023-05-01 14:11:50.0000000
SRC_PRODUCT_CATEGORY_B001_000000484,PC00000484,P000321,CAT0023,Y,2023-02-15,NULL,2023-02-15 04:38:36.0000000,2023-02-15 04:38:36.0000000
SRC_PRODUCT_CATEGORY_B001_000000485,PC00000485,P000321,CAT0025,N,2023-02-15,NULL,2023-02-15 04:38:36.0000000,2023-02-15 04:38:36.0000000
SRC_PRODUCT_CATEGORY_B001_000000486,PC00000486,P000322,CAT0030,Y,2025-06-07,NULL,2025-06-07 16:51:11.0000000,2025-06-07 16:51:11.0000000
SRC_PRODUCT_CATEGORY_B001_000000487,PC00000487,P000323,CAT0017,Y,2025-09-19,NULL,2025-09-19 17:09:27.0000000,2025-09-19 17:09:27.0000000
SRC_PRODUCT_CATEGORY_B001_000000488,PC00000488,P000324,CAT0014,Y,2026-02-07,NULL,2026-02-07 20:27:41.0000000,2026-02-07 20:27:41.0000000
SRC_PRODUCT_CATEGORY_B001_000000489,PC00000489,P000325,CAT0022,Y,2026-03-15,NULL,2026-03-15 20:00:22.0000000,2026-03-15 20:00:22.0000000
SRC_PRODUCT_CATEGORY_B001_000000490,PC00000490,P000326,CAT0018,Y,2023-01-10,NULL,2023-01-10 13:28:37.0000000,2023-01-10 13:28:37.0000000
SRC_PRODUCT_CATEGORY_B001_000000491,PC00000491,P000327,CAT0011,Y,2026-05-30,NULL,2026-05-30 04:00:17.0000000,2026-05-30 04:00:17.0000000
SRC_PRODUCT_CATEGORY_B001_000000492,PC00000492,P000327,CAT0029,N,2026-05-30,NULL,2026-05-30 04:00:17.0000000,2026-05-30 04:00:17.0000000
SRC_PRODUCT_CATEGORY_B001_000000493,PC00000493,P000328,CAT0010,Y,2025-07-21,NULL,2025-07-21 03:56:20.0000000,2025-07-21 03:56:20.0000000
SRC_PRODUCT_CATEGORY_B001_000000494,PC00000494,P000329,CAT0027,Y,2024-01-24,NULL,2024-01-24 13:38:47.0000000,2024-01-24 13:38:47.0000000
SRC_PRODUCT_CATEGORY_B001_000000495,PC00000495,P000329,CAT0026,N,2024-01-24,NULL,2024-01-24 13:38:47.0000000,2024-01-24 13:38:47.0000000
SRC_PRODUCT_CATEGORY_B001_000000496,PC00000496,P000330,CAT0015,Y,2025-07-10,NULL,2025-07-10 02:49:55.0000000,2025-07-10 02:49:55.0000000
SRC_PRODUCT_CATEGORY_B001_000000497,PC00000497,P000331,CAT0018,Y,2026-07-28,NULL,2026-07-28 19:39:39.0000000,2026-07-28 19:39:39.0000000
SRC_PRODUCT_CATEGORY_B001_000000498,PC00000498,P000331,CAT0027,N,2026-07-28,NULL,2026-07-28 19:39:39.0000000,2026-07-28 19:39:39.0000000
SRC_PRODUCT_CATEGORY_B001_000000499,PC00000499,P000332,CAT0011,Y,2023-09-19,NULL,2023-09-19 14:02:07.0000000,2023-09-19 14:02:07.0000000
SRC_PRODUCT_CATEGORY_B001_000000500,PC00000500,P000332,CAT0017,N,2023-09-19,NULL,2023-09-19 14:02:07.0000000,2023-09-19 14:02:07.0000000
SRC_PRODUCT_CATEGORY_B001_000000501,PC00000501,P000332,CAT0021,N,2023-09-19,NULL,2023-09-19 14:02:07.0000000,2023-09-19 14:02:07.0000000
SRC_PRODUCT_CATEGORY_B001_000000502,PC00000502,P000333,CAT0020,Y,2023-11-23,NULL,2023-11-23 20:51:10.0000000,2023-11-23 20:51:10.0000000
SRC_PRODUCT_CATEGORY_B001_000000503,PC00000503,P000333,CAT0023,N,2023-11-23,NULL,2023-11-23 20:51:10.0000000,2023-11-23 20:51:10.0000000
SRC_PRODUCT_CATEGORY_B001_000000504,PC00000504,P000334,CAT0028,Y,2024-10-20,NULL,2024-10-20 22:03:55.0000000,2024-10-20 22:03:55.0000000
SRC_PRODUCT_CATEGORY_B001_000000505,PC00000505,P000334,CAT0020,N,2024-10-20,NULL,2024-10-20 22:03:55.0000000,2024-10-20 22:03:55.0000000
SRC_PRODUCT_CATEGORY_B001_000000506,PC00000506,P000335,CAT0029,Y,2024-09-07,NULL,2024-09-07 04:42:31.0000000,2024-09-07 04:42:31.0000000
SRC_PRODUCT_CATEGORY_B001_000000507,PC00000507,P000336,CAT0029,Y,2023-07-05,NULL,2023-07-05 09:30:38.0000000,2023-07-05 09:30:38.0000000
SRC_PRODUCT_CATEGORY_B001_000000508,PC00000508,P000337,CAT0023,Y,2024-06-21,NULL,2024-06-21 18:38:24.0000000,2024-06-21 18:38:24.0000000
SRC_PRODUCT_CATEGORY_B001_000000509,PC00000509,P000337,CAT0018,N,2024-06-21,NULL,2024-06-21 18:38:24.0000000,2024-06-21 18:38:24.0000000
SRC_PRODUCT_CATEGORY_B001_000000510,PC00000510,P000338,CAT0020,Y,2024-05-19,NULL,2024-05-19 16:43:49.0000000,2024-05-19 16:43:49.0000000
SRC_PRODUCT_CATEGORY_B001_000000511,PC00000511,P000339,CAT0007,Y,2023-11-16,NULL,2023-11-16 04:35:40.0000000,2023-11-16 04:35:40.0000000
SRC_PRODUCT_CATEGORY_B001_000000512,PC00000512,P000339,CAT0023,N,2023-11-16,NULL,2023-11-16 04:35:40.0000000,2023-11-16 04:35:40.0000000
SRC_PRODUCT_CATEGORY_B001_000000513,PC00000513,P000339,CAT0011,N,2023-11-16,NULL,2023-11-16 04:35:40.0000000,2023-11-16 04:35:40.0000000
SRC_PRODUCT_CATEGORY_B001_000000514,PC00000514,P000340,CAT0014,Y,2026-04-27,NULL,2026-04-27 09:02:56.0000000,2026-04-27 09:02:56.0000000
SRC_PRODUCT_CATEGORY_B001_000000515,PC00000515,P000341,CAT0021,Y,2023-11-23,NULL,2023-11-23 11:07:19.0000000,2023-11-23 11:07:19.0000000
SRC_PRODUCT_CATEGORY_B001_000000516,PC00000516,P000341,CAT0026,N,2023-11-23,NULL,2023-11-23 11:07:19.0000000,2023-11-23 11:07:19.0000000
SRC_PRODUCT_CATEGORY_B001_000000517,PC00000517,P000342,CAT0013,Y,2023-03-28,NULL,2023-03-28 21:23:15.0000000,2023-03-28 21:23:15.0000000
SRC_PRODUCT_CATEGORY_B001_000000518,PC00000518,P000343,CAT0013,Y,2025-06-05,NULL,2025-06-05 08:08:10.0000000,2025-06-05 08:08:10.0000000
SRC_PRODUCT_CATEGORY_B001_000000519,PC00000519,P000343,CAT0010,N,2025-06-05,NULL,2025-06-05 08:08:10.0000000,2025-06-05 08:08:10.0000000
SRC_PRODUCT_CATEGORY_B001_000000520,PC00000520,P000344,CAT0016,Y,2025-05-26,NULL,2025-05-26 04:26:28.0000000,2025-05-26 04:26:28.0000000
SRC_PRODUCT_CATEGORY_B001_000000521,PC00000521,P000344,CAT0026,N,2025-05-26,NULL,2025-05-26 04:26:28.0000000,2025-05-26 04:26:28.0000000
SRC_PRODUCT_CATEGORY_B001_000000522,PC00000522,P000345,CAT0008,Y,2024-04-07,NULL,2024-04-07 08:01:04.0000000,2024-04-07 08:01:04.0000000
SRC_PRODUCT_CATEGORY_B001_000000523,PC00000523,P000345,CAT0017,N,2024-04-07,NULL,2024-04-07 08:01:04.0000000,2024-04-07 08:01:04.0000000
SRC_PRODUCT_CATEGORY_B001_000000524,PC00000524,P000346,CAT0019,Y,2025-12-21,NULL,2025-12-21 17:37:30.0000000,2025-12-21 17:37:30.0000000
SRC_PRODUCT_CATEGORY_B001_000000525,PC00000525,P000346,CAT0016,N,2025-12-21,NULL,2025-12-21 17:37:30.0000000,2025-12-21 17:37:30.0000000
SRC_PRODUCT_CATEGORY_B001_000000526,PC00000526,P000346,CAT0030,N,2025-12-21,NULL,2025-12-21 17:37:30.0000000,2025-12-21 17:37:30.0000000
SRC_PRODUCT_CATEGORY_B001_000000527,PC00000527,P000347,CAT0030,Y,2023-05-18,NULL,2023-05-18 22:25:23.0000000,2023-05-18 22:25:23.0000000
SRC_PRODUCT_CATEGORY_B001_000000528,PC00000528,P000347,CAT0014,N,2023-05-18,NULL,2023-05-18 22:25:23.0000000,2023-05-18 22:25:23.0000000
SRC_PRODUCT_CATEGORY_B001_000000529,PC00000529,P000348,CAT0020,Y,2025-07-19,NULL,2025-07-19 00:15:44.0000000,2025-07-19 00:15:44.0000000
SRC_PRODUCT_CATEGORY_B001_000000530,PC00000530,P000349,CAT0008,Y,2024-04-14,NULL,2024-04-14 14:50:19.0000000,2024-04-14 14:50:19.0000000
SRC_PRODUCT_CATEGORY_B001_000000531,PC00000531,P000350,CAT0023,Y,2023-05-16,NULL,2023-05-16 23:03:51.0000000,2023-05-16 23:03:51.0000000
SRC_PRODUCT_CATEGORY_B001_000000532,PC00000532,P000350,CAT0022,N,2023-05-16,NULL,2023-05-16 23:03:51.0000000,2023-05-16 23:03:51.0000000
SRC_PRODUCT_CATEGORY_B001_000000533,PC00000533,P000351,CAT0023,Y,2026-06-28,NULL,2026-06-28 07:06:54.0000000,2026-06-28 07:06:54.0000000
SRC_PRODUCT_CATEGORY_B001_000000534,PC00000534,P000352,CAT0010,Y,2023-01-15,NULL,2023-01-15 04:01:02.0000000,2023-01-15 04:01:02.0000000
SRC_PRODUCT_CATEGORY_B001_000000535,PC00000535,P000352,CAT0007,N,2023-01-15,NULL,2023-01-15 04:01:02.0000000,2023-01-15 04:01:02.0000000
SRC_PRODUCT_CATEGORY_B001_000000536,PC00000536,P000353,CAT0025,Y,2024-01-06,NULL,2024-01-06 03:13:12.0000000,2024-01-06 03:13:12.0000000
SRC_PRODUCT_CATEGORY_B001_000000537,PC00000537,P000353,CAT0014,N,2024-01-06,NULL,2024-01-06 03:13:12.0000000,2024-01-06 03:13:12.0000000
SRC_PRODUCT_CATEGORY_B001_000000538,PC00000538,P000354,CAT0027,Y,2023-10-17,NULL,2023-10-17 12:16:38.0000000,2023-10-17 12:16:38.0000000
SRC_PRODUCT_CATEGORY_B001_000000539,PC00000539,P000355,CAT0023,Y,2025-04-19,NULL,2025-04-19 15:37:54.0000000,2025-04-19 15:37:54.0000000
SRC_PRODUCT_CATEGORY_B001_000000540,PC00000540,P000356,CAT0021,Y,2025-06-18,NULL,2025-06-18 04:31:24.0000000,2025-06-18 04:31:24.0000000
SRC_PRODUCT_CATEGORY_B001_000000541,PC00000541,P000357,CAT0019,Y,2024-10-06,NULL,2024-10-06 22:47:42.0000000,2024-10-06 22:47:42.0000000
SRC_PRODUCT_CATEGORY_B001_000000542,PC00000542,P000357,CAT0007,N,2024-10-06,NULL,2024-10-06 22:47:42.0000000,2024-10-06 22:47:42.0000000
SRC_PRODUCT_CATEGORY_B001_000000543,PC00000543,P000357,CAT0014,N,2024-10-06,NULL,2024-10-06 22:47:42.0000000,2024-10-06 22:47:42.0000000
SRC_PRODUCT_CATEGORY_B001_000000544,PC00000544,P000358,CAT0013,Y,2024-07-21,NULL,2024-07-21 15:58:47.0000000,2024-07-21 15:58:47.0000000
SRC_PRODUCT_CATEGORY_B001_000000545,PC00000545,P000359,CAT0019,Y,2024-06-27,NULL,2024-06-27 10:45:49.0000000,2024-06-27 10:45:49.0000000
SRC_PRODUCT_CATEGORY_B001_000000546,PC00000546,P000360,CAT0018,Y,2024-10-11,NULL,2024-10-11 07:54:15.0000000,2024-10-11 07:54:15.0000000
SRC_PRODUCT_CATEGORY_B001_000000547,PC00000547,P000361,CAT0028,Y,2025-07-28,NULL,2025-07-28 01:53:10.0000000,2025-07-28 01:53:10.0000000
SRC_PRODUCT_CATEGORY_B001_000000548,PC00000548,P000361,CAT0007,N,2025-07-28,NULL,2025-07-28 01:53:10.0000000,2025-07-28 01:53:10.0000000
SRC_PRODUCT_CATEGORY_B001_000000549,PC00000549,P000361,CAT0027,N,2025-07-28,NULL,2025-07-28 01:53:10.0000000,2025-07-28 01:53:10.0000000
SRC_PRODUCT_CATEGORY_B001_000000550,PC00000550,P000362,CAT0025,Y,2023-02-28,NULL,2023-02-28 17:49:35.0000000,2023-02-28 17:49:35.0000000
SRC_PRODUCT_CATEGORY_B001_000000551,PC00000551,P000363,CAT0027,Y,2023-06-18,NULL,2023-06-18 05:33:29.0000000,2023-06-18 05:33:29.0000000
SRC_PRODUCT_CATEGORY_B001_000000552,PC00000552,P000364,CAT0029,Y,2023-12-14,NULL,2023-12-14 21:42:00.0000000,2023-12-14 21:42:00.0000000
SRC_PRODUCT_CATEGORY_B001_000000553,PC00000553,P000365,CAT0011,Y,2025-12-11,NULL,2025-12-11 22:37:18.0000000,2025-12-11 22:37:18.0000000
SRC_PRODUCT_CATEGORY_B001_000000554,PC00000554,P000365,CAT0021,N,2025-12-11,NULL,2025-12-11 22:37:18.0000000,2025-12-11 22:37:18.0000000
SRC_PRODUCT_CATEGORY_B001_000000555,PC00000555,P000366,CAT0009,Y,2024-03-22,NULL,2024-03-22 06:26:13.0000000,2024-03-22 06:26:13.0000000
SRC_PRODUCT_CATEGORY_B001_000000556,PC00000556,P000366,CAT0014,N,2024-03-22,NULL,2024-03-22 06:26:13.0000000,2024-03-22 06:26:13.0000000
SRC_PRODUCT_CATEGORY_B001_000000557,PC00000557,P000367,CAT0011,Y,2023-01-25,NULL,2023-01-25 08:10:30.0000000,2023-01-25 08:10:30.0000000
SRC_PRODUCT_CATEGORY_B001_000000558,PC00000558,P000368,CAT0024,Y,2023-11-06,NULL,2023-11-06 09:27:18.0000000,2023-11-06 09:27:18.0000000
SRC_PRODUCT_CATEGORY_B001_000000559,PC00000559,P000369,CAT0030,Y,2025-03-25,NULL,2025-03-25 22:36:45.0000000,2025-03-25 22:36:45.0000000
SRC_PRODUCT_CATEGORY_B001_000000560,PC00000560,P000370,CAT0026,Y,2025-07-04,NULL,2025-07-04 07:03:37.0000000,2025-07-04 07:03:37.0000000
SRC_PRODUCT_CATEGORY_B001_000000561,PC00000561,P000371,CAT0017,Y,2024-02-11,NULL,2024-02-11 08:51:52.0000000,2024-02-11 08:51:52.0000000
SRC_PRODUCT_CATEGORY_B001_000000562,PC00000562,P000371,CAT0021,N,2024-02-11,NULL,2024-02-11 08:51:52.0000000,2024-02-11 08:51:52.0000000
SRC_PRODUCT_CATEGORY_B001_000000563,PC00000563,P000372,CAT0021,Y,2026-02-28,NULL,2026-02-28 10:14:50.0000000,2026-02-28 10:14:50.0000000
SRC_PRODUCT_CATEGORY_B001_000000564,PC00000564,P000373,CAT0017,Y,2025-02-05,NULL,2025-02-05 21:05:37.0000000,2025-02-05 21:05:37.0000000
SRC_PRODUCT_CATEGORY_B001_000000565,PC00000565,P000373,CAT0030,N,2025-02-05,NULL,2025-02-05 21:05:37.0000000,2025-02-05 21:05:37.0000000
SRC_PRODUCT_CATEGORY_B001_000000566,PC00000566,P000373,CAT0018,N,2025-02-05,NULL,2025-02-05 21:05:37.0000000,2025-02-05 21:05:37.0000000
SRC_PRODUCT_CATEGORY_B001_000000567,PC00000567,P000374,CAT0025,Y,2023-12-06,NULL,2023-12-06 18:23:43.0000000,2023-12-06 18:23:43.0000000
SRC_PRODUCT_CATEGORY_B001_000000568,PC00000568,P000375,CAT0013,Y,2025-04-29,NULL,2025-04-29 11:50:50.0000000,2025-04-29 11:50:50.0000000
SRC_PRODUCT_CATEGORY_B001_000000569,PC00000569,P000376,CAT0019,Y,2024-04-02,NULL,2024-04-02 15:00:27.0000000,2024-04-02 15:00:27.0000000
SRC_PRODUCT_CATEGORY_B001_000000570,PC00000570,P000377,CAT0014,Y,2023-04-14,NULL,2023-04-14 03:46:54.0000000,2023-04-14 03:46:54.0000000
SRC_PRODUCT_CATEGORY_B001_000000571,PC00000571,P000378,CAT0021,Y,2023-10-20,NULL,2023-10-20 06:36:02.0000000,2023-10-20 06:36:02.0000000
SRC_PRODUCT_CATEGORY_B001_000000572,PC00000572,P000378,CAT0026,N,2023-10-20,NULL,2023-10-20 06:36:02.0000000,2023-10-20 06:36:02.0000000
SRC_PRODUCT_CATEGORY_B001_000000573,PC00000573,P000379,CAT0027,Y,2025-01-26,NULL,2025-01-26 09:05:29.0000000,2025-01-26 09:05:29.0000000
SRC_PRODUCT_CATEGORY_B001_000000574,PC00000574,P000380,CAT0010,Y,2024-09-11,NULL,2024-09-11 09:29:23.0000000,2024-09-11 09:29:23.0000000
SRC_PRODUCT_CATEGORY_B001_000000575,PC00000575,P000380,CAT0020,N,2024-09-11,NULL,2024-09-11 09:29:23.0000000,2024-09-11 09:29:23.0000000
SRC_PRODUCT_CATEGORY_B001_000000576,PC00000576,P000381,CAT0017,Y,2024-02-10,NULL,2024-02-10 01:06:38.0000000,2024-02-10 01:06:38.0000000
SRC_PRODUCT_CATEGORY_B001_000000577,PC00000577,P000382,CAT0023,Y,2024-07-24,NULL,2024-07-24 14:44:44.0000000,2024-07-24 14:44:44.0000000
SRC_PRODUCT_CATEGORY_B001_000000578,PC00000578,P000382,CAT0011,N,2024-07-24,NULL,2024-07-24 14:44:44.0000000,2024-07-24 14:44:44.0000000
SRC_PRODUCT_CATEGORY_B001_000000579,PC00000579,P000383,CAT0009,Y,2026-02-25,NULL,2026-02-25 00:40:23.0000000,2026-02-25 00:40:23.0000000
SRC_PRODUCT_CATEGORY_B001_000000580,PC00000580,P000384,CAT0007,Y,2025-08-14,NULL,2025-08-14 06:48:20.0000000,2025-08-14 06:48:20.0000000
SRC_PRODUCT_CATEGORY_B001_000000581,PC00000581,P000385,CAT0007,Y,2023-12-17,NULL,2023-12-17 11:53:14.0000000,2023-12-17 11:53:14.0000000
SRC_PRODUCT_CATEGORY_B001_000000582,PC00000582,P000386,CAT0017,Y,2025-06-22,NULL,2025-06-22 02:54:54.0000000,2025-06-22 02:54:54.0000000
SRC_PRODUCT_CATEGORY_B001_000000583,PC00000583,P000387,CAT0017,Y,2024-01-06,NULL,2024-01-06 14:09:12.0000000,2024-01-06 14:09:12.0000000
SRC_PRODUCT_CATEGORY_B001_000000584,PC00000584,P000388,CAT0007,Y,2024-06-08,NULL,2024-06-08 08:15:34.0000000,2024-06-08 08:15:34.0000000
SRC_PRODUCT_CATEGORY_B001_000000585,PC00000585,P000389,CAT0019,Y,2026-07-27,NULL,2026-07-27 02:04:06.0000000,2026-07-27 02:04:06.0000000
SRC_PRODUCT_CATEGORY_B001_000000586,PC00000586,P000389,CAT0015,N,2026-07-27,NULL,2026-07-27 02:04:06.0000000,2026-07-27 02:04:06.0000000
SRC_PRODUCT_CATEGORY_B001_000000587,PC00000587,P000390,CAT0030,Y,2023-03-13,NULL,2023-03-13 03:02:43.0000000,2023-03-13 03:02:43.0000000
SRC_PRODUCT_CATEGORY_B001_000000588,PC00000588,P000390,CAT0012,N,2023-03-13,NULL,2023-03-13 03:02:43.0000000,2023-03-13 03:02:43.0000000
SRC_PRODUCT_CATEGORY_B001_000000589,PC00000589,P000391,CAT0026,Y,2024-11-18,NULL,2024-11-18 17:37:28.0000000,2024-11-18 17:37:28.0000000
SRC_PRODUCT_CATEGORY_B001_000000590,PC00000590,P000391,CAT0030,N,2024-11-18,NULL,2024-11-18 17:37:28.0000000,2024-11-18 17:37:28.0000000
SRC_PRODUCT_CATEGORY_B001_000000591,PC00000591,P000392,CAT0020,Y,2026-03-17,NULL,2026-03-17 00:15:35.0000000,2026-03-17 00:15:35.0000000
SRC_PRODUCT_CATEGORY_B001_000000592,PC00000592,P000393,CAT0016,Y,2024-07-23,NULL,2024-07-23 16:40:45.0000000,2024-07-23 16:40:45.0000000
SRC_PRODUCT_CATEGORY_B001_000000593,PC00000593,P000393,CAT0018,N,2024-07-23,NULL,2024-07-23 16:40:45.0000000,2024-07-23 16:40:45.0000000
SRC_PRODUCT_CATEGORY_B001_000000594,PC00000594,P000393,CAT0017,N,2024-07-23,NULL,2024-07-23 16:40:45.0000000,2024-07-23 16:40:45.0000000
SRC_PRODUCT_CATEGORY_B001_000000595,PC00000595,P000394,CAT0009,Y,2026-05-09,NULL,2026-05-09 11:39:06.0000000,2026-05-09 11:39:06.0000000
SRC_PRODUCT_CATEGORY_B001_000000596,PC00000596,P000394,CAT0028,N,2026-05-09,NULL,2026-05-09 11:39:06.0000000,2026-05-09 11:39:06.0000000
SRC_PRODUCT_CATEGORY_B001_000000597,PC00000597,P000395,CAT0012,Y,2024-10-15,NULL,2024-10-15 20:32:03.0000000,2024-10-15 20:32:03.0000000
SRC_PRODUCT_CATEGORY_B001_000000598,PC00000598,P000396,CAT0020,Y,2023-12-30,NULL,2023-12-30 16:24:02.0000000,2023-12-30 16:24:02.0000000
SRC_PRODUCT_CATEGORY_B001_000000599,PC00000599,P000397,CAT0021,Y,2025-03-03,NULL,2025-03-03 06:39:13.0000000,2025-03-03 06:39:13.0000000
SRC_PRODUCT_CATEGORY_B001_000000600,PC00000600,P000397,CAT0019,N,2025-03-03,NULL,2025-03-03 06:39:13.0000000,2025-03-03 06:39:13.0000000
SRC_PRODUCT_CATEGORY_B001_000000601,PC00000601,P000397,CAT0012,N,2025-03-03,NULL,2025-03-03 06:39:13.0000000,2025-03-03 06:39:13.0000000
SRC_PRODUCT_CATEGORY_B001_000000602,PC00000602,P000398,CAT0008,Y,2025-01-31,NULL,2025-01-31 21:53:30.0000000,2025-01-31 21:53:30.0000000
SRC_PRODUCT_CATEGORY_B001_000000603,PC00000603,P000399,CAT0020,Y,2026-04-23,NULL,2026-04-23 10:18:26.0000000,2026-04-23 10:18:26.0000000
SRC_PRODUCT_CATEGORY_B001_000000604,PC00000604,P000399,CAT0015,N,2026-04-23,NULL,2026-04-23 10:18:26.0000000,2026-04-23 10:18:26.0000000
SRC_PRODUCT_CATEGORY_B001_000000605,PC00000605,P000400,CAT0021,Y,2024-01-31,NULL,2024-01-31 21:25:28.0000000,2024-01-31 21:25:28.0000000
SRC_PRODUCT_CATEGORY_B001_000000606,PC00000606,P000400,CAT0026,N,2024-01-31,NULL,2024-01-31 21:25:28.0000000,2024-01-31 21:25:28.0000000
SRC_PRODUCT_CATEGORY_B001_000000607,PC00000607,P000401,CAT0022,Y,2023-04-25,NULL,2023-04-25 22:40:39.0000000,2023-04-25 22:40:39.0000000
SRC_PRODUCT_CATEGORY_B001_000000608,PC00000608,P000402,CAT0008,Y,2024-08-19,NULL,2024-08-19 16:33:05.0000000,2024-08-19 16:33:05.0000000
SRC_PRODUCT_CATEGORY_B001_000000609,PC00000609,P000403,CAT0014,Y,2025-10-02,NULL,2025-10-02 06:53:48.0000000,2025-10-02 06:53:48.0000000
SRC_PRODUCT_CATEGORY_B001_000000610,PC00000610,P000404,CAT0007,Y,2026-02-13,NULL,2026-02-13 21:10:12.0000000,2026-02-13 21:10:12.0000000
SRC_PRODUCT_CATEGORY_B001_000000611,PC00000611,P000405,CAT0012,Y,2024-01-18,NULL,2024-01-18 17:10:26.0000000,2024-01-18 17:10:26.0000000
SRC_PRODUCT_CATEGORY_B001_000000612,PC00000612,P000405,CAT0017,N,2024-01-18,NULL,2024-01-18 17:10:26.0000000,2024-01-18 17:10:26.0000000
SRC_PRODUCT_CATEGORY_B001_000000613,PC00000613,P000406,CAT0009,Y,2024-05-09,NULL,2024-05-09 22:51:43.0000000,2024-05-09 22:51:43.0000000
SRC_PRODUCT_CATEGORY_B001_000000614,PC00000614,P000406,CAT0023,N,2024-05-09,NULL,2024-05-09 22:51:43.0000000,2024-05-09 22:51:43.0000000
SRC_PRODUCT_CATEGORY_B001_000000615,PC00000615,P000407,CAT0027,Y,2025-08-23,NULL,2025-08-23 02:17:09.0000000,2025-08-23 02:17:09.0000000
SRC_PRODUCT_CATEGORY_B001_000000616,PC00000616,P000407,CAT0008,N,2025-08-23,NULL,2025-08-23 02:17:09.0000000,2025-08-23 02:17:09.0000000
SRC_PRODUCT_CATEGORY_B001_000000617,PC00000617,P000408,CAT0022,Y,2024-09-03,NULL,2024-09-03 00:31:11.0000000,2024-09-03 00:31:11.0000000
SRC_PRODUCT_CATEGORY_B001_000000618,PC00000618,P000408,CAT0016,N,2024-09-03,NULL,2024-09-03 00:31:11.0000000,2024-09-03 00:31:11.0000000
SRC_PRODUCT_CATEGORY_B001_000000619,PC00000619,P000409,CAT0025,Y,2024-11-16,NULL,2024-11-16 00:59:08.0000000,2024-11-16 00:59:08.0000000
SRC_PRODUCT_CATEGORY_B001_000000620,PC00000620,P000410,CAT0027,Y,2025-07-22,NULL,2025-07-22 16:58:35.0000000,2025-07-22 16:58:35.0000000
SRC_PRODUCT_CATEGORY_B001_000000621,PC00000621,P000411,CAT0014,Y,2024-02-20,NULL,2024-02-20 08:38:36.0000000,2024-02-20 08:38:36.0000000
SRC_PRODUCT_CATEGORY_B001_000000622,PC00000622,P000411,CAT0024,N,2024-02-20,NULL,2024-02-20 08:38:36.0000000,2024-02-20 08:38:36.0000000
SRC_PRODUCT_CATEGORY_B001_000000623,PC00000623,P000412,CAT0027,Y,2026-01-22,NULL,2026-01-22 06:31:41.0000000,2026-01-22 06:31:41.0000000
SRC_PRODUCT_CATEGORY_B001_000000624,PC00000624,P000413,CAT0022,Y,2023-06-21,NULL,2023-06-21 18:00:54.0000000,2023-06-21 18:00:54.0000000
SRC_PRODUCT_CATEGORY_B001_000000625,PC00000625,P000414,CAT0027,Y,2024-01-03,NULL,2024-01-03 23:13:09.0000000,2024-01-03 23:13:09.0000000
SRC_PRODUCT_CATEGORY_B001_000000626,PC00000626,P000414,CAT0023,N,2024-01-03,NULL,2024-01-03 23:13:09.0000000,2024-01-03 23:13:09.0000000
SRC_PRODUCT_CATEGORY_B001_000000627,PC00000627,P000414,CAT0007,N,2024-01-03,NULL,2024-01-03 23:13:09.0000000,2024-01-03 23:13:09.0000000
SRC_PRODUCT_CATEGORY_B001_000000628,PC00000628,P000415,CAT0013,Y,2026-04-20,NULL,2026-04-20 18:19:31.0000000,2026-04-20 18:19:31.0000000
SRC_PRODUCT_CATEGORY_B001_000000629,PC00000629,P000416,CAT0025,Y,2023-07-01,NULL,2023-07-01 00:07:49.0000000,2023-07-01 00:07:49.0000000
SRC_PRODUCT_CATEGORY_B001_000000630,PC00000630,P000417,CAT0026,Y,2026-07-21,NULL,2026-07-21 12:40:46.0000000,2026-07-21 12:40:46.0000000
SRC_PRODUCT_CATEGORY_B001_000000631,PC00000631,P000417,CAT0028,N,2026-07-21,NULL,2026-07-21 12:40:46.0000000,2026-07-21 12:40:46.0000000
SRC_PRODUCT_CATEGORY_B001_000000632,PC00000632,P000418,CAT0025,Y,2024-03-16,NULL,2024-03-16 00:40:40.0000000,2024-03-16 00:40:40.0000000
SRC_PRODUCT_CATEGORY_B001_000000633,PC00000633,P000419,CAT0020,Y,2023-10-04,NULL,2023-10-04 14:53:33.0000000,2023-10-04 14:53:33.0000000
SRC_PRODUCT_CATEGORY_B001_000000634,PC00000634,P000419,CAT0027,N,2023-10-04,NULL,2023-10-04 14:53:33.0000000,2023-10-04 14:53:33.0000000
SRC_PRODUCT_CATEGORY_B001_000000635,PC00000635,P000420,CAT0013,Y,2026-02-26,NULL,2026-02-26 14:56:52.0000000,2026-02-26 14:56:52.0000000
SRC_PRODUCT_CATEGORY_B001_000000636,PC00000636,P000421,CAT0007,Y,2025-07-02,NULL,2025-07-02 17:14:05.0000000,2025-07-02 17:14:05.0000000
SRC_PRODUCT_CATEGORY_B001_000000637,PC00000637,P000422,CAT0007,Y,2024-09-17,NULL,2024-09-17 03:26:09.0000000,2024-09-17 03:26:09.0000000
SRC_PRODUCT_CATEGORY_B001_000000638,PC00000638,P000422,CAT0027,N,2024-09-17,NULL,2024-09-17 03:26:09.0000000,2024-09-17 03:26:09.0000000
SRC_PRODUCT_CATEGORY_B001_000000639,PC00000639,P000423,CAT0013,Y,2025-06-11,NULL,2025-06-11 15:13:15.0000000,2025-06-11 15:13:15.0000000
SRC_PRODUCT_CATEGORY_B001_000000640,PC00000640,P000423,CAT0020,N,2025-06-11,NULL,2025-06-11 15:13:15.0000000,2025-06-11 15:13:15.0000000
SRC_PRODUCT_CATEGORY_B001_000000641,PC00000641,P000424,CAT0027,Y,2024-11-08,NULL,2024-11-08 09:02:30.0000000,2024-11-08 09:02:30.0000000
SRC_PRODUCT_CATEGORY_B001_000000642,PC00000642,P000425,CAT0027,Y,2025-04-26,NULL,2025-04-26 14:21:52.0000000,2025-04-26 14:21:52.0000000
SRC_PRODUCT_CATEGORY_B001_000000643,PC00000643,P000426,CAT0010,Y,2026-01-29,NULL,2026-01-29 11:51:35.0000000,2026-01-29 11:51:35.0000000
SRC_PRODUCT_CATEGORY_B001_000000644,PC00000644,P000427,CAT0026,Y,2023-07-02,NULL,2023-07-02 07:12:49.0000000,2023-07-02 07:12:49.0000000
SRC_PRODUCT_CATEGORY_B001_000000645,PC00000645,P000427,CAT0021,N,2023-07-02,NULL,2023-07-02 07:12:49.0000000,2023-07-02 07:12:49.0000000
SRC_PRODUCT_CATEGORY_B001_000000646,PC00000646,P000428,CAT0028,Y,2025-04-09,NULL,2025-04-09 20:48:11.0000000,2025-04-09 20:48:11.0000000
SRC_PRODUCT_CATEGORY_B001_000000647,PC00000647,P000429,CAT0008,Y,2024-11-15,NULL,2024-11-15 23:16:55.0000000,2024-11-15 23:16:55.0000000
SRC_PRODUCT_CATEGORY_B001_000000648,PC00000648,P000430,CAT0020,Y,2025-09-24,NULL,2025-09-24 12:06:15.0000000,2025-09-24 12:06:15.0000000
SRC_PRODUCT_CATEGORY_B001_000000649,PC00000649,P000431,CAT0017,Y,2023-10-25,NULL,2023-10-25 16:04:55.0000000,2023-10-25 16:04:55.0000000
SRC_PRODUCT_CATEGORY_B001_000000650,PC00000650,P000431,CAT0018,N,2023-10-25,NULL,2023-10-25 16:04:55.0000000,2023-10-25 16:04:55.0000000
SRC_PRODUCT_CATEGORY_B001_000000651,PC00000651,P000431,CAT0009,N,2023-10-25,NULL,2023-10-25 16:04:55.0000000,2023-10-25 16:04:55.0000000
SRC_PRODUCT_CATEGORY_B001_000000652,PC00000652,P000432,CAT0027,Y,2023-08-09,NULL,2023-08-09 11:20:30.0000000,2023-08-09 11:20:30.0000000
SRC_PRODUCT_CATEGORY_B001_000000653,PC00000653,P000432,CAT0029,N,2023-08-09,NULL,2023-08-09 11:20:30.0000000,2023-08-09 11:20:30.0000000
SRC_PRODUCT_CATEGORY_B001_000000654,PC00000654,P000433,CAT0009,Y,2026-07-02,NULL,2026-07-02 04:56:47.0000000,2026-07-02 04:56:47.0000000
SRC_PRODUCT_CATEGORY_B001_000000655,PC00000655,P000434,CAT0011,Y,2025-07-06,NULL,2025-07-06 18:32:43.0000000,2025-07-06 18:32:43.0000000
SRC_PRODUCT_CATEGORY_B001_000000656,PC00000656,P000435,CAT0015,Y,2025-01-28,NULL,2025-01-28 20:53:08.0000000,2025-01-28 20:53:08.0000000
SRC_PRODUCT_CATEGORY_B001_000000657,PC00000657,P000435,CAT0030,N,2025-01-28,NULL,2025-01-28 20:53:08.0000000,2025-01-28 20:53:08.0000000
SRC_PRODUCT_CATEGORY_B001_000000658,PC00000658,P000436,CAT0028,Y,2023-03-06,NULL,2023-03-06 00:15:46.0000000,2023-03-06 00:15:46.0000000
SRC_PRODUCT_CATEGORY_B001_000000659,PC00000659,P000437,CAT0026,Y,2024-09-29,NULL,2024-09-29 21:58:19.0000000,2024-09-29 21:58:19.0000000
SRC_PRODUCT_CATEGORY_B001_000000660,PC00000660,P000437,CAT0010,N,2024-09-29,NULL,2024-09-29 21:58:19.0000000,2024-09-29 21:58:19.0000000
SRC_PRODUCT_CATEGORY_B001_000000661,PC00000661,P000437,CAT0023,N,2024-09-29,NULL,2024-09-29 21:58:19.0000000,2024-09-29 21:58:19.0000000
SRC_PRODUCT_CATEGORY_B001_000000662,PC00000662,P000438,CAT0030,Y,2023-12-05,NULL,2023-12-05 12:43:19.0000000,2023-12-05 12:43:19.0000000
SRC_PRODUCT_CATEGORY_B001_000000663,PC00000663,P000439,CAT0007,Y,2025-02-18,NULL,2025-02-18 12:02:12.0000000,2025-02-18 12:02:12.0000000
SRC_PRODUCT_CATEGORY_B001_000000664,PC00000664,P000440,CAT0017,Y,2023-03-16,NULL,2023-03-16 18:35:54.0000000,2023-03-16 18:35:54.0000000
SRC_PRODUCT_CATEGORY_B001_000000665,PC00000665,P000441,CAT0027,Y,2024-05-29,NULL,2024-05-29 13:55:55.0000000,2024-05-29 13:55:55.0000000
SRC_PRODUCT_CATEGORY_B001_000000666,PC00000666,P000442,CAT0025,Y,2026-06-28,NULL,2026-06-28 07:14:17.0000000,2026-06-28 07:14:17.0000000
SRC_PRODUCT_CATEGORY_B001_000000667,PC00000667,P000443,CAT0010,Y,2025-05-07,NULL,2025-05-07 21:23:48.0000000,2025-05-07 21:23:48.0000000
SRC_PRODUCT_CATEGORY_B001_000000668,PC00000668,P000444,CAT0021,Y,2025-02-04,NULL,2025-02-04 10:21:09.0000000,2025-02-04 10:21:09.0000000
SRC_PRODUCT_CATEGORY_B001_000000669,PC00000669,P000445,CAT0021,Y,2023-02-28,NULL,2023-02-28 23:51:00.0000000,2023-02-28 23:51:00.0000000
SRC_PRODUCT_CATEGORY_B001_000000670,PC00000670,P000446,CAT0016,Y,2023-08-11,NULL,2023-08-11 06:50:07.0000000,2023-08-11 06:50:07.0000000
SRC_PRODUCT_CATEGORY_B001_000000671,PC00000671,P000446,CAT0020,N,2023-08-11,NULL,2023-08-11 06:50:07.0000000,2023-08-11 06:50:07.0000000
SRC_PRODUCT_CATEGORY_B001_000000672,PC00000672,P000447,CAT0009,Y,2024-01-27,NULL,2024-01-27 08:17:55.0000000,2024-01-27 08:17:55.0000000
SRC_PRODUCT_CATEGORY_B001_000000673,PC00000673,P000448,CAT0021,Y,2024-11-30,NULL,2024-11-30 22:44:45.0000000,2024-11-30 22:44:45.0000000
SRC_PRODUCT_CATEGORY_B001_000000674,PC00000674,P000449,CAT0011,Y,2025-07-19,NULL,2025-07-19 14:37:00.0000000,2025-07-19 14:37:00.0000000
SRC_PRODUCT_CATEGORY_B001_000000675,PC00000675,P000450,CAT0016,Y,2025-04-29,NULL,2025-04-29 13:35:55.0000000,2025-04-29 13:35:55.0000000
SRC_PRODUCT_CATEGORY_B001_000000676,PC00000676,P000451,CAT0018,Y,2025-06-02,NULL,2025-06-02 20:26:40.0000000,2025-06-02 20:26:40.0000000
SRC_PRODUCT_CATEGORY_B001_000000677,PC00000677,P000451,CAT0027,N,2025-06-02,NULL,2025-06-02 20:26:40.0000000,2025-06-02 20:26:40.0000000
SRC_PRODUCT_CATEGORY_B001_000000678,PC00000678,P000452,CAT0012,Y,2023-09-21,NULL,2023-09-21 04:49:18.0000000,2023-09-21 04:49:18.0000000
SRC_PRODUCT_CATEGORY_B001_000000679,PC00000679,P000453,CAT0010,Y,2023-04-29,NULL,2023-04-29 21:33:39.0000000,2023-04-29 21:33:39.0000000
SRC_PRODUCT_CATEGORY_B001_000000680,PC00000680,P000453,CAT0009,N,2023-04-29,NULL,2023-04-29 21:33:39.0000000,2023-04-29 21:33:39.0000000
SRC_PRODUCT_CATEGORY_B001_000000681,PC00000681,P000454,CAT0018,Y,2025-04-28,NULL,2025-04-28 16:36:32.0000000,2025-04-28 16:36:32.0000000
SRC_PRODUCT_CATEGORY_B001_000000682,PC00000682,P000455,CAT0018,Y,2026-03-28,NULL,2026-03-28 07:53:34.0000000,2026-03-28 07:53:34.0000000
SRC_PRODUCT_CATEGORY_B001_000000683,PC00000683,P000456,CAT0018,Y,2025-04-23,NULL,2025-04-23 17:02:04.0000000,2025-04-23 17:02:04.0000000
SRC_PRODUCT_CATEGORY_B001_000000684,PC00000684,P000457,CAT0015,Y,2026-02-08,NULL,2026-02-08 01:00:07.0000000,2026-02-08 01:00:07.0000000
SRC_PRODUCT_CATEGORY_B001_000000685,PC00000685,P000458,CAT0029,Y,2024-07-08,NULL,2024-07-08 02:14:53.0000000,2024-07-08 02:14:53.0000000
SRC_PRODUCT_CATEGORY_B001_000000686,PC00000686,P000459,CAT0020,Y,2026-01-16,NULL,2026-01-16 22:40:34.0000000,2026-01-16 22:40:34.0000000
SRC_PRODUCT_CATEGORY_B001_000000687,PC00000687,P000459,CAT0023,N,2026-01-16,NULL,2026-01-16 22:40:34.0000000,2026-01-16 22:40:34.0000000
SRC_PRODUCT_CATEGORY_B001_000000688,PC00000688,P000459,CAT0029,N,2026-01-16,NULL,2026-01-16 22:40:34.0000000,2026-01-16 22:40:34.0000000
SRC_PRODUCT_CATEGORY_B001_000000689,PC00000689,P000460,CAT0011,Y,2025-07-14,NULL,2025-07-14 17:15:42.0000000,2025-07-14 17:15:42.0000000
SRC_PRODUCT_CATEGORY_B001_000000690,PC00000690,P000460,CAT0015,N,2025-07-14,NULL,2025-07-14 17:15:42.0000000,2025-07-14 17:15:42.0000000
SRC_PRODUCT_CATEGORY_B001_000000691,PC00000691,P000461,CAT0010,Y,2023-04-19,NULL,2023-04-19 07:05:54.0000000,2023-04-19 07:05:54.0000000
SRC_PRODUCT_CATEGORY_B001_000000692,PC00000692,P000461,CAT0030,N,2023-04-19,NULL,2023-04-19 07:05:54.0000000,2023-04-19 07:05:54.0000000
SRC_PRODUCT_CATEGORY_B001_000000693,PC00000693,P000461,CAT0027,N,2023-04-19,NULL,2023-04-19 07:05:54.0000000,2023-04-19 07:05:54.0000000
SRC_PRODUCT_CATEGORY_B001_000000694,PC00000694,P000462,CAT0015,Y,2025-05-19,NULL,2025-05-19 12:42:14.0000000,2025-05-19 12:42:14.0000000
SRC_PRODUCT_CATEGORY_B001_000000695,PC00000695,P000463,CAT0022,Y,2025-02-16,NULL,2025-02-16 23:34:42.0000000,2025-02-16 23:34:42.0000000
SRC_PRODUCT_CATEGORY_B001_000000696,PC00000696,P000464,CAT0008,Y,2026-01-24,NULL,2026-01-24 20:19:33.0000000,2026-01-24 20:19:33.0000000
SRC_PRODUCT_CATEGORY_B001_000000697,PC00000697,P000465,CAT0008,Y,2024-05-04,NULL,2024-05-04 07:32:21.0000000,2024-05-04 07:32:21.0000000
SRC_PRODUCT_CATEGORY_B001_000000698,PC00000698,P000465,CAT0026,N,2024-05-04,NULL,2024-05-04 07:32:21.0000000,2024-05-04 07:32:21.0000000
SRC_PRODUCT_CATEGORY_B001_000000699,PC00000699,P000466,CAT0023,Y,2023-09-03,NULL,2023-09-03 19:23:18.0000000,2023-09-03 19:23:18.0000000
SRC_PRODUCT_CATEGORY_B001_000000700,PC00000700,P000467,CAT0021,Y,2025-10-17,NULL,2025-10-17 08:39:40.0000000,2025-10-17 08:39:40.0000000
SRC_PRODUCT_CATEGORY_B001_000000701,PC00000701,P000467,CAT0019,N,2025-10-17,NULL,2025-10-17 08:39:40.0000000,2025-10-17 08:39:40.0000000
SRC_PRODUCT_CATEGORY_B001_000000702,PC00000702,P000468,CAT0023,Y,2026-04-23,NULL,2026-04-23 07:47:03.0000000,2026-04-23 07:47:03.0000000
SRC_PRODUCT_CATEGORY_B001_000000703,PC00000703,P000469,CAT0024,Y,2024-09-30,NULL,2024-09-30 17:39:32.0000000,2024-09-30 17:39:32.0000000
SRC_PRODUCT_CATEGORY_B001_000000704,PC00000704,P000469,CAT0023,N,2024-09-30,NULL,2024-09-30 17:39:32.0000000,2024-09-30 17:39:32.0000000
SRC_PRODUCT_CATEGORY_B001_000000705,PC00000705,P000470,CAT0026,Y,2025-06-15,NULL,2025-06-15 16:38:12.0000000,2025-06-15 16:38:12.0000000
SRC_PRODUCT_CATEGORY_B001_000000706,PC00000706,P000470,CAT0029,N,2025-06-15,NULL,2025-06-15 16:38:12.0000000,2025-06-15 16:38:12.0000000
SRC_PRODUCT_CATEGORY_B001_000000707,PC00000707,P000471,CAT0008,Y,2026-04-13,NULL,2026-04-13 20:19:17.0000000,2026-04-13 20:19:17.0000000
SRC_PRODUCT_CATEGORY_B001_000000708,PC00000708,P000471,CAT0026,N,2026-04-13,NULL,2026-04-13 20:19:17.0000000,2026-04-13 20:19:17.0000000
SRC_PRODUCT_CATEGORY_B001_000000709,PC00000709,P000472,CAT0011,Y,2025-02-12,NULL,2025-02-12 02:10:50.0000000,2025-02-12 02:10:50.0000000
SRC_PRODUCT_CATEGORY_B001_000000710,PC00000710,P000472,CAT0019,N,2025-02-12,NULL,2025-02-12 02:10:50.0000000,2025-02-12 02:10:50.0000000
SRC_PRODUCT_CATEGORY_B001_000000711,PC00000711,P000473,CAT0019,Y,2024-12-04,NULL,2024-12-04 03:40:36.0000000,2024-12-04 03:40:36.0000000
SRC_PRODUCT_CATEGORY_B001_000000712,PC00000712,P000474,CAT0018,Y,2025-02-06,NULL,2025-02-06 14:07:52.0000000,2025-02-06 14:07:52.0000000
SRC_PRODUCT_CATEGORY_B001_000000713,PC00000713,P000475,CAT0025,Y,2024-10-12,NULL,2024-10-12 01:07:27.0000000,2024-10-12 01:07:27.0000000
SRC_PRODUCT_CATEGORY_B001_000000714,PC00000714,P000476,CAT0028,Y,2023-02-06,NULL,2023-02-06 15:44:12.0000000,2023-02-06 15:44:12.0000000
SRC_PRODUCT_CATEGORY_B001_000000715,PC00000715,P000476,CAT0013,N,2023-02-06,NULL,2023-02-06 15:44:12.0000000,2023-02-06 15:44:12.0000000
SRC_PRODUCT_CATEGORY_B001_000000716,PC00000716,P000477,CAT0008,Y,2024-08-17,NULL,2024-08-17 11:58:07.0000000,2024-08-17 11:58:07.0000000
SRC_PRODUCT_CATEGORY_B001_000000717,PC00000717,P000477,CAT0011,N,2024-08-17,NULL,2024-08-17 11:58:07.0000000,2024-08-17 11:58:07.0000000
SRC_PRODUCT_CATEGORY_B001_000000718,PC00000718,P000478,CAT0029,Y,2025-02-21,NULL,2025-02-21 01:32:32.0000000,2025-02-21 01:32:32.0000000
SRC_PRODUCT_CATEGORY_B001_000000719,PC00000719,P000479,CAT0020,Y,2025-03-19,NULL,2025-03-19 11:07:46.0000000,2025-03-19 11:07:46.0000000
SRC_PRODUCT_CATEGORY_B001_000000720,PC00000720,P000479,CAT0008,N,2025-03-19,NULL,2025-03-19 11:07:46.0000000,2025-03-19 11:07:46.0000000
SRC_PRODUCT_CATEGORY_B001_000000721,PC00000721,P000480,CAT0023,Y,2026-04-07,NULL,2026-04-07 12:55:50.0000000,2026-04-07 12:55:50.0000000
SRC_PRODUCT_CATEGORY_B001_000000722,PC00000722,P000480,CAT0019,N,2026-04-07,NULL,2026-04-07 12:55:50.0000000,2026-04-07 12:55:50.0000000
SRC_PRODUCT_CATEGORY_B001_000000723,PC00000723,P000481,CAT0014,Y,2023-07-03,NULL,2023-07-03 11:58:29.0000000,2023-07-03 11:58:29.0000000
SRC_PRODUCT_CATEGORY_B001_000000724,PC00000724,P000482,CAT0016,Y,2025-07-13,NULL,2025-07-13 18:19:44.0000000,2025-07-13 18:19:44.0000000
SRC_PRODUCT_CATEGORY_B001_000000725,PC00000725,P000483,CAT0019,Y,2023-10-12,NULL,2023-10-12 18:30:21.0000000,2023-10-12 18:30:21.0000000
SRC_PRODUCT_CATEGORY_B001_000000726,PC00000726,P000483,CAT0012,N,2023-10-12,NULL,2023-10-12 18:30:21.0000000,2023-10-12 18:30:21.0000000
SRC_PRODUCT_CATEGORY_B001_000000727,PC00000727,P000484,CAT0011,Y,2023-11-02,NULL,2023-11-02 00:25:04.0000000,2023-11-02 00:25:04.0000000
SRC_PRODUCT_CATEGORY_B001_000000728,PC00000728,P000485,CAT0019,Y,2026-01-13,NULL,2026-01-13 02:04:09.0000000,2026-01-13 02:04:09.0000000
SRC_PRODUCT_CATEGORY_B001_000000729,PC00000729,P000486,CAT0025,Y,2025-07-23,NULL,2025-07-23 18:02:15.0000000,2025-07-23 18:02:15.0000000
SRC_PRODUCT_CATEGORY_B001_000000730,PC00000730,P000487,CAT0021,Y,2023-04-18,NULL,2023-04-18 10:37:05.0000000,2023-04-18 10:37:05.0000000
SRC_PRODUCT_CATEGORY_B001_000000731,PC00000731,P000488,CAT0029,Y,2025-01-27,NULL,2025-01-27 12:33:48.0000000,2025-01-27 12:33:48.0000000
SRC_PRODUCT_CATEGORY_B001_000000732,PC00000732,P000488,CAT0018,N,2025-01-27,NULL,2025-01-27 12:33:48.0000000,2025-01-27 12:33:48.0000000
SRC_PRODUCT_CATEGORY_B001_000000733,PC00000733,P000489,CAT0010,Y,2026-02-04,NULL,2026-02-04 14:14:46.0000000,2026-02-04 14:14:46.0000000
SRC_PRODUCT_CATEGORY_B001_000000734,PC00000734,P000489,CAT0030,N,2026-02-04,NULL,2026-02-04 14:14:46.0000000,2026-02-04 14:14:46.0000000
SRC_PRODUCT_CATEGORY_B001_000000735,PC00000735,P000489,CAT0029,N,2026-02-04,NULL,2026-02-04 14:14:46.0000000,2026-02-04 14:14:46.0000000
SRC_PRODUCT_CATEGORY_B001_000000736,PC00000736,P000490,CAT0028,Y,2023-09-17,NULL,2023-09-17 02:40:18.0000000,2023-09-17 02:40:18.0000000
SRC_PRODUCT_CATEGORY_B001_000000737,PC00000737,P000490,CAT0021,N,2023-09-17,NULL,2023-09-17 02:40:18.0000000,2023-09-17 02:40:18.0000000
SRC_PRODUCT_CATEGORY_B001_000000738,PC00000738,P000491,CAT0011,Y,2023-03-24,NULL,2023-03-24 07:01:42.0000000,2023-03-24 07:01:42.0000000
SRC_PRODUCT_CATEGORY_B001_000000739,PC00000739,P000491,CAT0016,N,2023-03-24,NULL,2023-03-24 07:01:42.0000000,2023-03-24 07:01:42.0000000
SRC_PRODUCT_CATEGORY_B001_000000740,PC00000740,P000492,CAT0027,Y,2024-08-09,NULL,2024-08-09 07:50:06.0000000,2024-08-09 07:50:06.0000000
SRC_PRODUCT_CATEGORY_B001_000000741,PC00000741,P000493,CAT0014,Y,2026-05-04,NULL,2026-05-04 16:46:43.0000000,2026-05-04 16:46:43.0000000
SRC_PRODUCT_CATEGORY_B001_000000742,PC00000742,P000493,CAT0027,N,2026-05-04,NULL,2026-05-04 16:46:43.0000000,2026-05-04 16:46:43.0000000
SRC_PRODUCT_CATEGORY_B001_000000743,PC00000743,P000494,CAT0028,Y,2025-01-28,NULL,2025-01-28 04:13:18.0000000,2025-01-28 04:13:18.0000000
SRC_PRODUCT_CATEGORY_B001_000000744,PC00000744,P000494,CAT0017,N,2025-01-28,NULL,2025-01-28 04:13:18.0000000,2025-01-28 04:13:18.0000000
SRC_PRODUCT_CATEGORY_B001_000000745,PC00000745,P000495,CAT0017,Y,2024-02-05,NULL,2024-02-05 16:23:36.0000000,2024-02-05 16:23:36.0000000
SRC_PRODUCT_CATEGORY_B001_000000746,PC00000746,P000495,CAT0025,N,2024-02-05,NULL,2024-02-05 16:23:36.0000000,2024-02-05 16:23:36.0000000
SRC_PRODUCT_CATEGORY_B001_000000747,PC00000747,P000495,CAT0028,N,2024-02-05,NULL,2024-02-05 16:23:36.0000000,2024-02-05 16:23:36.0000000
SRC_PRODUCT_CATEGORY_B001_000000748,PC00000748,P000496,CAT0012,Y,2023-12-12,NULL,2023-12-12 16:50:39.0000000,2023-12-12 16:50:39.0000000
SRC_PRODUCT_CATEGORY_B001_000000749,PC00000749,P000497,CAT0018,Y,2024-06-12,NULL,2024-06-12 02:13:34.0000000,2024-06-12 02:13:34.0000000
SRC_PRODUCT_CATEGORY_B001_000000750,PC00000750,P000498,CAT0020,Y,2023-05-25,NULL,2023-05-25 04:24:23.0000000,2023-05-25 04:24:23.0000000
SRC_PRODUCT_CATEGORY_B001_000000751,PC00000751,P000498,CAT0008,N,2023-05-25,NULL,2023-05-25 04:24:23.0000000,2023-05-25 04:24:23.0000000
SRC_PRODUCT_CATEGORY_B001_000000752,PC00000752,P000498,CAT0019,N,2023-05-25,NULL,2023-05-25 04:24:23.0000000,2023-05-25 04:24:23.0000000
SRC_PRODUCT_CATEGORY_B001_000000753,PC00000753,P000499,CAT0010,Y,2023-12-17,NULL,2023-12-17 03:11:58.0000000,2023-12-17 03:11:58.0000000
SRC_PRODUCT_CATEGORY_B001_000000754,PC00000754,P000499,CAT0011,N,2023-12-17,NULL,2023-12-17 03:11:58.0000000,2023-12-17 03:11:58.0000000
SRC_PRODUCT_CATEGORY_B001_000000755,PC00000755,P000499,CAT0026,N,2023-12-17,NULL,2023-12-17 03:11:58.0000000,2023-12-17 03:11:58.0000000
SRC_PRODUCT_CATEGORY_B001_000000756,PC00000756,P000500,CAT0023,Y,2023-11-08,NULL,2023-11-08 05:50:37.0000000,2023-11-08 05:50:37.0000000
SRC_PRODUCT_CATEGORY_B001_000000757,PC00000757,P000500,CAT0025,N,2023-11-08,NULL,2023-11-08 05:50:37.0000000,2023-11-08 05:50:37.0000000
SRC_PRODUCT_CATEGORY_B001_000000758,PC00000758,P000500,CAT0027,N,2023-11-08,NULL,2023-11-08 05:50:37.0000000,2023-11-08 05:50:37.0000000
DEF_PC_ORPHAN_PRODUCT_B001_001,PC_BAD_B001_001,P_DOES_NOT_EXIST,CAT0024,Y,2025-06-10,NULL,2025-06-10 16:56:12.0000000,2025-06-10 16:56:12.0000000
DEF_PC_ORPHAN_CATEGORY_B001_001,PC_BAD_B001_002,P000002,CAT_DOES_NOT_EXIST,Y,2025-06-06,NULL,2025-06-06 18:15:29.0000000,2025-06-06 18:15:29.0000000
